label,total_return,annualized_return,max_drawdown,trade_count,win_rate,avg_trade_return,median_trade_return,max_single_loss,profit_factor,exposure_ratio,sharpe
core_csi300,0.8523327412322601,0.10297276266389144,-0.10646793016099376,49,0.6530612244897959,0.013434732877685535,0.011656627797619556,-0.054710943684751934,2.862225051536134,0.1526813880126183,1.9532199540448112
satellite_long_short_sat,2.4709150830771285,0.21878045093729526,-0.07633536635071902,207,0.6473429951690821,0.006150035422471157,0.00567356997962306,-0.041548815384932096,2.754013018566615,0.6529968454258676,4.875868507840576
combined_flex_long_short_sat,3.850705687388645,0.28539466426694005,-0.07241295325850738,256,0.6484375,0.0075443720447582845,0.006615238466968487,-0.054710943684751934,2.789455685432147,0.6864353312302839,4.743302979438029
buy_hold_csi300,0.2051099847344211,0.030107326538161505,-0.45602619548225565,1,,,,,,1.0,0.2515660689181443
