trade_date,avix_clean,near_expiry,next_expiry,near_dte,next_dte,near_var,next_var,near_n_options,next_n_options,near_forward,next_forward,near_k0,next_k0,quality,avix_raw,raw_clean_diff,cleaned_option_count,cleaned_option_ratio,clean_method
2019-12-23,15.985252291885004,2020-02-21,2020-02-21,60.0,60.0,0.02555282908352148,0.02555282908352148,18.0,18.0,3993.458317434594,3993.458317434594,3950.0,3950.0,WARN_NOT_BRACKET_30D,16.023364144619034,0.03811185273402984,127,0.9921875,iv_filter_cp_rolling_median_v2
2019-12-24,15.314159289699822,2020-02-21,2020-02-21,59.0,59.0,0.023452347475029934,0.023452347475029934,19.0,19.0,4012.661538846908,4012.661538846908,4000.0,4000.0,WARN_NOT_BRACKET_30D,15.32966912808272,0.015509838382898877,124,0.9841269841269841,iv_filter_cp_rolling_median_v2
2019-12-25,14.908624072503116,2020-02-21,2020-02-21,58.0,58.0,0.022226707173521938,0.022226707173521938,19.0,19.0,4012.459537889138,4012.459537889138,4000.0,4000.0,WARN_NOT_BRACKET_30D,14.905636390594587,0.0029876819085288275,121,0.983739837398374,iv_filter_cp_rolling_median_v2
2019-12-26,14.65375738780603,2020-02-21,2020-02-21,57.0,57.0,0.02147326055806798,0.02147326055806798,19.0,19.0,4040.876881542046,4040.876881542046,4000.0,4000.0,WARN_NOT_BRACKET_30D,14.66854161676947,0.014784228963440782,124,0.96875,iv_filter_cp_rolling_median_v2
2019-12-27,15.025494893121943,2020-02-21,2020-02-21,56.0,56.0,0.022576549678323364,0.022576549678323364,19.0,19.0,4046.972977373302,4046.972977373302,4000.0,4000.0,WARN_NOT_BRACKET_30D,15.034729719161351,0.009234826039408617,134,0.9852941176470589,iv_filter_cp_rolling_median_v2
2019-12-30,16.265988630567662,2020-02-21,2020-02-21,53.0,53.0,0.026458238612975644,0.026458238612975644,19.0,19.0,4104.0487983434605,4104.0487983434605,4100.0,4100.0,WARN_NOT_BRACKET_30D,16.28356329384937,0.01757466328170665,136,1.0,iv_filter_cp_rolling_median_v2
2019-12-31,17.44079795011284,2020-02-21,2020-02-21,52.0,52.0,0.03041814331366603,0.03041814331366603,20.0,20.0,4122.087552968559,4122.087552968559,4100.0,4100.0,WARN_NOT_BRACKET_30D,17.458703233381904,0.017905283269062267,125,0.9615384615384616,iv_filter_cp_rolling_median_v2
2020-01-02,19.08771648372733,2020-02-21,2020-02-21,50.0,50.0,0.03643409205631561,0.03643409205631561,21.0,21.0,4177.309118487821,4177.309118487821,4150.0,4150.0,WARN_NOT_BRACKET_30D,19.11812294937092,0.030406465643590508,150,1.0,iv_filter_cp_rolling_median_v2
2020-01-03,18.805105890206974,2020-02-21,2020-02-21,49.0,49.0,0.0353632007541897,0.0353632007541897,22.0,22.0,4166.463516078785,4166.463516078785,4150.0,4150.0,WARN_NOT_BRACKET_30D,18.84585650244172,0.04075061223474563,150,1.0,iv_filter_cp_rolling_median_v2
2020-01-06,19.583319362361497,2020-02-21,2020-02-21,46.0,46.0,0.03835063972482427,0.03835063972482427,22.0,22.0,4153.890116457261,4153.890116457261,4150.0,4150.0,WARN_NOT_BRACKET_30D,19.63227134130716,0.048951978945662944,152,0.9806451612903225,iv_filter_cp_rolling_median_v2
2020-01-07,19.812871639927067,2020-02-21,2020-02-21,45.0,45.0,0.03925498826202263,0.03925498826202263,22.0,22.0,4176.679505584722,4176.679505584722,4150.0,4150.0,WARN_NOT_BRACKET_30D,19.86868828643477,0.05581664650770435,152,0.987012987012987,iv_filter_cp_rolling_median_v2
2020-01-08,19.724531660187854,2020-02-21,2020-02-21,44.0,44.0,0.038905714921375296,0.038905714921375296,22.0,22.0,4134.951194691009,4134.951194691009,4100.0,4100.0,WARN_NOT_BRACKET_30D,19.768262759383443,0.04373109919558971,143,1.0,iv_filter_cp_rolling_median_v2
2020-01-09,19.053207176172606,2020-02-21,2020-02-21,43.0,43.0,0.036302470369815536,0.036302470369815536,22.0,22.0,4173.716790507554,4173.716790507554,4150.0,4150.0,WARN_NOT_BRACKET_30D,19.089409898509764,0.03620272233715838,141,0.986013986013986,iv_filter_cp_rolling_median_v2
2020-01-10,18.369114971925995,2020-02-21,2020-02-21,42.0,42.0,0.033742438485183573,0.033742438485183573,22.0,22.0,4178.734815411139,4178.734815411139,4150.0,4150.0,WARN_NOT_BRACKET_30D,18.37278939818309,0.0036744262570955755,138,1.0,iv_filter_cp_rolling_median_v2
2020-01-13,17.785408946824237,2020-02-21,2020-02-21,39.0,39.0,0.03163207714057755,0.03163207714057755,22.0,22.0,4223.580823955812,4223.580823955812,4200.0,4200.0,WARN_NOT_BRACKET_30D,17.795989324334744,0.010580377510507333,131,0.916083916083916,iv_filter_cp_rolling_median_v2
2020-01-14,17.316200402981966,2020-02-21,2020-02-21,38.0,38.0,0.029985079639623276,0.029985079639623276,23.0,23.0,4211.137984163142,4211.137984163142,4200.0,4200.0,WARN_NOT_BRACKET_30D,17.3231790256618,0.006978622679834956,158,0.9875,iv_filter_cp_rolling_median_v2
2020-01-15,17.215506083638456,2020-02-21,2020-02-21,37.0,37.0,0.029637364971579275,0.029637364971579275,23.0,23.0,4180.846394561223,4180.846394561223,4150.0,4150.0,WARN_NOT_BRACKET_30D,17.232991957503486,0.017485873865030754,144,0.972972972972973,iv_filter_cp_rolling_median_v2
2020-01-16,16.457177809640072,2020-02-21,2020-02-21,36.0,36.0,0.027083870145810963,0.027083870145810963,23.0,23.0,4174.18284333378,4174.18284333378,4150.0,4150.0,WARN_NOT_BRACKET_30D,16.470847144009557,0.013669334369485142,143,0.9533333333333334,iv_filter_cp_rolling_median_v2
2020-01-17,15.345842281185268,2020-02-21,2020-02-21,35.0,35.0,0.02354948753190135,0.02354948753190135,23.0,23.0,4175.2991223488525,4175.2991223488525,4150.0,4150.0,WARN_NOT_BRACKET_30D,15.36687887808377,0.02103659689850268,157,0.9751552795031055,iv_filter_cp_rolling_median_v2
2020-01-20,15.64333376474846,2020-02-21,2020-02-21,32.0,32.0,0.02447138912753192,0.02447138912753192,23.0,23.0,4206.81805025774,4206.81805025774,4200.0,4200.0,WARN_NOT_BRACKET_30D,15.66218186345628,0.018848098707819005,126,0.8936170212765957,iv_filter_cp_rolling_median_v2
2020-01-21,17.363629798034687,2020-02-21,2020-02-21,31.0,31.0,0.030149563976319817,0.030149563976319817,23.0,23.0,4128.727816665525,4128.727816665525,4100.0,4100.0,WARN_NOT_BRACKET_30D,17.36806001367572,0.004430215641033186,141,0.9724137931034482,iv_filter_cp_rolling_median_v2
2020-01-22,17.24583890632801,2020-02-21,2020-02-21,30.0,30.0,0.0297418959583017,0.0297418959583017,23.0,23.0,4143.1230495989685,4143.1230495989685,4100.0,4100.0,OK,17.24475673252735,0.0010821738006612236,147,0.9363057324840764,iv_filter_cp_rolling_median_v2
2020-01-23,20.796404148171117,2020-02-21,2020-03-20,29.0,57.0,0.04310401793024201,0.04524122284425067,23.0,23.0,4007.428280959985,4021.4986813633564,4000.0,4000.0,OK,20.82030033219636,0.023896184025243628,155,0.9627329192546584,iv_filter_cp_rolling_median_v2
2020-02-03,28.12080736357792,2020-02-21,2020-03-20,18.0,46.0,0.09832422240583176,0.06903646325470097,23.0,23.0,3573.1647351858314,3607.33149826569,3550.0,3600.0,OK,28.15334822697611,0.0325408633981894,138,0.8518518518518519,iv_filter_cp_rolling_median_v2
2020-02-04,27.21070453062798,2020-02-21,2020-03-20,17.0,45.0,0.08425130543559976,0.06959214044852245,28.0,28.0,3771.2258639730912,3779.45221708796,3750.0,3750.0,OK,27.26774312296433,0.057038592336351,194,0.9897959183673469,iv_filter_cp_rolling_median_v2
2020-02-05,25.239353729224856,2020-02-21,2020-03-20,16.0,44.0,0.06988643948879657,0.061453791549838044,28.0,28.0,3805.405844332936,3808.892526677626,3800.0,3800.0,OK,25.280731722964266,0.041377993739409646,186,0.9587628865979382,iv_filter_cp_rolling_median_v2
2020-02-06,25.148951667527935,2020-02-21,2020-03-20,15.0,43.0,0.0694874388370239,0.06136032574377591,28.0,28.0,3889.3896964784517,3892.851266028385,3850.0,3850.0,OK,25.206847917779896,0.05789625025196088,182,0.9381443298969072,iv_filter_cp_rolling_median_v2
2020-02-07,26.455318585118615,2020-02-21,2020-03-20,14.0,42.0,0.07297656918535464,0.06924134288367663,28.0,28.0,3896.3968337646133,3901.285763794865,3850.0,3900.0,OK,26.51714435846172,0.061825773343105794,179,0.9521276595744681,iv_filter_cp_rolling_median_v2
2020-02-10,25.210511423653344,2020-02-21,2020-03-20,11.0,39.0,0.07090138560095921,0.06257575340060205,28.0,28.0,3897.5983682251717,3898.9136405786644,3850.0,3850.0,OK,25.25176982628024,0.04125840262689451,184,0.983957219251337,iv_filter_cp_rolling_median_v2
2020-02-11,23.23750364546551,2020-02-21,2020-03-20,10.0,38.0,0.055126453966020596,0.053879389525331924,28.0,28.0,3937.792681148032,3936.3638856299594,3900.0,3900.0,OK,23.27198939844882,0.03448575298331136,174,0.9456521739130435,iv_filter_cp_rolling_median_v2
2020-02-12,21.390619795489833,2020-02-21,2020-03-20,9.0,37.0,0.04512751239160682,0.04580680875043205,28.0,28.0,3965.8087124991052,3962.231103321236,3950.0,3950.0,OK,21.4255961297766,0.034976334286767496,170,0.9444444444444444,iv_filter_cp_rolling_median_v2
2020-02-13,22.134809381903054,2020-02-21,2020-03-20,8.0,36.0,0.04986312066372222,0.048942363969051446,28.0,28.0,3951.6008052749853,3948.396098808948,3950.0,3900.0,OK,22.17639149099472,0.04158210909166726,166,0.9273743016759777,iv_filter_cp_rolling_median_v2
2020-02-14,21.372179330462156,2020-02-21,2020-03-20,7.0,35.0,0.04221972053771105,0.04582732164619696,27.0,28.0,3986.7943459346243,3980.5987831073717,3950.0,3950.0,OK,21.3921399612232,0.019960630761044484,161,0.9147727272727273,iv_filter_cp_rolling_median_v2
2020-02-17,21.787342310492754,2020-03-20,2020-03-20,32.0,32.0,0.04746882849545878,0.04746882849545878,28.0,28.0,4082.964120290308,4082.964120290308,4050.0,4050.0,WARN_NOT_BRACKET_30D,21.817456300826457,0.0301139903337031,123,0.9389312977099237,iv_filter_cp_rolling_median_v2
2020-02-18,22.649040861017195,2020-03-20,2020-03-20,31.0,31.0,0.051297905192402654,0.051297905192402654,28.0,28.0,4054.5011479747354,4054.5011479747354,4050.0,4050.0,WARN_NOT_BRACKET_30D,22.66064852692083,0.011607665903635933,123,0.984,iv_filter_cp_rolling_median_v2
2020-02-19,22.949670508004218,2020-03-20,2020-03-20,30.0,30.0,0.052668737642595845,0.052668737642595845,28.0,28.0,4057.4144349373096,4057.4144349373096,4050.0,4050.0,OK,22.97671012598756,0.027039617983341202,116,0.9586776859504132,iv_filter_cp_rolling_median_v2
2020-02-20,23.234746869608237,2020-03-20,2020-04-17,29.0,57.0,0.05418359808192451,0.05126199154059222,28.0,27.0,4144.189189423926,4148.754620286065,4100.0,4100.0,OK,23.256587455899645,0.021840586291407504,122,0.9242424242424242,iv_filter_cp_rolling_median_v2
2020-02-21,25.917031455641542,2020-03-20,2020-04-17,28.0,56.0,0.0676889580607769,0.06379116220948508,28.0,27.0,4162.317153271221,4176.914931521411,4150.0,4150.0,OK,25.9610701721575,0.044038716515956366,129,0.9699248120300752,iv_filter_cp_rolling_median_v2
2020-02-24,27.194820476342418,2020-03-20,2020-04-17,25.0,53.0,0.07695270288657519,0.06745316883932329,28.0,27.0,4126.424599021206,4136.399576028993,4100.0,4100.0,OK,27.223827754071632,0.029007277729213854,165,0.9880239520958084,iv_filter_cp_rolling_median_v2
2020-02-25,27.137913795423156,2020-03-20,2020-04-17,24.0,52.0,0.07598615145007682,0.0696874573988981,28.0,27.0,4121.113906257168,4125.547251079977,4100.0,4100.0,OK,27.18626343563862,0.04834964021546284,157,0.9181286549707602,iv_filter_cp_rolling_median_v2
2020-02-26,27.757955703767074,2020-03-20,2020-04-17,23.0,51.0,0.08064087298466242,0.07219272592717321,28.0,27.0,4078.5702577189795,4086.7087840033555,4050.0,4050.0,OK,27.79692335715442,0.038967653387345536,162,0.9878048780487805,iv_filter_cp_rolling_median_v2
2020-02-27,25.980527894610685,2020-03-20,2020-04-17,22.0,50.0,0.07063869553351455,0.0640448791464892,28.0,27.0,4079.1333220077527,4087.188320045356,4050.0,4050.0,OK,26.00711586625416,0.026587971643476038,157,0.98125,iv_filter_cp_rolling_median_v2
2020-02-28,29.05075514298382,2020-03-20,2020-04-17,21.0,49.0,0.09066523770374849,0.0787212371971039,28.0,27.0,3927.017208581281,3931.1408105676314,3900.0,3900.0,OK,29.090370792313085,0.03961564932926365,158,0.9518072289156626,iv_filter_cp_rolling_median_v2
2020-03-02,27.139218353741086,2020-03-20,2020-04-17,18.0,46.0,0.08156377212210536,0.06952673215290718,28.0,27.0,4055.8060261503106,4066.447747452067,4050.0,4050.0,OK,27.183855124235013,0.044636770493927,157,0.9181286549707602,iv_filter_cp_rolling_median_v2
2020-03-03,26.27322860392151,2020-03-20,2020-04-17,17.0,45.0,0.07525936969177549,0.06631212683009655,28.0,27.0,4079.5356630049473,4089.1075200898504,4050.0,4050.0,OK,26.30256063054749,0.02933202662597978,156,0.968944099378882,iv_filter_cp_rolling_median_v2
2020-03-04,26.44545994647593,2020-03-20,2020-04-17,16.0,44.0,0.0743056238888363,0.06834736655596808,28.0,27.0,4106.605760605671,4110.523983932045,4100.0,4100.0,OK,26.45355276601052,0.008092819534592621,145,0.9415584415584416,iv_filter_cp_rolling_median_v2
2020-03-05,25.997146044390014,2020-03-20,2020-04-17,15.0,43.0,0.07301495594233204,0.06594359410438153,28.0,27.0,4193.594838741897,4200.0,4150.0,4200.0,OK,26.019717038489787,0.022570994099773145,163,0.9421965317919075,iv_filter_cp_rolling_median_v2
2020-03-06,27.48741955049136,2020-03-20,2020-04-17,14.0,42.0,0.08269606628054155,0.07377076262295644,28.0,27.0,4125.536105776919,4131.289408598198,4100.0,4100.0,OK,27.50947234765892,0.02205279716756081,161,0.9877300613496932,iv_filter_cp_rolling_median_v2
2020-03-09,32.729316059249406,2020-03-20,2020-04-17,11.0,39.0,0.13805485165129142,0.10298792521166857,28.0,27.0,3975.6019451948905,3979.0723574847993,3950.0,3950.0,OK,32.76278752404371,0.033471464794303074,172,0.9828571428571429,iv_filter_cp_rolling_median_v2
2020-03-10,31.420673471422184,2020-03-20,2020-04-17,10.0,38.0,0.12541183560036617,0.09591682335444782,28.0,27.0,4072.980011747026,4072.7911576075803,4050.0,4050.0,OK,31.433977220486288,0.013303749064103698,172,0.9555555555555556,iv_filter_cp_rolling_median_v2
2020-03-11,31.52031490842201,2020-03-20,2020-04-17,9.0,37.0,0.12315465127667533,0.09742316361822535,28.0,27.0,4002.94321536518,4009.034842469074,4000.0,4000.0,OK,31.539727826266223,0.01941291784421395,158,0.9575757575757575,iv_filter_cp_rolling_median_v2
2020-03-12,33.80583992431137,2020-03-20,2020-04-17,8.0,36.0,0.14041071957202553,0.11270001231256135,28.0,27.0,3943.183853795313,3936.054918986399,3900.0,3900.0,OK,33.8082434550859,0.002403530774529372,171,0.95,iv_filter_cp_rolling_median_v2
2020-03-13,39.39963926631804,2020-03-20,2020-04-17,7.0,35.0,0.21669653812721615,0.15256083653178962,28.0,27.0,3898.5426634477244,3893.894295926967,3850.0,3850.0,OK,39.384826225216194,0.01481304110184567,175,0.9615384615384616,iv_filter_cp_rolling_median_v2
2020-03-16,42.53515246323343,2020-04-17,2020-04-17,32.0,32.0,0.18092391950705125,0.18092391950705125,27.0,27.0,3694.3436732456807,3694.3436732456807,3650.0,3650.0,WARN_NOT_BRACKET_30D,42.494251366616375,0.04090109661705554,118,0.9516129032258065,iv_filter_cp_rolling_median_v2
2020-03-17,43.4979395193567,2020-04-17,2020-04-17,31.0,31.0,0.18920707424296132,0.18920707424296132,27.0,27.0,3685.8326386255126,3685.8326386255126,3650.0,3650.0,WARN_NOT_BRACKET_30D,43.4730655540567,0.02487396529999586,130,0.9923664122137404,iv_filter_cp_rolling_median_v2
2020-03-18,38.613844488911425,2020-04-17,2020-04-17,30.0,30.0,0.1491028986213835,0.1491028986213835,27.0,27.0,3587.946452809994,3587.946452809994,3550.0,3550.0,OK,38.65439636854263,0.040551879631202326,121,0.9236641221374046,iv_filter_cp_rolling_median_v2
2020-03-19,40.139953847005806,2020-04-17,2020-05-15,29.0,57.0,0.16439754252972327,0.11612033975028412,28.0,29.0,3572.1117821704074,3558.878109254618,3550.0,3550.0,OK,40.10207562278437,0.03787822422143705,138,0.9928057553956835,iv_filter_cp_rolling_median_v2
2020-03-20,37.36663182820746,2020-04-17,2020-05-15,28.0,56.0,0.14384815984509955,0.11218584164545779,29.0,30.0,3633.992899716325,3622.354264323706,3600.0,3600.0,OK,37.37317346866533,0.006541640457868425,149,1.0,iv_filter_cp_rolling_median_v2
2020-03-23,39.27479081350463,2020-04-17,2020-05-15,25.0,53.0,0.1668767043857195,0.12685534802850304,29.0,30.0,3509.211248543521,3495.689188536937,3500.0,3450.0,OK,39.30680231814827,0.03201150464364133,166,0.9595375722543352,iv_filter_cp_rolling_median_v2
2020-03-24,38.75376423918628,2020-04-17,2020-05-15,24.0,52.0,0.16440696560104373,0.12611820048073505,30.0,31.0,3603.488394500998,3601.24182420656,3600.0,3600.0,OK,38.795878211236165,0.042113972049882875,172,0.9942196531791907,iv_filter_cp_rolling_median_v2
2020-03-25,37.48588088497794,2020-04-17,2020-05-15,23.0,51.0,0.15346548563783005,0.12300346430711324,30.0,31.0,3689.6817050478567,3682.5485530110545,3650.0,3650.0,OK,37.52060359815565,0.03472271317771458,181,1.0,iv_filter_cp_rolling_median_v2
2020-03-26,36.250721016542904,2020-04-17,2020-05-15,22.0,50.0,0.14575814455478128,0.11563014357577797,30.0,31.0,3660.44537827621,3655.859680786426,3650.0,3650.0,OK,36.26228365636639,0.011562639823488041,168,0.9882352941176471,iv_filter_cp_rolling_median_v2
2020-03-27,36.103163021222194,2020-04-17,2020-05-15,21.0,49.0,0.145629298566073,0.11651413560916161,30.0,31.0,3682.141554122744,3673.7316241489316,3650.0,3650.0,OK,36.13875886761965,0.035595846397455944,168,0.96,iv_filter_cp_rolling_median_v2
2020-03-30,34.82958414013529,2020-04-17,2020-05-15,18.0,46.0,0.1396502832542657,0.11174114612002103,30.0,31.0,3658.776130245322,3635.5489679912935,3650.0,3600.0,OK,34.860654578625514,0.031070438490225172,175,0.9776536312849162,iv_filter_cp_rolling_median_v2
2020-03-31,32.508174367198194,2020-04-17,2020-05-15,17.0,45.0,0.1210122073046404,0.0989940594788415,30.0,31.0,3655.3329357090156,3645.1039010646305,3650.0,3600.0,OK,32.53617825062044,0.028003883422243803,157,0.9691358024691358,iv_filter_cp_rolling_median_v2
2020-04-01,30.720481609290097,2020-04-17,2020-05-15,16.0,44.0,0.10658061534709255,0.08993632037015693,30.0,31.0,3644.3957144377237,3633.9645789027973,3600.0,3600.0,OK,30.756625252181458,0.03614364289136063,162,0.9585798816568047,iv_filter_cp_rolling_median_v2
2020-04-02,29.981017199003595,2020-04-17,2020-05-15,15.0,43.0,0.10037918457079616,0.08671382319503644,30.0,31.0,3724.782790982716,3710.6904181739847,3700.0,3700.0,OK,29.96335969694941,0.017657502054184704,164,0.9479768786127167,iv_filter_cp_rolling_median_v2
2020-04-03,31.077880774969557,2020-04-17,2020-05-15,14.0,42.0,0.11374724199432193,0.09229252368432231,30.0,31.0,3693.7151084190173,3685.570780925107,3650.0,3650.0,OK,31.094560204877,0.01667942990744109,160,0.963855421686747,iv_filter_cp_rolling_median_v2
2020-04-07,29.234043834748263,2020-04-17,2020-05-15,10.0,38.0,0.10494853714651042,0.08341181555074437,30.0,31.0,3775.725212576114,3768.149011307904,3750.0,3750.0,OK,29.2285352172075,0.005508617540762373,175,0.9668508287292817,iv_filter_cp_rolling_median_v2
2020-04-08,27.338144307061913,2020-04-17,2020-05-15,9.0,37.0,0.08637328247934647,0.07379396457234937,30.0,31.0,3762.004803262419,3751.201903977917,3750.0,3750.0,OK,27.360934021063287,0.022789714001373085,163,0.9760479041916168,iv_filter_cp_rolling_median_v2
2020-04-09,25.649178230444043,2020-04-17,2020-05-15,8.0,36.0,0.07483223332530996,0.06523990112088411,30.0,31.0,3776.7917442347602,3762.961908914812,3750.0,3750.0,OK,25.68186148478665,0.03268325434260788,158,0.9634146341463414,iv_filter_cp_rolling_median_v2
2020-04-10,25.124670890864063,2020-04-17,2020-05-15,7.0,35.0,0.06687508161830075,0.06296185774260246,30.0,31.0,3762.6187215092386,3746.794629922902,3750.0,3700.0,OK,25.17362809299952,0.04895720213545829,180,0.9326424870466321,iv_filter_cp_rolling_median_v2
2020-04-13,22.551842353343943,2020-05-15,2020-05-15,32.0,32.0,0.050858559353007766,0.050858559353007766,31.0,31.0,3724.2290627414504,3724.2290627414504,3700.0,3700.0,WARN_NOT_BRACKET_30D,22.57190331154005,0.020060958196108203,120,0.975609756097561,iv_filter_cp_rolling_median_v2
2020-04-14,21.68254785830306,2020-05-15,2020-05-15,31.0,31.0,0.047013288162760264,0.047013288162760264,31.0,31.0,3785.4465384771015,3785.4465384771015,3750.0,3750.0,WARN_NOT_BRACKET_30D,21.713841940609274,0.03129408230621422,123,0.9389312977099237,iv_filter_cp_rolling_median_v2
2020-04-15,22.35036430694084,2020-05-15,2020-05-15,30.0,30.0,0.04995387846529751,0.04995387846529751,30.0,30.0,3763.798652977857,3763.798652977857,3750.0,3750.0,OK,22.356243027979342,0.005878721038502732,125,0.984251968503937,iv_filter_cp_rolling_median_v2
2020-04-16,22.277070797452776,2020-05-15,2020-06-19,29.0,64.0,0.049499156795214806,0.051593111686939835,31.0,28.0,3773.424621490183,3738.055908804312,3750.0,3700.0,OK,22.29776698199518,0.020696184542405405,125,0.9615384615384616,iv_filter_cp_rolling_median_v2
2020-04-17,21.95743128573705,2020-05-15,2020-06-19,28.0,63.0,0.04810223786900381,0.0490242461838588,31.0,28.0,3798.0412830945384,3759.983766597179,3750.0,3750.0,OK,21.981202728643343,0.023771442906291185,128,0.927536231884058,iv_filter_cp_rolling_median_v2
2020-04-20,22.802594790586912,2020-05-15,2020-06-19,25.0,60.0,0.052298336881964835,0.051239573009383456,31.0,28.0,3806.6059008212155,3771.6662320962323,3800.0,3750.0,OK,22.81673997748929,0.014145186902378981,160,0.9876543209876543,iv_filter_cp_rolling_median_v2
2020-04-21,22.314650162011507,2020-05-15,2020-06-19,24.0,59.0,0.05009450635969809,0.04920424524918348,30.0,28.0,3761.6099494370305,3723.3458598164025,3750.0,3700.0,OK,22.35309985111512,0.038449689103615015,154,0.9871794871794872,iv_filter_cp_rolling_median_v2
2020-04-22,22.566230641616006,2020-05-15,2020-06-19,23.0,58.0,0.05058268069151961,0.051464049257574696,31.0,28.0,3795.596398995748,3755.4115317630026,3750.0,3750.0,OK,22.5818960434868,0.015665401870794682,151,0.9556962025316456,iv_filter_cp_rolling_median_v2
2020-04-23,21.81277402397776,2020-05-15,2020-06-19,22.0,57.0,0.046580725857871375,0.04888102073605679,31.0,28.0,3788.9913110906655,3741.0626913991246,3750.0,3700.0,OK,21.829574001138685,0.016799977160925295,147,0.9607843137254902,iv_filter_cp_rolling_median_v2
2020-04-24,21.058652911871427,2020-05-15,2020-06-19,21.0,56.0,0.042127176672524025,0.04675115495115542,31.0,28.0,3773.268666296389,3729.842823776979,3750.0,3700.0,OK,21.05570908683308,0.0029438250383471143,150,0.9803921568627451,iv_filter_cp_rolling_median_v2
2020-04-27,20.734224519273013,2020-05-15,2020-06-19,18.0,53.0,0.0412634039567604,0.044115248011857754,30.0,28.0,3796.3976748823425,3757.793194556215,3750.0,3750.0,OK,20.75357130827708,0.019346789004067944,147,0.930379746835443,iv_filter_cp_rolling_median_v2
2020-04-28,20.9505682008226,2020-05-15,2020-06-19,17.0,52.0,0.04136386141591536,0.04529168367435824,31.0,28.0,3816.009726489442,3776.3549552504537,3800.0,3750.0,OK,20.962334774951486,0.0117665741288846,152,0.9325153374233128,iv_filter_cp_rolling_median_v2
2020-04-29,21.284531523982558,2020-05-15,2020-06-19,16.0,51.0,0.04439383734903384,0.0457310298056616,29.0,28.0,3837.792836999382,3798.2718780263276,3800.0,3750.0,OK,21.30361976091369,0.019088236931132485,140,0.9523809523809523,iv_filter_cp_rolling_median_v2
2020-04-30,23.30982204753347,2020-05-15,2020-06-19,15.0,50.0,0.05910856191037639,0.05242526778012427,31.0,28.0,3901.1407149557103,3869.517297373075,3900.0,3850.0,OK,23.321557202606925,0.011735155073456127,153,0.9444444444444444,iv_filter_cp_rolling_median_v2
2020-05-06,22.778000680978824,2020-05-15,2020-06-19,9.0,44.0,0.0576138995490187,0.05110234495043741,29.0,29.0,3918.930902488458,3889.4369307993197,3900.0,3850.0,OK,22.808377905891028,0.03037722491220407,149,0.9254658385093167,iv_filter_cp_rolling_median_v2
2020-05-07,20.690210966773577,2020-05-15,2020-06-19,8.0,43.0,0.04137071573704827,0.04296654619191832,31.0,29.0,3908.403248584175,3873.455517975425,3900.0,3850.0,OK,20.6893932712806,0.0008176954929766111,146,0.9605263157894737,iv_filter_cp_rolling_median_v2
2020-05-08,20.108165029837252,2020-05-15,2020-06-19,7.0,42.0,0.039177445616355375,0.04054308091022668,30.0,29.0,3951.527469247332,3919.6297931412823,3950.0,3900.0,OK,20.12823498085938,0.020069951022126276,150,0.9202453987730062,iv_filter_cp_rolling_median_v2
2020-05-11,20.30582540022649,2020-06-19,2020-06-19,39.0,39.0,0.04123265451844833,0.04123265451844833,29.0,29.0,3917.224178643131,3917.224178643131,3900.0,3900.0,WARN_NOT_BRACKET_30D,20.342922520646248,0.03709712041975877,104,0.9719626168224299,iv_filter_cp_rolling_median_v2
2020-05-12,20.064730888047087,2020-06-19,2020-06-19,38.0,38.0,0.040259342560975096,0.040259342560975096,29.0,29.0,3908.290687399646,3908.290687399646,3900.0,3900.0,WARN_NOT_BRACKET_30D,20.09387364372193,0.029142755674843812,103,0.9537037037037037,iv_filter_cp_rolling_median_v2
2020-05-13,19.93612624314591,2020-06-19,2020-06-19,37.0,37.0,0.039744912958265106,0.039744912958265106,29.0,29.0,3917.790447349955,3917.790447349955,3900.0,3900.0,WARN_NOT_BRACKET_30D,19.94519635418605,0.009070111040138329,101,0.9619047619047619,iv_filter_cp_rolling_median_v2
2020-05-14,19.259372843549816,2020-06-19,2020-06-19,36.0,36.0,0.03709234423268641,0.03709234423268641,29.0,29.0,3880.791182111518,3880.791182111518,3850.0,3850.0,WARN_NOT_BRACKET_30D,19.281512379603857,0.022139536054041287,107,0.963963963963964,iv_filter_cp_rolling_median_v2
2020-05-15,19.125488512216936,2020-06-19,2020-06-19,35.0,35.0,0.0365784310830942,0.0365784310830942,29.0,29.0,3865.018829102477,3865.018829102477,3850.0,3850.0,WARN_NOT_BRACKET_30D,19.138950732378177,0.013462220161240879,108,0.9230769230769231,iv_filter_cp_rolling_median_v2
2020-05-18,18.716896725255648,2020-06-19,2020-06-19,32.0,32.0,0.03503222230238855,0.03503222230238855,29.0,29.0,3883.407350294267,3883.407350294267,3850.0,3850.0,WARN_NOT_BRACKET_30D,18.73747069063109,0.02057396537544065,140,0.9333333333333333,iv_filter_cp_rolling_median_v2
2020-05-19,17.904210833519603,2020-06-19,2020-06-19,31.0,31.0,0.032056076557112075,0.032056076557112075,29.0,29.0,3912.531330821351,3912.531330821351,3900.0,3900.0,WARN_NOT_BRACKET_30D,17.918304525914152,0.014093692394549606,142,0.9861111111111112,iv_filter_cp_rolling_median_v2
2020-05-20,17.13606416557537,2020-06-19,2020-06-19,30.0,30.0,0.029364469508671633,0.029364469508671633,29.0,29.0,3897.7976462486226,3897.7976462486226,3850.0,3850.0,OK,17.141128276827242,0.005064111251872561,135,0.9310344827586207,iv_filter_cp_rolling_median_v2
2020-05-21,18.653846640111475,2020-06-19,2020-07-17,29.0,57.0,0.03512530871606088,0.030281172123497797,29.0,21.0,3873.0238358922124,3831.962106390987,3850.0,3800.0,OK,18.6865008169148,0.03265417680332661,132,0.9041095890410958,iv_filter_cp_rolling_median_v2
2020-05-22,21.604640099965916,2020-06-19,2020-07-17,28.0,56.0,0.04821184577082047,0.036693357876458374,29.0,21.0,3783.783739916494,3746.370212749109,3750.0,3700.0,OK,21.63898945004437,0.034349350078453966,138,0.9387755102040817,iv_filter_cp_rolling_median_v2
2020-05-25,20.004702052392478,2020-06-19,2020-07-17,25.0,53.0,0.04243679853639911,0.03477223243317045,29.0,21.0,3793.794377109325,3750.200391915549,3750.0,3750.0,OK,20.04803361825607,0.04333156586359266,132,0.9496402877697842,iv_filter_cp_rolling_median_v2
2020-05-26,19.085384637801628,2020-06-19,2020-07-17,24.0,52.0,0.03779538905732138,0.034106393418757715,29.0,21.0,3829.8667507818864,3789.226040033858,3800.0,3750.0,OK,19.09842892679642,0.013044288994791486,134,0.950354609929078,iv_filter_cp_rolling_median_v2
2020-05-27,20.305436598145622,2020-06-19,2020-07-17,23.0,51.0,0.043976279637703154,0.03751697588812201,29.0,21.0,3808.608390268248,3766.195716993974,3800.0,3750.0,OK,20.3501739916937,0.04473739354807904,142,0.9793103448275862,iv_filter_cp_rolling_median_v2
2020-05-28,20.608972738125605,2020-06-19,2020-07-17,22.0,50.0,0.04542333192640122,0.0392275839183276,29.0,21.0,3816.416115408585,3776.9411552867077,3800.0,3750.0,OK,20.6577567860387,0.04878404791309521,134,0.8933333333333333,iv_filter_cp_rolling_median_v2
2020-05-29,20.69606420047175,2020-06-19,2020-07-17,21.0,49.0,0.046516285002702905,0.039499946595658954,29.0,21.0,3818.8184882938267,3777.356351120649,3800.0,3750.0,OK,20.73092968116817,0.03486548069642126,133,0.9637681159420289,iv_filter_cp_rolling_median_v2
2020-06-01,19.483499089807683,2020-06-19,2020-07-17,18.0,46.0,0.04040024310375019,0.03668785484755984,29.0,21.0,3935.931982139487,3895.7924105363168,3900.0,3850.0,OK,19.50396304517056,0.02046395536287804,144,0.9536423841059603,iv_filter_cp_rolling_median_v2
2020-06-02,18.96325104152833,2020-06-19,2020-07-17,17.0,45.0,0.03879099949348606,0.034726676742802026,29.0,21.0,3951.184819568091,3906.4735676971563,3950.0,3900.0,OK,18.99858900959756,0.03533796806922851,135,0.9507042253521126,iv_filter_cp_rolling_median_v2
2020-06-03,19.33077431114997,2020-06-19,2020-07-17,16.0,44.0,0.040815502266014096,0.036114204012624274,29.0,21.0,3954.615851227289,3907.212718806433,3950.0,3900.0,OK,19.364849970338856,0.03407565918888622,146,0.9605263157894737,iv_filter_cp_rolling_median_v2
2020-06-04,19.455240133986415,2020-06-19,2020-07-17,15.0,43.0,0.04165091304715451,0.036701716161511994,29.0,21.0,3950.561650192656,3903.606136909606,3950.0,3900.0,OK,19.48683653214979,0.03159639816337645,135,0.9926470588235294,iv_filter_cp_rolling_median_v2
2020-06-05,19.14376759542925,2020-06-19,2020-07-17,14.0,42.0,0.039291008563209905,0.03598772757767339,29.0,21.0,3976.672527053155,3926.5915406837626,3950.0,3900.0,OK,19.169211719051653,0.025444123622403225,126,0.9402985074626866,iv_filter_cp_rolling_median_v2
2020-06-08,18.60951582661654,2020-06-19,2020-07-17,11.0,39.0,0.03639803846828661,0.03439538036832836,30.0,22.0,3988.446524206691,3933.891164802545,3950.0,3900.0,OK,18.652848331746952,0.04333250513041165,134,0.9178082191780822,iv_filter_cp_rolling_median_v2
2020-06-09,19.130486841667587,2020-06-19,2020-07-17,10.0,38.0,0.03815665065906902,0.03643343710316931,30.0,22.0,4016.008181817256,3960.127178689453,4000.0,3950.0,OK,19.15721318084153,0.02672633917394407,144,0.96,iv_filter_cp_rolling_median_v2
2020-06-10,19.19988014648876,2020-06-19,2020-07-17,9.0,37.0,0.04035761879642927,0.03658023605861744,30.0,23.0,4011.726580966139,3955.4454888785986,4000.0,3950.0,OK,19.22031027985191,0.02043013336314914,139,0.9652777777777778,iv_filter_cp_rolling_median_v2
2020-06-11,20.076153373904923,2020-06-19,2020-07-17,8.0,36.0,0.03999139221328807,0.04032421168476858,30.0,23.0,3966.8073523152057,3905.527943130341,3950.0,3900.0,OK,20.09752660254929,0.02137322864436797,143,0.89375,iv_filter_cp_rolling_median_v2
2020-06-12,19.53624007050726,2020-06-19,2020-07-17,7.0,35.0,0.038612233058294775,0.03814708650276913,30.0,23.0,3981.624135216817,3921.6235705881586,3950.0,3900.0,OK,19.541198670561023,0.004958600053761586,141,0.9463087248322147,iv_filter_cp_rolling_median_v2
2020-06-15,20.07515392024146,2020-07-17,2020-07-17,32.0,32.0,0.04030118049213861,0.04030118049213861,23.0,23.0,3869.7390107119986,3869.7390107119986,3850.0,3850.0,WARN_NOT_BRACKET_30D,20.11446656690899,0.03931264666753265,94,0.9306930693069307,iv_filter_cp_rolling_median_v2
2020-06-16,18.94567336005019,2020-07-17,2020-07-17,31.0,31.0,0.03589385390657154,0.03589385390657154,23.0,23.0,3942.046307855009,3942.046307855009,3900.0,3900.0,WARN_NOT_BRACKET_30D,18.95657698013967,0.010903620089479205,102,0.9714285714285714,iv_filter_cp_rolling_median_v2
2020-06-17,19.484583644242015,2020-07-17,2020-07-17,30.0,30.0,0.037964899978946344,0.037964899978946344,22.0,22.0,3945.3924586469257,3945.3924586469257,3900.0,3900.0,OK,19.51879488988328,0.03421124564126643,87,0.9886363636363636,iv_filter_cp_rolling_median_v2
2020-06-18,19.08164338117809,2020-07-17,2020-08-21,29.0,64.0,0.03644545033622318,0.0358787961212811,23.0,21.0,3992.788391884028,3948.885725952385,3950.0,3900.0,OK,19.1173008131945,0.035657432016410695,92,0.9583333333333334,iv_filter_cp_rolling_median_v2
2020-06-19,20.256773211591405,2020-07-17,2020-08-21,28.0,63.0,0.041203410080068996,0.03978904353436662,23.0,21.0,4051.8496230816177,4028.1968014818176,4050.0,4000.0,OK,20.2772207553554,0.02044754376399638,101,0.9711538461538461,iv_filter_cp_rolling_median_v2
2020-06-22,21.392561317482762,2020-07-17,2020-08-21,25.0,60.0,0.04729849841450933,0.0419283418665176,24.0,22.0,4053.6051898331834,4036.3314771448545,4050.0,4000.0,OK,21.4041946935384,0.011633376055637967,143,0.9930555555555556,iv_filter_cp_rolling_median_v2
2020-06-23,22.073414893120816,2020-07-17,2020-08-21,24.0,59.0,0.05066167275622806,0.044913046585506496,24.0,22.0,4076.365725392862,4048.394575065715,4050.0,4000.0,OK,22.116864289841555,0.043449396720738775,136,0.9577464788732394,iv_filter_cp_rolling_median_v2
2020-06-24,22.192457168630227,2020-07-17,2020-08-21,23.0,58.0,0.05157066192738792,0.04557028328280378,24.0,22.0,4105.207146090689,4077.926157344356,4100.0,4050.0,OK,22.234723838102298,0.04226666947207036,141,0.9657534246575342,iv_filter_cp_rolling_median_v2
2020-06-29,20.80161564425082,2020-07-17,2020-08-21,18.0,53.0,0.04583313582242846,0.04160273455610748,25.0,23.0,4077.576336792161,4044.3466723322654,4050.0,4000.0,OK,20.81292782902268,0.011312184771860245,150,0.9615384615384616,iv_filter_cp_rolling_median_v2
2020-06-30,19.376630668633922,2020-07-17,2020-08-21,17.0,52.0,0.03880038254561367,0.03685104676797068,25.0,23.0,4123.224267607986,4094.3966714989792,4100.0,4050.0,OK,19.39477132425999,0.0181406556260697,151,0.9869281045751634,iv_filter_cp_rolling_median_v2
2020-07-01,20.30872390661672,2020-07-17,2020-08-21,16.0,51.0,0.04486902629100907,0.03953873273293479,25.0,23.0,4220.417846903486,4183.680479913592,4200.0,4150.0,OK,20.318096516446094,0.009372609829373602,142,0.9342105263157895,iv_filter_cp_rolling_median_v2
2020-07-02,23.002954161795852,2020-07-17,2020-08-21,15.0,50.0,0.059647383468572596,0.050220072636326316,27.0,25.0,4325.348477095646,4301.599956615148,4300.0,4300.0,OK,23.008884627766264,0.005930465970411802,158,0.9349112426035503,iv_filter_cp_rolling_median_v2
2020-07-03,24.920584505191893,2020-07-17,2020-08-21,14.0,49.0,0.07160579943512631,0.058879576809565674,29.0,27.0,4414.4093097478535,4396.960031430853,4400.0,4350.0,OK,24.972911941230425,0.052327436038531516,164,0.9010989010989011,iv_filter_cp_rolling_median_v2
2020-07-06,31.265706976587776,2020-07-17,2020-08-21,11.0,46.0,0.15064316294683364,0.08710408324905203,31.0,29.0,4746.198056252945,4749.414556461604,4700.0,4700.0,OK,31.336138835236248,0.07043185864847246,177,0.8984771573604061,iv_filter_cp_rolling_median_v2
2020-07-07,32.17733780135993,2020-07-17,2020-08-21,10.0,45.0,0.1403610564963412,0.09740094851527296,35.0,33.0,4713.874838547225,4728.945292543411,4700.0,4700.0,OK,32.23055003627701,0.05321223491707627,219,0.9864864864864865,iv_filter_cp_rolling_median_v2
2020-07-08,32.33048329494749,2020-07-17,2020-08-21,9.0,44.0,0.1412482531786066,0.09951843707619898,35.0,33.0,4766.008134262689,4760.956088113931,4750.0,4750.0,OK,32.45935413764802,0.12887084270052895,205,0.9234234234234234,iv_filter_cp_rolling_median_v2
2020-07-09,32.14204334333102,2020-07-17,2020-08-21,8.0,43.0,0.1415271621434464,0.09910975149784503,36.0,34.0,4832.391621646327,4818.662398244576,4800.0,4800.0,OK,32.28467471811243,0.1426313747814092,205,0.9276018099547512,iv_filter_cp_rolling_median_v2
2020-07-10,32.307183055724714,2020-07-17,2020-08-21,7.0,42.0,0.11504204165392339,0.10344787431227905,36.0,35.0,4748.199239351656,4744.988153495009,4700.0,4700.0,OK,32.3869928329977,0.07980977727298466,219,0.9605263157894737,iv_filter_cp_rolling_median_v2
2020-07-13,29.255692504700537,2020-08-21,2020-08-21,39.0,39.0,0.08558955439295912,0.08558955439295912,35.0,35.0,4828.352105583235,4828.352105583235,4800.0,4800.0,WARN_NOT_BRACKET_30D,29.31127689219788,0.05558438749734407,160,0.9876543209876543,iv_filter_cp_rolling_median_v2
2020-07-14,30.21363031617418,2020-08-21,2020-08-21,38.0,38.0,0.09128634568824395,0.09128634568824395,35.0,35.0,4780.958695529701,4780.958695529701,4750.0,4750.0,WARN_NOT_BRACKET_30D,30.22346281423746,0.009832498063282458,154,0.9746835443037974,iv_filter_cp_rolling_median_v2
2020-07-15,30.372105702438812,2020-08-21,2020-08-21,37.0,37.0,0.0922464804800116,0.0922464804800116,35.0,35.0,4729.896629538975,4729.896629538975,4700.0,4700.0,WARN_NOT_BRACKET_30D,30.41805211573252,0.0459464132937093,156,1.0,iv_filter_cp_rolling_median_v2
2020-07-16,33.70546420753829,2020-08-21,2020-08-21,36.0,36.0,0.1136058317445645,0.1136058317445645,35.0,35.0,4497.194030981469,4497.194030981469,4450.0,4450.0,WARN_NOT_BRACKET_30D,33.728014059454026,0.02254985191573411,165,0.9939759036144579,iv_filter_cp_rolling_median_v2
2020-07-17,28.51069577418614,2020-08-21,2020-08-21,35.0,35.0,0.08128597735281955,0.08128597735281955,35.0,35.0,4527.525205356429,4527.525205356429,4500.0,4500.0,WARN_NOT_BRACKET_30D,28.5429231179383,0.03222734375216163,158,0.9753086419753086,iv_filter_cp_rolling_median_v2
2020-07-20,29.45724437190902,2020-08-21,2020-08-21,32.0,32.0,0.08677292459863656,0.08677292459863656,35.0,35.0,4648.300996078483,4648.300996078483,4600.0,4600.0,WARN_NOT_BRACKET_30D,29.48714151753395,0.029897145624929067,178,0.9368421052631579,iv_filter_cp_rolling_median_v2
2020-07-21,28.373683787797937,2020-08-21,2020-08-21,31.0,31.0,0.08050659316899476,0.08050659316899476,35.0,35.0,4660.5199966086875,4660.5199966086875,4650.0,4650.0,WARN_NOT_BRACKET_30D,28.40107157647021,0.02738778867227154,188,0.9842931937172775,iv_filter_cp_rolling_median_v2
2020-07-22,27.85760024559552,2020-08-21,2020-08-21,30.0,30.0,0.07760458914434035,0.07760458914434035,35.0,35.0,4682.3677842500565,4682.3677842500565,4650.0,4650.0,OK,27.893456394283767,0.03585614868824649,209,0.9952380952380953,iv_filter_cp_rolling_median_v2
2020-07-23,28.58778252953637,2020-08-21,2020-09-18,29.0,57.0,0.08214787955957208,0.07593263756428946,35.0,33.0,4688.3650204735895,4664.600842284809,4650.0,4650.0,OK,28.62378963689402,0.036007107357651336,196,0.937799043062201,iv_filter_cp_rolling_median_v2
2020-07-24,32.5261132117741,2020-08-21,2020-09-18,28.0,56.0,0.10862731325076516,0.08738349436888566,35.0,33.0,4469.053227249471,4442.874424747323,4450.0,4400.0,OK,32.55180273853999,0.02568952676588765,202,0.9805825242718447,iv_filter_cp_rolling_median_v2
2020-07-27,31.08334414238694,2020-08-21,2020-09-18,25.0,53.0,0.1011178728614059,0.08685231276570833,35.0,33.0,4500.309393909896,4462.027784011677,4500.0,4450.0,OK,31.11824369689104,0.0348995545040971,191,0.9695431472081218,iv_filter_cp_rolling_median_v2
2020-07-28,30.565330492448812,2020-08-21,2020-09-18,24.0,52.0,0.09848481830105223,0.08485938429007879,35.0,33.0,4531.645922401042,4504.165971804673,4500.0,4500.0,OK,30.57762032159793,0.012289829149118248,182,0.9479166666666666,iv_filter_cp_rolling_median_v2
2020-07-29,30.99909937052377,2020-08-21,2020-09-18,23.0,51.0,0.10172589320236752,0.08847535902823381,35.0,33.0,4675.992534244442,4656.842249249521,4650.0,4650.0,OK,31.050731148213224,0.051631777689454594,187,0.9166666666666666,iv_filter_cp_rolling_median_v2
2020-07-30,31.255264487538113,2020-08-21,2020-09-18,22.0,50.0,0.10367250530234974,0.09110747138646709,35.0,33.0,4638.755774883532,4628.561623774764,4600.0,4600.0,OK,31.298649633913083,0.04338514637496971,184,0.9945945945945946,iv_filter_cp_rolling_median_v2
2020-07-31,31.856048937781665,2020-08-21,2020-09-18,21.0,49.0,0.10876975525074528,0.09488600314005721,35.0,33.0,4661.914443166868,4644.947282361973,4650.0,4600.0,OK,31.91553936635341,0.05949042857174547,191,0.9502487562189055,iv_filter_cp_rolling_median_v2
2020-08-03,33.01146024124313,2020-08-21,2020-09-18,18.0,46.0,0.12381639834054228,0.1012326519704612,35.0,33.0,4740.8318915502305,4724.472848251507,4700.0,4700.0,OK,33.070584129297934,0.05912388805480617,185,0.9438775510204082,iv_filter_cp_rolling_median_v2
2020-08-04,31.662374638835683,2020-08-21,2020-09-18,17.0,45.0,0.1117700419209883,0.09522930017577222,35.0,33.0,4755.842868677216,4733.35154838659,4750.0,4700.0,OK,31.715899132338045,0.05352449350236199,192,0.9746192893401016,iv_filter_cp_rolling_median_v2
2020-08-05,31.564652717761998,2020-08-21,2020-09-18,16.0,44.0,0.11005573797199701,0.09584254544558105,35.0,33.0,4744.252926636184,4723.626374620992,4700.0,4700.0,OK,31.603649483484723,0.03899676572272526,188,0.9543147208121827,iv_filter_cp_rolling_median_v2
2020-08-06,34.28864856692392,2020-08-21,2020-09-18,15.0,43.0,0.18061473997191324,0.09851144966099544,21.0,23.0,4683.1153679638865,4711.238046312097,4000.0,4450.0,OK,36.202637913469054,1.9139893465451365,138,0.6831683168316832,iv_filter_cp_rolling_median_v2
2020-08-07,31.76018535512372,2020-08-21,2020-09-18,14.0,42.0,0.10755524875395255,0.09919985953548878,35.0,33.0,4681.523693249158,4659.27400709524,4650.0,4650.0,OK,31.791711012722,0.03152565759828008,189,0.9545454545454546,iv_filter_cp_rolling_median_v2
2020-08-10,31.535219793271523,2020-08-21,2020-09-18,11.0,39.0,0.1115545759419438,0.09782939854815505,35.0,33.0,4696.670635453341,4672.457044654726,4650.0,4650.0,OK,31.58072184451491,0.045502051243385466,185,0.9487179487179487,iv_filter_cp_rolling_median_v2
2020-08-11,29.33261159116419,2020-08-21,2020-09-18,10.0,38.0,0.09588467317883644,0.08500395102285985,35.0,33.0,4649.285508364123,4618.244375781627,4600.0,4600.0,OK,29.37888349225065,0.04627190108645962,192,0.96,iv_filter_cp_rolling_median_v2
2020-08-12,29.17711133245166,2020-08-21,2020-09-18,9.0,37.0,0.09664585861618875,0.08419669532369055,35.0,33.0,4625.8293674005,4594.386728513128,4600.0,4550.0,OK,29.214652260242456,0.037540927790796985,187,0.9444444444444444,iv_filter_cp_rolling_median_v2
2020-08-13,28.303055246511814,2020-08-21,2020-09-18,8.0,36.0,0.0884600020037336,0.07960000827264795,34.0,33.0,4610.241840438288,4587.371009621838,4600.0,4550.0,OK,28.331780413854545,0.02872516734273134,201,0.9852941176470589,iv_filter_cp_rolling_median_v2
2020-08-14,28.310540551624015,2020-08-21,2020-09-18,7.0,35.0,0.08995382354084984,0.0797223596365002,34.0,33.0,4714.758527649801,4689.510804180248,4700.0,4650.0,OK,28.357383980685587,0.04684342906157113,166,0.8924731182795699,iv_filter_cp_rolling_median_v2
2020-08-17,30.56216515985749,2020-09-18,2020-09-18,32.0,32.0,0.09340459392584072,0.09340459392584072,33.0,33.0,4799.818036594587,4799.818036594587,4750.0,4750.0,WARN_NOT_BRACKET_30D,30.607798145495497,0.045632985638007995,132,0.9850746268656716,iv_filter_cp_rolling_median_v2
2020-08-18,30.762477190930653,2020-09-18,2020-09-18,31.0,31.0,0.09463300029225287,0.09463300029225287,33.0,33.0,4792.087508259746,4792.087508259746,4750.0,4750.0,WARN_NOT_BRACKET_30D,30.80606034265168,0.04358315172102678,120,0.9836065573770492,iv_filter_cp_rolling_median_v2
2020-08-19,29.443449106205538,2020-09-18,2020-09-18,30.0,30.0,0.08669166952697158,0.08669166952697158,33.0,33.0,4712.244015644207,4712.244015644207,4700.0,4700.0,OK,29.48686850073957,0.04341939453403043,123,1.0,iv_filter_cp_rolling_median_v2
2020-08-20,28.07806925698627,2020-09-18,2020-10-16,29.0,57.0,0.07989973543459097,0.06425012111447588,33.0,23.0,4651.803317485239,4652.269801022405,4650.0,4650.0,OK,28.106011458053835,0.027942201067563843,131,0.9849624060150376,iv_filter_cp_rolling_median_v2
2020-08-21,28.197666431264746,2020-09-18,2020-10-16,28.0,56.0,0.08166286695938296,0.0655226588906666,33.0,23.0,4695.661401582858,4684.884727548008,4650.0,4650.0,OK,28.230775523647523,0.033109092382776595,125,0.9541984732824428,iv_filter_cp_rolling_median_v2
2020-08-24,27.387017450777062,2020-09-18,2020-10-16,25.0,53.0,0.07944920280019707,0.06536151425364814,33.0,23.0,4716.627554967777,4698.339691347971,4700.0,4650.0,OK,27.436290294865223,0.04927284408816135,176,0.9887640449438202,iv_filter_cp_rolling_median_v2
2020-08-25,26.66180938313134,2020-09-18,2020-10-16,24.0,52.0,0.07717948647984126,0.06077181353707686,33.0,23.0,4734.575299285867,4713.910519768803,4700.0,4700.0,OK,26.701605312285825,0.039795929154482934,170,0.9826589595375722,iv_filter_cp_rolling_median_v2
2020-08-26,27.247261689850205,2020-09-18,2020-10-16,23.0,51.0,0.08148100465670353,0.06444646889861957,33.0,23.0,4678.925510090989,4665.418142291146,4650.0,4650.0,OK,27.27392147828712,0.026659788436916187,162,0.9938650306748467,iv_filter_cp_rolling_median_v2
2020-08-27,26.230276874803042,2020-09-18,2020-10-16,22.0,50.0,0.07605029835281887,0.060830431046953,33.0,23.0,4715.334711514853,4695.444766544251,4700.0,4650.0,OK,26.25101067320797,0.020733798404926063,145,0.9602649006622517,iv_filter_cp_rolling_median_v2
2020-08-28,26.515715028471647,2020-09-18,2020-10-16,21.0,49.0,0.07838253010973795,0.06300307151425939,32.0,23.0,4844.5926931883805,4825.434427447399,4800.0,4800.0,OK,26.51326415874258,0.002450869729067051,159,0.9244186046511628,iv_filter_cp_rolling_median_v2
2020-08-31,26.716607686118238,2020-09-18,2020-10-16,18.0,46.0,0.08307574015810558,0.06527439391267675,33.0,24.0,4786.204848473686,4774.466458100739,4750.0,4750.0,OK,26.73622873029517,0.01962104417693311,166,0.9880952380952381,iv_filter_cp_rolling_median_v2
2020-09-01,26.67197600587911,2020-09-18,2020-10-16,17.0,45.0,0.08323905589321512,0.06586523468054392,32.0,24.0,4833.182257028937,4816.929542404622,4800.0,4800.0,OK,26.727389967485127,0.05541396160601764,148,0.9135802469135802,iv_filter_cp_rolling_median_v2
2020-09-02,26.75135552259008,2020-09-18,2020-10-16,16.0,44.0,0.08433031413442951,0.06692102517329983,32.0,24.0,4807.607483747974,4795.271238629401,4800.0,4750.0,OK,26.79948165535048,0.04812613276039812,180,0.972972972972973,iv_filter_cp_rolling_median_v2
2020-09-03,27.118948544197096,2020-09-18,2020-10-16,15.0,43.0,0.08546107629600531,0.06994082048724805,33.0,24.0,4795.970980106903,4769.876967291519,4750.0,4750.0,OK,27.15322560421328,0.03427706001618347,162,0.9642857142857143,iv_filter_cp_rolling_median_v2
2020-09-04,27.072045323360317,2020-09-18,2020-10-16,14.0,42.0,0.08164058771015228,0.07120180782122132,33.0,24.0,4754.026544710801,4741.369468533554,4750.0,4700.0,OK,27.11512465113052,0.0430793277702044,157,0.9345238095238095,iv_filter_cp_rolling_median_v2
2020-09-07,27.719815681894122,2020-09-18,2020-10-16,11.0,39.0,0.09693502162043081,0.07415390027042476,33.0,24.0,4645.2741769481845,4620.420302434901,4600.0,4600.0,OK,27.73583143871009,0.016015756815967563,169,0.9657142857142857,iv_filter_cp_rolling_median_v2
2020-09-08,27.59034663890214,2020-09-18,2020-10-16,10.0,38.0,0.08538406003115322,0.07514784515856467,33.0,24.0,4684.590607054445,4660.587376137031,4650.0,4650.0,OK,27.584585134264493,0.005761504637646908,160,0.9248554913294798,iv_filter_cp_rolling_median_v2
2020-09-09,28.144627856885094,2020-09-18,2020-10-16,9.0,37.0,0.08932331769825573,0.07839217177609308,33.0,24.0,4579.256085319373,4559.223571681009,4550.0,4550.0,OK,28.16805725227033,0.023429395385235807,168,0.9333333333333333,iv_filter_cp_rolling_median_v2
2020-09-10,25.823945340545613,2020-09-18,2020-10-16,8.0,36.0,0.07306751869479036,0.06630095448304923,33.0,24.0,4574.4461987638915,4549.6878037364895,4550.0,4500.0,OK,25.816023008227862,0.007922332317750858,167,0.9597701149425287,iv_filter_cp_rolling_median_v2
2020-09-11,25.064170737319596,2020-09-18,2020-10-16,7.0,35.0,0.05549950219076622,0.06313960300904577,33.0,24.0,4610.92418273303,4592.251864114134,4600.0,4550.0,OK,25.102712612106348,0.03854187478675186,166,0.9273743016759777,iv_filter_cp_rolling_median_v2
2020-09-14,23.624673373906482,2020-10-16,2020-10-16,32.0,32.0,0.05581251920237659,0.05581251920237659,24.0,24.0,4617.978537075924,4617.978537075924,4600.0,4600.0,WARN_NOT_BRACKET_30D,23.637844457504364,0.013171083597882216,114,0.9827586206896551,iv_filter_cp_rolling_median_v2
2020-09-15,22.851532482328945,2020-10-16,2020-10-16,31.0,31.0,0.05221925367909349,0.05221925367909349,24.0,24.0,4645.039771659117,4645.039771659117,4600.0,4600.0,WARN_NOT_BRACKET_30D,22.92163078140281,0.07009829907386589,118,1.0,iv_filter_cp_rolling_median_v2
2020-09-16,21.98467718079791,2020-10-16,2020-10-16,30.0,30.0,0.048332603074389635,0.048332603074389635,24.0,24.0,4614.631197283777,4614.631197283777,4600.0,4600.0,OK,22.04010414675478,0.05542696595686891,115,0.9829059829059829,iv_filter_cp_rolling_median_v2
2020-09-17,22.667908637147587,2020-10-16,2020-11-20,29.0,64.0,0.051337440749948615,0.05209159419793802,24.0,23.0,4598.347308344856,4574.304592514347,4550.0,4550.0,OK,22.705787715482444,0.03787907833485704,113,0.9658119658119658,iv_filter_cp_rolling_median_v2
2020-09-18,23.05597880151901,2020-10-16,2020-11-20,28.0,63.0,0.05277436526367984,0.05596978681309283,24.0,23.0,4735.8508103544955,4709.657100201242,4700.0,4700.0,OK,23.12039927021308,0.06442046869407037,116,0.943089430894309,iv_filter_cp_rolling_median_v2
2020-09-21,23.455914952039198,2020-10-16,2020-11-20,25.0,60.0,0.053937578438010614,0.05771903508802711,24.0,23.0,4678.466313404457,4664.491644570046,4650.0,4650.0,OK,23.492110098872,0.036195146832803005,157,0.9936708860759493,iv_filter_cp_rolling_median_v2
2020-09-22,23.779082602552325,2020-10-16,2020-11-20,24.0,59.0,0.05545194409330179,0.058692507627281516,24.0,23.0,4616.757231559497,4591.182200513348,4600.0,4550.0,OK,23.77993160786584,0.0008490053135155051,156,0.9811320754716981,iv_filter_cp_rolling_median_v2
2020-09-23,22.82910509573195,2020-10-16,2020-11-20,23.0,58.0,0.05049493127687994,0.05468942956218383,24.0,23.0,4625.041627464936,4607.220843708785,4600.0,4600.0,OK,22.870123333768213,0.041018238036262034,150,0.9933774834437086,iv_filter_cp_rolling_median_v2
2020-09-24,23.938327028491056,2020-10-16,2020-11-20,22.0,57.0,0.05693019695399811,0.05779173378561096,24.0,23.0,4550.248706374584,4521.5301707202425,4550.0,4500.0,OK,23.97895544689076,0.04062841839970588,157,0.9874213836477987,iv_filter_cp_rolling_median_v2
2020-09-25,24.398589058626367,2020-10-16,2020-11-20,21.0,56.0,0.05652603784085608,0.06278244818318136,24.0,23.0,4568.628964383438,4545.430707362099,4550.0,4500.0,OK,24.438482676420964,0.03989361779459699,156,1.0,iv_filter_cp_rolling_median_v2
2020-09-28,25.856195577992562,2020-10-16,2020-11-20,18.0,53.0,0.0645690441665383,0.0683418473909283,24.0,23.0,4579.423214811525,4557.204301934938,4550.0,4550.0,OK,25.89083719939973,0.03464162140716809,157,0.9874213836477987,iv_filter_cp_rolling_median_v2
2020-09-29,26.84107575171376,2020-10-16,2020-11-20,17.0,52.0,0.07276569035350748,0.07164524156251187,24.0,23.0,4592.539247733562,4570.1771161995575,4550.0,4550.0,OK,26.839698728500792,0.0013770232129672877,142,0.9793103448275862,iv_filter_cp_rolling_median_v2
2020-09-30,26.986361886102173,2020-10-16,2020-11-20,16.0,51.0,0.0738777093542781,0.07233162616382029,24.0,23.0,4554.571568996856,4538.4501353017795,4550.0,4500.0,OK,26.959217294476684,0.027144591625489767,155,0.9810126582278481,iv_filter_cp_rolling_median_v2
2020-10-09,22.95789257446747,2020-10-16,2020-11-20,7.0,42.0,0.045952285331961516,0.05329380469513255,24.0,23.0,4660.993272948761,4636.640677975505,4650.0,4600.0,OK,22.97684415879846,0.018951584330991977,151,0.9556962025316456,iv_filter_cp_rolling_median_v2
2020-10-12,24.899765515731932,2020-11-20,2020-11-20,39.0,39.0,0.06199983227384331,0.06199983227384331,23.0,23.0,4795.74406691043,4795.74406691043,4750.0,4750.0,WARN_NOT_BRACKET_30D,24.950371754931776,0.05060623919984408,115,0.9504132231404959,iv_filter_cp_rolling_median_v2
2020-10-13,24.321334622049662,2020-11-20,2020-11-20,38.0,38.0,0.05915273177977116,0.05915273177977116,23.0,23.0,4810.9868129814095,4810.9868129814095,4800.0,4800.0,WARN_NOT_BRACKET_30D,24.35775997622544,0.036425354175779745,113,0.9912280701754386,iv_filter_cp_rolling_median_v2
2020-10-14,23.67459522151842,2020-11-20,2020-11-20,37.0,37.0,0.05604864589027429,0.05604864589027429,23.0,23.0,4788.813824876123,4788.813824876123,4750.0,4750.0,WARN_NOT_BRACKET_30D,23.70550035725396,0.030905135735540767,115,0.9913793103448276,iv_filter_cp_rolling_median_v2
2020-10-15,23.938353619665104,2020-11-20,2020-11-20,36.0,36.0,0.05730447740201334,0.05730447740201334,23.0,23.0,4788.3012446244875,4788.3012446244875,4750.0,4750.0,WARN_NOT_BRACKET_30D,23.96501234077397,0.026658721108866246,115,1.0,iv_filter_cp_rolling_median_v2
2020-10-16,23.414470470287775,2020-11-20,2020-11-20,35.0,35.0,0.05482374274039782,0.05482374274039782,23.0,23.0,4775.197560996123,4775.197560996123,4750.0,4750.0,WARN_NOT_BRACKET_30D,23.47652123932448,0.06205076903670559,117,0.9915254237288136,iv_filter_cp_rolling_median_v2
2020-10-19,20.915417526276148,2020-11-20,2020-11-20,32.0,32.0,0.04374546902984595,0.04374546902984595,23.0,23.0,4729.953662421755,4729.953662421755,4700.0,4700.0,WARN_NOT_BRACKET_30D,20.99052952586179,0.07511199958564063,151,0.9805194805194806,iv_filter_cp_rolling_median_v2
2020-10-20,21.577212136027896,2020-11-20,2020-11-20,31.0,31.0,0.04655760835631495,0.04655760835631495,23.0,23.0,4768.441274945303,4768.441274945303,4750.0,4750.0,WARN_NOT_BRACKET_30D,21.64471025942904,0.06749812340114403,145,0.9666666666666667,iv_filter_cp_rolling_median_v2
2020-10-21,22.288472081716705,2020-11-20,2020-11-20,30.0,30.0,0.04967759877374651,0.04967759877374651,23.0,23.0,4774.478282856574,4774.478282856574,4750.0,4750.0,OK,22.359266420904618,0.07079433918791267,138,0.9452054794520548,iv_filter_cp_rolling_median_v2
2020-10-22,22.603752643072085,2020-11-20,2020-12-18,29.0,57.0,0.05061880729313193,0.05760637030893867,23.0,26.0,4759.219278196162,4735.017286737993,4750.0,4700.0,OK,22.67379654577461,0.07004390270252614,135,0.9712230215827338,iv_filter_cp_rolling_median_v2
2020-10-23,22.50008808883162,2020-11-20,2020-12-18,28.0,56.0,0.04989762410354232,0.055355916330861815,23.0,26.0,4717.523192098702,4701.310974154876,4700.0,4700.0,OK,22.55061719883781,0.050529110006188205,146,0.9798657718120806,iv_filter_cp_rolling_median_v2
2020-10-26,22.659285653470203,2020-11-20,2020-12-18,25.0,53.0,0.05018605903249664,0.05385753610438311,23.0,26.0,4675.154718883186,4654.313889558015,4650.0,4650.0,OK,22.7289989308902,0.06971327741999644,153,0.9745222929936306,iv_filter_cp_rolling_median_v2
2020-10-27,22.813417084801603,2020-11-20,2020-12-18,24.0,52.0,0.0515854987954556,0.05282315563829917,23.0,26.0,4682.568683314749,4662.823110621796,4650.0,4650.0,OK,22.88528305012625,0.07186596532464762,142,0.9726027397260274,iv_filter_cp_rolling_median_v2
2020-10-28,22.675205385004936,2020-11-20,2020-12-18,23.0,51.0,0.049745275068179245,0.053677554731794405,23.0,26.0,4729.067518585053,4711.970239585106,4700.0,4700.0,OK,22.75993945493989,0.08473406993495303,144,0.9664429530201343,iv_filter_cp_rolling_median_v2
2020-10-29,22.640159727409852,2020-11-20,2020-12-18,22.0,50.0,0.049177721320769384,0.05354564136850617,23.0,26.0,4775.533641138074,4762.047427182943,4750.0,4750.0,OK,22.675051824853163,0.03489209744331134,149,0.9612903225806452,iv_filter_cp_rolling_median_v2
2020-10-30,23.309880921780213,2020-11-20,2020-12-18,21.0,49.0,0.053938025580944494,0.05469427182439746,23.0,26.0,4683.372490359331,4670.444304295972,4650.0,4650.0,OK,23.32936757834868,0.01948665656846771,150,0.9803921568627451,iv_filter_cp_rolling_median_v2
2020-11-02,24.010180729732163,2020-11-20,2020-12-18,18.0,46.0,0.05919583170520545,0.056841771517301756,23.0,26.0,4711.230802876895,4701.334001708375,4700.0,4700.0,OK,24.06271869175513,0.05253796202296712,142,0.993006993006993,iv_filter_cp_rolling_median_v2
2020-11-03,24.10355544325487,2020-11-20,2020-12-18,17.0,45.0,0.059885177136722464,0.05731917294127339,23.0,26.0,4764.995353666196,4756.874646253797,4750.0,4750.0,OK,24.1468340268318,0.043278583576931595,148,0.9801324503311258,iv_filter_cp_rolling_median_v2
2020-11-04,22.752589247695195,2020-11-20,2020-12-18,16.0,44.0,0.05045646812580886,0.0522449639734788,23.0,26.0,4799.010205714736,4784.981253901977,4750.0,4750.0,OK,22.797358690090235,0.044769442395040215,149,0.9551282051282052,iv_filter_cp_rolling_median_v2
2020-11-05,22.470226346350064,2020-11-20,2020-12-18,15.0,43.0,0.04964583983319278,0.050746653155424176,23.0,26.0,4876.060428485449,4864.084980942597,4850.0,4850.0,OK,22.530344698748305,0.06011835239824137,149,0.9197530864197531,iv_filter_cp_rolling_median_v2
2020-11-06,21.8689175541469,2020-11-20,2020-12-18,14.0,42.0,0.04498349812685377,0.04853531984204588,23.0,26.0,4878.70489669116,4868.658139186431,4850.0,4850.0,OK,21.93803884512397,0.0691212909770691,133,0.8986486486486487,iv_filter_cp_rolling_median_v2
2020-11-09,22.872311062647213,2020-11-20,2020-12-18,11.0,39.0,0.059634636653331415,0.051336235482355864,23.0,26.0,4977.584244149044,4981.658058391918,4950.0,4950.0,OK,22.9806786755771,0.10836761292988584,141,0.8980891719745223,iv_filter_cp_rolling_median_v2
2020-11-10,23.152833071360227,2020-11-20,2020-12-18,10.0,38.0,0.05490004848557851,0.0534690857585481,24.0,27.0,4948.768407855657,4944.183765543196,4900.0,4900.0,OK,23.19124451051525,0.03841143915502343,152,0.9212121212121213,iv_filter_cp_rolling_median_v2
2020-11-11,22.18568148010467,2020-11-20,2020-12-18,9.0,37.0,0.0508766821368016,0.049086156879357634,23.0,27.0,4909.03695579395,4902.005456126538,4900.0,4900.0,OK,22.23937104159906,0.05368956149439086,147,0.9423076923076923,iv_filter_cp_rolling_median_v2
2020-11-12,21.84484631401191,2020-11-20,2020-12-18,8.0,36.0,0.048294198466980784,0.047684914841085994,24.0,27.0,4904.1736059482755,4898.018816285933,4900.0,4850.0,OK,21.8706617130352,0.025815399023290553,154,0.9685534591194969,iv_filter_cp_rolling_median_v2
2020-11-13,20.94016033442317,2020-11-20,2020-12-18,7.0,35.0,0.04030109390465184,0.04400328963872117,23.0,27.0,4850.200093342323,4835.372493372043,4850.0,4800.0,OK,21.01335213806925,0.07319180364608258,142,0.922077922077922,iv_filter_cp_rolling_median_v2
2020-11-16,21.127514971964914,2020-12-18,2020-12-18,32.0,32.0,0.04463718888906016,0.04463718888906016,27.0,27.0,4881.290095928738,4881.290095928738,4850.0,4850.0,WARN_NOT_BRACKET_30D,21.20525168378125,0.07773671181633546,104,0.9203539823008849,iv_filter_cp_rolling_median_v2
2020-11-17,20.681496739024183,2020-12-18,2020-12-18,31.0,31.0,0.042772430736626794,0.042772430736626794,27.0,27.0,4875.544163972058,4875.544163972058,4850.0,4850.0,WARN_NOT_BRACKET_30D,20.757920981575246,0.07642424255106306,104,0.9629629629629629,iv_filter_cp_rolling_median_v2
2020-11-18,21.286215665406193,2020-12-18,2020-12-18,30.0,30.0,0.0453102977354184,0.0453102977354184,27.0,27.0,4881.960173539492,4881.960173539492,4850.0,4850.0,OK,21.34518568953405,0.05897002412785568,102,0.9444444444444444,iv_filter_cp_rolling_median_v2
2020-11-19,21.421832555709333,2020-12-18,2021-01-15,29.0,57.0,0.046060203344989926,0.04354444253754624,27.0,22.0,4930.558614452852,4932.830674511205,4900.0,4900.0,OK,21.496670458440786,0.07483790273145274,104,0.9369369369369369,iv_filter_cp_rolling_median_v2
2020-11-20,20.692738992075064,2020-12-18,2021-01-15,28.0,56.0,0.04279094423125918,0.04300094774242305,27.0,22.0,4943.880899786872,4941.965062988085,4900.0,4900.0,OK,20.764144673763408,0.07140568168834349,102,0.918918918918919,iv_filter_cp_rolling_median_v2
2020-11-23,21.22173658427748,2020-12-18,2021-01-15,25.0,53.0,0.04606561451866846,0.04280259757951843,27.0,22.0,5003.706547776204,5004.542822349801,5000.0,5000.0,OK,21.308958521695644,0.08722193741816398,139,0.9455782312925171,iv_filter_cp_rolling_median_v2
2020-11-24,20.99382077218315,2020-12-18,2021-01-15,24.0,52.0,0.044771054284978344,0.042894507144722815,28.0,23.0,4974.783350299277,4976.103389187712,4950.0,4950.0,OK,21.038659900772124,0.04483912858897554,142,0.9659863945578231,iv_filter_cp_rolling_median_v2
2020-11-25,20.13513554018509,2020-12-18,2021-01-15,23.0,51.0,0.039692111327003975,0.04169271602149453,28.0,23.0,4913.824110828666,4916.71203735685,4900.0,4900.0,OK,20.175217029801896,0.040081489616806465,143,0.9862068965517241,iv_filter_cp_rolling_median_v2
2020-11-26,19.309694273037177,2020-12-18,2021-01-15,22.0,50.0,0.03769636330644858,0.036835501875721155,28.0,23.0,4914.023351507914,4913.452411180747,4900.0,4900.0,OK,19.36328795629425,0.053593683257073366,139,0.9144736842105263,iv_filter_cp_rolling_median_v2
2020-11-27,19.99041346435095,2020-12-18,2021-01-15,21.0,49.0,0.040592492892039304,0.039390912235908,28.0,23.0,4985.17631289977,4984.9422712382975,4950.0,4950.0,OK,20.039941444287564,0.049527979936613065,136,0.8607594936708861,iv_filter_cp_rolling_median_v2
2020-11-30,20.142479902418035,2020-12-18,2021-01-15,18.0,46.0,0.04126690323606572,0.04020936518847007,28.0,23.0,4964.126897166937,4971.276130721579,4950.0,4950.0,OK,20.17670541387977,0.03422551146173447,155,0.9810126582278481,iv_filter_cp_rolling_median_v2
2020-12-01,22.264782055663854,2020-12-18,2021-01-15,17.0,45.0,0.05625187712717265,0.04666033335284225,26.0,23.0,5069.968786444387,5073.909608990987,5000.0,5000.0,OK,22.3327643681538,0.06798231248994568,141,0.9337748344370861,iv_filter_cp_rolling_median_v2
2020-12-02,22.831322622370404,2020-12-18,2021-01-15,16.0,44.0,0.058665072265771175,0.04974942272427809,28.0,23.0,5067.570494584395,5072.488783637456,5000.0,5000.0,OK,22.91933338056739,0.08801075819698667,146,0.9798657718120806,iv_filter_cp_rolling_median_v2
2020-12-03,22.65370178063798,2020-12-18,2021-01-15,15.0,43.0,0.05683129624934363,0.04965251844671124,26.0,23.0,5062.769095563788,5068.296002653533,5000.0,5000.0,OK,22.733077541354213,0.07937576071623198,140,0.9790209790209791,iv_filter_cp_rolling_median_v2
2020-12-04,21.498565408283373,2020-12-18,2021-01-15,14.0,42.0,0.04955080550326232,0.045385837950964236,27.0,23.0,5077.782818461512,5081.139907543911,5000.0,5000.0,OK,21.582491052676065,0.08392564439269279,130,0.8387096774193549,iv_filter_cp_rolling_median_v2
2020-12-07,20.771969346017073,2020-12-18,2021-01-15,11.0,39.0,0.04782525874968798,0.04252250346393821,27.0,23.0,5029.7918840519,5029.286126447313,5000.0,5000.0,OK,20.82186767714673,0.04989833112965769,136,0.9379310344827586,iv_filter_cp_rolling_median_v2
2020-12-08,19.781029100128418,2020-12-18,2021-01-15,10.0,38.0,0.043119015654561395,0.03870890023353394,28.0,23.0,5013.607752345664,5012.435571227216,5000.0,5000.0,OK,19.822616447426704,0.04158734729828595,143,0.9862068965517241,iv_filter_cp_rolling_median_v2
2020-12-09,19.589186291058102,2020-12-18,2021-01-15,9.0,37.0,0.04026502665677992,0.038220264816561496,28.0,23.0,4952.6695731015725,4952.049120076645,4950.0,4950.0,OK,19.62349175754394,0.03430546648583643,152,0.9681528662420382,iv_filter_cp_rolling_median_v2
2020-12-10,18.73547069559659,2020-12-18,2021-01-15,8.0,36.0,0.03695925693061907,0.034989212236006574,26.0,23.0,4946.943466619884,4945.387537287086,4900.0,4900.0,OK,18.7920352398372,0.056564544240611525,143,0.959731543624161,iv_filter_cp_rolling_median_v2
2020-12-11,19.425902695314328,2020-12-18,2021-01-15,7.0,35.0,0.03722523992349196,0.03775880127579465,28.0,23.0,4885.777446537129,4888.168986200518,4850.0,4850.0,OK,19.464854838463967,0.038952143149639795,141,0.9038461538461539,iv_filter_cp_rolling_median_v2
2020-12-14,18.733292405096265,2021-01-15,2021-01-15,32.0,32.0,0.035093624433483746,0.035093624433483746,23.0,23.0,4931.236149248706,4931.236149248706,4900.0,4900.0,WARN_NOT_BRACKET_30D,18.76865456873756,0.0353621636412953,95,0.9595959595959596,iv_filter_cp_rolling_median_v2
2020-12-15,18.541660417323865,2021-01-15,2021-01-15,31.0,31.0,0.034379317103135465,0.034379317103135465,23.0,23.0,4942.861248284142,4942.861248284142,4900.0,4900.0,WARN_NOT_BRACKET_30D,18.61091761854882,0.06925720122495704,94,0.9894736842105263,iv_filter_cp_rolling_median_v2
2020-12-16,19.056288350151725,2021-01-15,2021-01-15,30.0,30.0,0.036314212568412836,0.036314212568412836,23.0,23.0,4947.670854974364,4947.670854974364,4900.0,4900.0,OK,19.10504175173888,0.04875340158715602,96,0.9896907216494846,iv_filter_cp_rolling_median_v2
2020-12-17,18.55690537024259,2021-01-15,2021-02-19,29.0,64.0,0.03468685905361156,0.030569130464898835,23.0,19.0,5031.466637965395,5026.220265672428,5000.0,5000.0,OK,18.62078694480011,0.06388157455752008,97,0.8981481481481481,iv_filter_cp_rolling_median_v2
2020-12-18,17.911194788246636,2021-01-15,2021-02-19,28.0,63.0,0.03230204661522087,0.030460740440474896,23.0,19.0,4998.5698065252855,4998.39226963305,4950.0,4950.0,OK,18.002412461251346,0.09121767300471006,100,0.970873786407767,iv_filter_cp_rolling_median_v2
2020-12-21,18.890640621257624,2021-01-15,2021-02-19,25.0,60.0,0.0376034519224128,0.030891076272496036,23.0,19.0,5047.383133377883,5053.494628284789,5000.0,5000.0,OK,18.92995887661592,0.03931825535829603,143,0.934640522875817,iv_filter_cp_rolling_median_v2
2020-12-22,18.57841357581745,2021-01-15,2021-02-19,24.0,59.0,0.036458666939340835,0.030695763176839534,23.0,19.0,4967.753766248102,4966.674052588426,4950.0,4950.0,OK,18.64671001000324,0.06829643418578968,130,0.9848484848484849,iv_filter_cp_rolling_median_v2
2020-12-23,18.551968200123746,2021-01-15,2021-02-19,23.0,58.0,0.03646066707272028,0.03117674984113402,23.0,19.0,5007.262818133226,5006.427975884931,5000.0,5000.0,OK,18.605072884737247,0.05310468461350126,132,0.9850746268656716,iv_filter_cp_rolling_median_v2
2020-12-24,18.361204864879078,2021-01-15,2021-02-19,22.0,57.0,0.03580243228562641,0.030992124674987083,23.0,19.0,5003.291378960127,5001.20513787572,5000.0,5000.0,OK,18.40350490159545,0.04230003671637306,133,0.9637681159420289,iv_filter_cp_rolling_median_v2
2020-12-25,17.9861526311387,2021-01-15,2021-02-19,21.0,56.0,0.03391391075122217,0.030656114700887957,23.0,19.0,5050.918299192048,5052.081766895528,5000.0,5000.0,OK,18.05055456273084,0.06440193159214047,132,0.9496402877697842,iv_filter_cp_rolling_median_v2
2020-12-28,18.386942236285833,2021-01-15,2021-02-19,18.0,53.0,0.038303731066420175,0.030881474909678935,23.0,19.0,5068.760597418393,5068.8771119963185,5000.0,5000.0,OK,18.412066983137727,0.02512474685189403,142,0.9403973509933775,iv_filter_cp_rolling_median_v2
2020-12-29,18.723774028486158,2021-01-15,2021-02-19,17.0,52.0,0.03975175563588775,0.0324611144208703,23.0,19.0,5054.340798179509,5061.372216980541,5000.0,5000.0,OK,18.79605996919879,0.07228594071263217,139,0.9928571428571429,iv_filter_cp_rolling_median_v2
2020-12-30,19.090667644095426,2021-01-15,2021-02-19,16.0,51.0,0.04218278167541033,0.033745395549411604,23.0,19.0,5117.0691608296775,5121.822594785338,5100.0,5100.0,OK,19.105191372524345,0.014523728428919469,130,0.9027777777777778,iv_filter_cp_rolling_median_v2
2020-12-31,20.524874023373936,2021-01-15,2021-02-19,15.0,50.0,0.05327210804473753,0.03766902029665682,24.0,20.0,5225.536542289245,5231.013756650782,5200.0,5200.0,OK,20.56426912055536,0.039395097181422756,147,0.9363057324840764,iv_filter_cp_rolling_median_v2
2021-01-04,20.967359348491705,2021-01-15,2021-02-19,11.0,46.0,0.059596569590248234,0.04081484021423165,25.0,21.0,5270.8641472198315,5284.125999175863,5200.0,5200.0,OK,20.97543411424969,0.008074765757985602,151,0.9320987654320988,iv_filter_cp_rolling_median_v2
2021-01-05,21.053873511361136,2021-01-15,2021-02-19,10.0,45.0,0.06423391362144612,0.04100866654353828,25.0,21.0,5364.597507325863,5364.485632467203,5300.0,5300.0,OK,21.088949785810826,0.03507627444968975,147,0.8909090909090909,iv_filter_cp_rolling_median_v2
2021-01-06,22.71015303426166,2021-01-15,2021-02-19,9.0,44.0,0.07880655582449177,0.047861725437522026,27.0,23.0,5411.0475852711625,5415.447794379336,5400.0,5400.0,OK,22.73722526379447,0.02707222953281274,155,0.8857142857142857,iv_filter_cp_rolling_median_v2
2021-01-07,25.168972825510043,2021-01-15,2021-02-19,8.0,43.0,0.10208204804942592,0.05908939987044644,27.0,23.0,5527.715104498129,5527.460306375652,5500.0,5500.0,OK,25.190975048840404,0.022002223330360948,136,0.7861271676300579,iv_filter_cp_rolling_median_v2
2021-01-08,25.785867557786034,2021-01-15,2021-02-19,7.0,42.0,0.09636722162511217,0.06389317265299918,28.0,24.0,5506.249218971738,5509.226539954319,5500.0,5500.0,OK,25.812713817227884,0.02684625944185015,159,0.8784530386740331,iv_filter_cp_rolling_median_v2
2021-01-11,23.5462555450589,2021-02-19,2021-02-19,39.0,39.0,0.0554426150193217,0.0554426150193217,24.0,24.0,5445.463674928253,5445.463674928253,5400.0,5400.0,WARN_NOT_BRACKET_30D,23.590839413564687,0.04458386850578577,127,0.9921875,iv_filter_cp_rolling_median_v2
2021-01-12,24.64710979349353,2021-02-19,2021-02-19,38.0,38.0,0.06074800211725247,0.06074800211725247,24.0,24.0,5601.203070072871,5601.203070072871,5600.0,5600.0,WARN_NOT_BRACKET_30D,24.725340496034224,0.07823070254069364,106,0.848,iv_filter_cp_rolling_median_v2
2021-01-13,24.50491846691543,2021-02-19,2021-02-19,37.0,37.0,0.0600491029070173,0.0600491029070173,25.0,25.0,5577.143703709595,5577.143703709595,5500.0,5500.0,WARN_NOT_BRACKET_30D,24.510157026344302,0.005238559428871525,120,0.9448818897637795,iv_filter_cp_rolling_median_v2
2021-01-14,24.07879351985803,2021-02-19,2021-02-19,36.0,36.0,0.05797882973719572,0.05797882973719572,25.0,25.0,5483.560779733016,5483.560779733016,5400.0,5400.0,WARN_NOT_BRACKET_30D,24.09687866092028,0.018085141062247345,124,0.9841269841269841,iv_filter_cp_rolling_median_v2
2021-01-15,22.853338281527716,2021-02-19,2021-02-19,35.0,35.0,0.05222750706099402,0.05222750706099402,25.0,25.0,5459.707149792619,5459.707149792619,5400.0,5400.0,WARN_NOT_BRACKET_30D,22.874414995794584,0.021076714266868635,125,0.9191176470588235,iv_filter_cp_rolling_median_v2
2021-01-18,23.258658843695645,2021-02-19,2021-02-19,32.0,32.0,0.05409652112074217,0.05409652112074217,25.0,25.0,5511.296515328154,5511.296515328154,5500.0,5500.0,WARN_NOT_BRACKET_30D,23.25997303158032,0.0013141878846738564,146,0.9419354838709677,iv_filter_cp_rolling_median_v2
2021-01-19,23.482498704982273,2021-02-19,2021-02-19,31.0,31.0,0.0551427745429494,0.0551427745429494,25.0,25.0,5441.684844923258,5441.684844923258,5400.0,5400.0,WARN_NOT_BRACKET_30D,23.529659394727304,0.04716068974503074,145,0.9415584415584416,iv_filter_cp_rolling_median_v2
2021-01-20,23.185973085352344,2021-02-19,2021-02-19,30.0,30.0,0.05375893479146834,0.05375893479146834,25.0,25.0,5470.844487620294,5470.844487620294,5400.0,5400.0,OK,23.221834587982947,0.035861502630602615,148,0.9673202614379085,iv_filter_cp_rolling_median_v2
2021-01-21,23.694773413069043,2021-02-19,2021-03-19,29.0,57.0,0.0562306117683876,0.0549575982714721,25.0,28.0,5561.924472006143,5551.408467415781,5500.0,5500.0,OK,23.72061185274749,0.025838439678445013,148,0.9548387096774194,iv_filter_cp_rolling_median_v2
2021-01-22,22.381019828542197,2021-02-19,2021-03-19,28.0,56.0,0.05003277938829868,0.05046947040025766,25.0,28.0,5548.9105328226,5543.769937905468,5500.0,5500.0,OK,22.39387420754429,0.012854379002092742,141,0.9155844155844156,iv_filter_cp_rolling_median_v2
2021-01-25,23.143223889553212,2021-02-19,2021-03-19,25.0,53.0,0.05363859183124563,0.053392263793209944,25.0,28.0,5597.58844892323,5587.081001532267,5500.0,5500.0,OK,23.179282561390853,0.03605867183764033,143,0.8773006134969326,iv_filter_cp_rolling_median_v2
2021-01-26,23.108913451532754,2021-02-19,2021-03-19,24.0,52.0,0.05281617599632332,0.054393900866722855,25.0,28.0,5500.390236667768,5499.598537114475,5500.0,5400.0,OK,23.132634063577022,0.023720612044268563,150,0.9803921568627451,iv_filter_cp_rolling_median_v2
2021-01-27,23.060389179281916,2021-02-19,2021-03-19,23.0,51.0,0.052048513748361516,0.054706492952203235,25.0,28.0,5505.04404887484,5499.39779321276,5500.0,5400.0,OK,23.087712589326514,0.027323410044598262,143,0.9533333333333334,iv_filter_cp_rolling_median_v2
2021-01-28,24.791813908954076,2021-02-19,2021-03-19,22.0,50.0,0.058840213762027034,0.06434891260997412,25.0,28.0,5384.771283219688,5375.910837524897,5300.0,5300.0,OK,24.803192972472143,0.011379063518067056,151,0.9556962025316456,iv_filter_cp_rolling_median_v2
2021-01-29,24.953426088165163,2021-02-19,2021-03-19,21.0,49.0,0.059957004506378586,0.06435765754899492,25.0,28.0,5354.7121364670675,5349.787513222985,5300.0,5300.0,OK,24.928475663614982,0.024950424550180372,148,0.9426751592356688,iv_filter_cp_rolling_median_v2
2021-02-01,25.482082613306595,2021-02-19,2021-03-19,18.0,46.0,0.061842896074863166,0.06654622248658608,25.0,28.0,5408.979223883401,5400.629085513908,5400.0,5400.0,OK,25.51775783226984,0.035675218963245214,144,0.9290322580645162,iv_filter_cp_rolling_median_v2
2021-02-02,24.045024955972778,2021-02-19,2021-03-19,17.0,45.0,0.053209864027732805,0.05982426595577752,25.0,28.0,5476.970712608774,5467.410210784379,5400.0,5400.0,OK,24.08570656710993,0.04068161113715263,143,0.9727891156462585,iv_filter_cp_rolling_median_v2
2021-02-03,23.539658891883107,2021-02-19,2021-03-19,16.0,44.0,0.04842851981082352,0.05795083926145664,25.0,28.0,5478.975974925049,5472.429890876927,5400.0,5400.0,OK,23.55052743462847,0.01086854274536364,157,0.98125,iv_filter_cp_rolling_median_v2
2021-02-04,24.148581793639092,2021-02-19,2021-03-19,15.0,43.0,0.05029367267580854,0.06074057372142612,25.0,28.0,5473.170789531044,5469.007412246657,5400.0,5400.0,OK,24.157974992254147,0.009393198615054388,147,0.9245283018867925,iv_filter_cp_rolling_median_v2
2021-02-05,23.849140190750457,2021-02-19,2021-03-19,14.0,42.0,0.03827592506126491,0.061528704714442384,25.0,28.0,5477.657654929589,5478.488048680225,5400.0,5400.0,OK,23.838860483619,0.010279707131456206,156,0.975,iv_filter_cp_rolling_median_v2
2021-02-08,23.982870340678218,2021-02-19,2021-03-19,11.0,39.0,0.04013196401972794,0.05984061190739637,25.0,28.0,5541.338531602098,5539.814112529842,5500.0,5500.0,OK,23.986774240395203,0.0039038997169846823,153,0.9386503067484663,iv_filter_cp_rolling_median_v2
2021-02-09,23.84326471517624,2021-02-19,2021-03-19,10.0,38.0,0.04032610982203595,0.058589497481034813,24.0,28.0,5672.638316672021,5666.260487645133,5600.0,5600.0,OK,23.808176372607782,0.035088342568457165,134,0.8481012658227848,iv_filter_cp_rolling_median_v2
2021-02-10,25.683384956044677,2021-02-19,2021-03-19,9.0,37.0,0.04812432622788163,0.06741005601399683,26.0,29.0,5803.65300535144,5801.177185748852,5800.0,5800.0,OK,25.706152624322165,0.02276766827748844,146,0.8538011695906432,iv_filter_cp_rolling_median_v2
2021-02-18,25.208953372779106,2021-03-19,2021-04-16,29.0,57.0,0.06421313259921231,0.05442787557011679,30.0,19.0,5746.152931025709,5745.399360163422,5700.0,5700.0,OK,25.232985831714096,0.02403245893498962,120,0.9375,iv_filter_cp_rolling_median_v2
2021-02-19,23.471179764637647,2021-03-19,2021-04-16,28.0,56.0,0.055797090786267156,0.05049111954721531,30.0,19.0,5754.865756415451,5754.40599975583,5700.0,5700.0,OK,23.496322140055103,0.02514237541745601,109,0.9083333333333333,iv_filter_cp_rolling_median_v2
2021-02-22,24.70059878763297,2021-03-19,2021-04-16,25.0,53.0,0.064481404040892,0.05348391485195014,30.0,19.0,5590.568719642473,5595.734621897914,5500.0,5500.0,OK,24.668005552059487,0.032593235573482815,149,0.9738562091503268,iv_filter_cp_rolling_median_v2
2021-02-23,24.770493908429795,2021-03-19,2021-04-16,24.0,52.0,0.06402922525289617,0.056836756467133556,30.0,19.0,5566.773624961134,5563.447492119794,5500.0,5500.0,OK,24.75085075143277,0.019643156997027234,152,0.9806451612903225,iv_filter_cp_rolling_median_v2
2021-02-24,26.65811540133049,2021-03-19,2021-04-16,23.0,51.0,0.07314259819825628,0.06825533579074826,30.0,19.0,5433.454132202576,5434.332509413303,5400.0,5400.0,OK,26.669658325100983,0.011542923770491598,157,0.9573170731707317,iv_filter_cp_rolling_median_v2
2021-02-25,25.660752012236504,2021-03-19,2021-04-16,22.0,50.0,0.0686033548885055,0.06281589032767891,30.0,19.0,5467.214776248546,5460.281061554707,5400.0,5400.0,OK,25.653440170308343,0.0073118419281605895,149,0.93125,iv_filter_cp_rolling_median_v2
2021-02-26,27.152920597600154,2021-03-19,2021-04-16,21.0,49.0,0.08271955743630686,0.06559299031564213,30.0,19.0,5325.318309208142,5319.3396883750265,5300.0,5300.0,OK,27.110444310637632,0.042476286962521925,155,0.9567901234567902,iv_filter_cp_rolling_median_v2
2021-03-01,25.615922704780797,2021-03-19,2021-04-16,18.0,46.0,0.07503282798808707,0.060705230443631325,30.0,19.0,5395.786980828052,5389.144783750432,5300.0,5300.0,OK,25.62255862730243,0.006635922521631699,148,0.9426751592356688,iv_filter_cp_rolling_median_v2
2021-03-02,24.74138367109254,2021-03-19,2021-04-16,17.0,45.0,0.0693487897974331,0.057667501097968754,30.0,19.0,5316.374360698286,5300.428570831034,5300.0,5300.0,OK,24.76192158343199,0.0205379123394529,151,0.949685534591195,iv_filter_cp_rolling_median_v2
2021-03-03,24.827640888261442,2021-03-19,2021-04-16,16.0,44.0,0.06839478823288518,0.059185315925742395,30.0,19.0,5417.563817655069,5402.274955033154,5400.0,5400.0,OK,24.84451068560292,0.016869797341477977,143,0.9166666666666666,iv_filter_cp_rolling_median_v2
2021-03-04,26.005265150108688,2021-03-19,2021-04-16,15.0,43.0,0.08165232845537712,0.06338728132636878,30.0,19.0,5266.370390769652,5258.620683934726,5200.0,5200.0,OK,26.01043226786496,0.005167117756272432,147,0.9545454545454546,iv_filter_cp_rolling_median_v2
2021-03-05,26.856370205186288,2021-03-19,2021-04-16,14.0,42.0,0.08922006478585903,0.06785306137828745,30.0,20.0,5259.322385123063,5245.326317256531,5200.0,5200.0,OK,26.862012229209224,0.005642024022936454,160,0.963855421686747,iv_filter_cp_rolling_median_v2
2021-03-08,27.723923047444888,2021-03-19,2021-04-16,11.0,39.0,0.10887781141145753,0.07258412015935216,30.0,21.0,5061.375150827668,5057.238869137651,5000.0,5000.0,OK,27.75210035574939,0.028177308304503157,167,0.9542857142857143,iv_filter_cp_rolling_median_v2
2021-03-09,27.62283021109333,2021-03-19,2021-04-16,10.0,38.0,0.1186169298016271,0.07184787963292712,30.0,24.0,4963.776359919088,4952.11215001942,4950.0,4950.0,OK,27.62926976451883,0.006439553425501288,170,0.918918918918919,iv_filter_cp_rolling_median_v2
2021-03-10,27.114318055644265,2021-03-19,2021-04-16,9.0,37.0,0.10048957296309467,0.07133179069192601,30.0,26.0,4992.495434979419,4982.051630888533,4950.0,4950.0,OK,27.11858147396537,0.004263418321105661,174,0.9456521739130435,iv_filter_cp_rolling_median_v2
2021-03-11,25.19166886373022,2021-03-19,2021-04-16,8.0,36.0,0.07492694223870447,0.06276717412157615,30.0,26.0,5113.219693118616,5097.975429581427,5100.0,5000.0,OK,25.194685234968063,0.0030163712378410423,168,0.9333333333333333,iv_filter_cp_rolling_median_v2
2021-03-12,24.18355623487543,2021-03-19,2021-04-16,7.0,35.0,0.0637765156432884,0.0582543489371143,30.0,26.0,5122.838725784391,5104.5435922928045,5100.0,5100.0,OK,24.16952882957369,0.014027405301739293,175,0.9408602150537635,iv_filter_cp_rolling_median_v2
2021-03-15,24.200954890772227,2021-04-16,2021-04-16,32.0,32.0,0.05856862176251922,0.05856862176251922,26.0,26.0,5009.920058920679,5009.920058920679,5000.0,5000.0,WARN_NOT_BRACKET_30D,24.20008660360053,0.0008682871716985119,116,0.9133858267716536,iv_filter_cp_rolling_median_v2
2021-03-16,24.07330756688136,2021-04-16,2021-04-16,31.0,31.0,0.05795241372096673,0.05795241372096673,26.0,26.0,5040.087414592067,5040.087414592067,5000.0,5000.0,WARN_NOT_BRACKET_30D,24.0386875505144,0.03462001636696144,124,0.9763779527559056,iv_filter_cp_rolling_median_v2
2021-03-17,24.87815241527811,2021-04-16,2021-04-16,30.0,30.0,0.0618922467597808,0.0618922467597808,26.0,26.0,5049.526912360886,5049.526912360886,5000.0,5000.0,OK,24.87610087383563,0.002051541442479987,123,0.9534883720930233,iv_filter_cp_rolling_median_v2
2021-03-18,23.835612089292866,2021-04-16,2021-05-21,29.0,64.0,0.057304381916878734,0.04925315336622192,26.0,26.0,5080.395140226569,5052.813392947975,5000.0,5000.0,OK,23.82636335769804,0.009248731594826864,131,0.9562043795620438,iv_filter_cp_rolling_median_v2
2021-03-19,23.92618383053523,2021-04-16,2021-05-21,28.0,63.0,0.05828360288464391,0.04963880608974914,26.0,26.0,4949.6837295728255,4909.482458193714,4900.0,4900.0,OK,23.96017439764321,0.03399056710798121,125,0.9689922480620154,iv_filter_cp_rolling_median_v2
2021-03-22,23.298270539616343,2021-04-16,2021-05-21,25.0,60.0,0.055614767277660015,0.05094637535385416,26.0,26.0,5007.678390701355,4982.147338350245,5000.0,4950.0,OK,23.292394634559976,0.005875905056367259,177,0.9943820224719101,iv_filter_cp_rolling_median_v2
2021-03-23,22.873302966333018,2021-04-16,2021-05-21,24.0,59.0,0.05353911741801634,0.049919528471680234,26.0,26.0,4980.632227606041,4956.808214634072,4950.0,4950.0,OK,22.8747523554298,0.0014493890967806067,171,0.9661016949152542,iv_filter_cp_rolling_median_v2
2021-03-24,23.69744119696724,2021-04-16,2021-05-21,23.0,58.0,0.05897589758676354,0.051685313987475064,26.0,26.0,4921.671677356434,4903.2541015462575,4900.0,4900.0,OK,23.71546368113604,0.01802248416879948,163,0.9588235294117647,iv_filter_cp_rolling_median_v2
2021-03-25,22.99623530671903,2021-04-16,2021-05-21,22.0,57.0,0.05686653544585733,0.047693192905196885,27.0,27.0,4922.68851304096,4902.209752639512,4900.0,4900.0,OK,23.010593610949066,0.014358304230036367,172,0.9662921348314607,iv_filter_cp_rolling_median_v2
2021-03-26,21.681096776723262,2021-04-16,2021-05-21,21.0,56.0,0.04920590594607336,0.044624843025428795,27.0,27.0,5018.463191053658,4996.9947157291435,5000.0,4950.0,OK,21.688993886623788,0.007897109900525834,180,0.972972972972973,iv_filter_cp_rolling_median_v2
2021-03-29,21.94357084751177,2021-04-16,2021-05-21,18.0,53.0,0.05117606604294895,0.04618355396209878,27.0,27.0,5017.176584700948,4995.984941604152,5000.0,4950.0,OK,21.93035638088604,0.01321446662572967,162,0.9364161849710982,iv_filter_cp_rolling_median_v2
2021-03-30,21.55728835222963,2021-04-16,2021-05-21,17.0,52.0,0.0490932952546747,0.045021241257951296,27.0,27.0,5055.0656183944,5028.351943390332,5000.0,5000.0,OK,21.53470302138504,0.02258533084458847,166,0.9707602339181286,iv_filter_cp_rolling_median_v2
2021-03-31,21.104587654333027,2021-04-16,2021-05-21,16.0,51.0,0.046546235514866904,0.043596421531154686,27.0,27.0,5016.535233826613,4988.042178862386,5000.0,4950.0,OK,21.0955306135853,0.009057040747727285,151,0.9556962025316456,iv_filter_cp_rolling_median_v2
2021-04-01,20.29311536327882,2021-04-16,2021-05-21,15.0,50.0,0.04149020461510022,0.041057392514587905,27.0,27.0,5089.292604146765,5063.625711220705,5000.0,5000.0,OK,20.28263872675876,0.010476636520060367,171,0.9293478260869565,iv_filter_cp_rolling_median_v2
2021-04-02,20.97385677640999,2021-04-16,2021-05-21,14.0,49.0,0.04530460710717844,0.04354432992042506,27.0,27.0,5139.751478657492,5112.362204767931,5100.0,5100.0,OK,20.97017477061504,0.0036820057949498164,173,0.9453551912568307,iv_filter_cp_rolling_median_v2
2021-04-06,21.067309007511913,2021-04-16,2021-05-21,10.0,45.0,0.053478928623170434,0.04286718792490408,27.0,27.0,5107.087967579479,5082.316064902165,5100.0,5000.0,OK,21.04833412007066,0.018974887441252974,160,0.9411764705882353,iv_filter_cp_rolling_median_v2
2021-04-07,19.890662992467945,2021-04-16,2021-05-21,9.0,44.0,0.044047881997498664,0.038952388168515394,27.0,27.0,5073.787352346294,5044.5817108785,5000.0,5000.0,OK,19.870920791432635,0.019742201035310103,150,0.9615384615384616,iv_filter_cp_rolling_median_v2
2021-04-08,18.94814573262667,2021-04-16,2021-05-21,8.0,43.0,0.036528027512666705,0.03583453376606002,27.0,27.0,5087.814581734009,5049.297828855538,5000.0,5000.0,OK,18.910839183696527,0.03730654893014318,157,0.9289940828402367,iv_filter_cp_rolling_median_v2
2021-04-09,18.789688584097114,2021-04-16,2021-05-21,7.0,42.0,0.03698344156183607,0.03515930911281311,27.0,27.0,5025.589224808009,4989.259366827693,5000.0,4950.0,OK,18.74396567315587,0.04572291094124381,169,0.9388888888888889,iv_filter_cp_rolling_median_v2
2021-04-12,19.30057432874768,2021-05-21,2021-05-21,39.0,39.0,0.037251216941951396,0.037251216941951396,27.0,27.0,4921.980749974778,4921.980749974778,4900.0,4900.0,WARN_NOT_BRACKET_30D,19.334633845967254,0.034059517219574786,128,0.9481481481481482,iv_filter_cp_rolling_median_v2
2021-04-13,19.92719364400834,2021-05-21,2021-05-21,38.0,38.0,0.03970930465258065,0.03970930465258065,27.0,27.0,4918.582559273962,4918.582559273962,4900.0,4900.0,WARN_NOT_BRACKET_30D,19.94592939730996,0.018735753301619695,114,0.9661016949152542,iv_filter_cp_rolling_median_v2
2021-04-14,19.848670544168517,2021-05-21,2021-05-21,37.0,37.0,0.0393969722370943,0.0393969722370943,27.0,27.0,4948.912370274204,4948.912370274204,4900.0,4900.0,WARN_NOT_BRACKET_30D,19.85556038461272,0.0068898404442023775,119,0.967479674796748,iv_filter_cp_rolling_median_v2
2021-04-15,19.885342665849397,2021-05-21,2021-05-21,36.0,36.0,0.039542685293825035,0.039542685293825035,27.0,27.0,4925.317856909583,4925.317856909583,4900.0,4900.0,WARN_NOT_BRACKET_30D,19.902975004593724,0.01763233874432757,123,0.9919354838709677,iv_filter_cp_rolling_median_v2
2021-04-16,19.508047008797387,2021-05-21,2021-05-21,35.0,35.0,0.03805638980974487,0.03805638980974487,27.0,27.0,4948.997590892707,4948.997590892707,4900.0,4900.0,WARN_NOT_BRACKET_30D,19.5192616984873,0.01121468968991124,129,0.9626865671641791,iv_filter_cp_rolling_median_v2
2021-04-19,19.89167571040668,2021-05-21,2021-05-21,32.0,32.0,0.039567876256798314,0.039567876256798314,27.0,27.0,5074.707070491912,5074.707070491912,5000.0,5000.0,WARN_NOT_BRACKET_30D,19.8946620151664,0.0029863047597196157,160,0.9580838323353293,iv_filter_cp_rolling_median_v2
2021-04-20,19.61878346319686,2021-05-21,2021-05-21,31.0,31.0,0.03848966645758065,0.03848966645758065,27.0,27.0,5071.912971853392,5071.912971853392,5000.0,5000.0,WARN_NOT_BRACKET_30D,19.58726713121161,0.03151633198524806,158,0.9518072289156626,iv_filter_cp_rolling_median_v2
2021-04-21,19.719128390147983,2021-05-21,2021-05-21,30.0,30.0,0.03888440244671402,0.03888440244671402,27.0,27.0,5077.120484267358,5077.120484267358,5000.0,5000.0,OK,19.714193348836822,0.004935041311160404,155,0.9748427672955975,iv_filter_cp_rolling_median_v2
2021-04-22,19.891553464712207,2021-05-21,2021-06-18,29.0,57.0,0.03902152571409971,0.04706584038558379,27.0,28.0,5063.0449858505135,5029.23018642696,5000.0,5000.0,OK,19.887890683200467,0.003662781511739155,154,0.9565217391304348,iv_filter_cp_rolling_median_v2
2021-04-23,20.356639113967162,2021-05-21,2021-06-18,28.0,56.0,0.04057140267832055,0.04708044960313976,27.0,28.0,5118.785368107281,5083.647620294757,5100.0,5000.0,OK,20.34922440139924,0.007414712567921811,150,0.8875739644970414,iv_filter_cp_rolling_median_v2
2021-04-26,20.217369188120536,2021-05-21,2021-06-18,25.0,53.0,0.03856184855691957,0.045891571692179466,27.0,28.0,5044.275728647967,5009.741221083275,5000.0,5000.0,OK,20.20801141511928,0.00935777300125551,156,0.9069767441860465,iv_filter_cp_rolling_median_v2
2021-04-27,20.244623646125657,2021-05-21,2021-06-18,24.0,52.0,0.03828035613919584,0.045560685995702864,27.0,28.0,5063.2141673580045,5027.503998276413,5000.0,5000.0,OK,20.225663649119785,0.018959997005872253,157,0.9631901840490797,iv_filter_cp_rolling_median_v2
2021-04-28,20.642013694873533,2021-05-21,2021-06-18,23.0,51.0,0.040366426470811116,0.045643712275807664,27.0,28.0,5105.755476900655,5069.302312959352,5100.0,5000.0,OK,20.633639435261347,0.008374259612185853,149,0.9085365853658537,iv_filter_cp_rolling_median_v2
2021-04-29,20.975706150742738,2021-05-21,2021-06-18,22.0,50.0,0.04136541130433417,0.04689389975491679,27.0,28.0,5159.434558584368,5128.077339688101,5100.0,5100.0,OK,20.975102440675645,0.0006037100670930329,158,0.9518072289156626,iv_filter_cp_rolling_median_v2
2021-04-30,20.46289504942761,2021-05-21,2021-06-18,21.0,49.0,0.03872465197395594,0.04472151941478061,27.0,28.0,5112.431505672199,5084.261817800227,5100.0,5000.0,OK,20.44292425375338,0.019970795674229436,159,0.9408284023668639,iv_filter_cp_rolling_median_v2
2021-05-06,20.34659342407669,2021-05-21,2021-06-18,15.0,43.0,0.038388727114848274,0.04230828338858571,27.0,28.0,5049.948809197327,5023.112172381616,5000.0,5000.0,OK,20.382401600006425,0.035808175929734176,153,0.9107142857142857,iv_filter_cp_rolling_median_v2
2021-05-07,20.11501106544111,2021-05-21,2021-06-18,14.0,42.0,0.03848473581991244,0.04095552481537418,27.0,28.0,4987.050173552541,4965.439951019452,4950.0,4950.0,OK,20.126527421650355,0.011516356209245515,146,0.9240506329113924,iv_filter_cp_rolling_median_v2
2021-05-10,19.8754865385968,2021-05-21,2021-06-18,11.0,39.0,0.040457378542729225,0.03937605478613899,27.0,28.0,4989.593928984088,4964.322984846865,4950.0,4950.0,OK,19.92727772981376,0.051791191216960186,148,0.9367088607594937,iv_filter_cp_rolling_median_v2
2021-05-11,20.609720912616407,2021-05-21,2021-06-18,10.0,38.0,0.04103732320207074,0.04262750554722782,27.0,28.0,5016.008938699479,4995.541592036845,5000.0,4950.0,OK,20.66478091377242,0.05506000115601495,155,0.9281437125748503,iv_filter_cp_rolling_median_v2
2021-05-12,20.793884155385815,2021-05-21,2021-06-18,9.0,37.0,0.041101736978010124,0.04341181789557812,27.0,28.0,5044.067115226695,5016.839470454989,5000.0,5000.0,OK,20.82385699481776,0.029972839431945175,152,0.9325153374233128,iv_filter_cp_rolling_median_v2
2021-05-13,21.094885776241732,2021-05-21,2021-06-18,8.0,36.0,0.04347289340677177,0.04456163436002595,27.0,28.0,4995.760835064005,4969.485000369558,4950.0,4950.0,OK,21.15335806191836,0.0584722856766291,147,0.9483870967741935,iv_filter_cp_rolling_median_v2
2021-05-14,21.289922743219204,2021-05-21,2021-06-18,7.0,35.0,0.044444547653408155,0.04536440857982493,26.0,28.0,5117.918078399076,5097.866310623709,5100.0,5000.0,OK,21.302985501401448,0.013062758182243783,146,0.906832298136646,iv_filter_cp_rolling_median_v2
2021-05-17,22.358487799412472,2021-06-18,2021-06-18,32.0,32.0,0.049990197667647646,0.049990197667647646,28.0,28.0,5163.42123778083,5163.42123778083,5100.0,5100.0,WARN_NOT_BRACKET_30D,22.45977115972635,0.10128336031387875,113,0.9658119658119658,iv_filter_cp_rolling_median_v2
2021-05-18,22.409637140151673,2021-06-18,2021-06-18,31.0,31.0,0.050219183675326524,0.050219183675326524,28.0,28.0,5168.950714122688,5168.950714122688,5100.0,5100.0,WARN_NOT_BRACKET_30D,22.49454497011705,0.0849078299653776,111,0.9487179487179487,iv_filter_cp_rolling_median_v2
2021-05-19,21.701723758035588,2021-06-18,2021-06-18,30.0,30.0,0.047096481407008624,0.047096481407008624,28.0,28.0,5156.5678007450115,5156.5678007450115,5100.0,5100.0,OK,21.77853693207491,0.07681317403932297,116,0.928,iv_filter_cp_rolling_median_v2
2021-05-20,21.47500675098773,2021-06-18,2021-07-16,29.0,57.0,0.046279397311544915,0.04389489054873129,28.0,20.0,5174.892765967567,5159.315063821387,5100.0,5100.0,OK,21.549621537695955,0.0746147867082243,110,0.9401709401709402,iv_filter_cp_rolling_median_v2
2021-05-21,20.6604412112164,2021-06-18,2021-07-16,28.0,56.0,0.04289528645375627,0.04132101133218096,28.0,20.0,5113.023868871941,5096.162693790022,5100.0,5000.0,OK,20.725350540505698,0.06490932928929638,112,0.9739130434782609,iv_filter_cp_rolling_median_v2
2021-05-24,20.896693206480787,2021-06-18,2021-07-16,25.0,53.0,0.04429639196550337,0.04230190462249475,28.0,20.0,5137.288671544069,5104.616318836853,5100.0,5100.0,OK,20.84615284623792,0.050540360242866456,137,0.9013157894736842,iv_filter_cp_rolling_median_v2
2021-05-25,22.949296091456837,2021-06-18,2021-07-16,24.0,52.0,0.05574727211646171,0.04745428325112217,28.0,20.0,5319.371958403735,5286.706141173149,5300.0,5200.0,OK,23.01128406669502,0.061987975238182,140,0.9090909090909091,iv_filter_cp_rolling_median_v2
2021-05-26,22.967409746688286,2021-06-18,2021-07-16,23.0,51.0,0.05597797708914497,0.048383186402279635,29.0,21.0,5318.055285040489,5291.943142039734,5300.0,5200.0,OK,23.0304403144366,0.06303056774831362,150,0.9803921568627451,iv_filter_cp_rolling_median_v2
2021-05-27,23.569241317018395,2021-06-18,2021-07-16,22.0,50.0,0.05952999566661901,0.05117392338128695,29.0,21.0,5337.8540242186045,5310.835961107721,5300.0,5300.0,OK,23.658043722046944,0.08880240502854875,144,0.9536423841059603,iv_filter_cp_rolling_median_v2
2021-05-28,23.38275615274073,2021-06-18,2021-07-16,21.0,49.0,0.058315024802695604,0.05138226999728198,29.0,21.0,5316.6228251012435,5289.007913452103,5300.0,5200.0,OK,23.44724813686005,0.06449198411932144,143,0.9407894736842105,iv_filter_cp_rolling_median_v2
2021-05-31,23.981680667822292,2021-06-18,2021-07-16,18.0,46.0,0.0654233501353869,0.05338449239835923,29.0,21.0,5327.03380813513,5299.042600801163,5300.0,5200.0,OK,24.05457402591686,0.07289335809456787,139,0.9205298013245033,iv_filter_cp_rolling_median_v2
2021-06-01,23.970680952786083,2021-06-18,2021-07-16,17.0,45.0,0.06670505311292294,0.053429178230404474,29.0,21.0,5329.8303984819695,5299.733411669227,5300.0,5200.0,OK,24.01101310243465,0.040332149648566684,142,0.9342105263157895,iv_filter_cp_rolling_median_v2
2021-06-02,22.356384545065016,2021-06-18,2021-07-16,16.0,44.0,0.054194630803286105,0.048448488334280754,29.0,21.0,5284.184978968399,5255.470617341564,5200.0,5200.0,OK,22.39722863599264,0.04084409092762442,140,0.9333333333333333,iv_filter_cp_rolling_median_v2
2021-06-03,21.24084093848245,2021-06-18,2021-07-16,15.0,43.0,0.04664573991326265,0.04465525568049982,29.0,21.0,5237.670638978355,5210.15153910279,5200.0,5200.0,OK,21.282282563111306,0.04144162462885603,144,0.9536423841059603,iv_filter_cp_rolling_median_v2
2021-06-04,21.161848545750626,2021-06-18,2021-07-16,14.0,42.0,0.04617341341808664,0.04443462587963931,29.0,21.0,5274.379273148101,5243.51954024927,5200.0,5200.0,OK,21.17076099317361,0.008912447422982694,149,0.9490445859872612,iv_filter_cp_rolling_median_v2
2021-06-07,22.04381705055859,2021-06-18,2021-07-16,11.0,39.0,0.05564698268993021,0.047650550346843054,29.0,21.0,5270.612985913761,5237.094772084548,5200.0,5200.0,OK,22.05724564895977,0.01342859840118038,125,0.8802816901408451,iv_filter_cp_rolling_median_v2
2021-06-08,22.150768345461124,2021-06-18,2021-07-16,10.0,38.0,0.05833762490608661,0.04808965687399054,29.0,21.0,5222.814387723619,5192.531259296303,5200.0,5100.0,OK,22.19629451527133,0.04552616981020563,145,0.9539473684210527,iv_filter_cp_rolling_median_v2
2021-06-09,21.723048319417686,2021-06-18,2021-07-16,9.0,37.0,0.054731077621204896,0.0465775697374975,28.0,21.0,5232.9845232277585,5199.96478621879,5200.0,5100.0,OK,21.75769194987153,0.03464363045384289,136,0.9444444444444444,iv_filter_cp_rolling_median_v2
2021-06-10,20.872643824219754,2021-06-18,2021-07-16,8.0,36.0,0.043415795867825666,0.04357587330330107,28.0,21.0,5263.080369402928,5232.877292601005,5200.0,5200.0,OK,20.87541458956261,0.0027707653428556966,146,0.9358974358974359,iv_filter_cp_rolling_median_v2
2021-06-11,20.767249914204896,2021-06-18,2021-07-16,7.0,35.0,0.04276278198947376,0.043143740156879565,28.0,21.0,5217.756081402405,5190.7789076481895,5200.0,5100.0,OK,20.814533277971208,0.04728336376631148,141,0.9337748344370861,iv_filter_cp_rolling_median_v2
2021-06-15,20.37800957619439,2021-07-16,2021-07-16,31.0,31.0,0.04152632742874704,0.04152632742874704,21.0,21.0,5130.828353538581,5130.828353538581,5100.0,5100.0,WARN_NOT_BRACKET_30D,20.46223075734289,0.08422118114850008,102,0.9714285714285714,iv_filter_cp_rolling_median_v2
2021-06-16,20.86708167563926,2021-07-16,2021-07-16,30.0,30.0,0.04354350976577998,0.04354350976577998,21.0,21.0,5053.260838559982,5053.260838559982,5000.0,5000.0,OK,20.9255126575602,0.058430981920942315,104,1.0,iv_filter_cp_rolling_median_v2
2021-06-17,20.014194754538924,2021-07-16,2021-08-20,29.0,64.0,0.040232261458754366,0.03735358323894683,21.0,19.0,5068.658841011044,5051.637227963528,5000.0,5000.0,OK,20.036824650475733,0.02262989593680942,101,0.9619047619047619,iv_filter_cp_rolling_median_v2
2021-06-18,19.662064606879152,2021-07-16,2021-08-20,28.0,63.0,0.03910590615472891,0.03538734203622949,21.0,19.0,5070.296537491197,5059.260443851613,5000.0,5000.0,OK,19.70959056378792,0.0475259569087676,99,0.9611650485436893,iv_filter_cp_rolling_median_v2
2021-06-21,19.802285194641478,2021-07-16,2021-08-20,25.0,60.0,0.04036749589935345,0.036326934877087394,21.0,19.0,5069.378240958688,5052.474375601608,5000.0,5000.0,OK,19.81606148887612,0.013776294234641995,142,0.9659863945578231,iv_filter_cp_rolling_median_v2
2021-06-22,19.48955609615897,2021-07-16,2021-08-20,24.0,59.0,0.0390998694562821,0.035790916737533984,21.0,19.0,5087.598003859623,5073.89069149849,5000.0,5000.0,OK,19.48270521962093,0.006850876538042172,135,0.9642857142857143,iv_filter_cp_rolling_median_v2
2021-06-23,18.674190238121074,2021-07-16,2021-08-20,23.0,58.0,0.03575321816567154,0.03347559731898733,21.0,19.0,5118.453560461833,5104.952179172698,5100.0,5100.0,OK,18.67239550435224,0.001794733768832657,140,0.9655172413793104,iv_filter_cp_rolling_median_v2
2021-06-24,18.55071728834731,2021-07-16,2021-08-20,22.0,57.0,0.035424404766666306,0.03309530771793843,21.0,19.0,5133.9360795761895,5120.440669237262,5100.0,5100.0,OK,18.476418870444043,0.07429841790326819,136,0.9714285714285714,iv_filter_cp_rolling_median_v2
2021-06-25,18.581597390416608,2021-07-16,2021-08-20,21.0,56.0,0.03526404713407597,0.03372973260048794,21.0,19.0,5222.7697075688275,5213.276974052173,5200.0,5200.0,OK,18.588108338852127,0.006510948435519026,134,0.9370629370629371,iv_filter_cp_rolling_median_v2
2021-06-28,19.026959673004065,2021-07-16,2021-08-20,18.0,53.0,0.039511679615769006,0.03404844347621783,21.0,19.0,5224.033652947587,5214.852204669816,5200.0,5200.0,OK,19.037643931249185,0.010684258245120759,130,0.9774436090225563,iv_filter_cp_rolling_median_v2
2021-06-29,18.679973645056762,2021-07-16,2021-08-20,17.0,52.0,0.03751500721052466,0.03344413597361742,21.0,19.0,5168.5572608980565,5163.193250012063,5100.0,5100.0,OK,18.68862230696425,0.008648661907486144,136,0.9714285714285714,iv_filter_cp_rolling_median_v2
2021-06-30,19.163670588476872,2021-07-16,2021-08-20,16.0,51.0,0.0407946350331672,0.03480932916434093,21.0,19.0,5197.195623222123,5189.667046686931,5100.0,5100.0,OK,19.170103025211947,0.006432436735074987,132,0.9565217391304348,iv_filter_cp_rolling_median_v2
2021-07-01,18.88730799583658,2021-07-16,2021-08-20,15.0,50.0,0.039533339150570695,0.034128920805914634,21.0,19.0,5154.133413390173,5143.703386033861,5100.0,5100.0,OK,18.81877996720977,0.06852802862680818,130,0.9090909090909091,iv_filter_cp_rolling_median_v2
2021-07-02,18.768688211413856,2021-07-16,2021-08-20,14.0,49.0,0.0371668611464376,0.03456798334012816,21.0,19.0,5048.397054647955,5041.420126077206,5000.0,5000.0,OK,18.79819584366379,0.0295076322499348,138,0.9387755102040817,iv_filter_cp_rolling_median_v2
2021-07-05,18.13091057512538,2021-07-16,2021-08-20,11.0,46.0,0.03442940917056869,0.03255957140242015,21.0,19.0,5060.931933851854,5053.539493044747,5000.0,5000.0,OK,18.149763367490007,0.018852792364626225,137,0.9647887323943662,iv_filter_cp_rolling_median_v2
2021-07-06,17.80859678928087,2021-07-16,2021-08-20,10.0,45.0,0.0337503382093656,0.03137532425214398,21.0,19.0,5066.581870511693,5058.42382848165,5000.0,5000.0,OK,17.81085335965049,0.0022565703696209027,128,0.9014084507042254,iv_filter_cp_rolling_median_v2
2021-07-07,17.631215740168454,2021-07-16,2021-08-20,9.0,44.0,0.03483511057042219,0.030574731339983775,21.0,19.0,5123.965313472286,5115.559665873577,5100.0,5100.0,OK,17.589733641683395,0.04148209848505857,127,0.8698630136986302,iv_filter_cp_rolling_median_v2
2021-07-08,17.882675458313653,2021-07-16,2021-08-20,8.0,43.0,0.0332763484985129,0.03183638300066476,20.0,19.0,5079.023619522503,5072.081498856218,5000.0,5000.0,OK,17.82497788475918,0.057697573554474246,132,0.9295774647887324,iv_filter_cp_rolling_median_v2
2021-07-09,18.44927673189929,2021-07-16,2021-08-20,7.0,42.0,0.034772717574275976,0.03397365629030214,21.0,19.0,5053.256428553255,5046.943645988721,5000.0,5000.0,OK,18.46110937822082,0.011832646321529694,134,0.9305555555555556,iv_filter_cp_rolling_median_v2
2021-07-12,18.034253705820717,2021-08-20,2021-08-20,39.0,39.0,0.032523430672590836,0.032523430672590836,19.0,19.0,5099.335143716259,5099.335143716259,5000.0,5000.0,WARN_NOT_BRACKET_30D,18.094429225609098,0.06017551978838043,105,0.9905660377358491,iv_filter_cp_rolling_median_v2
2021-07-13,18.372973209556744,2021-08-20,2021-08-20,38.0,38.0,0.033756614455908975,0.033756614455908975,19.0,19.0,5116.733254373284,5116.733254373284,5100.0,5100.0,WARN_NOT_BRACKET_30D,18.404871132098755,0.031897922542011514,98,1.0,iv_filter_cp_rolling_median_v2
2021-07-14,18.00883440599709,2021-08-20,2021-08-20,37.0,37.0,0.03243181166626245,0.03243181166626245,19.0,19.0,5058.572944787668,5058.572944787668,5000.0,5000.0,WARN_NOT_BRACKET_30D,18.01837890790265,0.009544501905562441,96,1.0,iv_filter_cp_rolling_median_v2
2021-07-15,17.9811471196234,2021-08-20,2021-08-20,36.0,36.0,0.03233216517375409,0.03233216517375409,19.0,19.0,5133.641602783703,5133.641602783703,5100.0,5100.0,WARN_NOT_BRACKET_30D,17.998178710622547,0.017031590999145862,97,0.941747572815534,iv_filter_cp_rolling_median_v2
2021-07-16,16.973345469894536,2021-08-20,2021-08-20,35.0,35.0,0.02880944564403893,0.02880944564403893,19.0,19.0,5077.183569720415,5077.183569720415,5000.0,5000.0,WARN_NOT_BRACKET_30D,16.939634073602637,0.03371139629189912,104,0.9541284403669725,iv_filter_cp_rolling_median_v2
2021-07-19,17.46161125607421,2021-08-20,2021-08-20,32.0,32.0,0.030490786765825756,0.030490786765825756,19.0,19.0,5098.895671744502,5098.895671744502,5000.0,5000.0,WARN_NOT_BRACKET_30D,17.459043342730535,0.002567913343675343,123,0.9461538461538461,iv_filter_cp_rolling_median_v2
2021-07-20,18.04488309461107,2021-08-20,2021-08-20,31.0,31.0,0.03256178058981803,0.03256178058981803,19.0,19.0,5090.381110474792,5090.381110474792,5000.0,5000.0,WARN_NOT_BRACKET_30D,18.06895398919869,0.024070894587620018,129,0.9626865671641791,iv_filter_cp_rolling_median_v2
2021-07-21,17.81983071148691,2021-08-20,2021-08-20,30.0,30.0,0.03175463665860521,0.03175463665860521,19.0,19.0,5123.845328315798,5123.845328315798,5100.0,5100.0,OK,17.818806377732535,0.001024333754376272,134,0.9781021897810219,iv_filter_cp_rolling_median_v2
2021-07-22,17.926005550283527,2021-08-20,2021-09-17,29.0,57.0,0.031974054102984484,0.03433361993722796,19.0,24.0,5125.82369586141,5117.13077993807,5100.0,5100.0,OK,17.89165243005895,0.03435312022457637,134,0.9781021897810219,iv_filter_cp_rolling_median_v2
2021-07-23,17.292255756261156,2021-08-20,2021-09-17,28.0,56.0,0.029364882748621972,0.03339484398891752,19.0,24.0,5075.881131947279,5067.848600339211,5000.0,5000.0,OK,17.27749721608866,0.014758540172497447,131,0.9632352941176471,iv_filter_cp_rolling_median_v2
2021-07-26,20.08211762106568,2021-08-20,2021-09-17,25.0,53.0,0.03936161152275297,0.04242850950455718,19.0,24.0,4898.609701476258,4881.986766556789,4850.0,4850.0,OK,20.13085778910942,0.048740168043739374,138,0.971830985915493,iv_filter_cp_rolling_median_v2
2021-07-27,22.161322556498156,2021-08-20,2021-09-17,24.0,52.0,0.04967373034518954,0.0481625148839899,22.0,25.0,4729.941069420679,4707.715154417082,4700.0,4700.0,OK,22.210605757247546,0.04928320074938952,148,0.9426751592356688,iv_filter_cp_rolling_median_v2
2021-07-28,21.777067794327596,2021-08-20,2021-09-17,23.0,51.0,0.0487250445019,0.045663923725368254,25.0,27.0,4739.386172003916,4721.060194397539,4700.0,4700.0,OK,21.82299856097886,0.04593076665126361,174,0.9942857142857143,iv_filter_cp_rolling_median_v2
2021-07-29,20.031744435626152,2021-08-20,2021-09-17,22.0,50.0,0.0402139164069469,0.04003155683054867,25.0,27.0,4802.002846955876,4782.343226985126,4800.0,4750.0,OK,20.0913270105874,0.0595825749612473,164,0.9704142011834319,iv_filter_cp_rolling_median_v2
2021-07-30,19.868044544703235,2021-08-20,2021-09-17,21.0,49.0,0.03922330421815513,0.039700666475061895,25.0,27.0,4774.432808618558,4754.213288970963,4750.0,4750.0,OK,19.919662470249406,0.051617925546171506,163,0.9702380952380952,iv_filter_cp_rolling_median_v2
2021-08-02,19.721119922647194,2021-08-20,2021-09-17,18.0,46.0,0.040018654591209894,0.03830457145293451,25.0,27.0,4892.146781229273,4871.267342160073,4850.0,4850.0,OK,19.76895649632584,0.047836573678644356,165,0.9482758620689655,iv_filter_cp_rolling_median_v2
2021-08-03,19.172780360033165,2021-08-20,2021-09-17,17.0,45.0,0.03625855893013322,0.03697793168970634,25.0,27.0,4902.8027801107755,4881.747739103476,4900.0,4850.0,OK,19.229546982653385,0.05676662262021992,162,0.9585798816568047,iv_filter_cp_rolling_median_v2
2021-08-04,19.21712522764609,2021-08-20,2021-09-17,16.0,44.0,0.03695482653690746,0.03692068607953798,25.0,27.0,4924.021705809548,4902.9073308069255,4900.0,4900.0,OK,19.283202237477703,0.0660770098316128,159,0.9695121951219512,iv_filter_cp_rolling_median_v2
2021-08-05,19.244276900346197,2021-08-20,2021-09-17,15.0,43.0,0.03729715477339332,0.0369547272344697,25.0,27.0,4897.214113887145,4875.3769040245315,4850.0,4850.0,OK,19.310204361142645,0.0659274607964484,146,0.948051948051948,iv_filter_cp_rolling_median_v2
2021-08-06,19.043551260759976,2021-08-20,2021-09-17,14.0,42.0,0.03453420259286862,0.036698554929431935,25.0,27.0,4889.509991379094,4866.135160927098,4850.0,4850.0,OK,19.127801320947725,0.08425006018774894,147,0.930379746835443,iv_filter_cp_rolling_median_v2
2021-08-09,19.055571183770482,2021-08-20,2021-09-17,11.0,39.0,0.03712265913259864,0.03620310306290313,25.0,27.0,4945.59767548457,4921.613170131148,4900.0,4900.0,OK,19.13375159693009,0.07818041315960755,150,0.9090909090909091,iv_filter_cp_rolling_median_v2
2021-08-10,19.257243512391767,2021-08-20,2021-09-17,10.0,38.0,0.03896440443107719,0.03688622048939529,25.0,27.0,5011.6948510508255,4986.296801300733,5000.0,4950.0,OK,19.318326358201524,0.0610828458097572,154,0.9058823529411765,iv_filter_cp_rolling_median_v2
2021-08-11,18.914925553923492,2021-08-20,2021-09-17,9.0,37.0,0.03734852158637421,0.0356500559481824,25.0,27.0,4974.763469890259,4949.234577315549,4950.0,4900.0,OK,19.008008031553786,0.09308247763029343,153,0.9444444444444444,iv_filter_cp_rolling_median_v2
2021-08-12,18.89176583949285,2021-08-20,2021-09-17,8.0,36.0,0.03642839980978818,0.035645122977279564,25.0,27.0,4949.001461389085,4920.635694030289,4900.0,4900.0,OK,18.98951516965109,0.09774933015823706,152,0.95,iv_filter_cp_rolling_median_v2
2021-08-13,18.81554900302546,2021-08-20,2021-09-17,7.0,35.0,0.034507837034457874,0.035441386315223825,25.0,27.0,4932.167701684651,4903.743651038389,4900.0,4900.0,OK,18.894912918270457,0.07936391524499697,153,0.95625,iv_filter_cp_rolling_median_v2
2021-08-16,19.378253852970378,2021-09-17,2021-09-17,32.0,32.0,0.03755167223901613,0.03755167223901613,27.0,27.0,4905.933069220374,4905.933069220374,4900.0,4900.0,WARN_NOT_BRACKET_30D,19.457260496586407,0.07900664361602949,109,0.9819819819819819,iv_filter_cp_rolling_median_v2
2021-08-17,20.235654207568956,2021-09-17,2021-09-17,31.0,31.0,0.040948170120830324,0.040948170120830324,27.0,27.0,4805.798498082303,4805.798498082303,4800.0,4800.0,WARN_NOT_BRACKET_30D,20.33740868680939,0.10175447924043368,108,0.9152542372881356,iv_filter_cp_rolling_median_v2
2021-08-18,19.185150441564968,2021-09-17,2021-09-17,30.0,30.0,0.03680699974654805,0.03680699974654805,27.0,27.0,4857.16900606332,4857.16900606332,4850.0,4850.0,OK,19.294778572717423,0.10962813115245496,109,0.9478260869565217,iv_filter_cp_rolling_median_v2
2021-08-19,19.922290893662357,2021-09-17,2021-10-15,29.0,57.0,0.040213919689477066,0.03248957082600757,27.0,23.0,4813.624840142373,4804.488536838633,4800.0,4800.0,OK,20.01243064368244,0.09013975002008223,115,0.9745762711864406,iv_filter_cp_rolling_median_v2
2021-08-20,21.182058928101156,2021-09-17,2021-10-15,28.0,56.0,0.046131107857340176,0.036657514252451284,27.0,23.0,4726.917844999363,4710.843954815693,4700.0,4700.0,OK,21.27688220027497,0.09482327217381226,119,0.952,iv_filter_cp_rolling_median_v2
2021-08-23,20.154937790029,2021-09-17,2021-10-15,25.0,53.0,0.04292258100301662,0.03563065425713329,27.0,23.0,4791.121100508186,4774.482347783638,4750.0,4750.0,OK,20.234937802264287,0.08000001223528841,160,0.9815950920245399,iv_filter_cp_rolling_median_v2
2021-08-24,18.945631619612275,2021-09-17,2021-10-15,24.0,52.0,0.037598240849719695,0.033009080956719235,27.0,23.0,4853.605452058548,4838.72812557813,4850.0,4800.0,OK,19.006803906792182,0.061172287179907414,149,0.9490445859872612,iv_filter_cp_rolling_median_v2
2021-08-25,18.93601971840603,2021-09-17,2021-10-15,23.0,51.0,0.038131252466654,0.032780739080612124,27.0,23.0,4852.002919268873,4830.47479141673,4850.0,4800.0,OK,18.99086889396015,0.05484917555412139,138,0.9583333333333334,iv_filter_cp_rolling_median_v2
2021-08-26,19.786766182188074,2021-09-17,2021-10-15,22.0,50.0,0.04303062473714805,0.03488469713833929,27.0,23.0,4773.750270566022,4757.0743443639885,4750.0,4750.0,OK,19.80561893623477,0.018852754046694287,144,0.9290322580645162,iv_filter_cp_rolling_median_v2
2021-08-27,19.38790143418404,2021-09-17,2021-10-15,21.0,49.0,0.041670948927900124,0.03389594564078286,27.0,23.0,4798.152401004747,4783.87891479767,4750.0,4750.0,OK,19.415597205724303,0.02769577154026237,139,0.9266666666666666,iv_filter_cp_rolling_median_v2
2021-08-30,19.882206236172003,2021-09-17,2021-10-15,18.0,46.0,0.046769818797353584,0.035753026577983744,27.0,23.0,4776.346625907297,4760.206442475364,4750.0,4750.0,OK,19.92501893957381,0.04281270340180754,149,0.9802631578947368,iv_filter_cp_rolling_median_v2
2021-08-31,19.588394270086514,2021-09-17,2021-10-15,17.0,45.0,0.04506343737192812,0.03545309305454432,27.0,23.0,4774.506364833621,4755.519756459874,4750.0,4750.0,OK,19.60463506441852,0.016240794332006203,148,0.925,iv_filter_cp_rolling_median_v2
2021-09-01,19.544742987939514,2021-09-17,2021-10-15,16.0,44.0,0.04465064965823484,0.035853897187634265,27.0,23.0,4857.705233772901,4841.414587360136,4850.0,4800.0,OK,19.585314120468123,0.040571132528608445,154,0.9506172839506173,iv_filter_cp_rolling_median_v2
2021-09-02,19.967561600660847,2021-09-17,2021-10-15,15.0,43.0,0.04786280172973818,0.037454029503721925,27.0,23.0,4856.869998648872,4842.955615502362,4850.0,4800.0,OK,20.016985286196,0.049423685535153083,148,0.9673202614379085,iv_filter_cp_rolling_median_v2
2021-09-03,19.572215889269717,2021-09-17,2021-10-15,14.0,42.0,0.045194500873742285,0.03658532913358717,27.0,23.0,4837.043069877053,4824.70280230077,4800.0,4800.0,OK,19.64318801996545,0.07097213069573272,151,0.967948717948718,iv_filter_cp_rolling_median_v2
2021-09-06,19.51059654913961,2021-09-17,2021-10-15,11.0,39.0,0.046624998139997875,0.03692287302458472,27.0,23.0,4915.216132043595,4896.791170122714,4900.0,4850.0,OK,19.54086911727804,0.030272568138428824,148,0.9367088607594937,iv_filter_cp_rolling_median_v2
2021-09-07,19.660565426624085,2021-09-17,2021-10-15,10.0,38.0,0.050147318592025925,0.03744393746813354,27.0,23.0,4985.917440714909,4969.126226071358,4950.0,4950.0,OK,19.681601534557704,0.021036107933618098,149,0.93125,iv_filter_cp_rolling_median_v2
2021-09-08,19.84186699622036,2021-09-17,2021-10-15,9.0,37.0,0.04860569640762251,0.03862112579351157,27.0,23.0,4957.977196963901,4942.422417639835,4950.0,4900.0,OK,19.88096972430558,0.03910272808521853,153,0.9503105590062112,iv_filter_cp_rolling_median_v2
2021-09-09,19.950684280312423,2021-09-17,2021-10-15,8.0,36.0,0.04804921743656281,0.03930320837913159,27.0,23.0,4957.2705622835065,4942.654602317067,4950.0,4900.0,OK,19.999376576320728,0.048692296008304936,146,0.948051948051948,iv_filter_cp_rolling_median_v2
2021-09-10,19.842499633548194,2021-09-17,2021-10-15,7.0,35.0,0.045202367796456096,0.03911900575222645,27.0,23.0,5015.564877867586,5001.6947634572925,5000.0,5000.0,OK,19.85386362654549,0.01136399299729618,153,0.9329268292682927,iv_filter_cp_rolling_median_v2
2021-09-13,19.620249099624335,2021-10-15,2021-10-15,32.0,32.0,0.038495417473130955,0.038495417473130955,23.0,23.0,4966.599134161335,4966.599134161335,4950.0,4950.0,WARN_NOT_BRACKET_30D,19.65175787266861,0.03150877304427624,108,0.9818181818181818,iv_filter_cp_rolling_median_v2
2021-09-14,18.858848446517456,2021-10-15,2021-10-15,31.0,31.0,0.03556561647287139,0.03556561647287139,23.0,23.0,4900.695642725063,4900.695642725063,4900.0,4900.0,WARN_NOT_BRACKET_30D,18.87680808451561,0.017959637998153255,109,0.9646017699115044,iv_filter_cp_rolling_median_v2
2021-09-15,19.25156068733416,2021-10-15,2021-10-15,30.0,30.0,0.03706225888981101,0.03706225888981101,23.0,23.0,4856.183622699243,4856.183622699243,4850.0,4850.0,OK,19.28614995564443,0.03458926831027043,109,0.9819819819819819,iv_filter_cp_rolling_median_v2
2021-09-16,20.370704248149394,2021-10-15,2021-11-19,29.0,64.0,0.04154573022329338,0.040739017409652675,23.0,22.0,4805.852047059455,4798.831340220029,4800.0,4750.0,OK,20.40761837942605,0.03691413127665655,106,0.9636363636363636,iv_filter_cp_rolling_median_v2
2021-09-17,18.85630141740518,2021-10-15,2021-11-19,28.0,63.0,0.035108024296364435,0.038841241113357974,23.0,22.0,4853.4257096842475,4846.1860316934135,4850.0,4800.0,OK,18.88370202874322,0.02740061133803806,113,0.9741379310344828,iv_filter_cp_rolling_median_v2
2021-09-22,20.588615389529373,2021-10-15,2021-11-19,23.0,58.0,0.041998062616599496,0.043009387830040206,23.0,22.0,4815.623482192776,4807.528623118021,4800.0,4800.0,OK,20.622879607385368,0.03426421785599487,157,0.9874213836477987,iv_filter_cp_rolling_median_v2
2021-09-23,19.807735098359633,2021-10-15,2021-11-19,22.0,57.0,0.03735580694025791,0.04168206030438498,23.0,22.0,4841.50358814713,4828.52550777885,4800.0,4800.0,OK,19.82621130150288,0.018476203143247716,150,0.9868421052631579,iv_filter_cp_rolling_median_v2
2021-09-24,19.040729669745822,2021-10-15,2021-11-19,21.0,56.0,0.03373389389264414,0.03898607044053943,23.0,22.0,4856.939306347999,4841.860162301861,4850.0,4800.0,OK,19.0509513633432,0.010221693597376458,151,0.967948717948718,iv_filter_cp_rolling_median_v2
2021-09-27,19.622899419800028,2021-10-15,2021-11-19,18.0,53.0,0.03589537248980457,0.04020507053675737,23.0,22.0,4888.617993749081,4875.801741514719,4850.0,4850.0,OK,19.631178541351925,0.008279121551897362,150,0.974025974025974,iv_filter_cp_rolling_median_v2
2021-09-28,19.56138286260675,2021-10-15,2021-11-19,17.0,52.0,0.03613390298607624,0.039443681553910384,23.0,22.0,4879.294162677113,4870.269841119325,4850.0,4850.0,OK,19.561207304527816,0.00017555807893288033,145,0.9666666666666667,iv_filter_cp_rolling_median_v2
2021-09-29,20.366435895006035,2021-10-15,2021-11-19,16.0,51.0,0.038607560338611735,0.04283051735026952,23.0,22.0,4852.738190951192,4841.37071606334,4850.0,4800.0,OK,20.37374342203216,0.007307527026124916,145,0.9666666666666667,iv_filter_cp_rolling_median_v2
2021-09-30,20.103334616216546,2021-10-15,2021-11-19,15.0,50.0,0.038375573777032,0.041229939266007064,23.0,22.0,4857.8094195752665,4847.769876115446,4850.0,4800.0,OK,20.127394624917848,0.024060008701301427,146,0.954248366013072,iv_filter_cp_rolling_median_v2
2021-10-08,19.063125919478395,2021-10-15,2021-11-19,7.0,42.0,0.037043139097179836,0.036279158537407076,23.0,22.0,4933.024354083274,4926.085359073616,4900.0,4900.0,OK,19.087616989097363,0.024491069618967742,145,0.9235668789808917,iv_filter_cp_rolling_median_v2
2021-10-11,18.50968974652653,2021-11-19,2021-11-19,39.0,39.0,0.03426086145126693,0.03426086145126693,22.0,22.0,4924.535473540219,4924.535473540219,4900.0,4900.0,WARN_NOT_BRACKET_30D,18.521118065544044,0.011428319017515065,107,0.9469026548672567,iv_filter_cp_rolling_median_v2
2021-10-12,18.31662915758183,2021-11-19,2021-11-19,38.0,38.0,0.03354989036963769,0.03354989036963769,22.0,22.0,4870.823578280198,4870.823578280198,4850.0,4850.0,WARN_NOT_BRACKET_30D,18.331880586291923,0.015251428710094217,112,0.9491525423728814,iv_filter_cp_rolling_median_v2
2021-10-13,18.014457153886507,2021-11-19,2021-11-19,37.0,37.0,0.03245206665492127,0.03245206665492127,22.0,22.0,4926.665777711182,4926.665777711182,4900.0,4900.0,WARN_NOT_BRACKET_30D,18.02105122790368,0.006594074017172602,114,0.9743589743589743,iv_filter_cp_rolling_median_v2
2021-10-14,17.61718797199232,2021-11-19,2021-11-19,36.0,36.0,0.03103653120405108,0.03103653120405108,22.0,22.0,4905.412612892407,4905.412612892407,4900.0,4900.0,WARN_NOT_BRACKET_30D,17.63334954550888,0.016161573516562555,108,0.9642857142857143,iv_filter_cp_rolling_median_v2
2021-10-15,17.462588164343824,2021-11-19,2021-11-19,35.0,35.0,0.0304941985397481,0.0304941985397481,22.0,22.0,4935.406571160946,4935.406571160946,4900.0,4900.0,WARN_NOT_BRACKET_30D,17.470259596958208,0.007671432614383633,108,0.9642857142857143,iv_filter_cp_rolling_median_v2
2021-10-18,18.376315364470592,2021-11-19,2021-11-19,32.0,32.0,0.03376889663744779,0.03376889663744779,22.0,22.0,4862.329584095786,4862.329584095786,4850.0,4850.0,WARN_NOT_BRACKET_30D,18.382329451192447,0.006014086721854994,145,0.9666666666666667,iv_filter_cp_rolling_median_v2
2021-10-19,17.61777562324607,2021-11-19,2021-11-19,31.0,31.0,0.03103860179110435,0.03103860179110435,22.0,22.0,4911.049484158751,4911.049484158751,4900.0,4900.0,WARN_NOT_BRACKET_30D,17.642838917994435,0.025063294748363774,146,0.9798657718120806,iv_filter_cp_rolling_median_v2
2021-10-20,17.824434297472575,2021-11-19,2021-11-19,30.0,30.0,0.03177104580249166,0.03177104580249166,22.0,22.0,4902.794446618745,4902.794446618745,4900.0,4900.0,OK,17.86720742343816,0.042773125965585024,141,0.9657534246575342,iv_filter_cp_rolling_median_v2
2021-10-21,18.05704866488518,2021-11-19,2021-12-17,29.0,57.0,0.03237039019323468,0.03583812321971762,22.0,24.0,4921.910507654352,4918.622435992811,4900.0,4900.0,OK,18.070478135746104,0.013429470860923942,138,0.9387755102040817,iv_filter_cp_rolling_median_v2
2021-10-22,18.15090133561204,2021-11-19,2021-12-17,28.0,56.0,0.03244168045136591,0.03622049153746382,22.0,24.0,4962.393356133854,4957.6280097158615,4950.0,4950.0,OK,18.19127911751959,0.04037778190754793,149,0.9867549668874173,iv_filter_cp_rolling_median_v2
2021-10-25,18.957049487630616,2021-11-19,2021-12-17,25.0,53.0,0.035314182302380606,0.037288309808887386,22.0,24.0,4976.885766506565,4973.811708122466,4950.0,4950.0,OK,19.0141506236512,0.05710113602058442,144,0.9664429530201343,iv_filter_cp_rolling_median_v2
2021-10-26,18.77205156118402,2021-11-19,2021-12-17,24.0,52.0,0.03436292688122533,0.036721563689859474,22.0,24.0,4955.412429808436,4953.408820015795,4950.0,4950.0,OK,18.830328208405813,0.05827664722179193,146,0.9798657718120806,iv_filter_cp_rolling_median_v2
2021-10-27,18.717736696952457,2021-11-19,2021-12-17,23.0,51.0,0.03389802405364526,0.03657412441128948,22.0,24.0,4888.864836585844,4884.2563047725735,4850.0,4850.0,OK,18.76484102903019,0.047104332077733346,147,0.9735099337748344,iv_filter_cp_rolling_median_v2
2021-10-28,18.8110268536656,2021-11-19,2021-12-17,22.0,50.0,0.03433342610480086,0.036542724855478007,22.0,24.0,4875.76469730556,4871.183521581706,4850.0,4850.0,OK,18.867493065416102,0.0564662117505037,143,0.9470198675496688,iv_filter_cp_rolling_median_v2
2021-10-29,18.255442509908047,2021-11-19,2021-12-17,21.0,49.0,0.031880806802831264,0.03463378074649699,22.0,24.0,4907.633185196576,4903.799500007735,4900.0,4900.0,OK,18.296161367949345,0.04071885804129849,141,0.9657534246575342,iv_filter_cp_rolling_median_v2
2021-11-01,18.763368624901794,2021-11-19,2021-12-17,18.0,46.0,0.03465961121197787,0.035491681434568996,22.0,24.0,4893.019310010306,4893.154862309915,4850.0,4850.0,OK,18.82823959833626,0.06487097343446635,139,0.952054794520548,iv_filter_cp_rolling_median_v2
2021-11-02,19.628523440752904,2021-11-19,2021-12-17,17.0,45.0,0.039899173964681664,0.03793015549743217,22.0,24.0,4835.962669647898,4834.966397297852,4800.0,4800.0,OK,19.67369401162571,0.04517057087280563,146,0.9668874172185431,iv_filter_cp_rolling_median_v2
2021-11-03,19.777414950926076,2021-11-19,2021-12-17,16.0,44.0,0.04108591537203651,0.038397777429411396,22.0,24.0,4818.368070013692,4820.86441987837,4800.0,4800.0,OK,19.828936798423467,0.05152184749739064,138,0.9452054794520548,iv_filter_cp_rolling_median_v2
2021-11-04,18.66481675755355,2021-11-19,2021-12-17,15.0,43.0,0.033300524650708666,0.035302217052601795,22.0,24.0,4865.013331391582,4863.872703728026,4850.0,4850.0,OK,18.729754762947668,0.06493800539411865,142,0.9659863945578231,iv_filter_cp_rolling_median_v2
2021-11-05,18.42501580322267,2021-11-19,2021-12-17,14.0,42.0,0.03251586376942441,0.03430618497626953,22.0,24.0,4852.699989596616,4852.616920156004,4850.0,4850.0,OK,18.48679273497868,0.061776931756007514,138,0.9387755102040817,iv_filter_cp_rolling_median_v2
2021-11-08,18.82075058694065,2021-11-19,2021-12-17,11.0,39.0,0.03734645178585593,0.03516496099364336,22.0,24.0,4846.084153202877,4848.2813506773045,4800.0,4800.0,OK,18.89529836853648,0.07454778159582887,140,0.9271523178807947,iv_filter_cp_rolling_median_v2
2021-11-09,18.649819958288724,2021-11-19,2021-12-17,10.0,38.0,0.03588117947416685,0.03466583097118387,22.0,24.0,4841.71579573729,4843.362264193966,4800.0,4800.0,OK,18.726630669130863,0.07681071084213897,143,0.959731543624161,iv_filter_cp_rolling_median_v2
2021-11-10,18.746409253882707,2021-11-19,2021-12-17,9.0,37.0,0.03610205249829444,0.035065007625982525,22.0,24.0,4810.733511468673,4810.6674008019,4800.0,4800.0,OK,18.83007912976269,0.08366987587998409,140,0.9210526315789473,iv_filter_cp_rolling_median_v2
2021-11-11,18.285036079395976,2021-11-19,2021-12-17,8.0,36.0,0.0312403832298015,0.03356721633415881,22.0,24.0,4897.546000555483,4895.281353053743,4850.0,4850.0,OK,18.383008619436417,0.0979725400404412,140,0.9150326797385621,iv_filter_cp_rolling_median_v2
2021-11-12,18.041667021779205,2021-11-19,2021-12-17,7.0,35.0,0.027498268537321808,0.03276982299487353,22.0,24.0,4894.1570438793315,4894.299186812902,4850.0,4850.0,OK,18.16017744236441,0.11851042058520633,144,0.9795918367346939,iv_filter_cp_rolling_median_v2
2021-11-15,18.558890081971214,2021-12-17,2021-12-17,32.0,32.0,0.03444324010746895,0.03444324010746895,24.0,24.0,4892.694938203856,4892.694938203856,4850.0,4850.0,WARN_NOT_BRACKET_30D,18.638020964920138,0.0791308829489239,100,0.9523809523809523,iv_filter_cp_rolling_median_v2
2021-11-16,18.172237654053628,2021-12-17,2021-12-17,31.0,31.0,0.03302302213554045,0.03302302213554045,24.0,24.0,4884.168328785336,4884.168328785336,4850.0,4850.0,WARN_NOT_BRACKET_30D,18.2745960836632,0.10235842960957342,106,0.9298245614035088,iv_filter_cp_rolling_median_v2
2021-11-17,18.028515599942573,2021-12-17,2021-12-17,30.0,30.0,0.032502737473737275,0.032502737473737275,24.0,24.0,4884.07519174185,4884.07519174185,4850.0,4850.0,OK,18.125568197685624,0.0970525977430512,99,0.9428571428571428,iv_filter_cp_rolling_median_v2
2021-11-18,17.555012178682848,2021-12-17,2022-01-21,29.0,64.0,0.030942831463991932,0.02889227654441841,24.0,20.0,4833.054418582482,4834.960708688301,4800.0,4800.0,OK,17.6053193733518,0.05030719466895306,103,0.9716981132075472,iv_filter_cp_rolling_median_v2
2021-11-19,17.104763883618375,2021-12-17,2022-01-21,28.0,63.0,0.029582802096360262,0.026870240888637608,24.0,20.0,4898.277070962384,4896.861762847331,4850.0,4850.0,OK,17.21146007798144,0.10669619436306377,106,0.9464285714285714,iv_filter_cp_rolling_median_v2
2021-11-22,17.104121435844128,2021-12-17,2022-01-21,25.0,60.0,0.030316728034146596,0.026601019446869427,24.0,20.0,4907.812564903974,4909.219169553628,4900.0,4900.0,OK,17.163529840717125,0.05940840487299681,134,0.9640287769784173,iv_filter_cp_rolling_median_v2
2021-11-23,16.946753451434038,2021-12-17,2022-01-21,24.0,59.0,0.029925335153848643,0.026347949858782343,24.0,20.0,4909.121828689083,4906.625808160075,4900.0,4900.0,OK,17.019710951493323,0.07295750005928525,139,0.9928571428571429,iv_filter_cp_rolling_median_v2
2021-11-25,15.808575728072094,2021-12-17,2022-01-21,22.0,57.0,0.025953072622729695,0.023738019407606406,24.0,20.0,4898.766460388045,4900.27838447669,4850.0,4900.0,OK,15.925229006716563,0.11665327864446873,132,0.9705882352941176,iv_filter_cp_rolling_median_v2
2021-11-26,15.674114954172271,2021-12-17,2022-01-21,21.0,56.0,0.025664329848186965,0.023379867580423878,24.0,20.0,4856.960396947228,4858.230383901561,4850.0,4850.0,OK,15.750585180414769,0.07647022624249722,134,0.9925925925925926,iv_filter_cp_rolling_median_v2
2021-11-29,16.351717611695626,2021-12-17,2022-01-21,18.0,53.0,0.02884867710673981,0.025363848910906598,24.0,20.0,4851.154170801666,4851.077398642714,4850.0,4850.0,OK,16.403162057577152,0.051444445881525525,131,0.9632352941176471,iv_filter_cp_rolling_median_v2
2021-11-30,16.17017655274278,2021-12-17,2022-01-21,17.0,52.0,0.028690147942047307,0.02474070812588151,24.0,20.0,4835.585480011889,4836.75467889835,4800.0,4800.0,OK,16.24704897370625,0.07687242096346836,132,0.9635036496350365,iv_filter_cp_rolling_median_v2
2021-12-01,15.69038894988756,2021-12-17,2022-01-21,16.0,51.0,0.025969709589270418,0.023983122751924747,24.0,20.0,4848.382837765088,4850.0,4800.0,4850.0,OK,15.744818270240104,0.05442932035254522,131,0.9703703703703703,iv_filter_cp_rolling_median_v2
2021-12-02,15.262422035712683,2021-12-17,2022-01-21,15.0,50.0,0.024012919136686364,0.023006646040794585,24.0,20.0,4860.308936156062,4858.533524555073,4850.0,4850.0,OK,15.336267779897032,0.0738457441843483,139,0.9652777777777778,iv_filter_cp_rolling_median_v2
2021-12-03,14.869188386842094,2021-12-17,2022-01-21,14.0,49.0,0.022277093537753877,0.022052338346574548,24.0,20.0,4902.464351005938,4895.876011750468,4900.0,4850.0,OK,14.936595603656432,0.06740721681433826,134,0.9370629370629371,iv_filter_cp_rolling_median_v2
2021-12-06,15.078850474718672,2021-12-17,2022-01-21,11.0,46.0,0.024576017141613605,0.02236687963977457,24.0,20.0,4898.878067349175,4894.517113966982,4850.0,4850.0,OK,15.123711844927849,0.04486137020917624,140,0.9333333333333333,iv_filter_cp_rolling_median_v2
2021-12-07,15.34344229915009,2021-12-17,2022-01-21,10.0,45.0,0.024398638596241366,0.0233993694191504,24.0,20.0,4924.814697018528,4921.2442722609,4900.0,4900.0,OK,15.42127182590626,0.07782952675617061,129,0.9148936170212766,iv_filter_cp_rolling_median_v2
2021-12-08,16.667783585091485,2021-12-17,2022-01-21,9.0,44.0,0.0332927832252385,0.027029962473768057,24.0,20.0,5005.104390983074,5005.316403206969,5000.0,5000.0,OK,16.72811944192546,0.060335856833976464,132,0.8859060402684564,iv_filter_cp_rolling_median_v2
2021-12-09,16.731392102737395,2021-12-17,2022-01-21,8.0,43.0,0.033265965481047544,0.027414360642709402,24.0,20.0,5088.94203383366,5092.980278073271,5000.0,5000.0,OK,16.804683556077986,0.07329145334059106,143,0.9470198675496688,iv_filter_cp_rolling_median_v2
2021-12-10,16.559731792220237,2021-12-17,2022-01-21,7.0,42.0,0.02886862590984076,0.027296719163304013,24.0,21.0,5074.645121071647,5073.912153415135,5000.0,5000.0,OK,16.60107644405134,0.04134465183110336,133,0.9236111111111112,iv_filter_cp_rolling_median_v2
2021-12-13,16.988739303608014,2022-01-21,2022-01-21,39.0,39.0,0.02886172631259557,0.02886172631259557,21.0,21.0,5085.162262390595,5085.162262390595,5000.0,5000.0,WARN_NOT_BRACKET_30D,17.05840123854903,0.06966193494101702,102,0.9622641509433962,iv_filter_cp_rolling_median_v2
2021-12-14,16.4995314531901,2022-01-21,2022-01-21,38.0,38.0,0.027223453817480953,0.027223453817480953,21.0,21.0,5065.740998618528,5065.740998618528,5000.0,5000.0,WARN_NOT_BRACKET_30D,16.560275307696593,0.06074385450649089,100,0.9803921568627451,iv_filter_cp_rolling_median_v2
2021-12-15,16.07492821090766,2022-01-21,2022-01-21,37.0,37.0,0.025840331698583498,0.025840331698583498,21.0,21.0,5021.298308643443,5021.298308643443,5000.0,5000.0,WARN_NOT_BRACKET_30D,16.120200704674563,0.04527249376690179,91,0.9680851063829787,iv_filter_cp_rolling_median_v2
2021-12-16,15.948519458672958,2022-01-21,2022-01-21,36.0,36.0,0.025435527292366995,0.025435527292366995,21.0,21.0,5053.691491370861,5053.691491370861,5000.0,5000.0,WARN_NOT_BRACKET_30D,16.045681237872707,0.09716177919974811,94,0.8867924528301887,iv_filter_cp_rolling_median_v2
2021-12-17,16.150882191203205,2022-01-21,2022-01-21,35.0,35.0,0.026085099555412484,0.026085099555412484,21.0,21.0,4980.398434622218,4980.398434622218,4950.0,4950.0,WARN_NOT_BRACKET_30D,16.22519698561412,0.07431479441091327,101,0.9805825242718447,iv_filter_cp_rolling_median_v2
2021-12-20,17.09153913225586,2022-01-21,2022-01-21,32.0,32.0,0.029212070990943338,0.029212070990943338,21.0,21.0,4908.505683095249,4908.505683095249,4900.0,4900.0,WARN_NOT_BRACKET_30D,17.150905719885586,0.05936658762972513,138,0.9787234042553191,iv_filter_cp_rolling_median_v2
2021-12-21,16.183908805268562,2022-01-21,2022-01-21,31.0,31.0,0.026191890421724935,0.026191890421724935,21.0,21.0,4928.480454609329,4928.480454609329,4900.0,4900.0,WARN_NOT_BRACKET_30D,16.244373114753195,0.060464309484633105,137,0.9647887323943662,iv_filter_cp_rolling_median_v2
2021-12-22,15.97759840195699,2022-01-21,2022-01-21,30.0,30.0,0.02552836506942186,0.02552836506942186,21.0,21.0,4924.989897075068,4924.989897075068,4900.0,4900.0,OK,16.01337939850192,0.03578099654493094,140,0.9722222222222222,iv_filter_cp_rolling_median_v2
2021-12-23,15.303334715661743,2022-01-21,2022-02-18,29.0,57.0,0.02329318666121793,0.025150304061594714,21.0,21.0,4963.394870116243,4969.016643153367,4950.0,4950.0,OK,15.341464842495244,0.03813012683350081,135,0.9440559440559441,iv_filter_cp_rolling_median_v2
2021-12-24,15.457253307286337,2022-01-21,2022-02-18,28.0,56.0,0.023681678819898,0.025264097524873762,21.0,21.0,4939.440237130658,4945.771359417095,4900.0,4900.0,OK,15.498378832660082,0.041125525373745475,131,0.9849624060150376,iv_filter_cp_rolling_median_v2
2021-12-27,15.930731744036613,2022-01-21,2022-02-18,25.0,53.0,0.02480374111080078,0.026626637090293743,21.0,21.0,4946.98761221574,4947.03988699438,4900.0,4900.0,OK,15.982292574127593,0.05156083009097934,130,0.935251798561151,iv_filter_cp_rolling_median_v2
2021-12-28,16.104350123334306,2022-01-21,2022-02-18,24.0,52.0,0.025856976347904955,0.02606706503679793,21.0,21.0,4981.968279260728,4991.369899280694,4950.0,4950.0,OK,16.13362118921656,0.029271065882252145,131,0.9776119402985075,iv_filter_cp_rolling_median_v2
2021-12-29,17.29214540142988,2022-01-21,2022-02-18,23.0,51.0,0.03058956640954569,0.02897136134807171,21.0,21.0,4907.512829467151,4918.888596903486,4900.0,4900.0,OK,17.321712819863073,0.029567418433192216,136,0.9577464788732394,iv_filter_cp_rolling_median_v2
2021-12-30,,,,,,,,,,,,,,LOW_NO_CHAIN,,,0,0.0,iv_filter_cp_rolling_median_v2
2021-12-31,16.8630499554928,2022-01-21,2022-02-18,21.0,49.0,0.028054123948313674,0.02878197429465825,21.0,21.0,4949.744729473431,4958.55084501429,4900.0,4950.0,OK,16.91731596493427,0.054266009441469976,134,0.9781021897810219,iv_filter_cp_rolling_median_v2
2022-01-04,17.185910788488286,2022-01-21,2022-02-18,17.0,45.0,0.02989323994701461,0.02937963812379663,21.0,21.0,4929.062942426159,4933.006704432996,4900.0,4900.0,OK,17.238812120071337,0.0529013315830511,131,0.9225352112676056,iv_filter_cp_rolling_median_v2
2022-01-05,17.564280995303278,2022-01-21,2022-02-18,16.0,44.0,0.03344175826081828,0.029908083389062243,21.0,21.0,4879.612345715375,4883.331294928621,4850.0,4850.0,OK,17.603417810147473,0.039136814844194845,139,0.9586206896551724,iv_filter_cp_rolling_median_v2
2022-01-06,18.092404319711278,2022-01-21,2022-02-18,15.0,43.0,0.03515798829872218,0.03200052741620681,21.0,21.0,4822.618788637886,4825.3290576651725,4800.0,4800.0,OK,18.14260058967626,0.05019626996498161,138,0.9517241379310345,iv_filter_cp_rolling_median_v2
2022-01-07,17.05541555185895,2022-01-21,2022-02-18,14.0,42.0,0.02933412038218929,0.02902736986027669,21.0,21.0,4830.042094386866,4834.106026952262,4800.0,4800.0,OK,17.102493617812506,0.04707806595355635,134,0.950354609929078,iv_filter_cp_rolling_median_v2
2022-01-10,17.275188286388087,2022-01-21,2022-02-18,11.0,39.0,0.03183298546767125,0.02957737299113899,21.0,21.0,4847.522285978474,4855.800776930995,4800.0,4850.0,OK,17.330601485350332,0.0554131989622455,129,0.9485294117647058,iv_filter_cp_rolling_median_v2
2022-01-11,17.489296642126433,2022-01-21,2022-02-18,10.0,38.0,0.034066472344420624,0.030221347320388323,21.0,21.0,4803.907146393906,4809.824910647403,4800.0,4800.0,OK,17.54283867952009,0.05354203739365815,137,0.9383561643835616,iv_filter_cp_rolling_median_v2
2022-01-12,16.766680182367725,2022-01-21,2022-02-18,9.0,37.0,0.02862938384635449,0.028070219076003978,21.0,21.0,4854.5888884040405,4859.206934797139,4850.0,4850.0,OK,16.811260914243277,0.044580731875552004,125,0.946969696969697,iv_filter_cp_rolling_median_v2
2022-01-13,17.82963920804257,2022-01-21,2022-02-18,8.0,36.0,0.03553202270082369,0.03156279013968921,21.0,21.0,4768.194406938137,4778.526041941762,4750.0,4750.0,OK,17.869330053348573,0.039690845306004974,131,0.9357142857142857,iv_filter_cp_rolling_median_v2
2022-01-14,18.232059388903146,2022-01-21,2022-02-18,7.0,35.0,0.034891846039770524,0.03316901430023517,22.0,22.0,4726.873256386756,4735.520659100167,4700.0,4700.0,OK,18.271658706644548,0.03959931774140202,139,0.9391891891891891,iv_filter_cp_rolling_median_v2
2022-01-17,17.42260837504989,2022-02-18,2022-02-18,32.0,32.0,0.030354728259035867,0.030354728259035867,22.0,22.0,4771.644121690097,4771.644121690097,4750.0,4750.0,WARN_NOT_BRACKET_30D,17.46940726370686,0.04679888865696924,101,0.9711538461538461,iv_filter_cp_rolling_median_v2
2022-01-18,16.609467802404044,2022-02-18,2022-02-18,31.0,31.0,0.02758744206790966,0.02758744206790966,22.0,22.0,4815.832616726206,4815.832616726206,4800.0,4800.0,WARN_NOT_BRACKET_30D,16.627690615276023,0.018222812871979244,104,0.9629629629629629,iv_filter_cp_rolling_median_v2
2022-01-19,16.87068516147484,2022-02-18,2022-02-18,30.0,30.0,0.028462001781760726,0.028462001781760726,22.0,22.0,4797.194420530552,4797.194420530552,4750.0,4750.0,OK,16.902046150457384,0.031360988982545024,98,0.9514563106796117,iv_filter_cp_rolling_median_v2
2022-01-20,16.49981326046089,2022-02-18,2022-03-18,29.0,57.0,0.026931850368119833,0.031242868819104742,22.0,24.0,4838.9151404445865,4847.470948499093,4800.0,4800.0,OK,16.54618798094028,0.04637472047939184,105,0.9722222222222222,iv_filter_cp_rolling_median_v2
2022-01-21,17.183407435383497,2022-02-18,2022-03-18,28.0,56.0,0.02904005766250613,0.032691743511504785,22.0,24.0,4806.951754257583,4807.858438193833,4800.0,4800.0,OK,17.199519250566468,0.016111815182970446,100,0.970873786407767,iv_filter_cp_rolling_median_v2
2022-01-24,18.047862394185692,2022-02-18,2022-03-18,25.0,53.0,0.03169993350906409,0.034465911472614984,22.0,24.0,4806.71701532681,4811.919080988471,4800.0,4800.0,OK,18.10367760291653,0.055815208730837895,135,0.9642857142857143,iv_filter_cp_rolling_median_v2
2022-01-25,20.463876682901216,2022-02-18,2022-03-18,24.0,52.0,0.04200487038622941,0.04166067097141626,22.0,24.0,4692.95143753886,4699.19721937601,4650.0,4650.0,OK,20.508164446013737,0.04428776311252136,133,0.95,iv_filter_cp_rolling_median_v2
2022-01-26,18.996687088021275,2022-02-18,2022-03-18,23.0,51.0,0.03507330816078014,0.037459434916637266,23.0,24.0,4722.826470963309,4727.718321605535,4700.0,4700.0,OK,19.042910171171627,0.04622308315035184,133,0.9779411764705882,iv_filter_cp_rolling_median_v2
2022-01-27,19.845086248428796,2022-02-18,2022-03-18,22.0,50.0,0.039070604279000956,0.039726099416690266,23.0,24.0,4636.78057267667,4637.683313561718,4600.0,4600.0,OK,19.90073040957727,0.055644161148475035,141,0.94,iv_filter_cp_rolling_median_v2
2022-01-28,21.958148911839707,2022-02-18,2022-03-18,21.0,49.0,0.05145849502799432,0.04528237185743892,24.0,25.0,4550.8011509943235,4549.688161212563,4550.0,4500.0,OK,21.986200045687724,0.02805113384801672,146,0.9125,iv_filter_cp_rolling_median_v2
2022-02-07,19.09684803464077,2022-02-18,2022-03-18,11.0,39.0,0.03882748700534653,0.03615385370385477,25.0,26.0,4627.762931814151,4627.433779619577,4600.0,4600.0,OK,19.145549313844192,0.04870127920342071,153,0.95625,iv_filter_cp_rolling_median_v2
2022-02-08,18.21686559686627,2022-02-18,2022-03-18,10.0,38.0,0.03509195120598656,0.032984731639686085,25.0,26.0,4608.340838271257,4612.198424854952,4600.0,4600.0,OK,18.25200462452609,0.03513902765982024,147,0.930379746835443,iv_filter_cp_rolling_median_v2
2022-02-09,17.40227130717447,2022-02-18,2022-03-18,9.0,37.0,0.028803130288661383,0.03040396745210939,25.0,26.0,4647.859546839674,4652.131890310794,4600.0,4650.0,OK,17.44477345548159,0.042502148307121956,146,0.9419354838709677,iv_filter_cp_rolling_median_v2
2022-02-10,16.849886303152278,2022-02-18,2022-03-18,8.0,36.0,0.027525864003691922,0.02844435186347491,25.0,26.0,4634.763820709692,4636.628787252852,4600.0,4600.0,OK,16.911872967349392,0.061986664197114294,136,0.912751677852349,iv_filter_cp_rolling_median_v2
2022-02-11,16.77939505428552,2022-02-18,2022-03-18,7.0,35.0,0.026898675235372135,0.028209424386752315,25.0,26.0,4598.689722423224,4603.1301338036865,4550.0,4600.0,OK,16.825199239913417,0.045804185627897454,144,0.9,iv_filter_cp_rolling_median_v2
2022-02-14,17.731407030099955,2022-03-18,2022-03-18,32.0,32.0,0.03144027952670781,0.03144027952670781,26.0,26.0,4553.206631065562,4553.206631065562,4550.0,4550.0,WARN_NOT_BRACKET_30D,17.79920743439902,0.06780040429906364,102,0.9026548672566371,iv_filter_cp_rolling_median_v2
2022-02-15,17.227349725937422,2022-03-18,2022-03-18,31.0,31.0,0.029678157857975614,0.029678157857975614,27.0,27.0,4593.349098748243,4593.349098748243,4550.0,4550.0,WARN_NOT_BRACKET_30D,17.246449947708648,0.01910022177122528,108,0.9642857142857143,iv_filter_cp_rolling_median_v2
2022-02-16,16.63404365750452,2022-03-18,2022-03-18,30.0,30.0,0.027669140839976628,0.027669140839976628,27.0,27.0,4614.427721992604,4614.427721992604,4600.0,4600.0,OK,16.662443658773604,0.02840000126908393,110,0.9565217391304348,iv_filter_cp_rolling_median_v2
2022-02-17,16.770224125323555,2022-03-18,2022-04-15,29.0,57.0,0.02826031671435313,0.026252053659694248,27.0,23.0,4620.237205438248,4622.884412682947,4600.0,4600.0,OK,16.840294293135123,0.0700701678115685,112,0.9491525423728814,iv_filter_cp_rolling_median_v2
2022-02-18,16.083972807426115,2022-03-18,2022-04-15,28.0,56.0,0.02601884947435834,0.024898114369187766,27.0,23.0,4647.395386574832,4655.091584188527,4600.0,4650.0,OK,16.12405254868111,0.04007974125499558,106,0.9380530973451328,iv_filter_cp_rolling_median_v2
2022-02-21,16.005150403850802,2022-03-18,2022-04-15,25.0,53.0,0.025821369523523065,0.025171920897224996,27.0,23.0,4629.220605381969,4630.078305737848,4600.0,4600.0,OK,16.023573867659376,0.01842346380857407,149,0.9738562091503268,iv_filter_cp_rolling_median_v2
2022-02-22,16.36069827774204,2022-03-18,2022-04-15,24.0,52.0,0.0277889945812559,0.025038129821996907,27.0,23.0,4567.426208386613,4569.665379485833,4550.0,4550.0,OK,16.40796140169098,0.047263123948940944,139,0.952054794520548,iv_filter_cp_rolling_median_v2
2022-02-23,15.529463726494278,2022-03-18,2022-04-15,23.0,51.0,0.02493416260592692,0.02301007262315806,27.0,23.0,4618.6736361454605,4618.21611287452,4600.0,4600.0,OK,15.552220829652915,0.02275710315863755,131,0.9562043795620438,iv_filter_cp_rolling_median_v2
2022-02-24,17.455779065490027,2022-03-18,2022-04-15,22.0,50.0,0.032102600475325725,0.028675026261613678,27.0,23.0,4532.376128861705,4530.939233169797,4500.0,4500.0,OK,17.502378595525446,0.046599530035418724,144,0.935064935064935,iv_filter_cp_rolling_median_v2
2022-02-25,16.413233149346816,2022-03-18,2022-04-15,21.0,49.0,0.02798781409363633,0.025990877232389468,27.0,23.0,4570.627809600567,4572.559703777737,4550.0,4550.0,OK,16.447318814513732,0.03408566516691636,145,0.9294871794871795,iv_filter_cp_rolling_median_v2
2022-02-28,17.256274952487228,2022-03-18,2022-04-15,18.0,46.0,0.033013070596581824,0.028089988746367457,27.0,23.0,4574.427733480762,4570.695495447413,4550.0,4550.0,OK,17.28329707097286,0.027022118485632518,140,0.9523809523809523,iv_filter_cp_rolling_median_v2
2022-03-01,16.35059294403766,2022-03-18,2022-04-15,17.0,45.0,0.02911965324631098,0.02569437119727571,27.0,23.0,4611.870330670186,4610.4488239910315,4600.0,4600.0,OK,16.390339318992968,0.03974637495530686,139,0.9328859060402684,iv_filter_cp_rolling_median_v2
2022-03-02,16.695338935313885,2022-03-18,2022-04-15,16.0,44.0,0.030452977826478777,0.02693541835832695,27.0,23.0,4576.588745088613,4578.377123106322,4550.0,4550.0,OK,16.733100170283695,0.03776123496981043,138,0.9583333333333334,iv_filter_cp_rolling_median_v2
2022-03-03,16.85542069107201,2022-03-18,2022-04-15,15.0,43.0,0.03181182328740388,0.027382219875177975,27.0,23.0,4544.187067878693,4548.59617885697,4500.0,4500.0,OK,16.875756305855543,0.02033561478353363,144,0.96,iv_filter_cp_rolling_median_v2
2022-03-04,17.325366636183144,2022-03-18,2022-04-15,14.0,42.0,0.033608881629718354,0.029118820727341416,27.0,23.0,4500.511132219187,4503.331714064731,4500.0,4500.0,OK,17.371978871123595,0.04661223494045075,142,0.9403973509933775,iv_filter_cp_rolling_median_v2
2022-03-07,20.461926836924007,2022-03-18,2022-04-15,11.0,39.0,0.0577605054518631,0.03974589439966875,28.0,24.0,4341.443573828771,4339.912428720199,4300.0,4300.0,OK,20.51519690851667,0.053270071592663726,150,0.9202453987730062,iv_filter_cp_rolling_median_v2
2022-03-08,22.98387938737712,2022-03-18,2022-04-15,10.0,38.0,0.0760696344518479,0.050379159244876404,30.0,26.0,4237.792997913097,4241.5092727933215,4200.0,4200.0,OK,23.03591691740961,0.052037530032492896,165,0.9065934065934066,iv_filter_cp_rolling_median_v2
2022-03-09,24.672216951014185,2022-03-18,2022-04-15,9.0,37.0,0.08095706706226996,0.05924329610607666,32.0,28.0,4202.401215402754,4198.959407519048,4200.0,4150.0,OK,24.73231091334,0.06009396232581565,185,0.9438775510204082,iv_filter_cp_rolling_median_v2
2022-03-10,22.60237217733458,2022-03-18,2022-04-15,8.0,36.0,0.059932116802225946,0.050550638319550534,32.0,28.0,4266.40748293089,4258.750012766489,4250.0,4250.0,OK,22.648443731190373,0.04607155385579276,169,0.8622448979591837,iv_filter_cp_rolling_median_v2
2022-03-11,23.38642768051726,2022-03-18,2022-04-15,7.0,35.0,0.07118019235651311,0.0539756437746974,32.0,28.0,4301.800725768194,4292.1659176102285,4300.0,4250.0,OK,23.433126384194,0.04669870367673923,182,0.9430051813471503,iv_filter_cp_rolling_median_v2
2022-03-14,26.719408737503546,2022-04-15,2022-04-15,32.0,32.0,0.0713926803281781,0.0713926803281781,28.0,28.0,4158.4169704214355,4158.4169704214355,4150.0,4150.0,WARN_NOT_BRACKET_30D,26.77314053581435,0.053731798310803214,118,0.9007633587786259,iv_filter_cp_rolling_median_v2
2022-03-15,30.5651443956908,2022-04-15,2022-04-15,31.0,31.0,0.09342280519294287,0.09342280519294287,29.0,29.0,3927.8600951454705,3927.8600951454705,3900.0,3900.0,WARN_NOT_BRACKET_30D,30.676756208854407,0.11161181316360569,116,0.8405797101449275,iv_filter_cp_rolling_median_v2
2022-03-16,28.017448227085744,2022-04-15,2022-04-15,30.0,30.0,0.07849774051574303,0.07849774051574303,33.0,33.0,4134.314753611467,4134.314753611467,4100.0,4100.0,OK,28.076916998283767,0.05946877119802352,153,0.9683544303797469,iv_filter_cp_rolling_median_v2
2022-03-17,26.187452900261338,2022-04-15,2022-05-20,29.0,64.0,0.06938253389411315,0.05618756199628202,33.0,30.0,4209.6174759531905,4202.610682426491,4200.0,4200.0,OK,26.23164017259717,0.04418727233583297,146,0.9358974358974359,iv_filter_cp_rolling_median_v2
2022-03-18,24.54857492210929,2022-04-15,2022-05-20,28.0,63.0,0.061276064634120116,0.0528359682717968,33.0,30.0,4233.771439996899,4228.096433423263,4200.0,4200.0,OK,24.5908412195472,0.042266297437912215,141,0.94,iv_filter_cp_rolling_median_v2
2022-03-21,23.78542010728649,2022-04-15,2022-05-20,25.0,60.0,0.058797497215801124,0.05101743034853521,33.0,30.0,4213.449901851473,4193.686576971036,4200.0,4150.0,OK,23.81629202993357,0.03087192264707994,194,0.97,iv_filter_cp_rolling_median_v2
2022-03-22,22.268073073516923,2022-04-15,2022-05-20,24.0,59.0,0.05157105752686666,0.045685274559568376,33.0,30.0,4212.73985078289,4197.3869097808465,4200.0,4150.0,OK,22.28784568567595,0.019772612159027148,192,0.96,iv_filter_cp_rolling_median_v2
2022-03-23,20.6606896958526,2022-04-15,2022-05-20,23.0,58.0,0.04469709746795829,0.03949704333745663,33.0,30.0,4240.18574737637,4226.111550963134,4200.0,4200.0,OK,20.6802751048453,0.019585408992700337,190,0.9359605911330049,iv_filter_cp_rolling_median_v2
2022-03-24,19.63526346055417,2022-04-15,2022-05-20,22.0,57.0,0.03953683298896948,0.03727455301955343,33.0,30.0,4219.627622152442,4206.6241150800515,4200.0,4200.0,OK,19.661681650997807,0.02641819044363558,193,0.9368932038834952,iv_filter_cp_rolling_median_v2
2022-03-25,21.24023429008401,2022-04-15,2022-05-20,21.0,56.0,0.04746025136105397,0.04257380117087082,33.0,30.0,4145.129845103448,4132.938974029329,4100.0,4100.0,OK,21.25899309716011,0.018758807076100226,181,0.8872549019607843,iv_filter_cp_rolling_median_v2
2022-03-28,22.99444713439476,2022-04-15,2022-05-20,18.0,53.0,0.05886463322658528,0.048975196133527694,33.0,30.0,4131.778136406948,4116.447767841031,4100.0,4100.0,OK,23.00009209932072,0.005644964925959783,193,0.9698492462311558,iv_filter_cp_rolling_median_v2
2022-03-29,22.982818644965782,2022-04-15,2022-05-20,17.0,52.0,0.05932982417409976,0.04921995681947087,33.0,30.0,4111.813068558463,4100.200666499142,4100.0,4100.0,OK,23.0071026818883,0.02428403692251635,179,0.8689320388349514,iv_filter_cp_rolling_median_v2
2022-03-30,21.161477962336704,2022-04-15,2022-05-20,16.0,51.0,0.047575595987251224,0.043465623881067346,33.0,30.0,4250.800837961844,4234.683760816528,4250.0,4200.0,OK,21.182961455892464,0.021483493555759736,199,0.9521531100478469,iv_filter_cp_rolling_median_v2
2022-03-31,21.549153837494437,2022-04-15,2022-05-20,15.0,50.0,0.0467529836492615,0.04631005089597556,33.0,30.0,4219.292084165267,4207.624327620621,4200.0,4200.0,OK,21.57087872010609,0.02172488261165384,198,0.9753694581280788,iv_filter_cp_rolling_median_v2
2022-04-01,20.894458867645035,2022-04-15,2022-05-20,14.0,49.0,0.042240411780945245,0.04413875466874763,33.0,30.0,4263.841429184632,4248.796244494544,4250.0,4200.0,OK,20.9098716480655,0.015412780420465566,194,0.9326923076923077,iv_filter_cp_rolling_median_v2
2022-04-06,20.979270440742585,2022-04-15,2022-05-20,9.0,44.0,0.051741159577231494,0.04295913599240203,33.0,30.0,4239.764857132321,4224.007790245726,4200.0,4200.0,OK,21.00832559658805,0.02905515584546592,189,0.9356435643564357,iv_filter_cp_rolling_median_v2
2022-04-07,21.716279283659578,2022-04-15,2022-05-20,8.0,43.0,0.05649789141667799,0.04613306745759537,33.0,30.0,4195.800978635183,4182.352139148072,4150.0,4150.0,OK,21.72362946975558,0.007350186096001465,183,0.8970588235294118,iv_filter_cp_rolling_median_v2
2022-04-08,20.79595344429397,2022-04-15,2022-05-20,7.0,42.0,0.0482081138114738,0.042815781370441654,33.0,30.0,4228.553022559868,4215.240432042241,4200.0,4200.0,OK,20.815628201361413,0.019674757067441817,189,0.949748743718593,iv_filter_cp_rolling_median_v2
2022-04-11,23.385892641875543,2022-05-20,2022-05-20,39.0,39.0,0.05468999746573287,0.05468999746573287,30.0,30.0,4095.0681528166842,4095.0681528166842,4050.0,4050.0,WARN_NOT_BRACKET_30D,23.4135572688018,0.027664626926256375,139,0.952054794520548,iv_filter_cp_rolling_median_v2
2022-04-12,21.999231590142827,2022-05-20,2022-05-20,38.0,38.0,0.048396619055673815,0.048396619055673815,30.0,30.0,4166.639674249225,4166.639674249225,4150.0,4150.0,WARN_NOT_BRACKET_30D,22.02061150291148,0.021379912768651366,140,0.958904109589041,iv_filter_cp_rolling_median_v2
2022-04-13,22.250933593533905,2022-05-20,2022-05-20,37.0,37.0,0.049510404578385556,0.049510404578385556,30.0,30.0,4141.179599330481,4141.179599330481,4100.0,4100.0,WARN_NOT_BRACKET_30D,22.290808161979587,0.03987456844568271,126,0.9130434782608695,iv_filter_cp_rolling_median_v2
2022-04-14,21.31791017795332,2022-05-20,2022-05-20,36.0,36.0,0.04544532943552858,0.04544532943552858,30.0,30.0,4183.763615456217,4183.763615456217,4150.0,4150.0,WARN_NOT_BRACKET_30D,21.324071242842383,0.006161064889063539,130,0.9090909090909091,iv_filter_cp_rolling_median_v2
2022-04-15,21.14671526854568,2022-05-20,2022-05-20,35.0,35.0,0.0447183566648943,0.0447183566648943,30.0,30.0,4183.954453825747,4183.954453825747,4150.0,4150.0,WARN_NOT_BRACKET_30D,21.16333605945277,0.016620790907090566,134,0.9436619718309859,iv_filter_cp_rolling_median_v2
2022-04-18,21.588198147244462,2022-05-20,2022-05-20,32.0,32.0,0.04660502992446893,0.04660502992446893,30.0,30.0,4157.61499233448,4157.61499233448,4150.0,4150.0,WARN_NOT_BRACKET_30D,21.59893523269949,0.010737085455026829,157,0.9874213836477987,iv_filter_cp_rolling_median_v2
2022-04-19,22.001159094826416,2022-05-20,2022-05-20,31.0,31.0,0.04840510015158631,0.04840510015158631,30.0,30.0,4135.171835597162,4135.171835597162,4100.0,4100.0,WARN_NOT_BRACKET_30D,22.01218555768544,0.011026462859025088,165,0.9705882352941176,iv_filter_cp_rolling_median_v2
2022-04-20,23.721044811376643,2022-05-20,2022-05-20,30.0,30.0,0.05626879669433387,0.05626879669433387,30.0,30.0,4058.4154102826424,4058.4154102826424,4050.0,4050.0,OK,23.73418884676661,0.013144035389967001,161,0.936046511627907,iv_filter_cp_rolling_median_v2
2022-04-21,25.574897371768852,2022-05-20,2022-06-17,29.0,57.0,0.06568774997556706,0.06155830381680314,30.0,28.0,3997.79614010451,3983.5419411532553,3950.0,3950.0,OK,25.611802228639352,0.036904856870499714,175,0.9408602150537635,iv_filter_cp_rolling_median_v2
2022-04-22,24.980523036690013,2022-05-20,2022-06-17,28.0,56.0,0.0629724697470313,0.058698845034246785,30.0,29.0,4011.8197465888857,4000.602077460034,4000.0,4000.0,OK,25.018097307212244,0.0375742705222315,177,0.9672131147540983,iv_filter_cp_rolling_median_v2
2022-04-25,29.95564674387758,2022-05-20,2022-06-17,25.0,53.0,0.09455372058645738,0.07927636036860988,30.0,29.0,3808.612421530471,3794.983914090675,3800.0,3750.0,OK,30.014184237685576,0.058537493807996555,165,0.873015873015873,iv_filter_cp_rolling_median_v2
2022-04-26,29.89139545653619,2022-05-20,2022-06-17,24.0,52.0,0.09517167044295811,0.07949673680319508,33.0,31.0,3783.978278748634,3772.4702382974974,3750.0,3750.0,OK,29.95676319485481,0.06536773831861709,188,0.8995215311004785,iv_filter_cp_rolling_median_v2
2022-04-27,27.972420100177096,2022-05-20,2022-06-17,23.0,51.0,0.0825886623394397,0.0723697594844738,33.0,31.0,3882.7778965625134,3866.4501413367916,3850.0,3850.0,OK,28.03047217112871,0.058052070951614354,209,0.990521327014218,iv_filter_cp_rolling_median_v2
2022-04-28,25.308976425195556,2022-05-20,2022-06-17,22.0,50.0,0.06441944340843568,0.06365291266585268,33.0,31.0,3911.8146498151914,3892.577953067454,3900.0,3850.0,OK,25.36274114421879,0.053764719023234875,201,0.9710144927536232,iv_filter_cp_rolling_median_v2
2022-04-29,23.890861192890327,2022-05-20,2022-06-17,21.0,49.0,0.05538850955538496,0.058605300599976054,33.0,31.0,4011.625573188394,3994.784940614564,4000.0,3950.0,OK,23.93108978171525,0.04022858882492386,208,0.985781990521327,iv_filter_cp_rolling_median_v2
2022-05-05,24.113613319778267,2022-05-20,2022-06-17,15.0,43.0,0.058406053707964777,0.05806820574132258,33.0,31.0,3994.795895233485,3983.3581724908026,3950.0,3950.0,OK,24.157934801027807,0.04432148124953983,187,0.9257425742574258,iv_filter_cp_rolling_median_v2
2022-05-06,25.565008663186006,2022-05-20,2022-06-17,14.0,42.0,0.07177261521316144,0.0637530546903066,31.0,31.0,3883.788998019202,3865.4378194828523,3850.0,3850.0,OK,25.599306344930167,0.03429768174416026,183,0.9104477611940298,iv_filter_cp_rolling_median_v2
2022-05-09,26.364545578524606,2022-05-20,2022-06-17,11.0,39.0,0.08422894755342229,0.06754228384808057,31.0,31.0,3854.4704475682056,3838.1327362681077,3850.0,3800.0,OK,26.40114508958209,0.036599511057485046,182,0.875,iv_filter_cp_rolling_median_v2
2022-05-10,25.876746655631532,2022-05-20,2022-06-17,10.0,38.0,0.07883551224209948,0.06571061116964473,31.0,31.0,3911.6053449492215,3900.200436013575,3900.0,3900.0,OK,25.911368098972336,0.03462144334080364,199,0.9386792452830188,iv_filter_cp_rolling_median_v2
2022-05-11,25.285546735132407,2022-05-20,2022-06-17,9.0,37.0,0.06976880257648713,0.06346294829861619,31.0,31.0,3955.2021713870868,3939.978863364793,3950.0,3900.0,OK,25.33042740352409,0.04488066839168425,180,0.8530805687203792,iv_filter_cp_rolling_median_v2
2022-05-12,25.60187686803554,2022-05-20,2022-06-17,8.0,36.0,0.07286991442622764,0.06510171267359789,32.0,31.0,3945.0048754721724,3930.7606806972817,3900.0,3900.0,OK,25.640996451651688,0.039119583616148645,189,0.9356435643564357,iv_filter_cp_rolling_median_v2
2022-05-13,24.732529373968543,2022-05-20,2022-06-17,7.0,35.0,0.06282245714897414,0.06109794630491939,33.0,31.0,3975.9033510674044,3959.6186745783707,3950.0,3950.0,OK,24.77859165779535,0.04606228382680655,196,0.9468599033816425,iv_filter_cp_rolling_median_v2
2022-05-16,25.130715719723405,2022-06-17,2022-06-17,32.0,32.0,0.06315528725855532,0.06315528725855532,31.0,31.0,3921.637595454894,3921.637595454894,3900.0,3900.0,WARN_NOT_BRACKET_30D,25.1605002399855,0.029784520262094105,136,0.9645390070921985,iv_filter_cp_rolling_median_v2
2022-05-17,23.643346369728516,2022-06-17,2022-06-17,31.0,31.0,0.05590078275589546,0.05590078275589546,31.0,31.0,3972.437085625427,3972.437085625427,3950.0,3950.0,WARN_NOT_BRACKET_30D,23.685678862008576,0.04233249228006031,148,1.0,iv_filter_cp_rolling_median_v2
2022-05-18,23.623587918208795,2022-06-17,2022-06-17,30.0,30.0,0.055807390612934056,0.055807390612934056,31.0,31.0,3955.6089410479285,3955.6089410479285,3950.0,3950.0,OK,23.66574874433236,0.042160826123566864,134,0.9305555555555556,iv_filter_cp_rolling_median_v2
2022-05-19,23.141167064331945,2022-06-17,2022-07-15,29.0,57.0,0.05366202276941861,0.05203122231382891,31.0,26.0,3970.631452955935,3953.5478725535067,3950.0,3950.0,OK,23.17967263913885,0.038505574806904974,142,0.9793103448275862,iv_filter_cp_rolling_median_v2
2022-05-20,22.44726537657026,2022-06-17,2022-07-15,28.0,56.0,0.05085314129102902,0.04736437377293884,31.0,26.0,4061.8172397731632,4046.910476797955,4050.0,4000.0,OK,22.46118025917032,0.013914882600058576,140,0.9523809523809523,iv_filter_cp_rolling_median_v2
2022-05-23,22.152225279202657,2022-06-17,2022-07-15,25.0,53.0,0.050063851316327256,0.0469202136529722,31.0,26.0,4016.420667463809,3985.864641445102,4000.0,3950.0,OK,22.16664635309524,0.014421073892581404,172,0.9717514124293786,iv_filter_cp_rolling_median_v2
2022-05-24,22.99181369127446,2022-06-17,2022-07-15,24.0,52.0,0.05423491271675888,0.05053955069855918,31.0,26.0,3941.0472124291464,3908.824349528291,3900.0,3900.0,OK,23.03718695291276,0.04537326163830002,166,0.9120879120879121,iv_filter_cp_rolling_median_v2
2022-05-25,22.55693044946599,2022-06-17,2022-07-15,23.0,51.0,0.051649569827663305,0.04984237289246631,31.0,26.0,3960.6121125871587,3922.8177602918345,3950.0,3900.0,OK,22.58370422829228,0.026773778826289174,174,0.9720670391061452,iv_filter_cp_rolling_median_v2
2022-05-26,21.537923264542854,2022-06-17,2022-07-15,22.0,50.0,0.04629303403143544,0.046492911660781656,31.0,26.0,3968.868367973338,3937.078226106483,3950.0,3900.0,OK,21.551674334754587,0.013751070211732497,180,0.9574468085106383,iv_filter_cp_rolling_median_v2
2022-05-27,21.279579272309253,2022-06-17,2022-07-15,21.0,49.0,0.04470435689053815,0.04580472357646427,31.0,26.0,3983.0656597864486,3947.284641347989,3950.0,3900.0,OK,21.282653041725773,0.0030737694165203777,170,0.918918918918919,iv_filter_cp_rolling_median_v2
2022-05-30,21.81563056576237,2022-06-17,2022-07-15,18.0,46.0,0.049434027622762895,0.04663120643318409,31.0,26.0,4002.2574264293744,3969.245874649171,4000.0,3950.0,OK,21.827403084561,0.011772518798629505,176,0.9513513513513514,iv_filter_cp_rolling_median_v2
2022-05-31,21.913905456975407,2022-06-17,2022-07-15,17.0,45.0,0.04893867547581777,0.04762231615958295,31.0,26.0,4067.4144089915403,4035.9798157969617,4050.0,4000.0,OK,21.92847159185119,0.014566134875781955,181,0.9627659574468085,iv_filter_cp_rolling_median_v2
2022-06-01,21.719522927022123,2022-06-17,2022-07-15,16.0,44.0,0.048495473631992046,0.04669314724892649,31.0,26.0,4059.6070260876954,4023.453544892411,4050.0,4000.0,OK,21.72885282300852,0.009329895986397219,176,0.946236559139785,iv_filter_cp_rolling_median_v2
2022-06-02,21.50285639906178,2022-06-17,2022-07-15,15.0,43.0,0.046462936826366596,0.0461690625079488,31.0,26.0,4070.413756297005,4037.963578971153,4050.0,4000.0,OK,21.517258707158003,0.014402308096222782,172,0.9347826086956522,iv_filter_cp_rolling_median_v2
2022-06-06,22.357028918286144,2022-06-17,2022-07-15,11.0,39.0,0.05556102826860984,0.04923852163814655,31.0,26.0,4142.596288440168,4108.8178098620565,4100.0,4100.0,OK,22.37907776760691,0.022048849320764674,181,0.9526315789473684,iv_filter_cp_rolling_median_v2
2022-06-07,22.392209369306766,2022-06-17,2022-07-15,10.0,38.0,0.05901933201211367,0.049206553731442074,31.0,26.0,4153.065885143235,4123.211772486346,4150.0,4100.0,OK,22.411024253968623,0.018814884661857434,180,0.9473684210526315,iv_filter_cp_rolling_median_v2
2022-06-08,22.826791670580626,2022-06-17,2022-07-15,9.0,37.0,0.05968591288039166,0.05149167387154543,31.0,26.0,4199.609035211536,4166.535412262906,4150.0,4150.0,OK,22.82028319336061,0.006508477220016573,177,0.921875,iv_filter_cp_rolling_median_v2
2022-06-09,22.334730526050834,2022-06-17,2022-07-15,8.0,36.0,0.0534815427645872,0.04966598700970909,31.0,26.0,4166.595278707281,4130.289163989483,4150.0,4100.0,OK,22.336040747932405,0.0013102218815710387,177,0.9267015706806283,iv_filter_cp_rolling_median_v2
2022-06-10,22.07012081576707,2022-06-17,2022-07-15,7.0,35.0,0.050635459733613955,0.0486252651756747,31.0,26.0,4234.158267999952,4202.8979015892655,4200.0,4200.0,OK,22.09507047306701,0.02494965729994192,180,0.9278350515463918,iv_filter_cp_rolling_median_v2
2022-06-13,22.83034466669748,2022-07-15,2022-07-15,32.0,32.0,0.052122463760020214,0.052122463760020214,27.0,27.0,4143.12335806492,4143.12335806492,4100.0,4100.0,WARN_NOT_BRACKET_30D,22.848174992491657,0.01783032579417565,132,0.9850746268656716,iv_filter_cp_rolling_median_v2
2022-06-14,22.836748150882936,2022-07-15,2022-07-15,31.0,31.0,0.05215170661068552,0.05215170661068552,27.0,27.0,4188.708723714067,4188.708723714067,4150.0,4150.0,WARN_NOT_BRACKET_30D,22.78295762736991,0.053790523513026045,127,0.9338235294117647,iv_filter_cp_rolling_median_v2
2022-06-15,23.615660185551228,2022-07-15,2022-07-15,30.0,30.0,0.05576994059994294,0.05576994059994294,27.0,27.0,4241.700657138299,4241.700657138299,4200.0,4200.0,OK,23.65367419917185,0.03801401362062151,133,0.9779411764705882,iv_filter_cp_rolling_median_v2
2022-06-16,23.145495913674946,2022-07-15,2022-08-19,29.0,64.0,0.05388426134191215,0.0487513489268549,28.0,25.0,4216.076795818452,4213.025231681645,4200.0,4200.0,OK,23.163979448452583,0.01848353477763709,139,0.9928571428571429,iv_filter_cp_rolling_median_v2
2022-06-17,23.149607923548547,2022-07-15,2022-08-19,28.0,63.0,0.05433379189070258,0.04813914864653236,28.0,25.0,4280.298689095439,4269.521735655838,4250.0,4250.0,OK,23.161226284327874,0.011618360779326764,131,0.9357142857142857,iv_filter_cp_rolling_median_v2
2022-06-20,22.981619167109116,2022-07-15,2022-08-19,25.0,60.0,0.05454105172844804,0.04850155751859293,28.0,25.0,4285.757411481565,4275.875782428156,4250.0,4250.0,OK,22.958203796732484,0.02341537037663244,190,0.9895833333333334,iv_filter_cp_rolling_median_v2
2022-06-21,22.469503310026777,2022-07-15,2022-08-19,24.0,59.0,0.052177343316075236,0.04716615775971352,29.0,26.0,4288.786192482238,4276.97753599722,4250.0,4250.0,OK,22.49047062627882,0.020967316252043844,187,0.958974358974359,iv_filter_cp_rolling_median_v2
2022-06-22,21.67077907996492,2022-07-15,2022-08-19,23.0,58.0,0.04836563274028245,0.044736237532477435,29.0,26.0,4231.177801230341,4217.929690983578,4200.0,4200.0,OK,21.680963818028324,0.010184738063404808,191,0.9845360824742269,iv_filter_cp_rolling_median_v2
2022-06-23,21.396856882267652,2022-07-15,2022-08-19,22.0,57.0,0.046533803036952044,0.044803940487447756,29.0,26.0,4316.819534328872,4298.664752309974,4300.0,4250.0,OK,21.41120148158884,0.014344599321187701,183,0.9384615384615385,iv_filter_cp_rolling_median_v2
2022-06-24,20.99457897975624,2022-07-15,2022-08-19,21.0,56.0,0.044778961385812006,0.043317030693958355,29.0,26.0,4362.137991335314,4348.218915949642,4350.0,4300.0,OK,21.00992136519793,0.015342385441687867,183,0.9384615384615385,iv_filter_cp_rolling_median_v2
2022-06-27,21.850125408007997,2022-07-15,2022-08-19,18.0,53.0,0.05180017214431534,0.045101677151807386,30.0,27.0,4408.672812472631,4392.514943806104,4400.0,4350.0,OK,21.855472624313773,0.005347216305775504,189,0.949748743718593,iv_filter_cp_rolling_median_v2
2022-06-28,21.86121518531329,2022-07-15,2022-08-19,17.0,52.0,0.0534652372984445,0.04465212697504713,31.0,28.0,4464.317863325505,4449.023354404806,4450.0,4400.0,OK,21.878365719979023,0.017150534665731243,191,0.9362745098039216,iv_filter_cp_rolling_median_v2
2022-06-29,22.283196098458944,2022-07-15,2022-08-19,16.0,51.0,0.054052973598569615,0.04758401659514015,32.0,29.0,4408.786953661933,4391.528674652931,4400.0,4350.0,OK,22.26291402973593,0.02028206872301297,199,0.961352657004831,iv_filter_cp_rolling_median_v2
2022-06-30,22.814181454716238,2022-07-15,2022-08-19,15.0,50.0,0.05731235019522306,0.04994322248473133,31.0,29.0,4460.570927180519,4448.316879652215,4450.0,4400.0,OK,22.830007667271698,0.015826212555460017,199,0.961352657004831,iv_filter_cp_rolling_median_v2
2022-07-01,22.481342182399867,2022-07-15,2022-08-19,14.0,49.0,0.054728186348884406,0.049120447442630964,31.0,29.0,4442.568277409074,4429.129867963735,4400.0,4400.0,OK,22.504744793054225,0.023402610654358114,197,0.9609756097560975,iv_filter_cp_rolling_median_v2
2022-07-04,22.824731080916933,2022-07-15,2022-08-19,11.0,46.0,0.060548634738811266,0.05039487062032911,32.0,29.0,4467.439363335607,4453.491565408205,4450.0,4450.0,OK,22.82263691661365,0.0020941643032834634,193,0.9278846153846154,iv_filter_cp_rolling_median_v2
2022-07-05,22.80058496101582,2022-07-15,2022-08-19,10.0,45.0,0.05992748925306784,0.05066319715701378,32.0,29.0,4459.316269459255,4443.667303492663,4450.0,4400.0,OK,22.80811164814553,0.007526687129711718,191,0.9009433962264151,iv_filter_cp_rolling_median_v2
2022-07-06,23.26806360283658,2022-07-15,2022-08-19,9.0,44.0,0.06256145556743763,0.0529919360391731,31.0,29.0,4404.737530750168,4388.712371069919,4400.0,4350.0,OK,23.267102466773032,0.0009611360635481958,190,0.926829268292683,iv_filter_cp_rolling_median_v2
2022-07-07,22.931674975589658,2022-07-15,2022-08-19,8.0,43.0,0.05834415200378442,0.0519531590868344,31.0,29.0,4416.60589986307,4399.088087141748,4400.0,4350.0,OK,22.936819060076065,0.005144084486406797,201,0.9663461538461539,iv_filter_cp_rolling_median_v2
2022-07-08,22.182838830957134,2022-07-15,2022-08-19,7.0,42.0,0.0520072064308469,0.048964410158211104,32.0,29.0,4411.166758347855,4394.995272698514,4400.0,4350.0,OK,22.18454274901928,0.0017039180621445382,193,0.9554455445544554,iv_filter_cp_rolling_median_v2
2022-07-11,23.009089900835267,2022-08-19,2022-08-19,39.0,39.0,0.05294182180647195,0.05294182180647195,29.0,29.0,4323.548941861616,4323.548941861616,4300.0,4300.0,WARN_NOT_BRACKET_30D,23.02502108116317,0.01593118032790386,139,0.952054794520548,iv_filter_cp_rolling_median_v2
2022-07-12,22.173281480843375,2022-08-19,2022-08-19,38.0,38.0,0.049165441162871186,0.049165441162871186,29.0,29.0,4283.620289932727,4283.620289932727,4250.0,4250.0,WARN_NOT_BRACKET_30D,22.167995550991428,0.005285929851947202,142,0.9726027397260274,iv_filter_cp_rolling_median_v2
2022-07-13,21.81304056079934,2022-08-19,2022-08-19,37.0,37.0,0.04758087385070772,0.04758087385070772,29.0,29.0,4292.456258220583,4292.456258220583,4250.0,4250.0,WARN_NOT_BRACKET_30D,21.817410756559617,0.004370195760277085,145,0.9863945578231292,iv_filter_cp_rolling_median_v2
2022-07-14,21.162192418426923,2022-08-19,2022-08-19,36.0,36.0,0.04478383879545259,0.04478383879545259,29.0,29.0,4293.626584103535,4293.626584103535,4250.0,4250.0,WARN_NOT_BRACKET_30D,21.179102250102044,0.016909831675121723,138,0.9517241379310345,iv_filter_cp_rolling_median_v2
2022-07-15,21.768619665347842,2022-08-19,2022-08-19,35.0,35.0,0.047387280213456874,0.047387280213456874,29.0,29.0,4217.429906994468,4217.429906994468,4200.0,4200.0,WARN_NOT_BRACKET_30D,21.74051880402321,0.02810086132463141,137,0.9256756756756757,iv_filter_cp_rolling_median_v2
2022-07-18,21.574436127855996,2022-08-19,2022-08-19,32.0,32.0,0.046545629423493794,0.046545629423493794,29.0,29.0,4273.636831434348,4273.636831434348,4250.0,4250.0,WARN_NOT_BRACKET_30D,21.585113439505328,0.0106773116493315,179,0.9781420765027322,iv_filter_cp_rolling_median_v2
2022-07-19,21.63903530831088,2022-08-19,2022-08-19,31.0,31.0,0.04682478490743249,0.04682478490743249,29.0,29.0,4257.611452756183,4257.611452756183,4250.0,4250.0,WARN_NOT_BRACKET_30D,21.642880723688663,0.0038454153777820466,179,0.9623655913978495,iv_filter_cp_rolling_median_v2
2022-07-20,20.427650828639134,2022-08-19,2022-08-19,30.0,30.0,0.04172889183768012,0.04172889183768012,29.0,29.0,4262.618374864682,4262.618374864682,4250.0,4250.0,OK,20.450616989821025,0.02296616118189121,182,1.0,iv_filter_cp_rolling_median_v2
2022-07-21,20.88561305539065,2022-08-19,2022-09-16,29.0,57.0,0.0433761390104803,0.046982896518461374,29.0,29.0,4217.224050588918,4207.822333780159,4200.0,4200.0,OK,20.8922439346364,0.006630879245751231,169,0.9184782608695652,iv_filter_cp_rolling_median_v2
2022-07-22,20.44707027825916,2022-08-19,2022-09-16,28.0,56.0,0.04116643518128601,0.04598018354469283,29.0,29.0,4226.232304471296,4219.454125500488,4200.0,4200.0,OK,20.437723492254264,0.009346786004897467,182,0.9680851063829787,iv_filter_cp_rolling_median_v2
2022-07-25,21.403008462829106,2022-08-19,2022-09-16,25.0,53.0,0.045010594149611755,0.047541000565312165,29.0,29.0,4206.7499380367735,4197.248284544809,4200.0,4150.0,OK,21.43951589037171,0.0365074275426025,176,0.9777777777777777,iv_filter_cp_rolling_median_v2
2022-07-26,20.207336031208172,2022-08-19,2022-09-16,24.0,52.0,0.03944380465354238,0.04318567698428014,29.0,30.0,4238.284662779362,4229.493184684525,4200.0,4200.0,OK,20.25423852568435,0.04690249447617845,179,0.9675675675675676,iv_filter_cp_rolling_median_v2
2022-07-27,20.414397529739464,2022-08-19,2022-09-16,23.0,51.0,0.04020799406816311,0.04365921426124584,29.0,30.0,4213.784124450487,4205.348931354422,4200.0,4200.0,OK,20.455295237680765,0.04089770794130132,183,0.9786096256684492,iv_filter_cp_rolling_median_v2
2022-07-28,20.304341883885805,2022-08-19,2022-09-16,22.0,50.0,0.03960306535277221,0.04301255097287165,29.0,30.0,4214.325797057476,4209.222451826293,4200.0,4200.0,OK,20.31457420963229,0.010232325746486026,177,0.9267015706806283,iv_filter_cp_rolling_median_v2
2022-07-29,21.637571769982994,2022-08-19,2022-09-16,21.0,49.0,0.04642650465829865,0.047173069518904084,29.0,30.0,4153.269708133656,4147.794761732639,4150.0,4100.0,OK,21.687261463081803,0.04968969309880933,184,0.9633507853403142,iv_filter_cp_rolling_median_v2
2022-08-01,21.862180391053187,2022-08-19,2022-09-16,18.0,46.0,0.04894069959076299,0.04719799412996396,29.0,30.0,4171.817105671977,4161.54649062258,4150.0,4150.0,OK,21.92625840707594,0.06407801602275498,178,0.9417989417989417,iv_filter_cp_rolling_median_v2
2022-08-02,25.67615207731787,2022-08-19,2022-09-16,17.0,45.0,0.0774945672903272,0.06088397832950628,29.0,30.0,4105.003509664418,4095.590617558711,4100.0,4050.0,OK,25.76897291814711,0.09282084082924058,181,0.9427083333333334,iv_filter_cp_rolling_median_v2
2022-08-03,24.265590441178418,2022-08-19,2022-09-16,16.0,44.0,0.06233850952667167,0.05762493464380251,29.0,31.0,4060.8067537382294,4049.198359317889,4050.0,4000.0,OK,24.357726909923205,0.09213646874478698,174,0.90625,iv_filter_cp_rolling_median_v2
2022-08-04,22.16172497080025,2022-08-19,2022-09-16,15.0,43.0,0.04743978939526425,0.04962042415063619,29.0,31.0,4093.1961604678063,4083.3677953254482,4050.0,4050.0,OK,22.23470800277532,0.07298303197507039,191,0.9794871794871794,iv_filter_cp_rolling_median_v2
2022-08-05,20.470887353023503,2022-08-19,2022-09-16,14.0,42.0,0.03696925174973426,0.04313984069008863,29.0,31.0,4153.608335455596,4147.996279832043,4150.0,4100.0,OK,20.51524997434642,0.04436262132291802,181,0.9378238341968912,iv_filter_cp_rolling_median_v2
2022-08-08,21.103477080071055,2022-08-19,2022-09-16,11.0,39.0,0.042176708216657595,0.04485084002099054,29.0,31.0,4140.754397147565,4137.519162782795,4100.0,4100.0,OK,21.17791413172013,0.074437051649074,164,0.9425287356321839,iv_filter_cp_rolling_median_v2
2022-08-09,20.957058582526358,2022-08-19,2022-09-16,10.0,38.0,0.04107301965987718,0.04421949473611965,29.0,31.0,4147.793309944924,4139.382776346033,4100.0,4100.0,OK,21.03116210214119,0.07410351961483386,173,0.9558011049723757,iv_filter_cp_rolling_median_v2
2022-08-10,21.45095913885886,2022-08-19,2022-09-16,9.0,37.0,0.04381917516260522,0.046192353146490644,29.0,31.0,4104.001383597359,4095.793416387309,4100.0,4050.0,OK,21.5297098468352,0.0787507079763401,167,0.8520408163265306,iv_filter_cp_rolling_median_v2
2022-08-11,20.71192376481398,2022-08-19,2022-09-16,8.0,36.0,0.04083763971901774,0.0430232718696999,29.0,31.0,4196.577480962229,4190.300523795835,4150.0,4150.0,OK,20.756195358267497,0.044271593453515834,184,0.9435897435897436,iv_filter_cp_rolling_median_v2
2022-08-12,19.910784385378204,2022-08-19,2022-09-16,7.0,35.0,0.03420796212465166,0.03988028006494771,28.0,31.0,4194.843948893838,4190.990143491837,4150.0,4150.0,OK,19.965087827145844,0.05430344176764024,175,0.9510869565217391,iv_filter_cp_rolling_median_v2
2022-08-15,19.88444941989488,2022-09-16,2022-09-16,32.0,32.0,0.03953913287323579,0.03953913287323579,31.0,31.0,4180.650051842539,4180.650051842539,4150.0,4150.0,WARN_NOT_BRACKET_30D,19.94655497629475,0.06210555639986737,130,0.9420289855072463,iv_filter_cp_rolling_median_v2
2022-08-16,19.55001710463869,2022-09-16,2022-09-16,31.0,31.0,0.03822031687916653,0.03822031687916653,31.0,31.0,4166.916370740241,4166.916370740241,4150.0,4150.0,WARN_NOT_BRACKET_30D,19.586389727908387,0.03637262326969548,130,0.9558823529411765,iv_filter_cp_rolling_median_v2
2022-08-17,18.90418979232815,2022-09-16,2022-09-16,30.0,30.0,0.03573683917043638,0.03573683917043638,31.0,31.0,4210.212566309783,4210.212566309783,4200.0,4200.0,OK,18.950247717834383,0.04605792550623278,133,0.9568345323741008,iv_filter_cp_rolling_median_v2
2022-08-18,19.205937073936138,2022-09-16,2022-10-21,29.0,64.0,0.037184499488149336,0.03230039824881558,31.0,23.0,4172.901137004161,4173.090501198613,4150.0,4150.0,OK,19.26808155065546,0.06214447671932177,134,0.9640287769784173,iv_filter_cp_rolling_median_v2
2022-08-19,18.680056918725747,2022-09-16,2022-10-21,28.0,63.0,0.035441691034607356,0.030881371151907318,31.0,23.0,4142.664837158202,4139.360353490465,4100.0,4100.0,OK,18.7449148509402,0.0648579322144549,123,0.924812030075188,iv_filter_cp_rolling_median_v2
2022-08-22,17.94747958078738,2022-09-16,2022-10-21,25.0,60.0,0.03307260596720273,0.0300576932379662,31.0,23.0,4170.276073170211,4169.521927974266,4150.0,4150.0,OK,17.964039810895756,0.01656023010837515,152,0.9440993788819876,iv_filter_cp_rolling_median_v2
2022-08-23,17.87980804937534,2022-09-16,2022-10-21,24.0,59.0,0.03322910683453716,0.029490770934535036,31.0,23.0,4152.314638819508,4143.732024966818,4150.0,4100.0,OK,17.87037356972283,0.009434479652512096,146,0.948051948051948,iv_filter_cp_rolling_median_v2
2022-08-24,19.30320750408856,2022-09-16,2022-10-21,23.0,58.0,0.03946553136809525,0.03376514505730606,31.0,23.0,4076.3781049715794,4068.446081473936,4050.0,4050.0,OK,19.3479640424164,0.04475653832783877,150,0.9259259259259259,iv_filter_cp_rolling_median_v2
2022-08-25,17.75781554309387,2022-09-16,2022-10-21,22.0,57.0,0.03292763354111047,0.029718611901639776,31.0,23.0,4112.942890900053,4106.026759252422,4100.0,4100.0,OK,17.776761456732554,0.01894591363868514,159,0.9636363636363636,iv_filter_cp_rolling_median_v2
2022-08-26,17.108673471011947,2022-09-16,2022-10-21,21.0,56.0,0.030245684861916096,0.02821440555328007,31.0,23.0,4107.807101043413,4101.460197815801,4100.0,4100.0,OK,17.134436870593532,0.025763399581585134,155,0.950920245398773,iv_filter_cp_rolling_median_v2
2022-08-29,17.95747886405092,2022-09-16,2022-10-21,18.0,53.0,0.03531557480717862,0.030249704372446222,31.0,23.0,4085.187977925342,4077.913297947526,4050.0,4050.0,OK,17.981736887830245,0.024258023779324844,152,0.9559748427672956,iv_filter_cp_rolling_median_v2
2022-08-30,17.853962218321303,2022-09-16,2022-10-21,17.0,52.0,0.03477189784659769,0.030274447824205828,31.0,23.0,4078.0478771263547,4067.0372486715273,4050.0,4050.0,OK,17.896069983298133,0.04210776497683,158,0.9294117647058824,iv_filter_cp_rolling_median_v2
2022-08-31,18.023498496373865,2022-09-16,2022-10-21,16.0,51.0,0.03462811442846747,0.031475960570249276,31.0,23.0,4080.585957824532,4074.277083397742,4050.0,4050.0,OK,18.058277172440203,0.03477867606633822,160,0.9195402298850575,iv_filter_cp_rolling_median_v2
2022-09-01,18.266130802704016,2022-09-16,2022-10-21,15.0,50.0,0.03631575924235804,0.03218491113326572,31.0,23.0,4043.9963696213163,4037.9747680304963,4000.0,4000.0,OK,18.31840318802383,0.05227238531981371,156,0.9454545454545454,iv_filter_cp_rolling_median_v2
2022-09-02,18.674333030302613,2022-09-16,2022-10-21,14.0,49.0,0.03701039739763098,0.034147907239194565,31.0,24.0,4022.654693964094,4018.8386965193104,4000.0,4000.0,OK,18.70091809140064,0.026585061098028717,159,0.9464285714285714,iv_filter_cp_rolling_median_v2
2022-09-05,19.240948854481765,2022-09-16,2022-10-21,11.0,46.0,0.04204093712267733,0.0360106143164657,31.0,24.0,4017.661447910334,4010.7281820327194,4000.0,4000.0,OK,19.28591106739956,0.04496221291779534,160,0.9580838323353293,iv_filter_cp_rolling_median_v2
2022-09-06,17.952791149780488,2022-09-16,2022-10-21,10.0,45.0,0.03191256171098496,0.032283222556060136,31.0,24.0,4047.8934838589566,4042.5084245648477,4000.0,4000.0,OK,17.994708684887488,0.04191753510700025,168,0.96,iv_filter_cp_rolling_median_v2
2022-09-07,17.613243706941752,2022-09-16,2022-10-21,9.0,44.0,0.030874790496591215,0.031042796055024295,31.0,24.0,4054.4455004205643,4050.8014704273196,4050.0,4050.0,OK,17.625469685331204,0.012225978389452052,160,0.935672514619883,iv_filter_cp_rolling_median_v2
2022-09-08,17.240636561622154,2022-09-16,2022-10-21,8.0,43.0,0.026348971480636564,0.030094989023528303,31.0,24.0,4038.250317096126,4036.7573410154346,4000.0,4000.0,OK,17.253012398674024,0.012375837051870064,149,0.9030303030303031,iv_filter_cp_rolling_median_v2
2022-09-09,16.56795255179145,2022-09-16,2022-10-21,7.0,42.0,0.02195686368154084,0.027927343566650015,31.0,24.0,4095.931734180657,4095.482597363702,4050.0,4050.0,OK,16.57052855549674,0.0025760037052897644,159,0.9034090909090909,iv_filter_cp_rolling_median_v2
2022-09-13,16.70104848424119,2022-10-21,2022-10-21,38.0,38.0,0.0278925020472975,0.0278925020472975,24.0,24.0,4111.217678475217,4111.217678475217,4100.0,4100.0,WARN_NOT_BRACKET_30D,16.719883518998497,0.018835034757305635,114,0.9661016949152542,iv_filter_cp_rolling_median_v2
2022-09-14,16.703013482410128,2022-10-21,2022-10-21,37.0,37.0,0.027899065939357454,0.027899065939357454,24.0,24.0,4066.555698887759,4066.555698887759,4050.0,4050.0,WARN_NOT_BRACKET_30D,16.745751819567793,0.042738337157665285,102,0.9107142857142857,iv_filter_cp_rolling_median_v2
2022-09-15,17.18028517939623,2022-10-21,2022-10-21,36.0,36.0,0.029516219884538175,0.029516219884538175,24.0,24.0,4028.968553805144,4028.968553805144,4000.0,4000.0,WARN_NOT_BRACKET_30D,17.22730719316981,0.047022013773581506,112,0.9491525423728814,iv_filter_cp_rolling_median_v2
2022-09-16,18.436176026257098,2022-10-21,2022-10-21,35.0,35.0,0.03398925864711369,0.03398925864711369,24.0,24.0,3940.5863042332526,3940.5863042332526,3900.0,3900.0,WARN_NOT_BRACKET_30D,18.461568728381348,0.025392702124250377,102,0.8717948717948718,iv_filter_cp_rolling_median_v2
2022-09-19,18.773023718445096,2022-10-21,2022-10-21,32.0,32.0,0.03524264195333021,0.03524264195333021,26.0,26.0,3925.976549057199,3925.976549057199,3900.0,3900.0,WARN_NOT_BRACKET_30D,18.818222663458727,0.045198945013630976,174,0.9720670391061452,iv_filter_cp_rolling_median_v2
2022-09-20,18.138185996558214,2022-10-21,2022-10-21,31.0,31.0,0.032899379124574045,0.032899379124574045,26.0,26.0,3929.1721834702817,3929.1721834702817,3900.0,3900.0,WARN_NOT_BRACKET_30D,18.18159883819092,0.04341284163270487,161,0.936046511627907,iv_filter_cp_rolling_median_v2
2022-09-21,19.183685539373457,2022-10-21,2022-10-21,30.0,30.0,0.03680137908735663,0.03680137908735663,26.0,26.0,3899.599475930962,3899.599475930962,3850.0,3850.0,OK,19.21758210713916,0.033896567765705043,161,0.92,iv_filter_cp_rolling_median_v2
2022-09-22,19.638748357003976,2022-10-21,2022-11-18,29.0,57.0,0.03856819150448378,0.038566013376951064,26.0,22.0,3872.5879513141326,3871.4539864843478,3850.0,3850.0,OK,19.65220868518645,0.013460328182475223,165,0.953757225433526,iv_filter_cp_rolling_median_v2
2022-09-23,19.254308758149072,2022-10-21,2022-11-18,28.0,56.0,0.036756671598015336,0.039127938928502325,27.0,23.0,3865.619795699997,3860.225373486438,3850.0,3850.0,OK,19.27001069496973,0.015701936820658347,179,0.9675675675675676,iv_filter_cp_rolling_median_v2
2022-09-26,20.903917070380576,2022-10-21,2022-11-18,25.0,53.0,0.04388859415549765,0.04328246515833257,27.0,23.0,3842.1186277871666,3837.5705004993483,3800.0,3800.0,OK,20.942968523843422,0.03905145346284655,163,0.9055555555555556,iv_filter_cp_rolling_median_v2
2022-09-27,19.660008821968685,2022-10-21,2022-11-18,24.0,52.0,0.03810006650979155,0.039584950066476055,27.0,23.0,3892.0451528065196,3891.5801874373674,3850.0,3850.0,OK,19.69644068992922,0.03643186796053399,175,0.9615384615384616,iv_filter_cp_rolling_median_v2
2022-09-28,20.073653778769557,2022-10-21,2022-11-18,23.0,51.0,0.03937680543227038,0.041537634069259914,27.0,23.0,3836.5825685112663,3835.8643480776154,3800.0,3800.0,OK,20.099291064730007,0.025637285960449674,160,0.9142857142857143,iv_filter_cp_rolling_median_v2
2022-09-29,19.85994186814768,2022-10-21,2022-11-18,22.0,50.0,0.03780887305630994,0.041237870749362145,28.0,24.0,3839.837681047011,3839.3753542237664,3800.0,3800.0,OK,19.84283390773179,0.017107960415888357,177,0.9567567567567568,iv_filter_cp_rolling_median_v2
2022-09-30,19.846193572551893,2022-10-21,2022-11-18,21.0,49.0,0.03824148925756807,0.04042368101823841,28.0,24.0,3811.0141091384085,3811.0251174833747,3800.0,3800.0,OK,19.88084093833605,0.03464736578415639,170,0.9340659340659341,iv_filter_cp_rolling_median_v2
2022-10-10,21.523769722461118,2022-10-21,2022-11-18,11.0,39.0,0.055773757672757815,0.04506518446410504,28.0,24.0,3722.609968576726,3720.4359808251224,3700.0,3700.0,OK,21.57827638578319,0.05450666332207277,162,0.8709677419354839,iv_filter_cp_rolling_median_v2
2022-10-11,21.251955372373434,2022-10-21,2022-11-18,10.0,38.0,0.05062686307618411,0.044589581519014265,29.0,26.0,3729.7615549355155,3731.368217870441,3700.0,3700.0,OK,21.280632340928737,0.02867696855530255,189,0.9356435643564357,iv_filter_cp_rolling_median_v2
2022-10-12,20.67005076851945,2022-10-21,2022-11-18,9.0,37.0,0.047229449362351086,0.04235988235150359,30.0,26.0,3784.0611219550196,3787.7151479719428,3750.0,3750.0,OK,20.67030970332529,0.0002589348058421592,193,0.9507389162561576,iv_filter_cp_rolling_median_v2
2022-10-13,21.338443596212045,2022-10-21,2022-11-18,8.0,36.0,0.048080263814705856,0.04537853288639753,27.0,26.0,3753.9512517154276,3758.536354782073,3750.0,3750.0,OK,21.38531959860374,0.04687600239169498,179,0.895,iv_filter_cp_rolling_median_v2
2022-10-14,20.05335762016105,2022-10-21,2022-11-18,7.0,35.0,0.04032876702464367,0.040208712930275115,30.0,26.0,3842.151188322261,3845.9190558682108,3800.0,3800.0,OK,20.075720024230385,0.022362404069333763,185,0.9068627450980392,iv_filter_cp_rolling_median_v2
2022-10-17,20.08357745492667,2022-11-18,2022-11-18,32.0,32.0,0.04033500833880388,0.04033500833880388,26.0,26.0,3842.8339746546453,3842.8339746546453,3800.0,3800.0,WARN_NOT_BRACKET_30D,20.11471968239896,0.031142227472290784,128,0.9624060150375939,iv_filter_cp_rolling_median_v2
2022-10-18,19.499157298401578,2022-11-18,2022-11-18,31.0,31.0,0.03802171353478076,0.03802171353478076,26.0,26.0,3832.216259419285,3832.216259419285,3800.0,3800.0,WARN_NOT_BRACKET_30D,19.480111026452853,0.019046271948724325,132,0.9635036496350365,iv_filter_cp_rolling_median_v2
2022-10-19,19.99254848774901,2022-11-18,2022-11-18,30.0,30.0,0.039970199503499525,0.039970199503499525,26.0,26.0,3768.140022453954,3768.140022453954,3750.0,3750.0,OK,19.99465879996834,0.0021103122193331103,124,0.8857142857142857,iv_filter_cp_rolling_median_v2
2022-10-20,20.936773476006508,2022-11-18,2022-12-16,29.0,57.0,0.04385963170249037,0.0434944034761624,26.0,28.0,3750.4699146271782,3749.901217442517,3750.0,3700.0,OK,20.970891954314723,0.03411847830821557,139,0.9652777777777778,iv_filter_cp_rolling_median_v2
2022-10-21,21.38568632391124,2022-11-18,2022-12-16,28.0,56.0,0.04593589234897297,0.04442738439021888,26.0,28.0,3737.789646879292,3736.7940493431706,3700.0,3700.0,OK,21.357941410575982,0.027744913335258303,133,0.9300699300699301,iv_filter_cp_rolling_median_v2
2022-10-24,25.58824423313364,2022-11-18,2022-12-16,25.0,53.0,0.0690173171119643,0.057791453083465213,26.0,28.0,3630.3905413969155,3622.3826912395284,3600.0,3600.0,OK,25.65207576338589,0.06383153025225141,156,0.9176470588235294,iv_filter_cp_rolling_median_v2
2022-10-25,24.61952036574467,2022-11-18,2022-12-16,24.0,52.0,0.06356475500693859,0.05561524080653533,27.0,29.0,3629.372556724765,3629.2843019361844,3600.0,3600.0,OK,24.650987719025323,0.031467353280653754,176,0.9565217391304348,iv_filter_cp_rolling_median_v2
2022-10-26,22.667854608765644,2022-11-18,2022-12-16,23.0,51.0,0.05230548826422824,0.050135311775253044,27.0,29.0,3655.392259458419,3653.756642376956,3650.0,3650.0,OK,22.69421758744761,0.026362978681966354,169,0.9234972677595629,iv_filter_cp_rolling_median_v2
2022-10-27,21.918487101080174,2022-11-18,2022-12-16,22.0,50.0,0.04896028656580504,0.04703190090566024,27.0,29.0,3635.0569738453487,3634.841594251943,3600.0,3600.0,OK,21.9072964723216,0.01119062875857324,166,0.9021739130434783,iv_filter_cp_rolling_median_v2
2022-10-28,23.851773269221912,2022-11-18,2022-12-16,21.0,49.0,0.06031155830553493,0.05379565450191962,27.0,29.0,3546.274349669387,3545.3895113860885,3500.0,3500.0,OK,23.861313065570524,0.009539796348612128,172,0.9297297297297298,iv_filter_cp_rolling_median_v2
2022-10-31,26.334731513666444,2022-11-18,2022-12-16,18.0,46.0,0.07811415220714248,0.06478015074580123,29.0,31.0,3506.0056460246633,3502.2047110679882,3500.0,3500.0,OK,26.36621462584709,0.03148311218064492,178,0.9035532994923858,iv_filter_cp_rolling_median_v2
2022-11-01,23.55170523730367,2022-11-18,2022-12-16,17.0,45.0,0.05573278894855469,0.05535298403973481,29.0,31.0,3647.875887960941,3647.2925351214303,3600.0,3600.0,OK,23.57947535628583,0.027770118982161307,179,0.93717277486911,iv_filter_cp_rolling_median_v2
2022-11-02,22.01930764103054,2022-11-18,2022-12-16,16.0,44.0,0.04927941033849805,0.04819611110286605,29.0,31.0,3680.475382551256,3681.8868264608304,3650.0,3650.0,OK,22.017271265600723,0.002036375429817383,178,0.9319371727748691,iv_filter_cp_rolling_median_v2
2022-11-03,22.472058754925552,2022-11-18,2022-12-16,15.0,43.0,0.05104065131628159,0.05033569095635734,28.0,31.0,3654.2611789729317,3653.8075842448598,3650.0,3650.0,OK,22.475531289399218,0.0034725344736656893,171,0.9553072625698324,iv_filter_cp_rolling_median_v2
2022-11-04,22.869256722592482,2022-11-18,2022-12-16,14.0,42.0,0.049693911444871765,0.05295188501926224,29.0,31.0,3782.3888431788637,3785.4423924351267,3750.0,3750.0,OK,22.880707479161423,0.01145075656894079,188,0.9690721649484536,iv_filter_cp_rolling_median_v2
2022-11-07,23.449753255429098,2022-11-18,2022-12-16,11.0,39.0,0.0607684584244857,0.05421695080455947,29.0,31.0,3778.991365091959,3783.74995733892,3750.0,3750.0,OK,23.46676538196249,0.017012126533391125,185,0.9296482412060302,iv_filter_cp_rolling_median_v2
2022-11-08,22.635655911451398,2022-11-18,2022-12-16,10.0,38.0,0.05430401969194054,0.05091447839755423,26.0,31.0,3760.8218774447073,3765.4272864487552,3750.0,3750.0,OK,22.662327228148843,0.02667131669744549,174,0.93048128342246,iv_filter_cp_rolling_median_v2
2022-11-09,23.48043807426048,2022-11-18,2022-12-16,9.0,37.0,0.05628519108306774,0.055039684199662736,29.0,31.0,3715.844110307348,3722.2153104224794,3700.0,3700.0,OK,23.49527947963112,0.014841405370638938,164,0.9060773480662984,iv_filter_cp_rolling_median_v2
2022-11-10,23.533738103898425,2022-11-18,2022-12-16,8.0,36.0,0.05782071274038641,0.055235984136948774,27.0,31.0,3695.1979745175818,3698.0780697228456,3650.0,3650.0,OK,23.530203404313337,0.003534699585088674,178,0.956989247311828,iv_filter_cp_rolling_median_v2
2022-11-11,22.45768434311263,2022-11-18,2022-12-16,7.0,35.0,0.0488541382345612,0.050503481230311544,29.0,31.0,3793.5976822543907,3801.519873168839,3750.0,3800.0,OK,22.477028181323387,0.01934383821075869,176,0.8934010152284264,iv_filter_cp_rolling_median_v2
2022-11-14,23.433019185070084,2022-12-16,2022-12-16,32.0,32.0,0.05491063881278627,0.05491063881278627,31.0,31.0,3798.6218573920937,3798.6218573920937,3750.0,3750.0,WARN_NOT_BRACKET_30D,23.41123369133341,0.02178549373667238,133,0.9366197183098591,iv_filter_cp_rolling_median_v2
2022-11-15,23.73281783937964,2022-12-16,2022-12-16,31.0,31.0,0.05632466425971765,0.05632466425971765,31.0,31.0,3880.6793568838684,3880.6793568838684,3850.0,3850.0,WARN_NOT_BRACKET_30D,23.727296374772287,0.005521464607351589,134,0.9571428571428572,iv_filter_cp_rolling_median_v2
2022-11-16,23.094572192706647,2022-12-16,2022-12-16,30.0,30.0,0.053335926476413914,0.053335926476413914,31.0,31.0,3846.762313968887,3846.762313968887,3800.0,3800.0,OK,23.11713520024412,0.022563007537474533,136,0.951048951048951,iv_filter_cp_rolling_median_v2
2022-11-17,22.496938722559168,2022-12-16,2023-01-20,29.0,64.0,0.05077062370411965,0.04815549180983042,31.0,23.0,3831.688603677903,3832.2676683301556,3800.0,3800.0,OK,22.491445480443552,0.0054932421156159705,124,0.9253731343283582,iv_filter_cp_rolling_median_v2
2022-11-18,21.851362065419135,2022-12-16,2023-01-20,28.0,63.0,0.048301134525701124,0.043693366906557105,31.0,24.0,3815.19541831915,3827.92021615963,3800.0,3800.0,OK,21.853337304888942,0.001975239469807377,127,0.9694656488549618,iv_filter_cp_rolling_median_v2
2022-11-21,22.34196096631811,2022-12-16,2023-01-20,25.0,60.0,0.05157646514772105,0.04576596406786608,31.0,24.0,3781.1507997835283,3780.6391091834125,3750.0,3750.0,OK,22.367445376080376,0.02548440976226729,156,0.9341317365269461,iv_filter_cp_rolling_median_v2
2022-11-22,22.388170961152717,2022-12-16,2023-01-20,24.0,59.0,0.05207466650274288,0.046285884202260326,31.0,24.0,3776.252294455068,3773.800877416495,3750.0,3750.0,OK,22.37532440359226,0.012846557560457939,163,0.9702380952380952,iv_filter_cp_rolling_median_v2
2022-11-23,22.27849989961101,2022-12-16,2023-01-20,23.0,58.0,0.051871773482297046,0.04608224493591706,31.0,24.0,3782.796566115635,3787.2219555787556,3750.0,3750.0,OK,22.268229690175705,0.010270209435304878,162,0.9473684210526315,iv_filter_cp_rolling_median_v2
2022-11-24,22.472288085122734,2022-12-16,2023-01-20,22.0,57.0,0.053512124169838235,0.046577171228278,30.0,24.0,3763.84809340342,3770.600388214971,3750.0,3750.0,OK,22.46988993761308,0.0023981475096555016,153,0.9329268292682927,iv_filter_cp_rolling_median_v2
2022-11-25,21.912038238118786,2022-12-16,2023-01-20,21.0,56.0,0.05100956709600515,0.04476826476032356,31.0,24.0,3787.2424325376987,3792.74227858346,3750.0,3750.0,OK,21.93196890380296,0.019930665684174897,150,0.9433962264150944,iv_filter_cp_rolling_median_v2
2022-11-28,22.933093411918847,2022-12-16,2023-01-20,18.0,53.0,0.057623422156131775,0.04931794723040881,30.0,24.0,3739.0934847468234,3747.4798796182567,3700.0,3700.0,OK,22.922088654467647,0.01100475745120022,164,0.9265536723163842,iv_filter_cp_rolling_median_v2
2022-11-29,22.897254933723985,2022-12-16,2023-01-20,17.0,52.0,0.0587564886894226,0.04892740088409827,31.0,24.0,3856.0333562050632,3859.4512641908245,3850.0,3850.0,OK,22.907255509910783,0.010000576186797616,169,0.9337016574585635,iv_filter_cp_rolling_median_v2
2022-11-30,22.394734173536747,2022-12-16,2023-01-20,16.0,51.0,0.05616125241373631,0.04732472220285562,30.0,24.0,3857.4978200759133,3862.4947466177473,3850.0,3850.0,OK,22.38529524883333,0.009438924703417229,156,0.9341317365269461,iv_filter_cp_rolling_median_v2
2022-12-01,21.679405139650303,2022-12-16,2023-01-20,15.0,50.0,0.05219045421419708,0.04492334332359459,30.0,24.0,3904.749411291809,3914.57889245274,3900.0,3900.0,OK,21.68029870745253,0.0008935678022261584,170,0.96045197740113,iv_filter_cp_rolling_median_v2
2022-12-02,21.054285143525423,2022-12-16,2023-01-20,14.0,49.0,0.04859160473347978,0.042881811283043726,30.0,24.0,3883.989563721145,3894.0740932646954,3850.0,3850.0,OK,21.064014785384465,0.00972964185904246,158,0.9518072289156626,iv_filter_cp_rolling_median_v2
2022-12-05,21.203587474866936,2022-12-16,2023-01-20,11.0,46.0,0.05475308351865349,0.0429869909498536,31.0,24.0,3947.6800986322646,3955.8881764269186,3900.0,3950.0,OK,21.1981211904278,0.0054662844391373255,166,0.9325842696629213,iv_filter_cp_rolling_median_v2
2022-12-06,20.506617765699424,2022-12-16,2023-01-20,10.0,45.0,0.04984623542213198,0.04075312085163625,31.0,25.0,3968.1618706776603,3975.524538357373,3950.0,3950.0,OK,20.51800688390149,0.011389118202064452,181,0.9427083333333334,iv_filter_cp_rolling_median_v2
2022-12-07,20.42992172448402,2022-12-16,2023-01-20,9.0,44.0,0.04740083468805299,0.04096598864123641,31.0,26.0,3959.0561154963575,3970.269958355314,3950.0,3950.0,OK,20.43231004072019,0.0023883162361677535,171,0.9395604395604396,iv_filter_cp_rolling_median_v2
2022-12-08,20.020513372066645,2022-12-16,2023-01-20,8.0,43.0,0.045922848180283506,0.03943998323019656,31.0,26.0,3969.2777670059954,3975.536193844347,3950.0,3950.0,OK,20.032643271752,0.012129899685355383,162,0.9204545454545454,iv_filter_cp_rolling_median_v2
2022-12-09,19.372676501264248,2022-12-16,2023-01-20,7.0,42.0,0.04422409885047683,0.03694796910241898,31.0,25.0,4000.212829852546,4008.844706549831,4000.0,4000.0,OK,19.354342855583106,0.018333645681142485,164,0.8913043478260869,iv_filter_cp_rolling_median_v2
2022-12-12,19.77656036771516,2023-01-20,2023-01-20,39.0,39.0,0.039111233997788195,0.039111233997788195,26.0,26.0,3969.650985367057,3969.650985367057,3950.0,3950.0,WARN_NOT_BRACKET_30D,19.762931070324846,0.013629297390313155,108,0.9557522123893806,iv_filter_cp_rolling_median_v2
2022-12-13,19.691320648496962,2023-01-20,2023-01-20,38.0,38.0,0.03877481088819228,0.03877481088819228,26.0,26.0,3963.8297691344237,3963.8297691344237,3950.0,3950.0,WARN_NOT_BRACKET_30D,19.70968138194021,0.018360733443248733,115,0.9663865546218487,iv_filter_cp_rolling_median_v2
2022-12-14,19.66119314999081,2023-01-20,2023-01-20,37.0,37.0,0.03865625160812456,0.03865625160812456,26.0,26.0,3971.4882952957814,3971.4882952957814,3950.0,3950.0,WARN_NOT_BRACKET_30D,19.66083623806506,0.000356911925752712,115,0.9349593495934959,iv_filter_cp_rolling_median_v2
2022-12-15,19.06197014872281,2023-01-20,2023-01-20,36.0,36.0,0.036335870595079964,0.036335870595079964,26.0,26.0,3967.300584690947,3967.300584690947,3950.0,3950.0,WARN_NOT_BRACKET_30D,19.06365076848831,0.0016806197654979371,111,0.9487179487179487,iv_filter_cp_rolling_median_v2
2022-12-16,18.176002901742745,2023-01-20,2023-01-20,35.0,35.0,0.033036708148416076,0.033036708148416076,26.0,26.0,3972.0155401343204,3972.0155401343204,3950.0,3950.0,WARN_NOT_BRACKET_30D,18.09771632307633,0.07828657866641464,118,0.8872180451127819,iv_filter_cp_rolling_median_v2
2022-12-19,18.629545561267044,2023-01-20,2023-01-20,32.0,32.0,0.03470599678193246,0.03470599678193246,26.0,26.0,3913.8717293813083,3913.8717293813083,3900.0,3900.0,WARN_NOT_BRACKET_30D,18.642334758690552,0.01278919742350837,175,0.9408602150537635,iv_filter_cp_rolling_median_v2
2022-12-20,20.004452860935178,2023-01-20,2023-01-20,31.0,31.0,0.040017813426537756,0.040017813426537756,26.0,26.0,3853.1874394504694,3853.1874394504694,3850.0,3850.0,WARN_NOT_BRACKET_30D,20.0200768062499,0.01562394531472222,174,0.9666666666666667,iv_filter_cp_rolling_median_v2
2022-12-21,19.60087610643656,2023-01-20,2023-01-20,30.0,30.0,0.03841943441398757,0.03841943441398757,26.0,26.0,3849.799630453529,3849.799630453529,3800.0,3800.0,OK,19.59526272868405,0.005613377752506921,164,0.9761904761904762,iv_filter_cp_rolling_median_v2
2022-12-22,19.13045665909562,2023-01-20,2023-02-17,29.0,57.0,0.036861234289244545,0.03297369821590424,26.0,22.0,3855.0091045463505,3860.199869558992,3850.0,3850.0,OK,19.10502583802636,0.025430821069260645,164,0.9479768786127167,iv_filter_cp_rolling_median_v2
2022-12-23,19.654160681244612,2023-01-20,2023-02-17,28.0,56.0,0.03933581325749378,0.034031737889426664,26.0,22.0,3846.59385078571,3853.5992222475393,3800.0,3850.0,OK,19.64170254707301,0.012458134171602353,160,0.9523809523809523,iv_filter_cp_rolling_median_v2
2022-12-26,19.43796366583122,2023-01-20,2023-02-17,25.0,53.0,0.03997921898337849,0.03301902388070957,26.0,22.0,3855.8680182617704,3864.2811441055615,3850.0,3850.0,OK,19.44386595748652,0.005902291655299763,159,0.9814814814814815,iv_filter_cp_rolling_median_v2
2022-12-27,18.374177172663444,2023-01-20,2023-02-17,24.0,52.0,0.03495783717755669,0.031735687369018876,26.0,22.0,3901.2266252415375,3912.9843240815576,3900.0,3900.0,OK,18.38170806462241,0.007530891958964503,157,0.9936708860759493,iv_filter_cp_rolling_median_v2
2022-12-28,18.079929636804415,2023-01-20,2023-02-17,23.0,51.0,0.03381341137049642,0.03116629183328098,26.0,22.0,3885.9597901270613,3896.4247091047346,3850.0,3850.0,OK,18.08626770561636,0.006338068811945874,147,0.9865771812080537,iv_filter_cp_rolling_median_v2
2022-12-29,18.011745431475607,2023-01-20,2023-02-17,22.0,50.0,0.03335405690558154,0.031439361836399615,26.0,22.0,3870.373973545059,3882.2815865330945,3850.0,3850.0,OK,18.02461254712587,0.012867115650262662,153,0.95625,iv_filter_cp_rolling_median_v2
2022-12-30,17.32676528863315,2023-01-20,2023-02-17,21.0,49.0,0.030239808366836953,0.029824324880934675,26.0,22.0,3884.557697887997,3894.9840659979027,3850.0,3850.0,OK,17.31328665574238,0.013478632890770115,162,0.9878048780487805,iv_filter_cp_rolling_median_v2
2023-01-03,17.53845229738058,2023-01-20,2023-02-17,17.0,45.0,0.033201379138075096,0.02969542269186386,26.0,22.0,3896.8080276896794,3907.565591875769,3850.0,3900.0,OK,17.571421989642804,0.032969692262224015,159,0.9520958083832335,iv_filter_cp_rolling_median_v2
2023-01-04,17.310771080732152,2023-01-20,2023-02-17,16.0,44.0,0.032103095916969505,0.029189255404217365,25.0,22.0,3898.602321143219,3907.8215070210326,3850.0,3900.0,OK,17.29624928197355,0.014521798758600823,149,0.93125,iv_filter_cp_rolling_median_v2
2023-01-05,17.16543163292363,2023-01-20,2023-02-17,15.0,43.0,0.0305650628289166,0.029132688949621066,26.0,22.0,3973.717104878306,3982.885166039522,3950.0,3950.0,OK,17.17133632358278,0.005904690659146894,159,0.9034090909090909,iv_filter_cp_rolling_median_v2
2023-01-06,17.259780232774876,2023-01-20,2023-02-17,14.0,42.0,0.029359579337202617,0.02989760687616014,25.0,22.0,3991.0917457398837,4000.7689424658006,3950.0,4000.0,OK,17.269989068337345,0.010208835562469432,171,0.95,iv_filter_cp_rolling_median_v2
2023-01-09,18.537639171654895,2023-01-20,2023-02-17,11.0,39.0,0.03700242170671734,0.03401195924419272,26.0,22.0,4013.8403406472485,4026.2442042216594,4000.0,4000.0,OK,18.50125261807606,0.036386553578836356,170,0.9444444444444444,iv_filter_cp_rolling_median_v2
2023-01-10,18.19688744613968,2023-01-20,2023-02-17,10.0,38.0,0.034233834920860524,0.03299465404663044,21.0,23.0,4020.0749841252405,4029.925006800349,4000.0,4000.0,OK,18.222261568904948,0.025374122765267515,168,0.9333333333333333,iv_filter_cp_rolling_median_v2
2023-01-11,17.602620138965165,2023-01-20,2023-02-17,9.0,37.0,0.03025027175564515,0.03104481426378034,26.0,23.0,4017.727316399389,4028.3519029322943,4000.0,4000.0,OK,17.62871638557879,0.026096246613626306,176,0.9617486338797814,iv_filter_cp_rolling_median_v2
2023-01-12,17.551875605675594,2023-01-20,2023-02-17,8.0,36.0,0.03016212838660049,0.030845906778687388,27.0,23.0,4024.9889165262457,4033.914398572549,4000.0,4000.0,OK,17.53806245412455,0.013813151551044456,165,0.9649122807017544,iv_filter_cp_rolling_median_v2
2023-01-13,17.000092223337628,2023-01-20,2023-02-17,7.0,35.0,0.02556953197743262,0.029045130150753485,27.0,23.0,4086.5618979193423,4093.9014498360452,4050.0,4050.0,OK,16.977718250462463,0.022373972875165293,163,0.8858695652173914,iv_filter_cp_rolling_median_v2
2023-01-16,18.603033136733217,2023-02-17,2023-02-17,32.0,32.0,0.034607284188639405,0.034607284188639405,24.0,24.0,4163.407054370992,4163.407054370992,4150.0,4150.0,WARN_NOT_BRACKET_30D,18.64705080891595,0.04401767218273278,133,0.910958904109589,iv_filter_cp_rolling_median_v2
2023-01-17,19.075881153981605,2023-02-17,2023-02-17,31.0,31.0,0.03638892418008306,0.03638892418008306,26.0,26.0,4161.930457533925,4161.930457533925,4150.0,4150.0,WARN_NOT_BRACKET_30D,19.076710636781176,0.0008294827995705134,138,0.9857142857142858,iv_filter_cp_rolling_median_v2
2023-01-18,19.542453016861877,2023-02-17,2023-02-17,30.0,30.0,0.038190746991625384,0.038190746991625384,26.0,26.0,4151.896694126783,4151.896694126783,4150.0,4150.0,OK,19.55688098295172,0.014427966089844091,134,1.0,iv_filter_cp_rolling_median_v2
2023-01-19,19.93130937866554,2023-02-17,2023-03-17,29.0,57.0,0.039545218925231315,0.042205077887415156,26.0,32.0,4182.7204282051025,4192.0729886185445,4150.0,4150.0,OK,19.94123427856031,0.009924899894770078,134,0.8993288590604027,iv_filter_cp_rolling_median_v2
2023-01-20,19.12540730564424,2023-02-17,2023-03-17,28.0,56.0,0.03582820292387174,0.04145258444992633,26.0,32.0,4194.574881744649,4210.018560723267,4150.0,4200.0,OK,19.15093548482024,0.02552817917599981,144,0.9795918367346939,iv_filter_cp_rolling_median_v2
2023-01-30,19.045495833988756,2023-02-17,2023-03-17,18.0,46.0,0.03557875140450989,0.03663535537454661,26.0,32.0,4207.502842843435,4223.03208900426,4200.0,4200.0,OK,19.07605868159202,0.030562847603263776,172,0.9555555555555556,iv_filter_cp_rolling_median_v2
2023-01-31,18.438195368414963,2023-02-17,2023-03-17,17.0,45.0,0.033676131644846063,0.034136441880079894,27.0,33.0,4174.812535808084,4188.820369253102,4150.0,4150.0,OK,18.494315978535987,0.05612061012102387,166,0.9222222222222223,iv_filter_cp_rolling_median_v2
2023-02-01,18.780167406665,2023-02-17,2023-03-17,16.0,44.0,0.035795861804208164,0.035078053137882814,26.0,33.0,4202.378187931753,4213.1901107431695,4200.0,4200.0,OK,18.823002095222684,0.04283468855768291,153,0.8547486033519553,iv_filter_cp_rolling_median_v2
2023-02-02,18.818236495293515,2023-02-17,2023-03-17,15.0,43.0,0.03511631878848641,0.03550217661835671,26.0,33.0,4187.894162394437,4193.984238979201,4150.0,4150.0,OK,18.86405299569721,0.04581650040369567,162,0.9204545454545454,iv_filter_cp_rolling_median_v2
2023-02-03,19.113198834709095,2023-02-17,2023-03-17,14.0,42.0,0.03624564264572339,0.0366028855504598,27.0,33.0,4142.075026245108,4147.3552493723055,4100.0,4100.0,OK,19.174665659519867,0.061466824810771925,172,0.9247311827956989,iv_filter_cp_rolling_median_v2
2023-02-06,19.502570980056202,2023-02-17,2023-03-17,11.0,39.0,0.041466520822934255,0.03757656885887781,27.0,33.0,4085.2732760054623,4089.5734514511873,4050.0,4050.0,OK,19.54901159079367,0.046440610737466415,169,0.9441340782122905,iv_filter_cp_rolling_median_v2
2023-02-07,18.93254568864023,2023-02-17,2023-03-17,10.0,38.0,0.037906866106392545,0.035626998364071544,24.0,33.0,4095.494683797955,4098.195858510816,4050.0,4050.0,OK,18.98944799362695,0.05690230498672122,166,0.9222222222222223,iv_filter_cp_rolling_median_v2
2023-02-08,18.0749720482124,2023-02-17,2023-03-17,9.0,37.0,0.03358577265243867,0.03259624703290059,27.0,32.0,4078.5247937662793,4086.7703778004575,4050.0,4050.0,OK,18.209511789138755,0.1345397409263569,155,0.9226190476190477,iv_filter_cp_rolling_median_v2
2023-02-09,17.845645920493247,2023-02-17,2023-03-17,8.0,36.0,0.03183683522190466,0.03184730617196519,23.0,33.0,4135.470512130277,4145.236706925687,4100.0,4100.0,OK,17.897067452851925,0.051421532358677524,157,0.9345238095238095,iv_filter_cp_rolling_median_v2
2023-02-10,17.486957923854593,2023-02-17,2023-03-17,7.0,35.0,0.02931345416570948,0.030634409550777248,26.0,33.0,4105.604657160891,4116.481497388014,4100.0,4100.0,OK,17.536507503219482,0.04954957936488924,155,0.9011627906976745,iv_filter_cp_rolling_median_v2
2023-02-13,18.042278404738386,2023-03-17,2023-03-17,32.0,32.0,0.03255238100340892,0.03255238100340892,33.0,33.0,4146.351765378737,4146.351765378737,4100.0,4100.0,WARN_NOT_BRACKET_30D,18.105831681031507,0.06355327629312058,121,0.8705035971223022,iv_filter_cp_rolling_median_v2
2023-02-14,18.003462651941142,2023-03-17,2023-03-17,31.0,31.0,0.032412466745983956,0.032412466745983956,33.0,33.0,4155.91133960192,4155.91133960192,4150.0,4150.0,WARN_NOT_BRACKET_30D,18.0575587622528,0.05409611031165795,120,0.967741935483871,iv_filter_cp_rolling_median_v2
2023-02-15,17.594755723883708,2023-03-17,2023-03-17,30.0,30.0,0.03095754289831384,0.03095754289831384,32.0,32.0,4129.050311026034,4129.050311026034,4100.0,4100.0,OK,17.662085657789465,0.06732993390575714,114,0.9743589743589743,iv_filter_cp_rolling_median_v2
2023-02-16,18.250392382681426,2023-03-17,2023-04-21,29.0,64.0,0.03364492097840175,0.028112097470135527,33.0,21.0,4100.587344387631,4108.12011682658,4100.0,4100.0,OK,18.30599798081714,0.05560559813571331,120,0.8955223880597015,iv_filter_cp_rolling_median_v2
2023-02-17,18.08385707155759,2023-03-17,2023-04-21,28.0,63.0,0.03341016959514843,0.02751366178934769,33.0,21.0,4039.109494879729,4045.892289573358,4000.0,4000.0,OK,18.152752247146573,0.06889517558898461,121,0.9236641221374046,iv_filter_cp_rolling_median_v2
2023-02-20,18.04746687995976,2023-03-17,2023-04-21,25.0,60.0,0.03399183571827972,0.029019281978436264,33.0,22.0,4144.140668816735,4145.383231448531,4100.0,4100.0,OK,18.056773255730267,0.009306375770506747,149,0.8869047619047619,iv_filter_cp_rolling_median_v2
2023-02-21,18.091588931028756,2023-03-17,2023-04-21,24.0,59.0,0.034396984089551996,0.029454197821612,33.0,22.0,4151.196794666173,4153.2056952561825,4150.0,4150.0,OK,18.11615508592272,0.02456615489396441,157,0.9401197604790419,iv_filter_cp_rolling_median_v2
2023-02-22,17.850795628985537,2023-03-17,2023-04-21,23.0,58.0,0.03338574464399274,0.029453018302927642,33.0,22.0,4110.863474010522,4114.39564709323,4100.0,4100.0,OK,17.870930598772368,0.020134969786830936,144,0.935064935064935,iv_filter_cp_rolling_median_v2
2023-02-23,17.487247614037198,2023-03-17,2023-04-21,22.0,57.0,0.03223866211670799,0.028420256052003663,33.0,22.0,4109.795860526384,4111.240925193236,4100.0,4100.0,OK,17.521923661392208,0.03467604735500984,135,0.9375,iv_filter_cp_rolling_median_v2
2023-02-24,17.580064778103857,2023-03-17,2023-04-21,21.0,56.0,0.03256404027630838,0.029109514201150887,33.0,22.0,4066.083390091004,4070.024659305483,4050.0,4050.0,OK,17.621906149406605,0.04184137130274834,153,0.9386503067484663,iv_filter_cp_rolling_median_v2
2023-02-27,18.224593508732266,2023-03-17,2023-04-21,18.0,53.0,0.03710593996122547,0.030679875400468414,32.0,22.0,4053.360759578602,4054.632041171125,4050.0,4050.0,OK,18.26440910134629,0.03981559261402268,158,0.9575757575757575,iv_filter_cp_rolling_median_v2
2023-02-28,17.401654903877063,2023-03-17,2023-04-21,17.0,52.0,0.03246332165914311,0.02907480030445485,33.0,22.0,4084.4809384082346,4086.979229724533,4050.0,4050.0,OK,17.42142266849068,0.01976776461361851,141,0.9276315789473685,iv_filter_cp_rolling_median_v2
2023-03-01,17.301191260067338,2023-03-17,2023-04-21,16.0,51.0,0.03271998813466782,0.028621655439190194,33.0,22.0,4136.04351635966,4140.564319679713,4100.0,4100.0,OK,17.34051116856068,0.03931990849334355,150,0.9036144578313253,iv_filter_cp_rolling_median_v2
2023-03-02,17.26840228364494,2023-03-17,2023-04-21,15.0,50.0,0.032130919932543724,0.02889531246715364,32.0,22.0,4128.308855303711,4131.508414867662,4100.0,4100.0,OK,17.299144932362818,0.03074264871787946,144,0.9473684210526315,iv_filter_cp_rolling_median_v2
2023-03-03,17.124012885456775,2023-03-17,2023-04-21,14.0,49.0,0.031882270344628955,0.028454919521637898,32.0,22.0,4133.877710890156,4140.169045412073,4100.0,4100.0,OK,17.14389182658429,0.01987894112751576,151,0.967948717948718,iv_filter_cp_rolling_median_v2
2023-03-06,17.13222069818321,2023-03-17,2023-04-21,11.0,46.0,0.03425420911343259,0.028363984818555923,33.0,22.0,4105.278174349135,4112.724811250385,4100.0,4100.0,OK,17.14015073681195,0.007930038628739311,147,0.9607843137254902,iv_filter_cp_rolling_median_v2
2023-03-07,17.37682232758863,2023-03-17,2023-04-21,10.0,45.0,0.03794914270114946,0.028903104207009745,32.0,22.0,4048.162322532646,4053.954569427594,4000.0,4050.0,OK,17.405076592268202,0.02825426467957115,160,0.9090909090909091,iv_filter_cp_rolling_median_v2
2023-03-08,17.18031093573841,2023-03-17,2023-04-21,9.0,44.0,0.03520796657768017,0.028740173176754175,32.0,22.0,4035.4964558556135,4040.8275669756144,4000.0,4000.0,OK,17.206382032040654,0.02607109630224258,157,0.9515151515151515,iv_filter_cp_rolling_median_v2
2023-03-09,16.995745636318542,2023-03-17,2023-04-21,8.0,43.0,0.034457385130328734,0.028272987070361612,31.0,22.0,4021.977241974144,4028.3437565414597,4000.0,4000.0,OK,17.00704124883695,0.011295612518406273,159,0.9085714285714286,iv_filter_cp_rolling_median_v2
2023-03-10,17.510778936043575,2023-03-17,2023-04-21,7.0,42.0,0.03834699897518536,0.029994541279004243,31.0,22.0,3965.866172268462,3974.266661668349,3950.0,3950.0,OK,17.513433840993386,0.002654904949810799,160,0.9248554913294798,iv_filter_cp_rolling_median_v2
2023-03-13,17.43409905639228,2023-04-21,2023-04-21,39.0,39.0,0.030394780990809816,0.030394780990809816,23.0,23.0,4013.9513826648463,4013.9513826648463,4000.0,4000.0,WARN_NOT_BRACKET_30D,17.463920627800057,0.029821571407776304,109,0.9478260869565217,iv_filter_cp_rolling_median_v2
2023-03-14,17.730062870777154,2023-04-21,2023-04-21,38.0,38.0,0.031435512940171065,0.031435512940171065,23.0,23.0,3995.388520096062,3995.388520096062,3950.0,3950.0,WARN_NOT_BRACKET_30D,17.777142525689886,0.04707965491273214,115,0.9663865546218487,iv_filter_cp_rolling_median_v2
2023-03-15,16.896192068177413,2023-04-21,2023-04-21,37.0,37.0,0.02854813064047413,0.02854813064047413,23.0,23.0,3990.577126679067,3990.577126679067,3950.0,3950.0,WARN_NOT_BRACKET_30D,16.9056470494798,0.009454981302386756,110,0.9401709401709402,iv_filter_cp_rolling_median_v2
2023-03-16,17.676766073701618,2023-04-21,2023-04-21,36.0,36.0,0.031246805882436855,0.031246805882436855,23.0,23.0,3943.985774505349,3943.985774505349,3900.0,3900.0,WARN_NOT_BRACKET_30D,17.71890077129031,0.04213469758869337,114,0.9193548387096774,iv_filter_cp_rolling_median_v2
2023-03-17,16.729232465536402,2023-04-21,2023-04-21,35.0,35.0,0.027986721888595724,0.027986721888595724,24.0,24.0,3967.4401833212432,3967.4401833212432,3950.0,3950.0,WARN_NOT_BRACKET_30D,16.73525022900607,0.0060177634696678695,113,0.9338842975206612,iv_filter_cp_rolling_median_v2
2023-03-20,17.640796693983816,2023-04-21,2023-04-21,32.0,32.0,0.031119770799847037,0.031119770799847037,24.0,24.0,3947.180418527276,3947.180418527276,3900.0,3900.0,WARN_NOT_BRACKET_30D,17.668985577626067,0.028188883642251028,156,0.9570552147239264,iv_filter_cp_rolling_median_v2
2023-03-21,16.73661124531734,2023-04-21,2023-04-21,31.0,31.0,0.028011415597688296,0.028011415597688296,24.0,24.0,3987.644156885314,3987.644156885314,3950.0,3950.0,WARN_NOT_BRACKET_30D,16.727830677785267,0.008780567532074457,149,0.9867549668874173,iv_filter_cp_rolling_median_v2
2023-03-22,16.38243391151469,2023-04-21,2023-04-21,30.0,30.0,0.026838414086514648,0.026838414086514648,24.0,24.0,4004.2073682389323,4004.2073682389323,4000.0,4000.0,OK,16.373384208970602,0.009049702544086102,155,0.9748427672955975,iv_filter_cp_rolling_median_v2
2023-03-23,15.421048258725326,2023-04-21,2023-05-19,29.0,57.0,0.023761704576994298,0.024044185712983043,24.0,23.0,4044.550771889498,4044.6108123425993,4000.0,4000.0,OK,15.41366552892716,0.007382729798166565,154,0.9506172839506173,iv_filter_cp_rolling_median_v2
2023-03-24,15.20958682928216,2023-04-21,2023-05-19,28.0,56.0,0.023051137855503542,0.023666252577331917,24.0,23.0,4039.578086604129,4040.9864585304977,4000.0,4000.0,OK,15.236558521948998,0.026971692666839076,145,0.9731543624161074,iv_filter_cp_rolling_median_v2
2023-03-27,15.769866480774178,2023-04-21,2023-05-19,25.0,53.0,0.02504308293867319,0.024490857250053937,24.0,23.0,4020.174674372618,4020.806925665116,4000.0,4000.0,OK,15.778462787353616,0.008596306579438107,154,0.9565217391304348,iv_filter_cp_rolling_median_v2
2023-03-28,15.639222004217551,2023-04-21,2023-05-19,24.0,52.0,0.024639830983540247,0.024151703500178697,24.0,23.0,4010.944040902181,4012.5887556864486,4000.0,4000.0,OK,15.633914760714108,0.00530724350344336,145,0.9666666666666667,iv_filter_cp_rolling_median_v2
2023-03-29,15.740970526035841,2023-04-21,2023-05-19,23.0,51.0,0.02486416535489999,0.02466098877902452,24.0,23.0,4011.3868524497593,4014.4772940912308,4000.0,4000.0,OK,15.735990047479405,0.004980478556436907,152,0.9620253164556962,iv_filter_cp_rolling_median_v2
2023-03-30,15.621463623604779,2023-04-21,2023-05-19,22.0,50.0,0.024101826802743007,0.024734316923140237,24.0,23.0,4053.5089072073006,4052.7851480965396,4050.0,4050.0,OK,15.585636774256342,0.03582684934843705,151,0.9207317073170732,iv_filter_cp_rolling_median_v2
2023-03-31,15.448792472076558,2023-04-21,2023-05-19,21.0,49.0,0.024056716138870542,0.02369443565441033,24.0,23.0,4063.36841831594,4067.2558584672174,4050.0,4050.0,OK,15.417368784527632,0.03142368754892644,157,0.9573170731707317,iv_filter_cp_rolling_median_v2
2023-04-03,15.787309639889255,2023-04-21,2023-05-19,18.0,46.0,0.025845512802781814,0.02444308070420473,24.0,23.0,4093.393227368582,4097.803245565334,4050.0,4050.0,OK,15.802044107161828,0.014734467272573326,150,0.9036144578313253,iv_filter_cp_rolling_median_v2
2023-04-04,16.05875805481971,2023-04-21,2023-05-19,17.0,45.0,0.027226538881011578,0.025161477346075118,24.0,23.0,4112.762496008784,4113.841769451893,4100.0,4100.0,OK,16.04272421842909,0.01603383639061917,148,0.891566265060241,iv_filter_cp_rolling_median_v2
2023-04-06,16.23063700281003,2023-04-21,2023-05-19,15.0,43.0,0.028561927636282777,0.025672627321475506,24.0,23.0,4097.733761796263,4102.44688910307,4050.0,4100.0,OK,16.22770637699898,0.0029306258110501915,147,0.9483870967741935,iv_filter_cp_rolling_median_v2
2023-04-07,15.673151823156587,2023-04-21,2023-05-19,14.0,42.0,0.02609126456345893,0.02418314486809984,24.0,23.0,4129.709590482478,4134.937773559793,4100.0,4100.0,OK,15.669932488567168,0.0032193345894189207,164,0.9534883720930233,iv_filter_cp_rolling_median_v2
2023-04-10,15.717166947812103,2023-04-21,2023-05-19,11.0,39.0,0.027408836694801184,0.024341416280577663,24.0,23.0,4112.310843054837,4120.178979742815,4100.0,4100.0,OK,15.719068783385987,0.0019018355738840143,150,0.9493670886075949,iv_filter_cp_rolling_median_v2
2023-04-11,15.236070584026715,2023-04-21,2023-05-19,10.0,38.0,0.02440886081435205,0.02308798719675414,23.0,23.0,4104.260791220895,4108.996058670023,4100.0,4100.0,OK,15.240391150967286,0.004320566940570814,159,0.9244186046511628,iv_filter_cp_rolling_median_v2
2023-04-12,14.901830535845551,2023-04-21,2023-05-19,9.0,37.0,0.023596385151732232,0.022093758319487528,24.0,23.0,4097.338391329079,4103.95339292823,4050.0,4100.0,OK,14.917989885095368,0.016159349249816657,148,0.9367088607594937,iv_filter_cp_rolling_median_v2
2023-04-13,14.557162445691176,2023-04-21,2023-05-19,8.0,36.0,0.021585729916222138,0.021167180751921245,24.0,23.0,4074.7340834312727,4082.90281538992,4050.0,4050.0,OK,14.56165253721378,0.004490091522603379,163,0.9367816091954023,iv_filter_cp_rolling_median_v2
2023-04-14,14.095583158777522,2023-04-21,2023-05-19,7.0,35.0,0.020046100592752303,0.01986082671363816,24.0,23.0,4094.4036533558883,4099.674374086365,4050.0,4050.0,OK,14.107768102329045,0.012184943551522665,145,0.9177215189873418,iv_filter_cp_rolling_median_v2
2023-04-17,15.149133417926006,2023-05-19,2023-05-19,32.0,32.0,0.02294962433141225,0.02294962433141225,23.0,23.0,4162.756706077135,4162.756706077135,4150.0,4150.0,WARN_NOT_BRACKET_30D,15.135396724208452,0.01373669371755426,114,0.9047619047619048,iv_filter_cp_rolling_median_v2
2023-04-18,14.618246991366867,2023-05-19,2023-05-19,31.0,31.0,0.02136931451006065,0.02136931451006065,23.0,23.0,4169.956048621483,4169.956048621483,4150.0,4150.0,WARN_NOT_BRACKET_30D,14.583662787180938,0.034584204185929224,125,0.9541984732824428,iv_filter_cp_rolling_median_v2
2023-04-19,14.247462598345892,2023-05-19,2023-05-19,30.0,30.0,0.020299019049126506,0.020299019049126506,23.0,23.0,4138.508266843124,4138.508266843124,4100.0,4100.0,OK,14.245760513617912,0.001702084727980946,115,0.9583333333333334,iv_filter_cp_rolling_median_v2
2023-04-20,14.102070997972508,2023-05-19,2023-06-16,29.0,57.0,0.0196155752607855,0.023613170369841504,23.0,29.0,4118.653034507986,4112.168598871283,4100.0,4100.0,OK,14.10302150297697,0.0009505050044626984,121,0.952755905511811,iv_filter_cp_rolling_median_v2
2023-04-21,15.152640235290605,2023-05-19,2023-06-16,28.0,56.0,0.02261751417897775,0.02518803741175534,23.0,29.0,4044.1544803040824,4037.019901403502,4000.0,4000.0,OK,15.1758747413852,0.023234506094595986,124,0.9323308270676691,iv_filter_cp_rolling_median_v2
2023-04-24,16.48728894640025,2023-05-19,2023-06-16,25.0,53.0,0.02606141530351449,0.02961684804473538,23.0,29.0,3991.4916491332096,3984.7426307433534,3950.0,3950.0,OK,16.50641934891304,0.01913040251279341,153,0.9216867469879518,iv_filter_cp_rolling_median_v2
2023-04-25,17.125938277548283,2023-05-19,2023-06-16,24.0,52.0,0.028076725237642125,0.03145032395186543,23.0,29.0,3973.764620218696,3966.421139304194,3950.0,3950.0,OK,17.15309690590695,0.027158628358666448,170,0.9659090909090909,iv_filter_cp_rolling_median_v2
2023-04-26,16.87024212456905,2023-05-19,2023-06-16,23.0,51.0,0.027808466041273707,0.029342679906884737,23.0,29.0,3966.819217439828,3959.7559371759958,3950.0,3950.0,OK,16.913576068102685,0.04333394353363573,154,0.9746835443037974,iv_filter_cp_rolling_median_v2
2023-04-27,15.805196536632012,2023-05-19,2023-06-16,22.0,50.0,0.023713612793832422,0.026373915814712906,23.0,29.0,3996.6569466130472,3989.941776825453,3950.0,3950.0,OK,15.829389915088065,0.024193378456052628,150,0.8982035928143712,iv_filter_cp_rolling_median_v2
2023-04-28,14.857772252007845,2023-05-19,2023-06-16,21.0,49.0,0.020411489559180013,0.023580727787891283,23.0,29.0,4031.481530247499,4025.83480976684,4000.0,4000.0,OK,14.85457384642132,0.0031984055865237337,153,0.95625,iv_filter_cp_rolling_median_v2
2023-05-04,15.4906013619641,2023-05-19,2023-06-16,15.0,43.0,0.023443323097825628,0.024162923042740873,23.0,29.0,4032.1179119351355,4024.493028611208,4000.0,4000.0,OK,15.505221929593388,0.014620567629288317,153,0.9683544303797469,iv_filter_cp_rolling_median_v2
2023-05-05,14.880305276922238,2023-05-19,2023-06-16,14.0,42.0,0.02040122905698096,0.022577628377554733,23.0,29.0,4017.6602604411314,4009.1444959846554,4000.0,4000.0,OK,14.927416968020909,0.04711169109867086,156,0.9341317365269461,iv_filter_cp_rolling_median_v2
2023-05-08,15.512758902303775,2023-05-19,2023-06-16,11.0,39.0,0.023670351684317106,0.024117237569739575,23.0,28.0,4061.9864528863245,4050.200485406179,4050.0,4050.0,OK,15.641352199727262,0.12859329742348713,161,0.9470588235294117,iv_filter_cp_rolling_median_v2
2023-05-09,16.284011893794048,2023-05-19,2023-06-16,10.0,38.0,0.02593239029863805,0.026578432129099917,23.0,29.0,4028.7159485167494,4020.4722055038883,4000.0,4000.0,OK,16.346724987623514,0.06271309382946555,146,0.906832298136646,iv_filter_cp_rolling_median_v2
2023-05-10,16.317808583161046,2023-05-19,2023-06-16,9.0,37.0,0.02694230582100175,0.02660152946929005,23.0,29.0,4001.218643560836,3991.774768503277,4000.0,3950.0,OK,16.384689964150304,0.06688138098925833,155,0.950920245398773,iv_filter_cp_rolling_median_v2
2023-05-11,15.884563004517469,2023-05-19,2023-06-16,8.0,36.0,0.02521230770373098,0.025233123668128347,22.0,29.0,3992.3062731104596,3984.2455225720105,3950.0,3950.0,OK,15.962571024211044,0.07800801969357529,145,0.9354838709677419,iv_filter_cp_rolling_median_v2
2023-05-12,16.508179906999416,2023-05-19,2023-06-16,7.0,35.0,0.028271512252792615,0.02720767378120302,23.0,29.0,3940.5820382888805,3932.778342281962,3900.0,3900.0,OK,16.56271132143286,0.05453141443344478,151,0.8988095238095238,iv_filter_cp_rolling_median_v2
2023-05-15,15.964983098976743,2023-06-16,2023-06-16,32.0,32.0,0.0254880685350613,0.0254880685350613,29.0,29.0,3993.6641100559864,3993.6641100559864,3950.0,3950.0,WARN_NOT_BRACKET_30D,16.052482202783395,0.08749910380665149,118,0.921875,iv_filter_cp_rolling_median_v2
2023-05-16,16.25855163570613,2023-06-16,2023-06-16,31.0,31.0,0.026434050129092248,0.026434050129092248,29.0,29.0,3976.4381424884205,3976.4381424884205,3950.0,3950.0,WARN_NOT_BRACKET_30D,16.314979849348095,0.05642821364196493,114,0.9344262295081968,iv_filter_cp_rolling_median_v2
2023-05-17,16.7632775597856,2023-06-16,2023-06-16,30.0,30.0,0.028100747454641146,0.028100747454641146,29.0,29.0,3956.9003465497026,3956.9003465497026,3950.0,3950.0,OK,16.850366607794143,0.08708904800854356,117,0.9435483870967742,iv_filter_cp_rolling_median_v2
2023-05-18,16.293273090739575,2023-06-16,2023-07-21,29.0,64.0,0.02673129333108014,0.02370895807099857,29.0,21.0,3949.1633278356485,3935.5403948187864,3900.0,3900.0,OK,16.372662039844922,0.079388949105347,110,0.8870967741935484,iv_filter_cp_rolling_median_v2
2023-05-19,15.551176602162037,2023-06-16,2023-07-21,28.0,63.0,0.024496848628541883,0.021889021483719483,29.0,21.0,3942.8501667701057,3933.4546105528125,3900.0,3900.0,OK,15.670022120495958,0.1188455183339201,113,0.9262295081967213,iv_filter_cp_rolling_median_v2
2023-05-22,14.895606897266406,2023-06-16,2023-07-21,25.0,60.0,0.022998916017786374,0.020160396648795754,29.0,21.0,3960.9419472154027,3940.121060378797,3950.0,3900.0,OK,14.963527186983688,0.06792028971728215,143,0.9470198675496688,iv_filter_cp_rolling_median_v2
2023-05-23,15.852285267636992,2023-06-16,2023-07-21,24.0,59.0,0.026836459649479956,0.021773428377538828,29.0,21.0,3903.322329601103,3882.926726183952,3900.0,3850.0,OK,15.9036534539169,0.05136818627990891,139,0.9025974025974026,iv_filter_cp_rolling_median_v2
2023-05-24,16.65592406872371,2023-06-16,2023-07-21,23.0,58.0,0.02991139215554434,0.02430084517993565,29.0,21.0,3850.998645184715,3827.9237322735457,3850.0,3800.0,OK,16.705971157100485,0.050047088376775406,144,0.9056603773584906,iv_filter_cp_rolling_median_v2
2023-05-25,16.728839178087288,2023-06-16,2023-07-21,22.0,57.0,0.03023208357083538,0.025058812905232764,30.0,22.0,3838.819913691893,3816.4647399924274,3800.0,3800.0,OK,16.75466625875344,0.025827080666150692,163,0.9421965317919075,iv_filter_cp_rolling_median_v2
2023-05-26,15.599303934070447,2023-06-16,2023-07-21,21.0,56.0,0.026223879534501175,0.02228627284335408,30.0,22.0,3841.004315194923,3817.450653786845,3800.0,3800.0,OK,15.621654939125076,0.02235100505462917,159,0.9636363636363636,iv_filter_cp_rolling_median_v2
2023-05-29,15.985064662192434,2023-06-16,2023-07-21,18.0,53.0,0.029360365931031984,0.02307334778501959,30.0,22.0,3829.4676594697794,3805.101673241385,3800.0,3800.0,OK,16.040818879915612,0.055754217723178456,152,0.95,iv_filter_cp_rolling_median_v2
2023-05-30,15.754971189747504,2023-06-16,2023-07-21,17.0,52.0,0.02796117328157248,0.023085101327837507,30.0,22.0,3828.0607020825328,3804.304970897715,3800.0,3800.0,OK,15.76069815530773,0.00572696556022656,155,0.9281437125748503,iv_filter_cp_rolling_median_v2
2023-05-31,16.68463945716418,2023-06-16,2023-07-21,16.0,51.0,0.0320053160350178,0.025876497426985716,30.0,22.0,3794.1683528579238,3775.320915174942,3750.0,3750.0,OK,16.695153248156338,0.010513790992156657,151,0.937888198757764,iv_filter_cp_rolling_median_v2
2023-06-01,16.420036053543726,2023-06-16,2023-07-21,15.0,50.0,0.03148236762368659,0.025153514710479965,30.0,23.0,3800.1694741670335,3778.987225209723,3800.0,3750.0,OK,16.45555647439353,0.035520420849803,151,0.9320987654320988,iv_filter_cp_rolling_median_v2
2023-06-02,15.57405020556468,2023-06-16,2023-07-21,14.0,49.0,0.027230438261303377,0.023245615563859023,30.0,23.0,3852.629339649955,3826.161408998706,3850.0,3800.0,OK,15.627410158359698,0.05335995279501837,150,0.9036144578313253,iv_filter_cp_rolling_median_v2
2023-06-05,15.826004440032012,2023-06-16,2023-07-21,11.0,46.0,0.03084291824103323,0.02387894751241306,30.0,23.0,3837.07489774646,3813.689365351254,3800.0,3800.0,OK,15.87541221298841,0.04940777295639798,152,0.9101796407185628,iv_filter_cp_rolling_median_v2
2023-06-06,16.282974924548927,2023-06-16,2023-07-21,10.0,45.0,0.032709221262006954,0.02548091156890592,30.0,23.0,3795.340408749166,3778.5548424512476,3750.0,3750.0,OK,16.30040227614112,0.01742735159219322,146,0.8342857142857143,iv_filter_cp_rolling_median_v2
2023-06-07,16.642374134317013,2023-06-16,2023-07-21,9.0,44.0,0.03485988087763901,0.026720086337888315,30.0,23.0,3782.923911927428,3759.6042124562155,3750.0,3750.0,OK,16.669341955689504,0.026967821372490874,153,0.9386503067484663,iv_filter_cp_rolling_median_v2
2023-06-08,16.075430379638096,2023-06-16,2023-07-21,8.0,43.0,0.03203383626851464,0.025161231000620055,24.0,23.0,3811.9476219718563,3788.945702753129,3800.0,3750.0,OK,16.129282771240568,0.05385239160247224,156,0.9285714285714286,iv_filter_cp_rolling_median_v2
2023-06-09,15.546464400520646,2023-06-16,2023-07-21,7.0,42.0,0.029249278648759702,0.023727514395396523,27.0,22.0,3833.56577642596,3810.9581437250636,3800.0,3800.0,OK,15.524619204622208,0.021845195898437808,151,0.9263803680981595,iv_filter_cp_rolling_median_v2
2023-06-12,15.38795660029188,2023-07-21,2023-07-21,39.0,39.0,0.023678920833246644,0.023678920833246644,23.0,23.0,3809.821411897552,3809.821411897552,3800.0,3800.0,WARN_NOT_BRACKET_30D,15.426762067935964,0.03880546764408521,114,0.95,iv_filter_cp_rolling_median_v2
2023-06-13,14.855353183660187,2023-07-21,2023-07-21,38.0,38.0,0.02206815182112828,0.02206815182112828,23.0,23.0,3836.5515069873545,3836.5515069873545,3800.0,3800.0,WARN_NOT_BRACKET_30D,14.8615311909987,0.0061780073385140355,103,0.911504424778761,iv_filter_cp_rolling_median_v2
2023-06-14,14.803353548154721,2023-07-21,2023-07-21,37.0,37.0,0.0219139276271665,0.0219139276271665,23.0,23.0,3833.947438421918,3833.947438421918,3800.0,3800.0,WARN_NOT_BRACKET_30D,14.842403415296502,0.039049867141780936,112,0.9180327868852459,iv_filter_cp_rolling_median_v2
2023-06-15,14.230419834431085,2023-07-21,2023-07-21,36.0,36.0,0.02025048486641696,0.02025048486641696,23.0,23.0,3896.845207843077,3896.845207843077,3850.0,3850.0,WARN_NOT_BRACKET_30D,14.241538524139944,0.011118689708858653,112,0.9256198347107438,iv_filter_cp_rolling_median_v2
2023-06-16,14.275688884236368,2023-07-21,2023-07-21,35.0,35.0,0.02037952931195098,0.02037952931195098,23.0,23.0,3937.028668407528,3937.028668407528,3900.0,3900.0,WARN_NOT_BRACKET_30D,14.261141350404074,0.014547533832294235,106,0.9137931034482759,iv_filter_cp_rolling_median_v2
2023-06-19,15.025928692481791,2023-07-21,2023-07-21,32.0,32.0,0.022577853307154755,0.022577853307154755,23.0,23.0,3906.9758865782046,3906.9758865782046,3900.0,3900.0,WARN_NOT_BRACKET_30D,14.998979377608364,0.026949314873427,150,0.9554140127388535,iv_filter_cp_rolling_median_v2
2023-06-20,14.601552259260734,2023-07-21,2023-07-21,31.0,31.0,0.021320532837992224,0.021320532837992224,23.0,23.0,3897.593012641603,3897.593012641603,3850.0,3850.0,WARN_NOT_BRACKET_30D,14.566678173905586,0.034874085355147244,141,0.9337748344370861,iv_filter_cp_rolling_median_v2
2023-06-21,15.210973390875141,2023-07-21,2023-07-21,30.0,30.0,0.02313737114979116,0.02313737114979116,23.0,23.0,3840.5840631630626,3840.5840631630626,3800.0,3800.0,OK,15.223719601960642,0.012746211085501002,135,0.8823529411764706,iv_filter_cp_rolling_median_v2
2023-06-26,16.798649445604724,2023-07-21,2023-08-18,25.0,53.0,0.028947837706901017,0.026639025158575292,23.0,21.0,3796.5949846521607,3798.4363135089698,3750.0,3750.0,OK,16.814639683362348,0.01599023775762376,144,0.9411764705882353,iv_filter_cp_rolling_median_v2
2023-06-27,15.76890718745991,2023-07-21,2023-08-18,24.0,52.0,0.025054453354351948,0.024546657292907233,23.0,21.0,3819.9469442775394,3823.4488610772305,3800.0,3800.0,OK,15.770013368263186,0.001106180803276402,143,0.934640522875817,iv_filter_cp_rolling_median_v2
2023-06-28,15.689769187331615,2023-07-21,2023-08-18,23.0,51.0,0.0246946157999416,0.024511721482841493,23.0,21.0,3824.4587300820876,3825.3499488998114,3800.0,3800.0,OK,15.66720961861412,0.022559568717495537,141,0.94,iv_filter_cp_rolling_median_v2
2023-06-29,15.509222962926803,2023-07-21,2023-08-18,22.0,50.0,0.024033122020763215,0.02407612512905342,23.0,21.0,3809.5292916415683,3813.287977608257,3800.0,3800.0,OK,15.517154080794636,0.007931117867833848,136,0.9577464788732394,iv_filter_cp_rolling_median_v2
2023-06-30,15.11714576300654,2023-07-21,2023-08-18,21.0,49.0,0.022355039804623,0.02330317275200521,23.0,21.0,3832.178023774813,3836.6419011884104,3800.0,3800.0,OK,15.10363785144281,0.01350791156372999,139,0.952054794520548,iv_filter_cp_rolling_median_v2
2023-07-03,15.167333645805737,2023-07-21,2023-08-18,18.0,46.0,0.022698662621361658,0.023164525359775125,23.0,21.0,3875.2637063514176,3878.7341760809327,3850.0,3850.0,OK,15.178045599067907,0.010711953262170226,144,0.935064935064935,iv_filter_cp_rolling_median_v2
2023-07-04,14.991908625194702,2023-07-21,2023-08-18,17.0,45.0,0.022646808715131046,0.022401160705369773,23.0,20.0,3880.675476432977,3885.9661804219004,3850.0,3850.0,OK,15.004379116685088,0.012470491490386593,145,0.9415584415584416,iv_filter_cp_rolling_median_v2
2023-07-05,15.217464730616662,2023-07-21,2023-08-18,16.0,44.0,0.023354025206440702,0.023085522583234572,23.0,21.0,3853.2218100608866,3858.545323643154,3850.0,3850.0,OK,15.22748085097625,0.010016120359587433,137,0.8954248366013072,iv_filter_cp_rolling_median_v2
2023-07-06,15.625132779821097,2023-07-21,2023-08-18,15.0,43.0,0.02473044553701834,0.0243189521996787,23.0,21.0,3824.0179764394697,3828.9480016840844,3800.0,3800.0,OK,15.619171135620835,0.005961644200262128,138,0.9324324324324325,iv_filter_cp_rolling_median_v2
2023-07-07,15.960637993021736,2023-07-21,2023-08-18,14.0,42.0,0.02605807791265708,0.02532822616487185,23.0,20.0,3810.7622925396286,3816.578131012898,3800.0,3800.0,OK,15.98638855910808,0.025750566086344406,135,0.9310344827586207,iv_filter_cp_rolling_median_v2
2023-07-10,15.897139000691935,2023-07-21,2023-08-18,11.0,39.0,0.027760808056583285,0.024939377042662865,23.0,21.0,3827.1881214531586,3834.6016885285353,3800.0,3800.0,OK,15.901695104394497,0.004556103702562098,150,0.9493670886075949,iv_filter_cp_rolling_median_v2
2023-07-11,15.268977440063733,2023-07-21,2023-08-18,10.0,38.0,0.024588161515072086,0.023180062542459145,23.0,21.0,3854.453977275003,3858.2753506272165,3850.0,3850.0,OK,15.28442838063814,0.015450940574407213,132,0.9361702127659575,iv_filter_cp_rolling_median_v2
2023-07-12,15.41682558924862,2023-07-21,2023-08-18,9.0,37.0,0.026626442890894726,0.023536073414177305,21.0,21.0,3831.9841858287255,3837.506365166731,3800.0,3800.0,OK,15.409851842127392,0.0069737471212292235,135,0.9310344827586207,iv_filter_cp_rolling_median_v2
2023-07-13,14.99199962202851,2023-07-21,2023-08-18,8.0,36.0,0.023757645253337036,0.022398330115984435,22.0,21.0,3895.198122917611,3902.1718701014347,3850.0,3900.0,OK,15.007813390992856,0.015813768964346053,141,0.9038461538461539,iv_filter_cp_rolling_median_v2
2023-07-14,14.799195347594782,2023-07-21,2023-08-18,7.0,35.0,0.02454106210985666,0.021786859866834513,21.0,21.0,3893.725320843759,3901.595763777817,3850.0,3900.0,OK,14.8115208575757,0.012325509980916749,136,0.912751677852349,iv_filter_cp_rolling_median_v2
2023-07-17,14.95815399547874,2023-08-18,2023-08-18,32.0,32.0,0.02237463709524566,0.02237463709524566,21.0,21.0,3868.5415062342786,3868.5415062342786,3850.0,3850.0,WARN_NOT_BRACKET_30D,14.97986925154901,0.021715256070269362,110,0.9649122807017544,iv_filter_cp_rolling_median_v2
2023-07-18,15.008964834446822,2023-08-18,2023-08-18,31.0,31.0,0.022526902540166132,0.022526902540166132,21.0,21.0,3862.0211206471504,3862.0211206471504,3850.0,3850.0,WARN_NOT_BRACKET_30D,15.04170443949651,0.03273960504968798,106,0.9380530973451328,iv_filter_cp_rolling_median_v2
2023-07-19,15.552967182602979,2023-08-18,2023-08-18,30.0,30.0,0.024189478818312522,0.024189478818312522,21.0,21.0,3860.1142806093285,3860.1142806093285,3850.0,3850.0,OK,15.575101190571782,0.022134007968803715,109,0.956140350877193,iv_filter_cp_rolling_median_v2
2023-07-20,15.778510322797532,2023-08-18,2023-09-15,29.0,57.0,0.02468542564810054,0.02779067210691317,21.0,27.0,3833.3881886012027,3837.8730355692564,3800.0,3800.0,OK,15.77934778276894,0.0008374599714091602,102,0.8869565217391304,iv_filter_cp_rolling_median_v2
2023-07-21,15.30439781158969,2023-08-18,2023-09-15,28.0,56.0,0.0230038714704434,0.0261432797236614,21.0,27.0,3837.293171462578,3844.223113488056,3800.0,3800.0,OK,15.357535563426284,0.053137751836594305,106,0.9464285714285714,iv_filter_cp_rolling_median_v2
2023-07-24,15.920370793235783,2023-08-18,2023-09-15,25.0,53.0,0.024616092409103275,0.026929193151212352,21.0,27.0,3814.874771532762,3824.6379321175446,3800.0,3800.0,OK,15.932177470490563,0.01180667725478024,128,0.9552238805970149,iv_filter_cp_rolling_median_v2
2023-07-25,15.414486649337524,2023-08-18,2023-09-15,24.0,52.0,0.022601669080446255,0.025721975042253774,21.0,27.0,3926.7819271762373,3930.879743248874,3900.0,3900.0,OK,15.45709080762324,0.042604158285715954,132,0.9361702127659575,iv_filter_cp_rolling_median_v2
2023-07-26,15.57110102678407,2023-08-18,2023-09-15,23.0,51.0,0.02288495509012564,0.026087222451316127,21.0,27.0,3918.423812423952,3925.0726773878173,3900.0,3900.0,OK,15.62217111379019,0.051070087006118925,122,0.9312977099236641,iv_filter_cp_rolling_median_v2
2023-07-27,15.222788627731425,2023-08-18,2023-09-15,22.0,50.0,0.0212954005213118,0.025239051083520765,21.0,27.0,3908.9728674615635,3915.4438715045403,3900.0,3900.0,OK,15.264677483849942,0.04188885611851667,123,0.8978102189781022,iv_filter_cp_rolling_median_v2
2023-07-28,16.710831890290628,2023-08-18,2023-09-15,21.0,49.0,0.026983533722490485,0.028777165196899882,21.0,27.0,4006.6077471569947,4014.1350674213386,4000.0,4000.0,OK,16.76358029142041,0.05274840112978296,133,0.8986486486486487,iv_filter_cp_rolling_median_v2
2023-07-31,18.320807611024666,2023-08-18,2023-09-15,18.0,46.0,0.03395606180532712,0.03336127081116097,21.0,27.0,4027.377517303862,4047.17464130038,4000.0,4000.0,OK,18.36264668065298,0.0418390696283133,145,0.9235668789808917,iv_filter_cp_rolling_median_v2
2023-08-01,17.856212813947977,2023-08-18,2023-09-15,17.0,45.0,0.03210859066761199,0.03178672411717425,22.0,28.0,4010.408939505609,4023.860713513754,4000.0,4000.0,OK,17.92183311150971,0.0656202975617326,135,0.9375,iv_filter_cp_rolling_median_v2
2023-08-02,18.158592278992515,2023-08-18,2023-09-15,16.0,44.0,0.032616339537924,0.0331033047436667,22.0,28.0,3980.9850023030563,3994.586590767158,3950.0,3950.0,OK,18.203987765565905,0.04539548657339054,135,0.9310344827586207,iv_filter_cp_rolling_median_v2
2023-08-03,18.249574498009345,2023-08-18,2023-09-15,15.0,43.0,0.033335815177652176,0.033295289095291225,21.0,27.0,4012.408975198641,4023.0650030487027,4000.0,4000.0,OK,18.33611485591761,0.08654035790826597,126,0.9264705882352942,iv_filter_cp_rolling_median_v2
2023-08-04,18.319641311397234,2023-08-18,2023-09-15,14.0,42.0,0.033216082400002546,0.03364713662228089,22.0,28.0,4027.385553675203,4041.3281762167926,4000.0,4000.0,OK,18.407688319346576,0.08804700794934206,154,0.9625,iv_filter_cp_rolling_median_v2
2023-08-07,19.099847421795012,2023-08-18,2023-09-15,11.0,39.0,0.03829826854833228,0.036237546319468905,22.0,28.0,4005.803002997889,4018.6398262955954,4000.0,4000.0,OK,19.163906844758053,0.0640594229630409,132,0.9166666666666666,iv_filter_cp_rolling_median_v2
2023-08-08,18.879454227993776,2023-08-18,2023-09-15,10.0,38.0,0.03857867265601085,0.03533440093560493,22.0,28.0,3991.796057596619,4009.4194190899793,3950.0,4000.0,OK,18.96064920020586,0.08119497221208505,140,0.958904109589041,iv_filter_cp_rolling_median_v2
2023-08-09,19.246185524304558,2023-08-18,2023-09-15,9.0,37.0,0.04123548840853682,0.03670151793832947,22.0,28.0,3984.593224197476,4000.8015961245733,3950.0,4000.0,OK,19.32843486393988,0.08224933963532166,134,0.9436619718309859,iv_filter_cp_rolling_median_v2
2023-08-10,19.326190993120036,2023-08-18,2023-09-15,8.0,36.0,0.04008951772015599,0.03718414450359476,22.0,28.0,3982.447883517778,4001.4027001742625,3950.0,4000.0,OK,19.40489283337393,0.07870184025389193,139,0.8853503184713376,iv_filter_cp_rolling_median_v2
2023-08-11,19.364633113965844,2023-08-18,2023-09-15,7.0,35.0,0.040274391756303665,0.03737822807722185,22.0,28.0,3885.7951598931136,3900.816317002535,3850.0,3900.0,OK,19.43576094305948,0.07112782909363702,145,0.8950617283950617,iv_filter_cp_rolling_median_v2
2023-08-14,18.89776506102624,2023-09-15,2023-09-15,32.0,32.0,0.03571255243017442,0.03571255243017442,28.0,28.0,3871.22270820238,3871.22270820238,3850.0,3850.0,WARN_NOT_BRACKET_30D,18.98881577934668,0.09105071832043876,112,0.9491525423728814,iv_filter_cp_rolling_median_v2
2023-08-15,18.47105007227406,2023-09-15,2023-09-15,31.0,31.0,0.03411796907724555,0.03411796907724555,28.0,28.0,3865.3331659682244,3865.3331659682244,3850.0,3850.0,WARN_NOT_BRACKET_30D,18.564244297864217,0.09319422559015678,111,0.9327731092436975,iv_filter_cp_rolling_median_v2
2023-08-16,19.306589317473772,2023-09-15,2023-09-15,30.0,30.0,0.03727443910735923,0.03727443910735923,28.0,28.0,3836.751984752443,3836.751984752443,3800.0,3800.0,OK,19.353573153787423,0.04698383631365033,102,0.9357798165137615,iv_filter_cp_rolling_median_v2
2023-08-17,19.377704069330747,2023-09-15,2023-10-20,29.0,64.0,0.038077793308584865,0.029411162071622584,28.0,22.0,3851.2017878695856,3872.36495923455,3850.0,3850.0,OK,19.396021756958763,0.018317687628016444,103,0.9035087719298246,iv_filter_cp_rolling_median_v2
2023-08-18,19.839127370197343,2023-09-15,2023-10-20,28.0,63.0,0.04058389085652474,0.030377279394579737,28.0,22.0,3796.107816381583,3826.7123533165504,3750.0,3800.0,OK,19.863446779632213,0.02431940943487021,106,0.9217391304347826,iv_filter_cp_rolling_median_v2
2023-08-21,21.332017741634054,2023-09-15,2023-10-20,25.0,60.0,0.0502515884878119,0.03364027210575674,28.0,22.0,3739.9609052293063,3757.0554590441598,3700.0,3750.0,OK,21.38885404347481,0.056836301840757386,127,0.927007299270073,iv_filter_cp_rolling_median_v2
2023-08-22,19.905688795764824,2023-09-15,2023-10-20,24.0,59.0,0.043685854651546265,0.03163692666123364,29.0,23.0,3765.7597558123025,3782.144259018504,3750.0,3750.0,OK,19.96625733896748,0.060568543202656144,138,0.9324324324324325,iv_filter_cp_rolling_median_v2
2023-08-23,20.87944489119204,2023-09-15,2023-10-20,23.0,58.0,0.04918282598254176,0.034731867139155846,29.0,23.0,3703.536980308315,3715.623892550947,3700.0,3700.0,OK,20.90883363025325,0.029388739061207758,131,0.9290780141843972,iv_filter_cp_rolling_median_v2
2023-08-24,19.89508682197054,2023-09-15,2023-10-20,22.0,57.0,0.04293198577524977,0.035216931607774005,29.0,24.0,3730.37742875598,3745.563396131967,3700.0,3700.0,OK,19.92537441081477,0.030287588844227997,134,0.9370629370629371,iv_filter_cp_rolling_median_v2
2023-08-25,20.595541403231504,2023-09-15,2023-10-20,21.0,56.0,0.04695078160493571,0.03750672111386613,29.0,24.0,3724.5748230756644,3739.124603797468,3700.0,3700.0,OK,20.62424592076432,0.028704517532816,135,0.9574468085106383,iv_filter_cp_rolling_median_v2
2023-08-28,,,,,,,,,,,,,,LOW_NO_CHAIN,,,0,0.0,iv_filter_cp_rolling_median_v2
2023-08-29,20.343002118103513,2023-09-15,2023-10-20,17.0,52.0,0.04742156364145386,0.03804333933683208,29.0,24.0,3798.7988315314865,3812.033113615062,3750.0,3800.0,OK,20.34746612055703,0.004464002453516969,128,0.920863309352518,iv_filter_cp_rolling_median_v2
2023-08-30,18.812671583649237,2023-09-15,2023-10-20,16.0,51.0,0.04129968220575323,0.03261141603762253,29.0,24.0,3796.3965646523407,3811.015269546988,3750.0,3800.0,OK,18.82053688367927,0.007865300030033495,142,0.9466666666666667,iv_filter_cp_rolling_median_v2
2023-08-31,18.073221984252484,2023-09-15,2023-10-20,15.0,50.0,0.037365521461429616,0.030783580820317565,29.0,24.0,3775.1775309645504,3789.7726282710214,3750.0,3750.0,OK,18.099328808607908,0.02610682435542344,138,0.9517241379310345,iv_filter_cp_rolling_median_v2
2023-09-01,17.573138927109785,2023-09-15,2023-10-20,14.0,49.0,0.03476634664538197,0.02956345539060718,28.0,24.0,3797.7142775262687,3810.0262451290573,3750.0,3800.0,OK,17.628815480358583,0.055676553248797944,140,0.958904109589041,iv_filter_cp_rolling_median_v2
2023-09-04,17.224786077236907,2023-09-15,2023-10-20,11.0,46.0,0.0353806491219381,0.028519219190193592,29.0,24.0,3855.4028482311205,3867.4427360102686,3850.0,3850.0,OK,17.232398793591656,0.0076127163547496934,143,0.910828025477707,iv_filter_cp_rolling_median_v2
2023-09-05,16.90951918343884,2023-09-15,2023-10-20,10.0,45.0,0.034612862931645914,0.027589904063152385,29.0,24.0,3828.389599908014,3839.6192828790736,3800.0,3800.0,OK,16.905196675455098,0.0043225079837405644,142,0.9342105263157895,iv_filter_cp_rolling_median_v2
2023-09-06,16.782637213951233,2023-09-15,2023-10-20,9.0,44.0,0.035663574898452795,0.02714325249738152,29.0,24.0,3817.6078436322123,3832.9600694077894,3800.0,3800.0,OK,16.780989404510393,0.0016478094408398647,139,0.9144736842105263,iv_filter_cp_rolling_median_v2
2023-09-07,17.285575190378093,2023-09-15,2023-10-20,8.0,43.0,0.03921321677769763,0.028852951342126835,29.0,24.0,3763.119753835521,3780.0707842585325,3750.0,3750.0,OK,17.291669079780345,0.006093889402251307,139,0.9025974025974026,iv_filter_cp_rolling_median_v2
2023-09-08,17.82488047390092,2023-09-15,2023-10-20,7.0,42.0,0.038733005613590527,0.0311673868932589,28.0,24.0,3741.9642777988347,3754.987353968254,3700.0,3750.0,OK,17.775336730578104,0.04954374332281475,144,0.9290322580645162,iv_filter_cp_rolling_median_v2
2023-09-11,17.05833703070607,2023-10-20,2023-10-20,39.0,39.0,0.029098686225315792,0.029098686225315792,24.0,24.0,3781.3604704582913,3781.3604704582913,3750.0,3750.0,WARN_NOT_BRACKET_30D,17.04071051854785,0.017626512158219754,99,0.9611650485436893,iv_filter_cp_rolling_median_v2
2023-09-12,16.66363964696267,2023-10-20,2023-10-20,38.0,38.0,0.027767688628382626,0.027767688628382626,24.0,24.0,3776.751328172571,3776.751328172571,3750.0,3750.0,WARN_NOT_BRACKET_30D,16.664248483552242,0.0006088365895706715,96,0.9696969696969697,iv_filter_cp_rolling_median_v2
2023-09-13,16.659251065716617,2023-10-20,2023-10-20,37.0,37.0,0.02775306460705803,0.02775306460705803,24.0,24.0,3746.838902444299,3746.838902444299,3700.0,3700.0,WARN_NOT_BRACKET_30D,16.69068746651274,0.03143640079612098,101,0.9805825242718447,iv_filter_cp_rolling_median_v2
2023-09-14,16.241317194255956,2023-10-20,2023-10-20,36.0,36.0,0.026378038420443416,0.026378038420443416,24.0,24.0,3745.2952647859656,3745.2952647859656,3700.0,3700.0,WARN_NOT_BRACKET_30D,16.256854291491884,0.015537097235927888,104,1.0,iv_filter_cp_rolling_median_v2
2023-09-15,16.301739364583202,2023-10-20,2023-10-20,35.0,35.0,0.026574670631080148,0.026574670631080148,24.0,24.0,3731.3466790441953,3731.3466790441953,3700.0,3700.0,WARN_NOT_BRACKET_30D,16.348642132325118,0.046902767741915596,102,0.9444444444444444,iv_filter_cp_rolling_median_v2
2023-09-18,16.072499028259863,2023-10-20,2023-10-20,32.0,32.0,0.02583252250134142,0.02583252250134142,24.0,24.0,3745.5134959993775,3745.5134959993775,3700.0,3700.0,WARN_NOT_BRACKET_30D,16.075464540854806,0.002965512594943931,141,0.9724137931034482,iv_filter_cp_rolling_median_v2
2023-09-19,16.040789770259504,2023-10-20,2023-10-20,31.0,31.0,0.025730693645366193,0.025730693645366193,24.0,24.0,3738.1584587310463,3738.1584587310463,3700.0,3700.0,WARN_NOT_BRACKET_30D,16.064044623232224,0.023254852972719675,141,0.9791666666666666,iv_filter_cp_rolling_median_v2
2023-09-20,16.226188674762636,2023-10-20,2023-10-20,30.0,30.0,0.026328919890899524,0.026328919890899524,24.0,24.0,3723.3032927804306,3723.3032927804306,3700.0,3700.0,OK,16.24595295416564,0.019764279403005958,120,0.967741935483871,iv_filter_cp_rolling_median_v2
2023-09-21,16.673104382590374,2023-10-20,2023-11-17,29.0,57.0,0.027794839654656758,0.027859701221668604,24.0,20.0,3687.156526695251,3698.9430981152027,3650.0,3650.0,OK,16.657234087492547,0.01587029509782667,137,0.9319727891156463,iv_filter_cp_rolling_median_v2
2023-09-22,16.70408326665783,2023-10-20,2023-11-17,28.0,56.0,0.027748065683522845,0.02890737139168009,24.0,20.0,3765.505982997268,3768.592586070914,3750.0,3750.0,OK,16.66277987412041,0.04130339253741866,139,0.952054794520548,iv_filter_cp_rolling_median_v2
2023-09-25,16.8526888642037,2023-10-20,2023-11-17,25.0,53.0,0.028343292606189122,0.028527203756786048,24.0,20.0,3732.7715707604934,3744.112786514097,3700.0,3700.0,OK,16.88991071684606,0.037221852642360886,136,0.9784172661870504,iv_filter_cp_rolling_median_v2
2023-09-26,17.00081277656126,2023-10-20,2023-11-17,24.0,52.0,0.028609189355797433,0.029399581299643582,24.0,20.0,3713.42249230797,3725.975175299972,3700.0,3700.0,OK,17.00489294799635,0.004080171435088431,128,0.9624060150375939,iv_filter_cp_rolling_median_v2
2023-09-27,16.932380918021188,2023-10-20,2023-11-17,23.0,51.0,0.028796087660509354,0.028500710471773917,24.0,20.0,3726.560997797469,3739.1654368142604,3700.0,3700.0,OK,16.930440732317955,0.0019401857032335101,128,0.9846153846153847,iv_filter_cp_rolling_median_v2
2023-09-28,16.9935733789594,2023-10-20,2023-11-17,22.0,50.0,0.028387712712981763,0.02941763861479635,24.0,20.0,3703.0934961398166,3715.448399549717,3700.0,3700.0,OK,16.989167098657145,0.004406280302255539,129,0.9847328244274809,iv_filter_cp_rolling_median_v2
2023-10-09,16.378340794742932,2023-10-20,2023-11-17,11.0,39.0,0.030068177198232925,0.02639170637142934,24.0,20.0,3693.7966328621324,3707.010237048201,3650.0,3700.0,OK,16.368718574659034,0.009622220083898014,137,0.9448275862068966,iv_filter_cp_rolling_median_v2
2023-10-10,16.230868903235745,2023-10-20,2023-11-17,10.0,38.0,0.02976171407831151,0.025984362794043668,24.0,20.0,3664.858190108306,3676.3447599948277,3650.0,3650.0,OK,16.246354295017476,0.015485391781730584,128,0.920863309352518,iv_filter_cp_rolling_median_v2
2023-10-11,15.70943014532538,2023-10-20,2023-11-17,9.0,37.0,0.027342009015702974,0.024462669051792493,24.0,21.0,3672.9931167952186,3685.5672074390727,3650.0,3650.0,OK,15.692668265381862,0.016761879943517854,133,0.9300699300699301,iv_filter_cp_rolling_median_v2
2023-10-12,15.114415327125613,2023-10-20,2023-11-17,8.0,36.0,0.024737401964150342,0.022729837074384033,25.0,21.0,3708.803690505144,3719.6231573545087,3700.0,3700.0,OK,15.097742813576184,0.016672513549428558,138,0.9452054794520548,iv_filter_cp_rolling_median_v2
2023-10-13,15.420706473733741,2023-10-20,2023-11-17,7.0,35.0,0.025923807607065717,0.023686601910898407,25.0,21.0,3671.9784068903564,3683.364376243382,3650.0,3650.0,OK,15.429503344144743,0.008796870411002189,135,0.9121621621621622,iv_filter_cp_rolling_median_v2
2023-10-16,16.9054279689168,2023-11-17,2023-11-17,32.0,32.0,0.028579349481223443,0.028579349481223443,21.0,21.0,3639.748439493088,3639.748439493088,3600.0,3600.0,WARN_NOT_BRACKET_30D,16.907485501796167,0.002057532879366164,99,0.9519230769230769,iv_filter_cp_rolling_median_v2
2023-10-17,16.36286568613703,2023-11-17,2023-11-17,31.0,31.0,0.02677433734625607,0.02677433734625607,21.0,21.0,3652.4033362930995,3652.4033362930995,3650.0,3650.0,WARN_NOT_BRACKET_30D,16.366284641827704,0.0034189556906731866,101,0.9711538461538461,iv_filter_cp_rolling_median_v2
2023-10-18,16.37931424435323,2023-11-17,2023-11-17,30.0,30.0,0.02682819351152725,0.02682819351152725,21.0,21.0,3622.7426927452243,3622.7426927452243,3600.0,3600.0,OK,16.41823464618886,0.03892040183563239,98,0.9333333333333333,iv_filter_cp_rolling_median_v2
2023-10-19,18.839520253168963,2023-11-17,2023-12-15,29.0,57.0,0.03566615727720089,0.03311071605254458,22.0,23.0,3542.346674444529,3548.557027541795,3500.0,3500.0,OK,18.841333710647564,0.001813457478601066,103,0.9279279279279279,iv_filter_cp_rolling_median_v2
2023-10-20,19.72241191728081,2023-11-17,2023-12-15,28.0,56.0,0.03923080014877038,0.03672994790916764,23.0,24.0,3524.403260510903,3528.016817654867,3500.0,3500.0,OK,19.738262865793114,0.015850948512305507,116,0.9830508474576272,iv_filter_cp_rolling_median_v2
2023-10-23,20.66338997699487,2023-11-17,2023-12-15,25.0,53.0,0.043874811974546735,0.040143172389852405,23.0,24.0,3476.3690897913184,3480.4711049881007,3450.0,3450.0,OK,20.728709453880096,0.06531947688522521,134,0.9710144927536232,iv_filter_cp_rolling_median_v2
2023-10-24,19.751868744448004,2023-11-17,2023-12-15,24.0,52.0,0.03936245180111653,0.03842332127062254,24.0,25.0,3490.5813004677307,3500.0559165825393,3450.0,3500.0,OK,19.759430097830545,0.007561353382541824,142,0.9793103448275862,iv_filter_cp_rolling_median_v2
2023-10-25,17.92669741526864,2023-11-17,2023-12-15,23.0,51.0,0.03093686628688363,0.0337598821338867,24.0,25.0,3506.4061904507616,3516.8261945352515,3500.0,3500.0,OK,17.93301979788065,0.006322382612008681,125,0.9191176470588235,iv_filter_cp_rolling_median_v2
2023-10-26,17.239072111556162,2023-11-17,2023-12-15,22.0,50.0,0.028763339076335652,0.030769304542191813,24.0,25.0,3521.810368679896,3527.9521460396845,3500.0,3500.0,OK,17.235318589473565,0.0037535220825972715,125,0.946969696969697,iv_filter_cp_rolling_median_v2
2023-10-27,16.376471956034454,2023-11-17,2023-12-15,21.0,49.0,0.025163712438673196,0.028316418979635282,24.0,25.0,3574.600853600517,3581.38741019205,3550.0,3550.0,OK,16.38650124106458,0.010029285030125124,130,0.9090909090909091,iv_filter_cp_rolling_median_v2
2023-10-30,16.69246389340893,2023-11-17,2023-12-15,18.0,46.0,0.026232499883203156,0.028714966492009796,24.0,25.0,3590.4944201519093,3599.598835326883,3550.0,3550.0,OK,16.70355156563582,0.011087672226889111,137,0.9319727891156463,iv_filter_cp_rolling_median_v2
2023-10-31,16.68673864783115,2023-11-17,2023-12-15,17.0,45.0,0.025545967783156782,0.02884674690287323,24.0,25.0,3579.7022148257834,3589.4289489999883,3550.0,3550.0,OK,16.717061073727745,0.030322425896596172,132,0.9496402877697842,iv_filter_cp_rolling_median_v2
2023-11-01,16.643209876624958,2023-11-17,2023-12-15,16.0,44.0,0.0255519026124178,0.028480640186037152,24.0,25.0,3579.578215708522,3587.7304208904584,3550.0,3550.0,OK,16.655863827854024,0.012653951229065541,132,0.9295774647887324,iv_filter_cp_rolling_median_v2
2023-11-02,16.223806103551283,2023-11-17,2023-12-15,15.0,43.0,0.023851594623408454,0.027067809837562934,24.0,25.0,3562.367147079003,3570.8280204952293,3550.0,3550.0,OK,16.24531960895393,0.021513505402648292,128,0.9481481481481482,iv_filter_cp_rolling_median_v2
2023-11-03,15.90055556688172,2023-11-17,2023-12-15,14.0,42.0,0.022804598590872912,0.025902308769218424,24.0,24.0,3590.908592687109,3600.4010535713855,3550.0,3600.0,OK,15.953782654385432,0.05322708750371241,126,0.9545454545454546,iv_filter_cp_rolling_median_v2
2023-11-06,16.58216484846626,2023-11-17,2023-12-15,11.0,39.0,0.02856673703647728,0.027353874605360855,24.0,25.0,3639.594156123129,3648.3961019266653,3600.0,3600.0,OK,16.611421067780622,0.029256219314362397,135,0.9310344827586207,iv_filter_cp_rolling_median_v2
2023-11-07,16.616882164710244,2023-11-17,2023-12-15,10.0,38.0,0.027072425956445226,0.027668882690864583,24.0,25.0,3626.988066611751,3638.540140307382,3600.0,3600.0,OK,16.652787320893392,0.035905156183147824,144,0.9536423841059603,iv_filter_cp_rolling_median_v2
2023-11-08,16.56066328159464,2023-11-17,2023-12-15,9.0,37.0,0.02774847765545464,0.02739937406321794,24.0,25.0,3614.241014159253,3623.676169323855,3600.0,3600.0,OK,16.586554027479046,0.025890745884407096,134,0.9370629370629371,iv_filter_cp_rolling_median_v2
2023-11-09,16.799515218057515,2023-11-17,2023-12-15,8.0,36.0,0.02882902139987143,0.028185604474738436,24.0,25.0,3618.6581604118314,3627.3496255683617,3600.0,3600.0,OK,16.80819838940314,0.008683171345627017,131,0.9492753623188406,iv_filter_cp_rolling_median_v2
2023-11-10,16.980833842233682,2023-11-17,2023-12-15,7.0,35.0,0.0285960077876304,0.028845257189499422,23.0,25.0,3589.396287317086,3597.394376859547,3550.0,3550.0,OK,16.984149330808346,0.003315488574664016,133,0.9236111111111112,iv_filter_cp_rolling_median_v2
2023-11-13,17.032706744340963,2023-12-15,2023-12-15,32.0,32.0,0.029011309903871813,0.029011309903871813,25.0,25.0,3593.6166342164793,3593.6166342164793,3550.0,3550.0,WARN_NOT_BRACKET_30D,16.990472784117667,0.04223396022329595,95,0.9693877551020408,iv_filter_cp_rolling_median_v2
2023-11-14,16.868744645593374,2023-12-15,2023-12-15,31.0,31.0,0.028455454591823512,0.028455454591823512,23.0,23.0,3595.4970694756566,3595.4970694756566,3550.0,3550.0,WARN_NOT_BRACKET_30D,16.909934100077532,0.041189454484158006,97,0.9509803921568627,iv_filter_cp_rolling_median_v2
2023-11-15,16.74943535393793,2023-12-15,2023-12-15,30.0,30.0,0.02805435846757458,0.02805435846757458,25.0,25.0,3619.1095366354375,3619.1095366354375,3600.0,3600.0,OK,16.765682455950394,0.016247102012464154,103,0.9537037037037037,iv_filter_cp_rolling_median_v2
2023-11-16,16.532270632234894,2023-12-15,2024-01-19,29.0,64.0,0.027530299401277384,0.024270341833959565,25.0,19.0,3580.8526429141543,3598.5502702537246,3550.0,3550.0,OK,16.529592368423273,0.002678263811620951,96,0.9142857142857143,iv_filter_cp_rolling_median_v2
2023-11-17,15.860253245370636,2023-12-15,2024-01-19,28.0,63.0,0.025353827819801052,0.023694956827533777,25.0,19.0,3575.535690884179,3583.8571128202225,3550.0,3550.0,OK,15.870249638236714,0.009996392866078452,103,0.9626168224299065,iv_filter_cp_rolling_median_v2
2023-11-20,15.278164446711,2023-12-15,2024-01-19,25.0,60.0,0.023761060153863662,0.022295157716601243,25.0,19.0,3585.177042212311,3591.5874091974492,3550.0,3550.0,OK,15.313051408754502,0.034886962043502834,131,0.9424460431654677,iv_filter_cp_rolling_median_v2
2023-11-21,14.931684763388448,2023-12-15,2024-01-19,24.0,59.0,0.02269361368335282,0.021512830262918496,25.0,18.0,3588.6907517136915,3594.630353418708,3550.0,3550.0,OK,14.959943888258705,0.028259124870256613,120,0.9022556390977443,iv_filter_cp_rolling_median_v2
2023-11-22,15.399152226148589,2023-12-15,2024-01-19,23.0,58.0,0.024327459742475695,0.022739345568167105,25.0,19.0,3551.8685090017975,3560.316173087312,3550.0,3550.0,OK,15.412008638067697,0.012856411919107913,112,0.9256198347107438,iv_filter_cp_rolling_median_v2
2023-11-23,15.177076985739438,2023-12-15,2024-01-19,22.0,57.0,0.023377103790154948,0.02258790627392422,25.0,19.0,3571.9509766694555,3577.062412252818,3550.0,3550.0,OK,15.19296239432886,0.015885408589422667,121,0.968,iv_filter_cp_rolling_median_v2
2023-11-24,15.116607492022247,2023-12-15,2024-01-19,21.0,56.0,0.02311832481394878,0.022561777715693652,25.0,19.0,3544.895487492501,3553.1131827699146,3500.0,3550.0,OK,15.124602658365284,0.00799516634303643,114,0.9421487603305785,iv_filter_cp_rolling_median_v2
2023-11-27,15.73387583619495,2023-12-15,2024-01-19,18.0,53.0,0.02629288546241266,0.023754724128278434,25.0,19.0,3518.13174038089,3523.7108584481284,3500.0,3500.0,OK,15.75428374183817,0.02040790564322137,127,0.9844961240310077,iv_filter_cp_rolling_median_v2
2023-11-28,15.635561093730985,2023-12-15,2024-01-19,17.0,52.0,0.025458808776133022,0.02388733201610153,25.0,19.0,3525.1691780737665,3529.7783718099645,3500.0,3500.0,OK,15.64900593755872,0.013444843827734587,121,0.983739837398374,iv_filter_cp_rolling_median_v2
2023-11-29,15.596905295267668,2023-12-15,2024-01-19,16.0,51.0,0.02579191749486008,0.023636664530293595,25.0,19.0,3499.3131684650775,3500.3091905041656,3450.0,3500.0,OK,15.621218439430146,0.02431314416247865,125,0.9615384615384616,iv_filter_cp_rolling_median_v2
2023-11-30,15.43390486474306,2023-12-15,2024-01-19,15.0,50.0,0.024865096777477474,0.02340272000136053,25.0,19.0,3505.2059919530348,3509.4300397504685,3500.0,3500.0,OK,15.43316940898788,0.0007354557551799701,124,0.96875,iv_filter_cp_rolling_median_v2
2023-12-01,15.668728051016334,2023-12-15,2024-01-19,14.0,49.0,0.02529430463922336,0.024298678613929495,25.0,19.0,3486.8674390015713,3491.2177663081234,3450.0,3450.0,OK,15.681761519955892,0.01303346893955748,133,0.9300699300699301,iv_filter_cp_rolling_median_v2
2023-12-04,16.345936622384574,2023-12-15,2024-01-19,11.0,46.0,0.033546157929374286,0.025344151980602414,25.0,19.0,3461.144921095491,3466.142763474777,3450.0,3450.0,OK,16.35600946699678,0.010072844612206922,121,0.8962962962962963,iv_filter_cp_rolling_median_v2
2023-12-05,18.330221199790167,2023-12-15,2024-01-19,10.0,45.0,0.05007101534587725,0.0308544818528981,25.0,19.0,3378.3520077253015,3382.2642744164154,3350.0,3350.0,OK,18.351484637163253,0.021263437373086447,123,0.8424657534246576,iv_filter_cp_rolling_median_v2
2023-12-06,17.459107535315923,2023-12-15,2024-01-19,9.0,44.0,0.03992365402417446,0.029194551261444997,26.0,20.0,3390.4580783688543,3390.2076132699426,3350.0,3350.0,OK,17.487991693457086,0.02888415814116385,133,0.8926174496644296,iv_filter_cp_rolling_median_v2
2023-12-07,17.638327787100096,2023-12-15,2024-01-19,8.0,43.0,0.0391935295022143,0.030222501775808017,26.0,20.0,3386.950568486964,3386.6520722481305,3350.0,3350.0,OK,17.663232955002197,0.02490516790210151,139,0.9144736842105263,iv_filter_cp_rolling_median_v2
2023-12-08,17.515062232005043,2023-12-15,2024-01-19,7.0,42.0,0.03637771977636084,0.030182090127165315,25.0,20.0,3393.8362660197945,3395.569456529348,3350.0,3350.0,OK,17.54128114322069,0.02621891121564701,136,0.9251700680272109,iv_filter_cp_rolling_median_v2
2023-12-11,17.678518579744562,2024-01-19,2024-01-19,39.0,39.0,0.03125300191743737,0.03125300191743737,20.0,20.0,3421.1683669933263,3421.1683669933263,3400.0,3400.0,WARN_NOT_BRACKET_30D,17.688577699237253,0.010059119492691337,95,0.8962264150943396,iv_filter_cp_rolling_median_v2
2023-12-12,17.177440119644782,2024-01-19,2024-01-19,38.0,38.0,0.02950644490639822,0.02950644490639822,20.0,20.0,3429.842741699529,3429.842741699529,3400.0,3400.0,WARN_NOT_BRACKET_30D,17.22392592136715,0.04648580172236905,98,1.0,iv_filter_cp_rolling_median_v2
2023-12-13,17.844666410489335,2024-01-19,2024-01-19,37.0,37.0,0.03184321193016463,0.03184321193016463,20.0,20.0,3364.3408206133454,3364.3408206133454,3350.0,3350.0,WARN_NOT_BRACKET_30D,17.88288468615787,0.03821827566853386,90,0.8653846153846154,iv_filter_cp_rolling_median_v2
2023-12-14,17.903754020068106,2024-01-19,2024-01-19,36.0,36.0,0.03205444080111049,0.03205444080111049,21.0,21.0,3346.9990352950094,3346.9990352950094,3300.0,3300.0,WARN_NOT_BRACKET_30D,17.900897940209042,0.002856079859064664,98,0.9074074074074074,iv_filter_cp_rolling_median_v2
2023-12-15,17.865297012788975,2024-01-19,2024-01-19,35.0,35.0,0.03191688373551667,0.03191688373551667,21.0,21.0,3344.7717103708806,3344.7717103708806,3300.0,3300.0,WARN_NOT_BRACKET_30D,17.838103838419322,0.027193174369653406,99,0.9166666666666666,iv_filter_cp_rolling_median_v2
2023-12-18,17.88282012819755,2024-01-19,2024-01-19,32.0,32.0,0.03197952557374675,0.03197952557374675,21.0,21.0,3337.926134380397,3337.926134380397,3300.0,3300.0,WARN_NOT_BRACKET_30D,17.899755777278642,0.016935649081091242,114,0.9193548387096774,iv_filter_cp_rolling_median_v2
2023-12-19,18.14905691756195,2024-01-19,2024-01-19,31.0,31.0,0.03293882669969033,0.03293882669969033,22.0,22.0,3345.3458857441933,3345.3458857441933,3300.0,3300.0,WARN_NOT_BRACKET_30D,18.11816514903843,0.030891768523520824,115,0.9583333333333334,iv_filter_cp_rolling_median_v2
2023-12-20,18.957549870173448,2024-01-19,2024-01-19,30.0,30.0,0.03593886970801133,0.03593886970801133,22.0,22.0,3311.5237756782567,3311.5237756782567,3300.0,3300.0,OK,18.974689596073567,0.01713972590011892,113,0.9338842975206612,iv_filter_cp_rolling_median_v2
2023-12-21,17.899794878874296,2024-01-19,2024-02-19,29.0,60.0,0.03216452238340347,0.030238543334600226,22.0,21.0,3347.9729950966876,3353.4433695848747,3300.0,3350.0,OK,17.903758605703644,0.003963726829347536,119,0.9444444444444444,iv_filter_cp_rolling_median_v2
2023-12-22,17.28104169691928,2024-01-19,2024-02-19,28.0,59.0,0.02998811706181109,0.029005494440347838,22.0,21.0,3353.3533532702468,3360.2621696988153,3350.0,3350.0,OK,17.256273031457354,0.02476866546192724,114,0.9344262295081968,iv_filter_cp_rolling_median_v2
2023-12-25,17.160614051170654,2024-01-19,2024-02-19,25.0,56.0,0.030016262573307053,0.028131035951361943,22.0,21.0,3358.640238268398,3366.263433171216,3350.0,3350.0,OK,17.16967179225576,0.009057741085104709,154,0.9808917197452229,iv_filter_cp_rolling_median_v2
2023-12-26,17.560336585612692,2024-01-19,2024-02-19,24.0,55.0,0.03177068616620085,0.029138098343273324,22.0,21.0,3337.2199222342474,3345.4538627442753,3300.0,3300.0,OK,17.570646358529675,0.010309772916983206,154,0.9871794871794872,iv_filter_cp_rolling_median_v2
2023-12-27,17.800525303520555,2024-01-19,2024-02-19,23.0,54.0,0.03274288792908244,0.030142288528320432,22.0,21.0,3343.2455958543965,3356.1668355150277,3300.0,3350.0,OK,17.796155514815577,0.004369788704977395,149,0.9612903225806452,iv_filter_cp_rolling_median_v2
2023-12-28,17.274817993825224,2024-01-19,2024-02-19,22.0,53.0,0.031313007435267694,0.02808635979409151,22.0,21.0,3433.7734826661126,3438.325790814681,3400.0,3400.0,OK,17.27116141276198,0.0036565810632431806,149,0.93125,iv_filter_cp_rolling_median_v2
2023-12-29,16.639790003375456,2024-01-19,2024-02-19,21.0,52.0,0.02866166439686657,0.026727337403410222,22.0,21.0,3440.1845122489067,3450.942777318853,3400.0,3450.0,OK,16.666010206908943,0.026220203533487307,162,0.9818181818181818,iv_filter_cp_rolling_median_v2
2024-01-02,17.089645022412423,2024-01-19,2024-02-19,17.0,48.0,0.030868021259072793,0.02839036927081064,22.0,21.0,3390.7908342536584,3399.197456726445,3350.0,3350.0,OK,17.058674572769323,0.030970449643099585,147,0.930379746835443,iv_filter_cp_rolling_median_v2
2024-01-03,16.93709336007133,2024-01-19,2024-02-19,16.0,47.0,0.03153199313736411,0.0275102661018234,22.0,21.0,3383.7862414703914,3392.176123985806,3350.0,3350.0,OK,16.90866582363119,0.028427536440140955,149,0.9551282051282052,iv_filter_cp_rolling_median_v2
2024-01-04,17.26443380389518,2024-01-19,2024-02-19,15.0,46.0,0.03389038132710703,0.028385436545534222,22.0,21.0,3352.070043995417,3360.4581685488965,3350.0,3350.0,OK,17.268422340249757,0.003988536354576411,149,0.9141104294478528,iv_filter_cp_rolling_median_v2
2024-01-05,17.421300101005865,2024-01-19,2024-02-19,14.0,45.0,0.03451481842232978,0.029135480516355974,22.0,21.0,3334.004716278893,3339.7343684962316,3300.0,3300.0,OK,17.44203108057267,0.020730979566803143,151,0.949685534591195,iv_filter_cp_rolling_median_v2
2024-01-08,20.669638431549775,2024-01-19,2024-02-19,11.0,42.0,0.05805054515364316,0.04018807726639355,22.0,21.0,3282.189795551242,3285.5707102441,3250.0,3250.0,OK,20.66428052380868,0.005357907741093015,146,0.8902439024390244,iv_filter_cp_rolling_median_v2
2024-01-09,18.841660976151395,2024-01-19,2024-02-19,10.0,41.0,0.043791577235182975,0.0343886439265499,22.0,21.0,3291.8559781419617,3293.935519842172,3250.0,3250.0,OK,18.87956261444261,0.0379016382912134,153,0.9444444444444444,iv_filter_cp_rolling_median_v2
2024-01-10,19.070021351615885,2024-01-19,2024-02-19,9.0,40.0,0.047344142448465944,0.03519040311224886,22.0,21.0,3279.2568585616436,3284.384388512441,3250.0,3250.0,OK,19.082008804357955,0.011987452742069138,142,0.8502994011976048,iv_filter_cp_rolling_median_v2
2024-01-11,18.783770680378385,2024-01-19,2024-02-19,8.0,39.0,0.04374594388152096,0.034572827332195175,23.0,22.0,3299.0104313182364,3307.4931887448015,3250.0,3300.0,OK,18.75670930588884,0.02706137448954493,149,0.8869047619047619,iv_filter_cp_rolling_median_v2
2024-01-12,18.633734175205934,2024-01-19,2024-02-19,7.0,38.0,0.039278320852225906,0.03442964143971789,22.0,22.0,3285.8200441590134,3291.6395426494264,3250.0,3250.0,OK,18.62582221988044,0.00791195532549338,147,0.8855421686746988,iv_filter_cp_rolling_median_v2
2024-01-15,17.656211045016267,2024-02-19,2024-02-19,35.0,35.0,0.031174178846615448,0.031174178846615448,22.0,22.0,3284.093207994427,3284.093207994427,3250.0,3250.0,WARN_NOT_BRACKET_30D,17.668796863323465,0.012585818307197627,114,0.9344262295081968,iv_filter_cp_rolling_median_v2
2024-01-16,17.72776334330654,2024-02-19,2024-02-19,34.0,34.0,0.031427359315628296,0.031427359315628296,22.0,22.0,3305.380733295984,3305.380733295984,3300.0,3300.0,WARN_NOT_BRACKET_30D,17.727953425435683,0.00019008212914428668,121,0.9603174603174603,iv_filter_cp_rolling_median_v2
2024-01-17,20.26752208539709,2024-02-19,2024-02-19,33.0,33.0,0.04107724514820587,0.04107724514820587,21.0,21.0,3221.0677276064985,3221.0677276064985,3200.0,3200.0,WARN_NOT_BRACKET_30D,20.328694696313832,0.06117261091674209,110,0.8661417322834646,iv_filter_cp_rolling_median_v2
2024-01-18,20.748424429275218,2024-02-19,2024-02-19,32.0,32.0,0.04304971162973448,0.04304971162973448,22.0,22.0,3242.3024845995583,3242.3024845995583,3200.0,3200.0,WARN_NOT_BRACKET_30D,20.77475922589856,0.026334796623341816,127,0.9921875,iv_filter_cp_rolling_median_v2
2024-01-19,19.04393852272901,2024-02-19,2024-02-19,31.0,31.0,0.0362671594457482,0.0362671594457482,22.0,22.0,3246.5534033826216,3246.5534033826216,3200.0,3200.0,WARN_NOT_BRACKET_30D,19.080027779898103,0.03608925716909184,122,0.9682539682539683,iv_filter_cp_rolling_median_v2
2024-01-22,22.377751084161062,2024-02-19,2024-03-15,28.0,53.0,0.049391092644656645,0.054239784015957485,22.0,25.0,3178.616029569591,3170.645733263451,3150.0,3150.0,OK,22.40458012390744,0.02682903974637796,137,0.8954248366013072,iv_filter_cp_rolling_median_v2
2024-01-23,20.9154595557627,2024-02-19,2024-03-15,27.0,52.0,0.04224250679519351,0.049469132024429166,23.0,26.0,3214.798383963325,3212.6733418940507,3200.0,3200.0,OK,20.93684919388905,0.021389638126350974,153,0.9622641509433962,iv_filter_cp_rolling_median_v2
2024-01-24,19.64014433083878,2024-02-19,2024-03-15,26.0,51.0,0.03569279912688481,0.046283710181050444,23.0,26.0,3263.7801245089804,3260.6692029043943,3250.0,3250.0,OK,19.642931589370864,0.00278725853208428,156,0.9629629629629629,iv_filter_cp_rolling_median_v2
2024-01-25,18.47757771251213,2024-02-19,2024-03-15,25.0,50.0,0.030224460451484345,0.04197734253360883,23.0,26.0,3335.969814494567,3335.8331352950345,3300.0,3300.0,OK,18.49353216448316,0.01595445197103018,148,0.9736842105263158,iv_filter_cp_rolling_median_v2
2024-01-26,18.044078281271613,2024-02-19,2024-03-15,24.0,49.0,0.027920265562653333,0.03975345571421575,23.0,26.0,3330.2946969445347,3331.8866912072017,3300.0,3300.0,OK,18.03758869117088,0.006489590100734688,147,0.9545454545454546,iv_filter_cp_rolling_median_v2
2024-01-29,19.598536797956744,2024-02-19,2024-03-15,21.0,46.0,0.03154985423971579,0.04397813362806845,23.0,26.0,3296.035476044522,3296.871105734425,3250.0,3250.0,OK,19.612051354513035,0.013514556556291524,135,0.8881578947368421,iv_filter_cp_rolling_median_v2
2024-01-30,20.711860575759793,2024-02-19,2024-03-15,20.0,45.0,0.0361753425944353,0.04737996635532861,22.0,26.0,3241.148118849353,3239.3317206685433,3200.0,3200.0,OK,20.72214842332357,0.01028784756377732,132,0.9041095890410958,iv_filter_cp_rolling_median_v2
2024-01-31,22.482423473984543,2024-02-19,2024-03-15,19.0,44.0,0.04301499654845062,0.054684841555537156,23.0,26.0,3210.7418695950255,3209.5084905247763,3200.0,3200.0,OK,22.507187731493737,0.024764257509193754,140,0.9523809523809523,iv_filter_cp_rolling_median_v2
2024-02-01,22.357875526557848,2024-02-19,2024-03-15,18.0,43.0,0.039631968138136596,0.054683554864835504,23.0,26.0,3214.7957736442945,3212.670046098268,3200.0,3200.0,OK,22.379543660426883,0.02166813386903499,141,0.9038461538461539,iv_filter_cp_rolling_median_v2
2024-02-02,23.967292730697416,2024-02-19,2024-03-15,17.0,42.0,0.0474207044353539,0.06118774790862343,23.0,26.0,3165.916810355799,3160.2239588713846,3150.0,3150.0,OK,23.99293670490225,0.025643974204832887,148,0.925,iv_filter_cp_rolling_median_v2
2024-02-05,27.22987568402288,2024-02-19,2024-03-15,14.0,39.0,0.05824101875569124,0.07735831950213692,23.0,26.0,3171.818353167902,3140.5662134946288,3150.0,3100.0,OK,27.27087055074654,0.04099486672366126,153,0.9272727272727272,iv_filter_cp_rolling_median_v2
2024-02-06,22.767856835511573,2024-02-19,2024-03-15,13.0,38.0,0.03008819293455117,0.05533897182814707,23.0,26.0,3301.255993015271,3278.7642616022254,3300.0,3250.0,OK,22.79180096077644,0.023944125264865335,155,0.96875,iv_filter_cp_rolling_median_v2
2024-02-07,22.33689928413417,2024-02-19,2024-03-15,12.0,37.0,0.02022498204429584,0.05363570830404755,23.0,26.0,3336.5908403965273,3321.2390256502763,3300.0,3300.0,OK,22.376577893071232,0.039678608937062876,154,0.9447852760736196,iv_filter_cp_rolling_median_v2
2024-02-08,21.672599505036064,2024-02-19,2024-03-15,11.0,36.0,0.02076234320817238,0.04949898106167738,23.0,26.0,3362.110994340385,3355.2979471208187,3350.0,3350.0,OK,21.70458319655819,0.03198369152212521,152,0.9440993788819876,iv_filter_cp_rolling_median_v2
2024-02-19,21.565892230468673,2024-03-15,2024-04-19,25.0,60.0,0.048236901527276235,0.04218844387547558,26.0,19.0,3377.3695293528967,3384.548379061067,3350.0,3350.0,OK,21.57984262863888,0.013950398170205602,112,0.9572649572649573,iv_filter_cp_rolling_median_v2
2024-02-20,19.601705115842197,2024-03-15,2024-04-19,24.0,59.0,0.03938963900308939,0.03652155315235982,26.0,19.0,3387.1822532210253,3386.172206091932,3350.0,3350.0,OK,19.62199873909231,0.020293623250111636,136,0.9577464788732394,iv_filter_cp_rolling_median_v2
2024-02-21,19.065671153387225,2024-03-15,2024-04-19,23.0,58.0,0.03737540209434826,0.03472345267683595,26.0,20.0,3454.8629763490703,3453.047819074464,3450.0,3450.0,OK,19.07911449084756,0.013443337460333993,141,0.9096774193548387,iv_filter_cp_rolling_median_v2
2024-02-22,19.866098312907628,2024-03-15,2024-04-19,22.0,57.0,0.041668868070381476,0.03659690327827869,27.0,21.0,3484.899497312422,3483.784458342396,3450.0,3450.0,OK,19.888902233973788,0.022803921066159916,135,0.9507042253521126,iv_filter_cp_rolling_median_v2
2024-02-23,20.088421955783044,2024-03-15,2024-04-19,21.0,56.0,0.04239923703700235,0.03813930501691125,27.0,21.0,3486.8668958715325,3488.338211914875,3450.0,3450.0,OK,20.0904186809637,0.0019967251806569664,144,0.96,iv_filter_cp_rolling_median_v2
2024-02-26,20.246636826948787,2024-03-15,2024-04-19,18.0,53.0,0.045243689948032226,0.03822543106251939,27.0,21.0,3446.787842854286,3448.2323264008924,3400.0,3400.0,OK,20.258585425103725,0.011948598154937429,131,0.9357142857142857,iv_filter_cp_rolling_median_v2
2024-02-27,20.24856131090046,2024-03-15,2024-04-19,17.0,52.0,0.04518110874422886,0.03868744086034671,27.0,21.0,3496.7615800818216,3493.5040241076194,3450.0,3450.0,OK,20.267107964371466,0.018546653471005925,145,0.9294871794871795,iv_filter_cp_rolling_median_v2
2024-02-28,20.05521770727483,2024-03-15,2024-04-19,16.0,51.0,0.04541473713691421,0.037777146830597706,27.0,21.0,3457.43978059631,3461.4175063769057,3450.0,3450.0,OK,20.05797760241544,0.0027598951406098138,135,0.9246575342465754,iv_filter_cp_rolling_median_v2
2024-02-29,19.954467562460923,2024-03-15,2024-04-19,15.0,50.0,0.043188477792980365,0.038469917480990566,27.0,21.0,3518.2987990058177,3515.6723370098166,3500.0,3500.0,OK,19.973256619733657,0.018789057272734055,142,0.922077922077922,iv_filter_cp_rolling_median_v2
2024-03-01,19.91213570901162,2024-03-15,2024-04-19,14.0,49.0,0.04276312149165036,0.03859284473864929,26.0,22.0,3541.4225703287602,3541.1155179337957,3500.0,3500.0,OK,19.92214298428553,0.01000727527391021,145,0.9235668789808917,iv_filter_cp_rolling_median_v2
2024-03-04,20.19795837139397,2024-03-15,2024-04-19,11.0,46.0,0.048571164066783,0.03922999424870181,27.0,22.0,3530.676333395752,3532.954762456102,3500.0,3500.0,OK,20.19945225807659,0.0014938866826206265,139,0.9328859060402684,iv_filter_cp_rolling_median_v2
2024-03-05,19.10568091590495,2024-03-15,2024-04-19,10.0,45.0,0.041174279206076976,0.03572410851269755,27.0,21.0,3547.9882920456967,3546.5449566852426,3500.0,3500.0,OK,19.09233120063925,0.013349715265700723,144,0.9171974522292994,iv_filter_cp_rolling_median_v2
2024-03-06,18.215506273985724,2024-03-15,2024-04-19,9.0,44.0,0.0382858965681004,0.03248427192453328,28.0,23.0,3545.053079480358,3543.984748451381,3500.0,3500.0,OK,18.223203280821966,0.007697006836242082,141,0.9096774193548387,iv_filter_cp_rolling_median_v2
2024-03-07,17.48883511652647,2024-03-15,2024-04-19,8.0,43.0,0.03514069682093976,0.03008520049956918,28.0,23.0,3524.209811560265,3518.1843511567877,3500.0,3500.0,OK,17.495507055089682,0.00667193856321191,132,0.8627450980392157,iv_filter_cp_rolling_median_v2
2024-03-08,17.041468385639348,2024-03-15,2024-04-19,7.0,42.0,0.032000173683860766,0.028783859325180083,28.0,23.0,3540.066590166409,3535.761326984304,3500.0,3500.0,OK,17.047729569116317,0.006261183476969023,142,0.9044585987261147,iv_filter_cp_rolling_median_v2
2024-03-11,16.960984454874012,2024-04-19,2024-04-19,39.0,39.0,0.028767499367847792,0.028767499367847792,23.0,23.0,3579.6252903757113,3579.6252903757113,3550.0,3550.0,WARN_NOT_BRACKET_30D,16.962395681194128,0.0014112263201155884,97,0.9509803921568627,iv_filter_cp_rolling_median_v2
2024-03-12,17.06008416366578,2024-04-19,2024-04-19,38.0,38.0,0.029104647167135997,0.029104647167135997,23.0,23.0,3593.786430534232,3593.786430534232,3550.0,3550.0,WARN_NOT_BRACKET_30D,17.07680643743424,0.01672227376845825,105,0.9545454545454546,iv_filter_cp_rolling_median_v2
2024-03-13,17.139131069964535,2024-04-19,2024-04-19,37.0,37.0,0.029374981383342363,0.029374981383342363,24.0,24.0,3573.449924844073,3573.449924844073,3550.0,3550.0,WARN_NOT_BRACKET_30D,17.14459851440302,0.0054674444384872345,99,0.9611650485436893,iv_filter_cp_rolling_median_v2
2024-03-14,16.80582880406969,2024-04-19,2024-04-19,36.0,36.0,0.02824358817916985,0.02824358817916985,23.0,23.0,3562.9721288758983,3562.9721288758983,3550.0,3550.0,WARN_NOT_BRACKET_30D,16.819823495492813,0.013994691423121708,105,0.9722222222222222,iv_filter_cp_rolling_median_v2
2024-03-15,16.34111687882292,2024-04-19,2024-04-19,35.0,35.0,0.026703210084735134,0.026703210084735134,24.0,24.0,3576.1575409637803,3576.1575409637803,3550.0,3550.0,WARN_NOT_BRACKET_30D,16.339187706758704,0.0019291720642158339,103,0.911504424778761,iv_filter_cp_rolling_median_v2
2024-03-18,16.18730028191914,2024-04-19,2024-04-19,32.0,32.0,0.026202869041701948,0.026202869041701948,24.0,24.0,3608.215167790614,3608.215167790614,3600.0,3600.0,WARN_NOT_BRACKET_30D,16.205698730217332,0.018398448298192704,115,0.9274193548387096,iv_filter_cp_rolling_median_v2
2024-03-19,16.201985479512064,2024-04-19,2024-04-19,31.0,31.0,0.026250433347831986,0.026250433347831986,24.0,24.0,3581.7672350917373,3581.7672350917373,3550.0,3550.0,WARN_NOT_BRACKET_30D,16.198253036181224,0.0037324433308398852,113,0.9741379310344828,iv_filter_cp_rolling_median_v2
2024-03-20,16.112568144409526,2024-04-19,2024-04-19,30.0,30.0,0.025961485220824063,0.025961485220824063,24.0,24.0,3587.177645378743,3587.177645378743,3550.0,3550.0,OK,16.140418529254376,0.02785038484485014,111,0.940677966101695,iv_filter_cp_rolling_median_v2
2024-03-21,16.218012602924368,2024-04-19,2024-05-17,29.0,57.0,0.02630964945701806,0.026202716305235067,24.0,20.0,3585.9763339956926,3583.003401705137,3550.0,3550.0,OK,16.239126903424296,0.021114300499927907,121,0.968,iv_filter_cp_rolling_median_v2
2024-03-22,16.926998753870194,2024-04-19,2024-05-17,28.0,56.0,0.028664367871222653,0.028574073947195164,24.0,20.0,3541.722354479346,3539.565301846578,3500.0,3500.0,OK,16.937945219261326,0.01094646539113242,122,0.9457364341085271,iv_filter_cp_rolling_median_v2
2024-03-25,16.9332672430995,2024-04-19,2024-05-17,25.0,53.0,0.02873391376360286,0.028542584551439213,24.0,20.0,3530.504628377877,3526.527030660241,3500.0,3500.0,OK,16.953958263967557,0.020691020868056853,151,0.937888198757764,iv_filter_cp_rolling_median_v2
2024-03-26,16.334923941141856,2024-04-19,2024-05-17,24.0,52.0,0.026505773060868165,0.026982852556231774,24.0,20.0,3546.194575040878,3542.527583255745,3500.0,3500.0,OK,16.32649588916046,0.008428051981397289,143,0.9285714285714286,iv_filter_cp_rolling_median_v2
2024-03-27,17.008004243626683,2024-04-19,2024-05-17,23.0,51.0,0.02953809347835465,0.028100746082513863,24.0,20.0,3507.8193463006683,3507.5307107424887,3500.0,3500.0,OK,17.003311554442757,0.004692689183926291,143,0.959731543624161,iv_filter_cp_rolling_median_v2
2024-03-28,16.26036562835971,2024-04-19,2024-05-17,22.0,50.0,0.02712153419050563,0.025690205367711612,24.0,20.0,3525.092894586093,3519.138917894209,3500.0,3500.0,OK,16.25504640031098,0.005319228048730196,151,0.937888198757764,iv_filter_cp_rolling_median_v2
2024-03-29,15.806816086213127,2024-04-19,2024-05-17,21.0,49.0,0.025050837851433153,0.024926467616963544,23.0,19.0,3539.7043448197082,3534.9251281400093,3500.0,3500.0,OK,15.808936741759702,0.0021206555465749233,137,0.9072847682119205,iv_filter_cp_rolling_median_v2
2024-04-01,15.461413734747348,2024-04-19,2024-05-17,18.0,46.0,0.025024777473220662,0.023321577030042208,23.0,20.0,3601.259651497816,3596.7913752487534,3600.0,3550.0,OK,15.459966123366977,0.0014476113803709723,152,0.9325153374233128,iv_filter_cp_rolling_median_v2
2024-04-02,15.593526995116363,2024-04-19,2024-05-17,17.0,45.0,0.025463463920032053,0.02381554832269288,24.0,20.0,3589.640007953334,3585.4496455183335,3550.0,3550.0,OK,15.586687163682974,0.006839831433389065,140,0.9523809523809523,iv_filter_cp_rolling_median_v2
2024-04-03,15.377920499526734,2024-04-19,2024-05-17,16.0,44.0,0.024269440409585133,0.02342208151784603,24.0,19.0,3574.221010737532,3571.309523307148,3550.0,3550.0,OK,15.389992310974703,0.012071811447968983,146,0.9931972789115646,iv_filter_cp_rolling_median_v2
2024-04-08,16.122404517786293,2024-04-19,2024-05-17,11.0,39.0,0.03111400972646114,0.025309035008949744,24.0,20.0,3539.6075823985793,3533.038853288897,3500.0,3500.0,OK,16.11186681936398,0.01053769842231489,146,0.9419354838709677,iv_filter_cp_rolling_median_v2
2024-04-09,15.934399242491192,2024-04-19,2024-05-17,10.0,38.0,0.030873431712035226,0.02481335804926567,24.0,20.0,3535.4563866301405,3530.9134161959973,3500.0,3500.0,OK,15.94118901814578,0.00678977565458716,149,0.9551282051282052,iv_filter_cp_rolling_median_v2
2024-04-10,15.374637528753077,2024-04-19,2024-05-17,9.0,37.0,0.030170923321463726,0.023108247205345375,24.0,20.0,3506.5857209273713,3502.4939754562483,3500.0,3500.0,OK,15.39046926730568,0.01583173855260256,147,0.91875,iv_filter_cp_rolling_median_v2
2024-04-11,14.957465071034202,2024-04-19,2024-05-17,8.0,36.0,0.028606665025537197,0.021994752566004677,24.0,20.0,3505.510442425899,3500.8016156918093,3500.0,3500.0,OK,14.944427044557637,0.013038026476564823,148,0.9192546583850931,iv_filter_cp_rolling_median_v2
2024-04-12,15.296906039488459,2024-04-19,2024-05-17,7.0,35.0,0.029668119131164968,0.023126986234047277,24.0,20.0,3474.408518089235,3471.47188771758,3450.0,3450.0,OK,15.291838738845264,0.005067300643194272,148,0.9079754601226994,iv_filter_cp_rolling_median_v2
2024-04-15,15.94124174301669,2024-05-17,2024-05-17,32.0,32.0,0.02541231883092978,0.02541231883092978,20.0,20.0,3540.9277294353656,3540.9277294353656,3500.0,3500.0,WARN_NOT_BRACKET_30D,15.952814067101649,0.011572324084959007,112,0.9333333333333333,iv_filter_cp_rolling_median_v2
2024-04-16,17.321818580784896,2024-05-17,2024-05-17,31.0,31.0,0.030004539894562483,0.030004539894562483,20.0,20.0,3508.7434244640162,3508.7434244640162,3500.0,3500.0,WARN_NOT_BRACKET_30D,17.325356184280352,0.0035376034954559543,119,0.967479674796748,iv_filter_cp_rolling_median_v2
2024-04-17,16.179836834500723,2024-05-17,2024-05-17,30.0,30.0,0.026178711999106635,0.026178711999106635,20.0,20.0,3566.380934818769,3566.380934818769,3550.0,3550.0,OK,16.199728890884167,0.019892056383444157,110,0.9322033898305084,iv_filter_cp_rolling_median_v2
2024-04-18,16.21977063300781,2024-05-17,2024-06-21,29.0,64.0,0.026148272013028755,0.02877038329420017,20.0,27.0,3573.03646832468,3561.3544428862515,3550.0,3550.0,OK,16.23598381674586,0.016213183738052805,110,0.9243697478991597,iv_filter_cp_rolling_median_v2
2024-04-19,16.711756581160827,2024-05-17,2024-06-21,28.0,63.0,0.027625913616446122,0.03014564016937194,20.0,27.0,3541.3868729889305,3530.6260113296853,3500.0,3500.0,OK,16.734605470670328,0.02284888950950048,116,0.9508196721311475,iv_filter_cp_rolling_median_v2
2024-04-22,16.587653696586706,2024-05-17,2024-06-21,25.0,60.0,0.02672826680138914,0.02948192230178748,20.0,27.0,3534.185519606997,3519.0522708663543,3500.0,3500.0,OK,16.5798777923439,0.007775904242805609,134,0.9436619718309859,iv_filter_cp_rolling_median_v2
2024-04-23,16.41392103327516,2024-05-17,2024-06-21,24.0,59.0,0.026190256278053915,0.02841905654679859,20.0,27.0,3510.522516520622,3500.6616492741964,3500.0,3500.0,OK,16.430311633569655,0.016390600294496238,133,0.95,iv_filter_cp_rolling_median_v2
2024-04-24,16.229319436746497,2024-05-17,2024-06-21,23.0,58.0,0.02541732221387954,0.027801180983145643,20.0,27.0,3524.572043232985,3512.4512708362263,3500.0,3500.0,OK,16.24798370046481,0.01866426371831409,140,0.9722222222222222,iv_filter_cp_rolling_median_v2
2024-04-25,15.370591521724904,2024-05-17,2024-06-21,22.0,57.0,0.022173584068494182,0.025516830821765826,19.0,27.0,3533.30577673069,3522.315031888249,3500.0,3500.0,OK,15.414323153316037,0.04373163159113247,138,0.9261744966442953,iv_filter_cp_rolling_median_v2
2024-04-26,15.382961201155467,2024-05-17,2024-06-21,21.0,56.0,0.022371122760852034,0.025063678533296652,20.0,27.0,3588.923334345199,3577.9797918493027,3550.0,3550.0,OK,15.413732939205277,0.030771738049809372,138,0.9139072847682119,iv_filter_cp_rolling_median_v2
2024-04-29,17.157751979378094,2024-05-17,2024-06-21,18.0,53.0,0.028116165959324865,0.030299834679801983,20.0,27.0,3633.8982847609736,3625.3292258776173,3600.0,3600.0,OK,17.21228051302086,0.054528533642766774,144,0.9411764705882353,iv_filter_cp_rolling_median_v2
2024-04-30,16.13530198298786,2024-05-17,2024-06-21,17.0,52.0,0.0242272685587586,0.027034820144462342,18.0,27.0,3611.55100902616,3604.268174223352,3600.0,3600.0,OK,16.201829791906334,0.06652780891847598,143,0.9470198675496688,iv_filter_cp_rolling_median_v2
2024-05-06,17.14445847456704,2024-05-17,2024-06-21,11.0,46.0,0.029707632650314945,0.029329936583627796,18.0,27.0,3658.178755281168,3650.8019881203677,3650.0,3650.0,OK,17.210436519766695,0.06597804519965678,148,0.9548387096774194,iv_filter_cp_rolling_median_v2
2024-05-07,17.008983121764132,2024-05-17,2024-06-21,10.0,45.0,0.0288026634757493,0.028951865218295122,20.0,28.0,3659.7775961326456,3649.338060543515,3650.0,3600.0,OK,17.07647124311716,0.06748812135302984,135,0.9375,iv_filter_cp_rolling_median_v2
2024-05-08,16.51076798746397,2024-05-17,2024-06-21,9.0,44.0,0.026526055346223137,0.027360703763681514,20.0,28.0,3628.1911708745793,3616.1008016510605,3600.0,3600.0,OK,16.589395609419398,0.07862762195542672,135,0.9246575342465754,iv_filter_cp_rolling_median_v2
2024-05-09,16.51525149163361,2024-05-17,2024-06-21,8.0,43.0,0.02598360411484546,0.027417363651592197,20.0,26.0,3664.536804643769,3654.41013722907,3650.0,3650.0,OK,16.662660512911142,0.1474090212775323,135,0.9121621621621622,iv_filter_cp_rolling_median_v2
2024-05-10,16.335447688637643,2024-05-17,2024-06-21,7.0,42.0,0.0244105149136618,0.026882439049705165,20.0,27.0,3664.5335456429934,3651.403144573944,3650.0,3650.0,OK,16.456830545778153,0.12138285714051023,143,0.9050632911392406,iv_filter_cp_rolling_median_v2
2024-05-13,16.25206274083878,2024-06-21,2024-06-21,39.0,39.0,0.02641295433321602,0.02641295433321602,28.0,28.0,3651.633106158027,3651.633106158027,3650.0,3650.0,WARN_NOT_BRACKET_30D,16.3263882602858,0.0743255194470187,109,0.9316239316239316,iv_filter_cp_rolling_median_v2
2024-05-14,16.195399999879463,2024-06-21,2024-06-21,38.0,38.0,0.026229098115609577,0.026229098115609577,27.0,27.0,3642.4161938224474,3642.4161938224474,3600.0,3600.0,WARN_NOT_BRACKET_30D,16.333905215783613,0.13850521590415,107,0.963963963963964,iv_filter_cp_rolling_median_v2
2024-05-15,16.006248622656933,2024-06-21,2024-06-21,37.0,37.0,0.025619999497030702,0.025619999497030702,28.0,28.0,3616.5595299207653,3616.5595299207653,3600.0,3600.0,WARN_NOT_BRACKET_30D,16.094995258420262,0.08874663576332864,114,0.9421487603305785,iv_filter_cp_rolling_median_v2
2024-05-16,15.854499470612508,2024-06-21,2024-06-21,36.0,36.0,0.025136515346365223,0.025136515346365223,28.0,28.0,3627.856977918048,3627.856977918048,3600.0,3600.0,WARN_NOT_BRACKET_30D,15.916477772871248,0.06197830225874057,113,0.9416666666666667,iv_filter_cp_rolling_median_v2
2024-05-17,15.704316800382664,2024-06-21,2024-06-21,35.0,35.0,0.024662556616678117,0.024662556616678117,28.0,28.0,3674.3571729170085,3674.3571729170085,3650.0,3650.0,WARN_NOT_BRACKET_30D,15.781896740874757,0.07757994049209316,113,0.9112903225806451,iv_filter_cp_rolling_median_v2
2024-05-20,15.384436372529425,2024-06-21,2024-06-21,32.0,32.0,0.02366808825004063,0.02366808825004063,28.0,28.0,3676.3942926898803,3676.3942926898803,3650.0,3650.0,WARN_NOT_BRACKET_30D,15.495470593068472,0.11103422053904666,142,0.9466666666666667,iv_filter_cp_rolling_median_v2
2024-05-21,15.238029835635421,2024-06-21,2024-06-21,31.0,31.0,0.02321975532717153,0.02321975532717153,28.0,28.0,3662.5338820032243,3662.5338820032243,3650.0,3650.0,WARN_NOT_BRACKET_30D,15.308234710972748,0.07020487533732656,144,0.935064935064935,iv_filter_cp_rolling_median_v2
2024-05-22,15.360755929949724,2024-06-21,2024-06-21,30.0,30.0,0.023595282273948557,0.023595282273948557,28.0,28.0,3669.140789770616,3669.140789770616,3650.0,3650.0,OK,15.42383685913427,0.06308092918454555,136,0.9645390070921985,iv_filter_cp_rolling_median_v2
2024-05-23,15.342146345156959,2024-06-21,2024-07-19,29.0,57.0,0.023573206593241046,0.02305651602621338,28.0,20.0,3629.2410506420283,3599.9711430209186,3600.0,3550.0,OK,15.382842827245252,0.04069648208829335,143,0.934640522875817,iv_filter_cp_rolling_median_v2
2024-05-24,16.23827969318242,2024-06-21,2024-07-19,28.0,56.0,0.026559563778479425,0.025124130985399083,28.0,20.0,3593.1774389212683,3562.257550198171,3550.0,3550.0,OK,16.273139432412215,0.034859739229794684,147,0.91875,iv_filter_cp_rolling_median_v2
2024-05-27,15.742712759149411,2024-06-21,2024-07-19,25.0,53.0,0.024853586004041524,0.024630794223061577,27.0,20.0,3619.689815637122,3589.7601379428966,3600.0,3550.0,OK,15.756080385698596,0.013367626549184664,140,0.9032258064516129,iv_filter_cp_rolling_median_v2
2024-05-28,15.24152468866746,2024-06-21,2024-07-19,24.0,52.0,0.023191595347314915,0.023296089560190844,28.0,19.0,3595.2174537161336,3566.977191648256,3550.0,3550.0,OK,15.285715847606838,0.04419115893937864,134,0.9436619718309859,iv_filter_cp_rolling_median_v2
2024-05-29,15.111790782475449,2024-06-21,2024-07-19,23.0,51.0,0.02238713549586469,0.023444750953432462,26.0,20.0,3599.4965543674225,3573.478143912669,3550.0,3550.0,OK,15.17291120135503,0.06112041887958064,133,0.8986486486486487,iv_filter_cp_rolling_median_v2
2024-05-30,15.291915416804239,2024-06-21,2024-07-19,22.0,50.0,0.02313297933254901,0.02366068492828207,28.0,20.0,3586.9491907621327,3557.715524678814,3550.0,3550.0,OK,15.28077928401384,0.011136132790397824,147,0.91875,iv_filter_cp_rolling_median_v2
2024-05-31,15.346471574964374,2024-06-21,2024-07-19,21.0,49.0,0.023042060987174845,0.024012266688020766,27.0,20.0,3574.0980391601897,3544.227088001778,3550.0,3500.0,OK,15.35884398434247,0.012372409378095028,135,0.9507042253521126,iv_filter_cp_rolling_median_v2
2024-06-03,15.232318911463155,2024-06-21,2024-07-19,18.0,46.0,0.02256243990718162,0.023536222134157993,28.0,20.0,3573.4215776904816,3545.979212110852,3550.0,3500.0,OK,15.271811226754007,0.039492315290852176,135,0.8940397350993378,iv_filter_cp_rolling_median_v2
2024-06-04,14.882866620660298,2024-06-21,2024-07-19,17.0,45.0,0.021393123795882766,0.022479880026175233,24.0,20.0,3599.7881645513044,3572.7126411068234,3550.0,3550.0,OK,14.950589440739298,0.0677228200790001,131,0.9424460431654677,iv_filter_cp_rolling_median_v2
2024-06-05,14.914261010703287,2024-06-21,2024-07-19,16.0,44.0,0.021651197636713287,0.022458907426929384,26.0,20.0,3584.7184682707652,3557.743748930543,3550.0,3550.0,OK,14.959266742382122,0.04500573167883459,125,0.9398496240601504,iv_filter_cp_rolling_median_v2
2024-06-06,15.422373910927334,2024-06-21,2024-07-19,15.0,43.0,0.024202586323182045,0.02365870309930151,26.0,20.0,3586.493253105238,3555.0190156207514,3550.0,3550.0,OK,15.446264166777054,0.02389025584971982,127,0.9548872180451128,iv_filter_cp_rolling_median_v2
2024-06-07,15.856732911120469,2024-06-21,2024-07-19,14.0,42.0,0.02409038230726434,0.025406901750010293,27.0,20.0,3561.2439075866123,3534.0640664805624,3550.0,3500.0,OK,15.881692308403451,0.024959397282982465,129,0.9214285714285714,iv_filter_cp_rolling_median_v2
2024-06-11,16.14403441226995,2024-06-21,2024-07-19,10.0,38.0,0.028540401150201844,0.025802204032587615,26.0,20.0,3537.2625278818214,3510.709443660689,3500.0,3500.0,OK,16.133525420253616,0.010508992016333707,135,0.9507042253521126,iv_filter_cp_rolling_median_v2
2024-06-12,15.565506469541173,2024-06-21,2024-07-19,9.0,37.0,0.027508593557155896,0.023962545565995814,27.0,20.0,3533.1167811058103,3506.462342460442,3500.0,3500.0,OK,15.591182333749298,0.025675864208125176,129,0.9214285714285714,iv_filter_cp_rolling_median_v2
2024-06-13,15.081113715664765,2024-06-21,2024-07-19,8.0,36.0,0.02362437687042719,0.022690642861393547,27.0,20.0,3516.13600615006,3488.8743318937586,3500.0,3450.0,OK,15.074502342883733,0.006611372781032188,127,0.8639455782312925,iv_filter_cp_rolling_median_v2
2024-06-14,14.813844005967733,2024-06-21,2024-07-19,7.0,35.0,0.02368188715548652,0.021869480478437568,28.0,20.0,3533.406320809414,3507.1466626517426,3500.0,3500.0,OK,14.822911696369198,0.009067690401465711,136,0.8947368421052632,iv_filter_cp_rolling_median_v2
2024-06-17,14.887034934140875,2024-07-19,2024-07-19,32.0,32.0,0.02216238091303308,0.02216238091303308,19.0,19.0,3501.725216207812,3501.725216207812,3500.0,3500.0,WARN_NOT_BRACKET_30D,14.899358085420635,0.01232315127976058,87,0.9157894736842105,iv_filter_cp_rolling_median_v2
2024-06-18,14.545417832852644,2024-07-19,2024-07-19,31.0,31.0,0.021156917993226776,0.021156917993226776,20.0,20.0,3508.4972217795766,3508.4972217795766,3500.0,3500.0,WARN_NOT_BRACKET_30D,14.487507061018212,0.057910771834432495,97,0.9603960396039604,iv_filter_cp_rolling_median_v2
2024-06-19,14.44766197108421,2024-07-19,2024-07-19,30.0,30.0,0.02087349364307129,0.02087349364307129,20.0,20.0,3499.571801199476,3499.571801199476,3450.0,3450.0,OK,14.457638207343813,0.00997623625960209,87,0.9456521739130435,iv_filter_cp_rolling_median_v2
2024-06-20,14.710701653520752,2024-07-19,2024-08-16,29.0,57.0,0.02153361854804289,0.023108335097366026,19.0,19.0,3477.924121685972,3473.836574757769,3450.0,3450.0,OK,14.673863452670538,0.036838200850214164,90,0.9183673469387755,iv_filter_cp_rolling_median_v2
2024-06-21,14.617278413580923,2024-07-19,2024-08-16,28.0,56.0,0.02126215253586635,0.022044629681972808,20.0,20.0,3469.104576142703,3464.488865980898,3450.0,3450.0,OK,14.641859897676552,0.02458148409562888,97,0.941747572815534,iv_filter_cp_rolling_median_v2
2024-06-24,14.54895762063991,2024-07-19,2024-08-16,25.0,53.0,0.021047937791380623,0.021426029694788445,21.0,21.0,3451.7582395736385,3443.658575591473,3450.0,3400.0,OK,14.513280289352709,0.03567733128720185,131,0.903448275862069,iv_filter_cp_rolling_median_v2
2024-06-25,15.248768811109162,2024-07-19,2024-08-16,24.0,52.0,0.023233270190549743,0.023285029361476927,20.0,21.0,3428.7010197057853,3422.7022828668773,3400.0,3400.0,OK,15.259983526183564,0.011214715074402193,132,0.9428571428571428,iv_filter_cp_rolling_median_v2
2024-06-26,14.792040366871124,2024-07-19,2024-08-16,23.0,51.0,0.021894682029906267,0.0218611850689844,21.0,21.0,3450.811255936071,3443.0856183085043,3450.0,3400.0,OK,14.805330398827204,0.013290031956080028,131,0.9492753623188406,iv_filter_cp_rolling_median_v2
2024-06-27,14.804846354693435,2024-07-19,2024-08-16,22.0,50.0,0.021961547535295813,0.021870827584251303,21.0,20.0,3429.5307982463364,3423.1175198795845,3400.0,3400.0,OK,14.82258092578993,0.017734571096495344,123,0.9609375,iv_filter_cp_rolling_median_v2
2024-06-28,14.34164387666264,2024-07-19,2024-08-16,21.0,49.0,0.02051284564287014,0.020618425196453682,21.0,20.0,3437.886819085592,3430.569603907756,3400.0,3400.0,OK,14.336796047787503,0.004847828875137239,129,0.9084507042253521,iv_filter_cp_rolling_median_v2
2024-07-01,13.937356655943688,2024-07-19,2024-08-16,18.0,46.0,0.020341163850963167,0.018946987857863678,19.0,20.0,3450.138371706148,3441.287404634523,3450.0,3400.0,OK,13.960858293042728,0.02350163709903974,128,0.9343065693430657,iv_filter_cp_rolling_median_v2
2024-07-02,13.380821568647198,2024-07-19,2024-08-16,17.0,45.0,0.017971458161813433,0.017875512103082723,21.0,20.0,3446.9606900214,3438.710871273199,3400.0,3400.0,OK,13.395476287593633,0.014654718946434997,124,0.9538461538461539,iv_filter_cp_rolling_median_v2
2024-07-03,13.364945287389688,2024-07-19,2024-08-16,16.0,44.0,0.017286194897465416,0.01807162401931982,21.0,20.0,3440.5263368201718,3433.0132001768866,3400.0,3400.0,OK,13.358057691904012,0.006887595485675746,127,0.9477611940298507,iv_filter_cp_rolling_median_v2
2024-07-04,13.60365795681644,2024-07-19,2024-08-16,15.0,43.0,0.01856625801724169,0.018487718620692258,21.0,20.0,3422.263416922727,3416.339837628823,3400.0,3400.0,OK,13.59872777960146,0.004930177214980347,129,0.9485294117647058,iv_filter_cp_rolling_median_v2
2024-07-05,13.988359778507272,2024-07-19,2024-08-16,14.0,42.0,0.019386552494800195,0.019612638037919957,19.0,19.0,3404.574522176752,3395.389974449571,3400.0,3350.0,OK,14.051064055895878,0.0627042773886064,131,0.9424460431654677,iv_filter_cp_rolling_median_v2
2024-07-08,15.335669087595397,2024-07-19,2024-08-16,11.0,39.0,0.025520979107541066,0.023250706832589292,21.0,18.0,3381.0229514400094,3370.2825668828627,3350.0,3350.0,OK,15.40906006960181,0.07339098200641381,129,0.9084507042253521,iv_filter_cp_rolling_median_v2
2024-07-09,14.892574564962802,2024-07-19,2024-08-16,10.0,38.0,0.023668024278628477,0.022022125447683928,22.0,21.0,3419.4637859484837,3410.2200772372516,3400.0,3400.0,OK,14.918686873463296,0.026112308500493953,130,0.8843537414965986,iv_filter_cp_rolling_median_v2
2024-07-10,14.811744789944074,2024-07-19,2024-08-16,9.0,37.0,0.02466328626329411,0.021717872327023224,21.0,20.0,3413.748185713428,3405.453308828751,3400.0,3400.0,OK,14.829492119637566,0.01774732969349202,115,0.8914728682170543,iv_filter_cp_rolling_median_v2
2024-07-11,14.634287042572037,2024-07-19,2024-08-16,8.0,36.0,0.023573036231309394,0.02128552054220462,22.0,21.0,3453.7893007690523,3448.7977710612568,3450.0,3400.0,OK,14.61882467651056,0.01546236606147744,136,0.9315068493150684,iv_filter_cp_rolling_median_v2
2024-07-12,13.916511489023375,2024-07-19,2024-08-16,7.0,35.0,0.02017155433563509,0.019331945500967482,21.0,22.0,3464.644818480479,3456.7715438142777,3450.0,3450.0,OK,13.872944155272846,0.0435673337505289,130,0.9154929577464789,iv_filter_cp_rolling_median_v2
2024-07-15,13.569065635612326,2024-08-16,2024-08-16,32.0,32.0,0.01841195422235553,0.01841195422235553,20.0,20.0,3453.9306130410623,3453.9306130410623,3450.0,3450.0,WARN_NOT_BRACKET_30D,13.579625459775036,0.010559824162710285,98,0.9333333333333333,iv_filter_cp_rolling_median_v2
2024-07-16,13.10613622614564,2024-08-16,2024-08-16,31.0,31.0,0.01717708067782871,0.01717708067782871,21.0,21.0,3472.68100301117,3472.68100301117,3450.0,3450.0,WARN_NOT_BRACKET_30D,13.040201689664404,0.0659345364812367,100,0.9174311926605505,iv_filter_cp_rolling_median_v2
2024-07-17,13.364925639618317,2024-08-16,2024-08-16,30.0,30.0,0.017862123735252707,0.017862123735252707,20.0,20.0,3480.9140033253725,3480.9140033253725,3450.0,3450.0,OK,13.374218623918813,0.009292984300495633,94,0.912621359223301,iv_filter_cp_rolling_median_v2
2024-07-18,14.356106788306713,2024-08-16,2024-09-20,29.0,64.0,0.020611337609581806,0.020585786551020006,22.0,24.0,3498.7528698925844,3487.6508085261416,3450.0,3450.0,OK,14.3525624081892,0.003544380117512347,105,0.9375,iv_filter_cp_rolling_median_v2
2024-07-19,14.1212496162483,2024-08-16,2024-09-20,28.0,63.0,0.019845501520886565,0.020641064450492443,22.0,24.0,3512.8185446646476,3508.221790328209,3500.0,3500.0,OK,14.144949797570758,0.023700181322459102,105,0.9210526315789473,iv_filter_cp_rolling_median_v2
2024-07-22,14.229863723670272,2024-08-16,2024-09-20,25.0,60.0,0.01988159757155964,0.021167163629080405,22.0,24.0,3492.6866555227207,3487.474512754328,3450.0,3450.0,OK,14.260938272961775,0.031074549291503217,119,0.9296875,iv_filter_cp_rolling_median_v2
2024-07-23,15.050377128362802,2024-08-16,2024-09-20,24.0,59.0,0.022854390487383143,0.022252256073179898,22.0,24.0,3430.9813155988386,3423.8919491999395,3400.0,3400.0,OK,15.076026037393792,0.025648909030989486,117,0.9069767441860465,iv_filter_cp_rolling_median_v2
2024-07-24,15.923327260660091,2024-08-16,2024-09-20,23.0,58.0,0.02586194007996662,0.024551496179211783,22.0,24.0,3404.5117321028447,3395.171682839243,3400.0,3350.0,OK,15.94285839403035,0.019531133370259468,132,0.9230769230769231,iv_filter_cp_rolling_median_v2
2024-07-25,16.224334032601686,2024-08-16,2024-09-20,22.0,57.0,0.0269347132989829,0.025525936084550612,22.0,24.0,3381.98838207401,3375.784259300721,3350.0,3350.0,OK,16.26590224783904,0.04156821523735488,131,0.9097222222222222,iv_filter_cp_rolling_median_v2
2024-07-26,15.47436520854757,2024-08-16,2024-09-20,21.0,56.0,0.023932851660900423,0.02395940624392193,20.0,24.0,3399.568431023131,3392.0746743987806,3350.0,3350.0,OK,15.53721534629492,0.06285013774735049,132,0.9428571428571428,iv_filter_cp_rolling_median_v2
2024-07-29,15.675781744353312,2024-08-16,2024-09-20,18.0,53.0,0.025364144040855054,0.02405803201765577,19.0,24.0,3384.291383118117,3379.700246388128,3350.0,3350.0,OK,15.732281896393252,0.05650015203993952,110,0.9649122807017544,iv_filter_cp_rolling_median_v2
2024-07-30,16.05932511296581,2024-08-16,2024-09-20,17.0,52.0,0.027399395462090165,0.024899893522176593,21.0,24.0,3360.9721741758467,3357.4045598589005,3350.0,3350.0,OK,16.08682852766036,0.027503414694550088,129,0.9555555555555556,iv_filter_cp_rolling_median_v2
2024-07-31,15.526350555283749,2024-08-16,2024-09-20,16.0,51.0,0.02556889040901479,0.023418692978928332,22.0,24.0,3444.9959668674096,3444.8657896682116,3400.0,3400.0,OK,15.58576491093988,0.059414355656130624,135,0.9246575342465754,iv_filter_cp_rolling_median_v2
2024-08-01,15.576971318046636,2024-08-16,2024-09-20,15.0,50.0,0.02559329460642141,0.02373256711948611,23.0,24.0,3418.5824616023983,3418.5222382532834,3400.0,3400.0,OK,15.587786252653284,0.010814934606647952,131,0.916083916083916,iv_filter_cp_rolling_median_v2
2024-08-02,16.230381114179423,2024-08-16,2024-09-20,14.0,49.0,0.028412365839926946,0.025640260399602297,23.0,24.0,3382.156383729175,3379.608660782243,3350.0,3350.0,OK,16.25152966616853,0.021148551989107034,126,0.9264705882352942,iv_filter_cp_rolling_median_v2
2024-08-05,18.86958274158322,2024-08-16,2024-09-20,11.0,46.0,0.04934243960245016,0.03283999047862881,21.0,24.0,3341.698345292951,3333.4515691449374,3300.0,3300.0,OK,18.914226662884456,0.044643921301236844,134,0.864516129032258,iv_filter_cp_rolling_median_v2
2024-08-06,18.235435889635205,2024-08-16,2024-09-20,10.0,45.0,0.04145546441027397,0.031886053508203845,22.0,24.0,3335.431396275992,3332.0771262068884,3300.0,3300.0,OK,18.30830940893257,0.07287351929736374,141,0.9527027027027027,iv_filter_cp_rolling_median_v2
2024-08-07,16.602309256190473,2024-08-16,2024-09-20,9.0,44.0,0.032587214176636264,0.02687863813934367,22.0,24.0,3332.7072296730275,3326.882505423246,3300.0,3300.0,OK,16.657065049141508,0.05475579295103472,120,0.8955223880597015,iv_filter_cp_rolling_median_v2
2024-08-08,15.513200854821187,2024-08-16,2024-09-20,8.0,43.0,0.02991873234355992,0.023422504139833378,23.0,24.0,3339.845145942383,3336.390729603514,3300.0,3300.0,OK,15.564554065697116,0.05135321087592892,137,0.9072847682119205,iv_filter_cp_rolling_median_v2
2024-08-09,15.316367753463132,2024-08-16,2024-09-20,7.0,42.0,0.029707408351095633,0.022915782008527032,22.0,24.0,3325.4831592015885,3322.4610468945534,3300.0,3300.0,OK,15.359105892903376,0.04273813944024418,123,0.8367346938775511,iv_filter_cp_rolling_median_v2
2024-08-12,14.89213720634881,2024-09-20,2024-09-20,39.0,39.0,0.022177575057271855,0.022177575057271855,25.0,25.0,3320.553022507944,3320.553022507944,3300.0,3300.0,WARN_NOT_BRACKET_30D,14.962312794370764,0.07017558802195367,96,0.9795918367346939,iv_filter_cp_rolling_median_v2
2024-08-13,15.091245494059965,2024-09-20,2024-09-20,38.0,38.0,0.02277456905619852,0.02277456905619852,25.0,25.0,3328.911088583628,3328.911088583628,3300.0,3300.0,WARN_NOT_BRACKET_30D,15.163456080230633,0.07221058617066767,101,0.9619047619047619,iv_filter_cp_rolling_median_v2
2024-08-14,15.211921919756803,2024-09-20,2024-09-20,37.0,37.0,0.02314025684927775,0.02314025684927775,24.0,24.0,3298.9600887118177,3298.9600887118177,3250.0,3250.0,WARN_NOT_BRACKET_30D,15.329524553766284,0.11760263400948112,95,0.9223300970873787,iv_filter_cp_rolling_median_v2
2024-08-15,14.736081064017634,2024-09-20,2024-09-20,36.0,36.0,0.021715208512529907,0.021715208512529907,25.0,25.0,3334.677982107167,3334.677982107167,3300.0,3300.0,WARN_NOT_BRACKET_30D,14.785751750558292,0.04967068654065798,97,0.9150943396226415,iv_filter_cp_rolling_median_v2
2024-08-16,14.185844059704916,2024-09-20,2024-09-20,35.0,35.0,0.020123817168626528,0.020123817168626528,25.0,25.0,3340.0530005829614,3340.0530005829614,3300.0,3300.0,WARN_NOT_BRACKET_30D,14.259004014319162,0.07315995461424585,106,0.9464285714285714,iv_filter_cp_rolling_median_v2
2024-08-19,14.093458971648568,2024-09-20,2024-09-20,32.0,32.0,0.019862558578554148,0.019862558578554148,25.0,25.0,3349.8359583264123,3349.8359583264123,3300.0,3300.0,WARN_NOT_BRACKET_30D,14.14003460761549,0.04657563596692249,113,0.9112903225806451,iv_filter_cp_rolling_median_v2
2024-08-20,14.052376537055805,2024-09-20,2024-09-20,31.0,31.0,0.019746928633919646,0.019746928633919646,25.0,25.0,3320.6872549890772,3320.6872549890772,3300.0,3300.0,WARN_NOT_BRACKET_30D,14.140577593728093,0.08820105667228795,124,0.9612403100775194,iv_filter_cp_rolling_median_v2
2024-08-21,14.055761718176306,2024-09-20,2024-09-20,30.0,30.0,0.01975644374781506,0.01975644374781506,25.0,25.0,3315.1255260491516,3315.1255260491516,3300.0,3300.0,OK,14.06963160146332,0.013869883287012996,126,0.9618320610687023,iv_filter_cp_rolling_median_v2
2024-08-22,14.019208069138713,2024-09-20,2024-10-18,29.0,57.0,0.019806845731669836,0.017551722149299186,25.0,18.0,3303.915601094221,3300.5123865074875,3300.0,3300.0,OK,14.01971646717123,0.0005083980325171211,128,0.9696969696969697,iv_filter_cp_rolling_median_v2
2024-08-23,13.81436993806385,2024-09-20,2024-10-18,28.0,56.0,0.019369607728244875,0.01722516235566997,25.0,19.0,3323.341955332033,3320.2561075529215,3300.0,3300.0,OK,13.808717264645344,0.005652673418506282,114,0.9344262295081968,iv_filter_cp_rolling_median_v2
2024-08-26,13.789853850783715,2024-09-20,2024-10-18,25.0,53.0,0.019657723065775318,0.017623603970419045,25.0,18.0,3321.2255871698376,3317.378452084861,3300.0,3300.0,OK,13.779354675873895,0.010499174909819331,119,0.9596774193548387,iv_filter_cp_rolling_median_v2
2024-08-27,13.691719834355528,2024-09-20,2024-10-18,24.0,52.0,0.01969380553431219,0.01714288079414061,24.0,17.0,3304.1310497517393,3302.641421214231,3300.0,3300.0,OK,13.698288499966935,0.006568665611407454,121,0.952755905511811,iv_filter_cp_rolling_median_v2
2024-08-28,13.808826772745192,2024-09-20,2024-10-18,23.0,51.0,0.020092715101545568,0.01768249058959937,25.0,19.0,3282.38336332748,3280.6815653118397,3250.0,3250.0,OK,13.825174926664074,0.01634815391888189,134,0.9241379310344827,iv_filter_cp_rolling_median_v2
2024-08-29,14.062733807005074,2024-09-20,2024-10-18,22.0,50.0,0.021204730514049946,0.01820449768114857,24.0,17.0,3277.3780029584104,3276.352162284219,3250.0,3250.0,OK,14.091223127401369,0.028489320396294815,110,0.8943089430894309,iv_filter_cp_rolling_median_v2
2024-08-30,13.402171287465176,2024-09-20,2024-10-18,21.0,49.0,0.01859409965108624,0.017389756547789775,25.0,19.0,3324.058197936031,3320.8511866961226,3300.0,3300.0,OK,13.411217695893663,0.00904640842848714,121,0.8581560283687943,iv_filter_cp_rolling_median_v2
2024-09-02,14.451984195991086,2024-09-20,2024-10-18,18.0,46.0,0.024515609071723326,0.018992267667105933,25.0,19.0,3260.1382319636873,3259.8839202934323,3250.0,3250.0,OK,14.459773827422786,0.007789631431700528,126,0.9197080291970803,iv_filter_cp_rolling_median_v2
2024-09-03,14.204672843469742,2024-09-20,2024-10-18,17.0,45.0,0.023334895320821152,0.018800873611540467,25.0,17.0,3270.311592231384,3268.7902535742523,3250.0,3250.0,OK,14.189530529512451,0.015142313957291265,124,0.8920863309352518,iv_filter_cp_rolling_median_v2
2024-09-04,14.6191341596213,2024-09-20,2024-10-18,16.0,44.0,0.02467973781309301,0.020169061283012504,25.0,19.0,3251.3560749568323,3248.986520736795,3250.0,3200.0,OK,14.640527417306352,0.021393257685051736,122,0.8652482269503546,iv_filter_cp_rolling_median_v2
2024-09-05,14.443346070965038,2024-09-20,2024-10-18,15.0,43.0,0.02374541043065854,0.019989000941049807,25.0,17.0,3254.9615390546164,3254.8094436904516,3250.0,3250.0,OK,14.389428679306798,0.05391739165824028,116,0.928,iv_filter_cp_rolling_median_v2
2024-09-06,14.396992554429886,2024-09-20,2024-10-18,14.0,42.0,0.02383344610552472,0.01995081280015752,25.0,18.0,3227.1368860070743,3223.592837884042,3200.0,3200.0,OK,14.370695488055388,0.026297066374498357,113,0.8692307692307693,iv_filter_cp_rolling_median_v2
2024-09-09,15.91487491760048,2024-09-20,2024-10-18,11.0,39.0,0.03239769263825715,0.024383833866145108,25.0,18.0,3188.702853602772,3184.120795649252,3150.0,3150.0,OK,15.918071120662637,0.0031962030621563997,127,0.9202898550724637,iv_filter_cp_rolling_median_v2
2024-09-10,15.870725026641214,2024-09-20,2024-10-18,10.0,38.0,0.03333271770385414,0.024330651664312038,26.0,18.0,3190.212825142257,3185.6723768500533,3150.0,3150.0,OK,15.925255588671908,0.05453056203069373,128,0.927536231884058,iv_filter_cp_rolling_median_v2
2024-09-11,15.720552203230213,2024-09-20,2024-10-18,9.0,37.0,0.0330336174925574,0.024038978211358725,25.0,18.0,3182.488789834252,3178.2244518575453,3150.0,3150.0,OK,15.769844636326576,0.04929243309636355,119,0.937007874015748,iv_filter_cp_rolling_median_v2
2024-09-12,14.988468376406347,2024-09-20,2024-10-18,8.0,36.0,0.026329107980029205,0.022231255423842654,25.0,17.0,3173.350036457193,3167.063317124332,3150.0,3150.0,OK,15.05753482936342,0.06906645295707214,119,0.8321678321678322,iv_filter_cp_rolling_median_v2
2024-09-13,14.277806979440419,2024-09-20,2024-10-18,7.0,35.0,0.024284643288342404,0.020216052602297203,26.0,17.0,3158.7925267978676,3156.025826037746,3150.0,3150.0,OK,14.289415642399224,0.011608662958805027,116,0.8226950354609929,iv_filter_cp_rolling_median_v2
2024-09-18,15.31846177780479,2024-10-18,2024-10-18,30.0,30.0,0.02346552712380663,0.02346552712380663,19.0,19.0,3164.3574467214753,3164.3574467214753,3150.0,3150.0,OK,15.228946950471489,0.08951482733330174,89,0.967391304347826,iv_filter_cp_rolling_median_v2
2024-09-19,14.819816995901803,2024-10-18,2024-11-15,29.0,57.0,0.02175370346974268,0.024833616661774638,19.0,17.0,3194.611909142215,3192.204492336717,3150.0,3150.0,OK,14.833819165187116,0.014002169285312505,84,0.865979381443299,iv_filter_cp_rolling_median_v2
2024-09-20,14.419439650962518,2024-10-18,2024-11-15,28.0,56.0,0.020329272131778243,0.023799911029253957,19.0,17.0,3195.244597733488,3195.2571616111436,3150.0,3150.0,OK,14.388468907465771,0.030970743496746778,93,0.96875,iv_filter_cp_rolling_median_v2
2024-09-23,14.160377668599025,2024-10-18,2024-11-15,25.0,53.0,0.01911122324579153,0.022092133863879024,19.0,17.0,3205.831227880231,3202.1433601853946,3200.0,3200.0,OK,14.180091041921411,0.019713373322385763,122,0.9104477611940298,iv_filter_cp_rolling_median_v2
2024-09-24,17.96915804584282,2024-10-18,2024-11-15,24.0,52.0,0.0320569870542623,0.03268180983645399,19.0,17.0,3360.999135620132,3361.3965295301628,3350.0,3350.0,OK,17.98106933189247,0.011911286049649306,127,0.927007299270073,iv_filter_cp_rolling_median_v2
2024-09-25,,,,,,,,,,,,,,LOW_NO_CHAIN,,,0,0.0,iv_filter_cp_rolling_median_v2
2024-09-26,23.904664528622416,2024-10-18,2024-11-15,22.0,50.0,0.06635206774803058,0.0470136525846219,19.0,18.0,3575.7726863346006,3585.7643840850837,3550.0,3550.0,OK,23.945928459407504,0.04126393078508883,130,0.9027777777777778,iv_filter_cp_rolling_median_v2
2024-09-27,24.983651512363654,2024-10-18,2024-11-15,21.0,49.0,0.07420446282391925,0.05175459894811699,19.0,21.0,3832.4401752581016,3824.759768518809,3800.0,3800.0,OK,25.109509583919536,0.12585807155588213,132,0.868421052631579,iv_filter_cp_rolling_median_v2
2024-09-30,29.85078974898802,2024-10-18,2024-11-15,18.0,46.0,0.1066847091603953,0.0799359678395333,23.0,25.0,4167.419035756975,4192.350488528635,4100.0,4100.0,OK,29.88923196470604,0.038442215718017536,132,0.7674418604651163,iv_filter_cp_rolling_median_v2
2024-10-08,44.236046125284055,2024-10-18,2024-11-15,10.0,38.0,0.3422352699029328,0.18025619955107772,30.0,32.0,4267.208408849337,4275.152894120686,4250.0,4250.0,OK,44.40407830648582,0.16803218120176666,193,0.8693693693693694,iv_filter_cp_rolling_median_v2
2024-10-09,43.43956122870371,2024-10-18,2024-11-15,9.0,37.0,0.2758068843928992,0.18163679096731072,35.0,37.0,3948.39927498882,3957.8357128868856,3900.0,3950.0,OK,43.46430852580787,0.024747297104163124,241,0.94140625,iv_filter_cp_rolling_median_v2
2024-10-10,37.827637361823854,2024-10-18,2024-11-15,8.0,36.0,0.22213839157377172,0.13830238594467387,35.0,37.0,4005.402053193365,4010.9809949100118,4000.0,4000.0,OK,37.868067516055085,0.040430154231231086,246,0.968503937007874,iv_filter_cp_rolling_median_v2
2024-10-11,41.464632871321854,2024-10-18,2024-11-15,7.0,35.0,0.2816305794210172,0.1671620561107563,35.0,37.0,3900.075910034216,3903.114001714043,3900.0,3900.0,OK,41.48804112303015,0.023408251708296746,230,0.9311740890688259,iv_filter_cp_rolling_median_v2
2024-10-14,34.33518106146991,2024-11-15,2024-11-15,32.0,32.0,0.11789046585239218,0.11789046585239218,37.0,37.0,3966.2237414001056,3966.2237414001056,3950.0,3950.0,WARN_NOT_BRACKET_30D,34.31469030448063,0.020490756989282488,164,0.9425287356321839,iv_filter_cp_rolling_median_v2
2024-10-15,26.966288139060335,2024-11-15,2024-11-15,31.0,31.0,0.07271806959988261,0.07271806959988261,37.0,37.0,3859.9003132408243,3859.9003132408243,3850.0,3850.0,WARN_NOT_BRACKET_30D,26.94774761616181,0.018540522898526035,167,0.9382022471910112,iv_filter_cp_rolling_median_v2
2024-10-16,28.050066794415923,2024-11-15,2024-11-15,30.0,30.0,0.07868062471711947,0.07868062471711947,37.0,37.0,3836.658017872131,3836.658017872131,3800.0,3800.0,OK,28.06053263040329,0.010465835987368166,172,0.9717514124293786,iv_filter_cp_rolling_median_v2
2024-10-17,26.974023862695752,2024-11-15,2024-12-20,29.0,64.0,0.073184235535937,0.06622077988782021,37.0,37.0,3787.3817487040396,3790.0701264942727,3750.0,3750.0,OK,26.933734665568675,0.0402891971270769,160,0.9142857142857143,iv_filter_cp_rolling_median_v2
2024-10-18,33.579856086559325,2024-11-15,2024-12-20,28.0,63.0,0.11562308621729801,0.09176964673484382,37.0,37.0,3936.781441146408,3939.366282047724,3900.0,3900.0,OK,33.609526925014535,0.029670838455210458,170,0.9239130434782609,iv_filter_cp_rolling_median_v2
2024-10-21,33.824073831999385,2024-11-15,2024-12-20,25.0,60.0,0.12285929966964,0.09327554053329097,37.0,37.0,3932.3777682308496,3943.981809742088,3900.0,3900.0,OK,33.84262422765524,0.0185503956558577,204,0.9902912621359223,iv_filter_cp_rolling_median_v2
2024-10-22,31.499278974041367,2024-11-15,2024-12-20,24.0,59.0,0.10639951594836222,0.08510569877912645,37.0,37.0,3962.8155388050104,3966.047754330701,3950.0,3950.0,OK,31.52547467106733,0.026195697025961806,194,0.941747572815534,iv_filter_cp_rolling_median_v2
2024-10-23,29.359020895908174,2024-11-15,2024-12-20,23.0,58.0,0.08945182823446869,0.08102954175731844,37.0,37.0,3978.174063748988,3985.6521675698123,3950.0,3950.0,OK,29.393569061634512,0.03454816572633845,191,0.9362745098039216,iv_filter_cp_rolling_median_v2
2024-10-24,29.090738916583682,2024-11-15,2024-12-20,22.0,57.0,0.0892112960959258,0.07865560228918396,37.0,37.0,3931.8677094684103,3938.7676371752623,3900.0,3900.0,OK,29.11178070408457,0.02104178750088792,187,0.9790575916230366,iv_filter_cp_rolling_median_v2
2024-10-25,29.45715969274231,2024-11-15,2024-12-20,21.0,56.0,0.09267284160077902,0.08038030850826479,37.0,37.0,3964.015408233117,3967.649998951283,3950.0,3950.0,OK,29.48046068222564,0.02330098948333159,202,0.9758454106280193,iv_filter_cp_rolling_median_v2
2024-10-28,30.839267276606506,2024-11-15,2024-12-20,18.0,53.0,0.10591116687966448,0.08807251502894037,37.0,37.0,3968.8178231171337,3974.6659981426164,3950.0,3950.0,OK,30.86785309424612,0.028585817639612543,182,0.896551724137931,iv_filter_cp_rolling_median_v2
2024-10-29,30.269230835775645,2024-11-15,2024-12-20,17.0,52.0,0.10067019930422183,0.0866170276273898,37.0,37.0,3931.983992334921,3935.5621314495843,3900.0,3900.0,OK,30.29850337588232,0.029272540106674683,197,0.9609756097560975,iv_filter_cp_rolling_median_v2
2024-10-30,30.87824963999773,2024-11-15,2024-12-20,16.0,51.0,0.10410829695063718,0.09122349273352658,37.0,37.0,3891.1927129955534,3900.7515634764673,3850.0,3900.0,OK,30.90144064670141,0.023191006703680017,192,0.96,iv_filter_cp_rolling_median_v2
2024-10-31,31.749066462146647,2024-11-15,2024-12-20,15.0,50.0,0.11220501595529853,0.09623844458837329,37.0,37.0,3893.3948708590224,3897.593938660099,3850.0,3850.0,OK,31.768233327268025,0.01916686512137744,200,0.975609756097561,iv_filter_cp_rolling_median_v2
2024-11-01,32.290949268849694,2024-11-15,2024-12-20,14.0,49.0,0.1190785290307119,0.09924640149182427,35.0,37.0,3900.800542693578,3906.2297296927736,3900.0,3900.0,OK,32.32664362341847,0.035694354568775566,200,0.9852216748768473,iv_filter_cp_rolling_median_v2
2024-11-04,33.970942204094456,2024-11-15,2024-12-20,11.0,46.0,0.14434107618850942,0.10957504185970773,37.0,37.0,3956.002952773301,3958.619876635295,3950.0,3950.0,OK,33.99566473673537,0.024722532640915063,184,0.92,iv_filter_cp_rolling_median_v2
2024-11-05,33.60082727960126,2024-11-15,2024-12-20,10.0,45.0,0.14190329862957204,0.10806793618032422,36.0,37.0,4056.402772013059,4068.241052325656,4050.0,4050.0,OK,33.6410230793302,0.040195799728941495,194,0.9326923076923077,iv_filter_cp_rolling_median_v2
2024-11-06,32.16014938544602,2024-11-15,2024-12-20,9.0,44.0,0.1236877021072261,0.10066476885971963,37.0,37.0,4034.5948222958596,4044.187233895166,4000.0,4000.0,OK,32.18152579939508,0.021376413949063533,202,0.9223744292237442,iv_filter_cp_rolling_median_v2
2024-11-07,31.671546503551916,2024-11-15,2024-12-20,8.0,43.0,0.1463381848971167,0.09524836030972338,37.0,37.0,4170.006956669484,4183.198546703283,4150.0,4150.0,OK,31.686693088970497,0.015146585418580827,179,0.8099547511312217,iv_filter_cp_rolling_median_v2
2024-11-08,31.048639666113093,2024-11-15,2024-12-20,7.0,42.0,0.13093971208453237,0.09339850602701144,37.0,37.0,4117.405490208444,4126.75157658171,4100.0,4100.0,OK,31.069457826157183,0.020818160044090206,209,0.9457013574660633,iv_filter_cp_rolling_median_v2
2024-11-11,27.414523079714133,2024-12-20,2024-12-20,39.0,39.0,0.07515560756881788,0.07515560756881788,37.0,37.0,4143.865229059282,4143.865229059282,4100.0,4100.0,WARN_NOT_BRACKET_30D,27.445340059877832,0.03081698016369927,136,0.8947368421052632,iv_filter_cp_rolling_median_v2
2024-11-12,26.749202124254296,2024-12-20,2024-12-20,38.0,38.0,0.07155198142842105,0.07155198142842105,37.0,37.0,4091.4015658064905,4091.4015658064905,4050.0,4050.0,WARN_NOT_BRACKET_30D,26.75122028482316,0.0020181605688627258,148,0.9736842105263158,iv_filter_cp_rolling_median_v2
2024-11-13,25.173274425171144,2024-12-20,2024-12-20,37.0,37.0,0.06336937452849757,0.06336937452849757,37.0,37.0,4116.430022207451,4116.430022207451,4100.0,4100.0,WARN_NOT_BRACKET_30D,25.204688522420128,0.03141409724898381,134,0.9054054054054054,iv_filter_cp_rolling_median_v2
2024-11-14,25.550343243463473,2024-12-20,2024-12-20,36.0,36.0,0.06528200398587995,0.06528200398587995,37.0,37.0,4047.7960859953114,4047.7960859953114,4000.0,4000.0,WARN_NOT_BRACKET_30D,25.59063686920576,0.040293625742286565,144,0.9863013698630136,iv_filter_cp_rolling_median_v2
2024-11-15,25.685959031731027,2024-12-20,2024-12-20,35.0,35.0,0.06597684913797645,0.06597684913797645,37.0,37.0,3979.7650847362993,3979.7650847362993,3950.0,3950.0,WARN_NOT_BRACKET_30D,25.688743475786183,0.002784444055155433,135,0.9782608695652174,iv_filter_cp_rolling_median_v2
2024-11-18,26.23666530241524,2024-12-20,2024-12-20,32.0,32.0,0.06883626061909599,0.06883626061909599,37.0,37.0,3956.209770419896,3956.209770419896,3950.0,3950.0,WARN_NOT_BRACKET_30D,26.259872422445536,0.023207120030296124,174,0.9720670391061452,iv_filter_cp_rolling_median_v2
2024-11-19,26.476806002004032,2024-12-20,2024-12-20,31.0,31.0,0.07010212560677567,0.07010212560677567,36.0,36.0,3974.160679801354,3974.160679801354,3950.0,3950.0,WARN_NOT_BRACKET_30D,26.49825709228014,0.02145109027610914,165,0.9322033898305084,iv_filter_cp_rolling_median_v2
2024-11-20,24.381211280350144,2024-12-20,2024-12-20,30.0,30.0,0.05944434634970731,0.05944434634970731,36.0,36.0,3984.1767244069756,3984.1767244069756,3950.0,3950.0,OK,24.42399054037717,0.042779260027025146,169,0.9548022598870056,iv_filter_cp_rolling_median_v2
2024-11-21,23.11401543730247,2024-12-20,2025-01-17,29.0,57.0,0.05354999130683476,0.051719375722111584,36.0,23.0,3988.9842873244443,3992.4629984727153,3950.0,3950.0,OK,23.124554286646564,0.010538849344094103,167,0.9542857142857143,iv_filter_cp_rolling_median_v2
2024-11-22,24.801902287365564,2024-12-20,2025-01-17,28.0,56.0,0.06246021602975342,0.055359363610624504,37.0,23.0,3860.0771155697284,3861.632432114696,3850.0,3850.0,OK,24.78932535328664,0.012576934078925461,166,0.9273743016759777,iv_filter_cp_rolling_median_v2
2024-11-25,24.149108925549957,2024-12-20,2025-01-17,25.0,53.0,0.06141350113224437,0.05160117603169028,37.0,24.0,3838.7569668156884,3840.3271317368935,3800.0,3800.0,OK,24.150765028834883,0.001656103284926047,173,0.9611111111111111,iv_filter_cp_rolling_median_v2
2024-11-26,23.547750402931257,2024-12-20,2025-01-17,24.0,52.0,0.05762044910749137,0.05177600317467787,37.0,24.0,3837.736928229973,3839.021841192045,3800.0,3800.0,OK,23.55561410395858,0.007863701027321923,173,0.9719101123595506,iv_filter_cp_rolling_median_v2
2024-11-27,23.5731445395655,2024-12-20,2025-01-17,23.0,51.0,0.05770094240700816,0.0526853469748117,37.0,24.0,3907.408327578777,3909.9145773320092,3900.0,3900.0,OK,23.57809324770965,0.004948708144148384,166,0.907103825136612,iv_filter_cp_rolling_median_v2
2024-11-28,23.655268186022685,2024-12-20,2025-01-17,22.0,50.0,0.058308837861395825,0.05337033807252256,36.0,24.0,3872.5059015470833,3868.6365248431403,3850.0,3850.0,OK,23.663219718313385,0.00795153229070067,170,0.9770114942528736,iv_filter_cp_rolling_median_v2
2024-11-29,24.201682687634282,2024-12-20,2025-01-17,21.0,49.0,0.0619862415246339,0.055483199556366825,35.0,24.0,3913.613731376664,3913.467806624073,3900.0,3900.0,OK,24.21935530667776,0.017672619043477056,172,0.9502762430939227,iv_filter_cp_rolling_median_v2
2024-12-02,25.484139610125812,2024-12-20,2025-01-17,18.0,46.0,0.0702273717790224,0.06218766693439445,35.0,24.0,3944.995730575499,3944.7883682249035,3900.0,3900.0,OK,25.499053675610632,0.014914065484820327,168,0.9545454545454546,iv_filter_cp_rolling_median_v2
2024-12-03,25.706868122060495,2024-12-20,2025-01-17,17.0,45.0,0.07140516846598746,0.06376495693564792,35.0,24.0,3947.3978988946374,3952.2047537381177,3900.0,3950.0,OK,25.72401983342682,0.017151711366324207,174,0.9720670391061452,iv_filter_cp_rolling_median_v2
2024-12-04,25.44369083835911,2024-12-20,2025-01-17,16.0,44.0,0.0693618579395658,0.06305678849624873,36.0,24.0,3925.0184670912845,3918.2379748116828,3900.0,3900.0,OK,25.44115361354635,0.002537224812758865,166,0.9651162790697675,iv_filter_cp_rolling_median_v2
2024-12-05,24.829905278064285,2024-12-20,2025-01-17,15.0,43.0,0.06563118268502614,0.06044953775240629,34.0,24.0,3918.813861737939,3916.433304721084,3900.0,3900.0,OK,24.842430950984635,0.012525672920350672,168,0.9824561403508771,iv_filter_cp_rolling_median_v2
2024-12-06,25.092992775356148,2024-12-20,2025-01-17,14.0,42.0,0.06554711954827884,0.062320505915939794,34.0,24.0,3973.2638606627734,3975.4503150468167,3950.0,3950.0,OK,25.11722011883571,0.02422734347956279,182,0.9680851063829787,iv_filter_cp_rolling_median_v2
2024-12-09,25.31507265697293,2024-12-20,2025-01-17,11.0,39.0,0.06478128762137951,0.06399230287479109,36.0,24.0,3965.6736183581925,3964.626801189381,3950.0,3950.0,OK,25.34728573843798,0.03221308146504853,165,0.9428571428571428,iv_filter_cp_rolling_median_v2
2024-12-10,25.738532877182823,2024-12-20,2025-01-17,10.0,38.0,0.07869636647054522,0.06493676967713337,36.0,24.0,4000.4001995017893,4005.1094658842862,4000.0,4000.0,OK,25.74253198305248,0.003999105869656461,177,0.9414893617021277,iv_filter_cp_rolling_median_v2
2024-12-11,25.33106544271843,2024-12-20,2025-01-17,9.0,37.0,0.0721646975236144,0.06351776792654845,34.0,24.0,3994.7977450517283,3997.595824353072,3950.0,3950.0,OK,25.333785934876857,0.002720492158427845,160,0.963855421686747,iv_filter_cp_rolling_median_v2
2024-12-12,25.89433310294613,2024-12-20,2025-01-17,8.0,36.0,0.07550256742774553,0.06653947179111123,34.0,24.0,4042.997438216279,4044.791197748569,4000.0,4000.0,OK,25.909263331171378,0.014930228225246367,157,0.9181286549707602,iv_filter_cp_rolling_median_v2
2024-12-13,23.886411080850024,2024-12-20,2025-01-17,7.0,35.0,0.0578036472796555,0.05702355978679982,37.0,24.0,3934.9730820533723,3932.7717391596993,3900.0,3900.0,OK,23.88610037367073,0.0003107071792953775,181,0.9378238341968912,iv_filter_cp_rolling_median_v2
2024-12-16,22.45981485785328,2025-01-17,2025-01-17,32.0,32.0,0.050444328344904706,0.050444328344904706,24.0,24.0,3913.4200871883386,3913.4200871883386,3900.0,3900.0,WARN_NOT_BRACKET_30D,22.47817983666768,0.018364978814400246,113,0.9826086956521739,iv_filter_cp_rolling_median_v2
2024-12-17,23.063665842179866,2025-01-17,2025-01-17,31.0,31.0,0.053193268207973425,0.053193268207973425,24.0,24.0,3926.762879307515,3926.762879307515,3900.0,3900.0,WARN_NOT_BRACKET_30D,23.08267508876421,0.019009246584342776,118,0.9516129032258065,iv_filter_cp_rolling_median_v2
2024-12-18,22.065821872415988,2025-01-17,2025-01-17,30.0,30.0,0.04869004949051919,0.04869004949051919,24.0,24.0,3940.3865453199637,3940.3865453199637,3900.0,3900.0,OK,22.08103466560129,0.015212793185302331,113,0.9741379310344828,iv_filter_cp_rolling_median_v2
2024-12-19,22.333960196184247,2025-01-17,2025-02-21,29.0,64.0,0.0500719121286077,0.04693283337329304,24.0,21.0,3946.314667385771,3947.392205225914,3900.0,3900.0,OK,22.35307528985884,0.019115093674592742,117,0.9915254237288136,iv_filter_cp_rolling_median_v2
2024-12-20,21.47496673077134,2025-01-17,2025-02-21,28.0,63.0,0.04619999415789545,0.04551187291521321,24.0,21.0,3937.383373609787,3941.776577295277,3900.0,3900.0,OK,21.48587838877969,0.010911658008350145,116,0.9666666666666667,iv_filter_cp_rolling_median_v2
2024-12-23,21.11333847887889,2025-01-17,2025-02-21,25.0,60.0,0.04446113773230495,0.04486772727253542,24.0,21.0,3938.4181539285314,3946.4000321593026,3900.0,3900.0,OK,21.10435485953482,0.00898361934407177,177,0.9888268156424581,iv_filter_cp_rolling_median_v2
2024-12-24,20.91679141858008,2025-01-17,2025-02-21,24.0,59.0,0.04444494338589927,0.04238727837427844,24.0,21.0,3988.987130614622,3993.983521828902,3950.0,3950.0,OK,20.920301964878423,0.0035105462983437974,166,0.9540229885057471,iv_filter_cp_rolling_median_v2
2024-12-25,20.693813629017168,2025-01-17,2025-02-21,23.0,58.0,0.04351198055618952,0.04173114873306923,24.0,21.0,3987.185390134273,3983.2663803707296,3950.0,3950.0,OK,20.696741630644425,0.0029280016272572595,167,0.9940476190476191,iv_filter_cp_rolling_median_v2
2024-12-26,19.815878514469883,2025-01-17,2025-02-21,22.0,57.0,0.040100473020167754,0.03818107097049214,24.0,21.0,3990.7896662555354,3992.5804391898882,3950.0,3950.0,OK,19.835427971982973,0.019549457513090118,157,0.98125,iv_filter_cp_rolling_median_v2
2024-12-27,19.256951896313367,2025-01-17,2025-02-21,21.0,56.0,0.038291555323881364,0.03577377263598831,24.0,21.0,3986.384726011596,3996.7273150225437,3950.0,3950.0,OK,19.26229027263993,0.005338376326562866,166,0.9707602339181286,iv_filter_cp_rolling_median_v2
2024-12-30,19.07407694393876,2025-01-17,2025-02-21,18.0,53.0,0.03987659575648241,0.03410728386707924,24.0,21.0,4002.402345958971,4005.413226484174,4000.0,4000.0,OK,19.07745668531369,0.0033797413749319105,166,0.9822485207100592,iv_filter_cp_rolling_median_v2
2024-12-31,18.969196801323214,2025-01-17,2025-02-21,17.0,52.0,0.03972069305829726,0.033915171096696096,24.0,21.0,3922.021247562047,3933.3414577847025,3900.0,3900.0,OK,18.96808099871916,0.0011158026040547497,160,0.9302325581395349,iv_filter_cp_rolling_median_v2
2025-01-02,20.706707160223772,2025-01-17,2025-02-21,15.0,50.0,0.053957733869486026,0.03844438745090235,24.0,21.0,3816.450584641938,3820.4624077268018,3800.0,3800.0,OK,20.745190670149668,0.03848350992589644,172,0.9662921348314607,iv_filter_cp_rolling_median_v2
2025-01-03,20.882234566033077,2025-01-17,2025-02-21,14.0,49.0,0.05250609188227157,0.040587359960143565,25.0,22.0,3779.99089959022,3779.0761133579017,3750.0,3750.0,OK,20.91220204141864,0.029967475385564768,173,0.9453551912568307,iv_filter_cp_rolling_median_v2
2025-01-06,22.542045706317534,2025-01-17,2025-02-21,11.0,46.0,0.06353704045234575,0.04825238268430958,26.0,23.0,3766.1331739284647,3768.812687244945,3750.0,3750.0,OK,22.559543974684683,0.01749826836714874,180,0.9574468085106383,iv_filter_cp_rolling_median_v2
2025-01-07,19.923203555482004,2025-01-17,2025-02-21,10.0,45.0,0.04274099363587537,0.039185472383890696,26.0,23.0,3793.0838679767357,3794.890038080146,3750.0,3750.0,OK,19.936935576330388,0.013732020848383542,165,0.953757225433526,iv_filter_cp_rolling_median_v2
2025-01-08,19.098336081260438,2025-01-17,2025-02-21,9.0,44.0,0.04087393582935227,0.035874740690630874,26.0,23.0,3786.966640747335,3788.727273168906,3750.0,3750.0,OK,19.10560758051957,0.007271499259132952,170,0.9042553191489362,iv_filter_cp_rolling_median_v2
2025-01-09,18.967166454206055,2025-01-17,2025-02-21,8.0,43.0,0.03827803055295223,0.03572219045365403,26.0,23.0,3778.5355053835324,3781.4734483396383,3750.0,3750.0,OK,18.992163305818124,0.02499685161206955,163,0.9421965317919075,iv_filter_cp_rolling_median_v2
2025-01-10,19.38648577131202,2025-01-17,2025-02-21,7.0,42.0,0.03979166118456977,0.03739157626235083,26.0,23.0,3733.746167240601,3733.8859139792694,3700.0,3700.0,OK,19.384308544820627,0.0021772264913941797,165,0.8918918918918919,iv_filter_cp_rolling_median_v2
2025-01-13,19.407453473209713,2025-02-21,2025-02-21,39.0,39.0,0.03766492503147997,0.03766492503147997,23.0,23.0,3721.8951546968474,3721.8951546968474,3700.0,3700.0,WARN_NOT_BRACKET_30D,19.369507005019177,0.03794646819053682,130,0.9701492537313433,iv_filter_cp_rolling_median_v2
2025-01-14,20.413274313900356,2025-02-21,2025-02-21,38.0,38.0,0.04167017682145441,0.04167017682145441,23.0,23.0,3819.8342786112507,3819.8342786112507,3800.0,3800.0,WARN_NOT_BRACKET_30D,20.426825067496736,0.01355075359638036,133,0.9637681159420289,iv_filter_cp_rolling_median_v2
2025-01-15,19.76230713708461,2025-02-21,2025-02-21,37.0,37.0,0.03905487833804653,0.03905487833804653,23.0,23.0,3798.8098509681804,3798.8098509681804,3750.0,3750.0,WARN_NOT_BRACKET_30D,19.75317826807024,0.00912886901436849,133,1.0,iv_filter_cp_rolling_median_v2
2025-01-16,19.74974934777382,2025-02-21,2025-02-21,36.0,36.0,0.039005259929989246,0.039005259929989246,23.0,23.0,3796.8928032988215,3796.8928032988215,3750.0,3750.0,WARN_NOT_BRACKET_30D,19.782851382650765,0.03310203487694352,128,0.9696969696969697,iv_filter_cp_rolling_median_v2
2025-01-17,20.427859544979555,2025-02-21,2025-02-21,35.0,35.0,0.04172974455894123,0.04172974455894123,23.0,23.0,3812.4082660957147,3812.4082660957147,3800.0,3800.0,WARN_NOT_BRACKET_30D,20.46531664393499,0.0374570989554357,137,1.0,iv_filter_cp_rolling_median_v2
2025-01-20,20.084925927591986,2025-02-21,2025-02-21,32.0,32.0,0.040340424951685674,0.040340424951685674,23.0,23.0,3829.2261493894453,3829.2261493894453,3800.0,3800.0,WARN_NOT_BRACKET_30D,20.074017407926192,0.010908519665793648,161,0.9698795180722891,iv_filter_cp_rolling_median_v2
2025-01-21,19.321463939909904,2025-02-21,2025-02-21,31.0,31.0,0.037331896878123876,0.037331896878123876,23.0,23.0,3830.1713601109855,3830.1713601109855,3800.0,3800.0,WARN_NOT_BRACKET_30D,19.358880716491704,0.03741677658180009,154,0.9808917197452229,iv_filter_cp_rolling_median_v2
2025-01-22,19.699761145837876,2025-02-21,2025-02-21,30.0,30.0,0.038808058920306365,0.038808058920306365,23.0,23.0,3789.257291886675,3789.257291886675,3750.0,3750.0,OK,19.746318786942908,0.04655764110503213,160,0.9937888198757764,iv_filter_cp_rolling_median_v2
2025-01-23,19.924948633038515,2025-02-21,2025-03-21,29.0,57.0,0.038816568804425605,0.051840827729640514,23.0,30.0,3800.317557183403,3802.2058465851633,3800.0,3800.0,OK,19.95080121546082,0.02585258242230637,161,0.92,iv_filter_cp_rolling_median_v2
2025-01-24,19.733380082407017,2025-02-21,2025-03-21,28.0,56.0,0.03724031867679047,0.04999264570841536,23.0,30.0,3837.582526631826,3841.8808293751317,3800.0,3800.0,OK,19.74912272262833,0.015742640221311888,154,0.9746835443037974,iv_filter_cp_rolling_median_v2
2025-01-27,19.54788492033772,2025-02-21,2025-03-21,25.0,53.0,0.03442946065377401,0.0464193348385523,23.0,30.0,3804.2182276001263,3808.6213111808447,3800.0,3800.0,OK,19.60741478307688,0.05952986273916139,145,0.9477124183006536,iv_filter_cp_rolling_median_v2
2025-02-05,20.10075627119757,2025-02-21,2025-03-21,16.0,44.0,0.03429538079692334,0.04262537098394902,23.0,30.0,3790.84849878824,3792.023695479635,3750.0,3750.0,OK,20.16801048554867,0.0672542143510988,161,0.9640718562874252,iv_filter_cp_rolling_median_v2
2025-02-06,20.248164640510243,2025-02-21,2025-03-21,15.0,43.0,0.03543465482497517,0.042681005735044075,23.0,30.0,3842.549238622807,3846.9939558949736,3800.0,3800.0,OK,20.31150467771688,0.06334003720663617,154,0.9112426035502958,iv_filter_cp_rolling_median_v2
2025-02-07,20.500345185239325,2025-02-21,2025-03-21,14.0,42.0,0.03707141401391352,0.043265165585767276,23.0,30.0,3897.3982112973304,3900.7772072369917,3850.0,3900.0,OK,20.53352410760041,0.03317892236108477,165,0.9322033898305084,iv_filter_cp_rolling_median_v2
2025-02-10,21.08544776764861,2025-02-21,2025-03-21,11.0,39.0,0.03982343791329813,0.04507901846398307,23.0,30.0,3899.7009719002776,3900.0,3850.0,3900.0,OK,21.166120813466254,0.0806730458176439,158,0.9875,iv_filter_cp_rolling_median_v2
2025-02-11,20.439085747445183,2025-02-21,2025-03-21,10.0,38.0,0.0370723173416168,0.042270707385196934,23.0,30.0,3883.22965798716,3886.17538922816,3850.0,3850.0,OK,20.51290732393501,0.07382157648982712,151,0.94375,iv_filter_cp_rolling_median_v2
2025-02-12,19.983533584674245,2025-02-21,2025-03-21,9.0,37.0,0.03830069176544487,0.04006660494115889,23.0,30.0,3918.743004102267,3920.4289952238873,3900.0,3900.0,OK,20.05850828504559,0.0749747003713459,148,0.9079754601226994,iv_filter_cp_rolling_median_v2
2025-02-13,19.15143879768721,2025-02-21,2025-03-21,8.0,36.0,0.03138294573726347,0.03699865868487664,23.0,28.0,3906.902386763687,3912.043402697153,3900.0,3900.0,OK,19.24565116648736,0.09421236880015016,160,0.9467455621301775,iv_filter_cp_rolling_median_v2
2025-02-14,19.19513431754578,2025-02-21,2025-03-21,7.0,35.0,0.02916762296416201,0.03717913098089282,23.0,27.0,3941.6397832866282,3945.1920233521337,3900.0,3900.0,OK,19.28053059045073,0.08539627290495133,153,0.9216867469879518,iv_filter_cp_rolling_median_v2
2025-02-17,19.988460377466584,2025-03-21,2025-03-21,32.0,32.0,0.03995385482615516,0.03995385482615516,29.0,29.0,3947.796627668912,3947.796627668912,3900.0,3900.0,WARN_NOT_BRACKET_30D,20.128740436299253,0.14028005883266914,111,0.9173553719008265,iv_filter_cp_rolling_median_v2
2025-02-18,19.19224579744693,2025-03-21,2025-03-21,31.0,31.0,0.03683422987496193,0.03683422987496193,30.0,30.0,3915.2198251331033,3915.2198251331033,3900.0,3900.0,WARN_NOT_BRACKET_30D,19.261700186002244,0.0694543885553145,121,0.9603174603174603,iv_filter_cp_rolling_median_v2
2025-02-19,19.00850087248708,2025-03-21,2025-03-21,30.0,30.0,0.03613231054193421,0.03613231054193421,30.0,30.0,3942.894142760178,3942.894142760178,3900.0,3900.0,OK,19.1216814656808,0.11318059319372153,118,0.9672131147540983,iv_filter_cp_rolling_median_v2
2025-02-20,18.17752302142366,2025-03-21,2025-04-18,29.0,57.0,0.0331514486481364,0.03154197433048625,30.0,19.0,3929.9639961720354,3934.8643608632988,3900.0,3900.0,OK,18.277053307745312,0.09953028632165228,115,0.9504132231404959,iv_filter_cp_rolling_median_v2
2025-02-21,18.571060031939943,2025-03-21,2025-04-18,28.0,56.0,0.035019945641069444,0.031033556365486426,30.0,20.0,3987.5981283344986,3985.560425048483,3950.0,3950.0,OK,18.65883036732371,0.087770335383766,120,0.9090909090909091,iv_filter_cp_rolling_median_v2
2025-02-24,18.046744526638385,2025-03-21,2025-04-18,25.0,53.0,0.0333540824605676,0.030863930482991887,30.0,21.0,3969.884627402448,3969.8286865317273,3950.0,3950.0,OK,18.11671582211948,0.06997129548109626,162,0.9310344827586207,iv_filter_cp_rolling_median_v2
2025-02-25,17.96779463589127,2025-03-21,2025-04-18,24.0,52.0,0.03262257922528388,0.03171146240886348,30.0,21.0,3929.6852705101387,3925.9333499830673,3900.0,3900.0,OK,18.032731213278065,0.06493657738679559,155,0.9748427672955975,iv_filter_cp_rolling_median_v2
2025-02-26,18.112046528043386,2025-03-21,2025-04-18,23.0,51.0,0.03367168831377131,0.03163153450113491,30.0,21.0,3960.2128974890907,3959.78153758364,3950.0,3950.0,OK,18.16682980919872,0.05478328115533415,156,0.9570552147239264,iv_filter_cp_rolling_median_v2
2025-02-27,18.10524011586106,2025-03-21,2025-04-18,22.0,50.0,0.0335438439776937,0.03193971275166369,29.0,21.0,3971.4441215454826,3966.1925159435154,3950.0,3950.0,OK,18.18356187615417,0.07832176029310745,150,0.9375,iv_filter_cp_rolling_median_v2
2025-02-28,18.880715418524147,2025-03-21,2025-04-18,21.0,49.0,0.03830503634764867,0.03324428420265986,30.0,21.0,3897.856724601637,3891.196143911213,3850.0,3850.0,OK,18.93502346674996,0.054308048225813366,160,0.9580838323353293,iv_filter_cp_rolling_median_v2
2025-03-03,17.56585434774842,2025-03-21,2025-04-18,18.0,46.0,0.03282780583543449,0.029827115928559935,30.0,21.0,3888.122893162628,3885.4010493144797,3850.0,3850.0,OK,17.611325983959496,0.04547163621107586,149,0.9197530864197531,iv_filter_cp_rolling_median_v2
2025-03-04,17.141330181540173,2025-03-21,2025-04-18,17.0,45.0,0.03025064334805827,0.02900410731490918,30.0,21.0,3882.3849372402215,3879.782447870086,3850.0,3850.0,OK,17.19029476194394,0.04896458040376572,151,0.9617834394904459,iv_filter_cp_rolling_median_v2
2025-03-05,16.50664136072806,2025-03-21,2025-04-18,16.0,44.0,0.028740608247518867,0.026703761866133824,28.0,21.0,3897.2075571396576,3893.233757484645,3850.0,3850.0,OK,16.527556131311076,0.020914770583015496,150,0.967741935483871,iv_filter_cp_rolling_median_v2
2025-03-06,16.895370878805515,2025-03-21,2025-04-18,15.0,43.0,0.032643076102755776,0.0273065100140827,29.0,21.0,3956.604956097909,3954.5726157091262,3950.0,3950.0,OK,16.95065676499533,0.05528588618981445,147,0.8855421686746988,iv_filter_cp_rolling_median_v2
2025-03-07,16.282726513316003,2025-03-21,2025-04-18,14.0,42.0,0.026148120638791357,0.02660386767873265,26.0,21.0,3943.960497309419,3942.3830942330997,3900.0,3900.0,OK,16.35880489730672,0.07607838399071554,146,0.9419354838709677,iv_filter_cp_rolling_median_v2
2025-03-10,16.219441631311668,2025-03-21,2025-04-18,11.0,39.0,0.029210765258013707,0.025919080071936346,27.0,21.0,3918.0029620017594,3917.035406507756,3900.0,3900.0,OK,16.22812875680275,0.008687125491082526,143,0.9285714285714286,iv_filter_cp_rolling_median_v2
2025-03-11,16.258379911248955,2025-03-21,2025-04-18,10.0,38.0,0.03151159178301313,0.02589895488657007,28.0,21.0,3929.4587560208897,3923.4138642249386,3900.0,3900.0,OK,16.302035121783078,0.0436552105341228,145,0.8682634730538922,iv_filter_cp_rolling_median_v2
2025-03-12,16.728678569950336,2025-03-21,2025-04-18,9.0,37.0,0.032541571354368685,0.027615406289831255,29.0,21.0,3923.565260595199,3919.428154378565,3900.0,3900.0,OK,16.792192378288828,0.06351380833849163,155,0.9226190476190477,iv_filter_cp_rolling_median_v2
2025-03-13,16.900638508275804,2025-03-21,2025-04-18,8.0,36.0,0.031418054860621346,0.028390134158627577,28.0,21.0,3907.403645486861,3903.6275941761082,3900.0,3900.0,OK,16.9167852852475,0.016146776971694976,148,0.9192546583850931,iv_filter_cp_rolling_median_v2
2025-03-14,18.59286429123401,2025-03-21,2025-04-18,7.0,35.0,0.046085081646788865,0.03406878106428691,28.0,21.0,4012.0040096560415,4008.8166089782662,4000.0,4000.0,OK,18.621286301806105,0.02842201057209337,151,0.8628571428571429,iv_filter_cp_rolling_median_v2
2025-03-17,18.39063016513337,2025-04-18,2025-04-18,32.0,32.0,0.03382152778707134,0.03382152778707134,22.0,22.0,3997.595859823733,3997.595859823733,3950.0,3950.0,WARN_NOT_BRACKET_30D,18.44833363329974,0.05770346816636973,111,0.9652173913043478,iv_filter_cp_rolling_median_v2
2025-03-18,18.043945913681387,2025-04-18,2025-04-18,31.0,31.0,0.03255839841358592,0.03255839841358592,22.0,22.0,4006.988232692617,4006.988232692617,4000.0,4000.0,WARN_NOT_BRACKET_30D,18.12235169963148,0.07840578595009262,105,0.963302752293578,iv_filter_cp_rolling_median_v2
2025-03-19,18.178927864273675,2025-04-18,2025-04-18,30.0,30.0,0.03304734182944658,0.03304734182944658,22.0,22.0,4010.416887339696,4010.416887339696,4000.0,4000.0,OK,18.205738381302,0.02681051702832704,105,0.9545454545454546,iv_filter_cp_rolling_median_v2
2025-03-20,17.152556244051702,2025-04-18,2025-05-16,29.0,57.0,0.02939954169589359,0.029716043006408996,22.0,21.0,3976.3626296262605,3980.4686547672814,3950.0,3950.0,OK,17.189445793021278,0.03688954896957597,111,0.9823008849557522,iv_filter_cp_rolling_median_v2
2025-03-21,17.08309398169891,2025-04-18,2025-05-16,28.0,56.0,0.029236203081310936,0.028838754962147026,22.0,21.0,3910.92596944172,3912.1192085870584,3900.0,3900.0,OK,17.0797780275488,0.0033159541501071033,112,0.9411764705882353,iv_filter_cp_rolling_median_v2
2025-03-24,16.0945761184192,2025-04-18,2025-05-16,25.0,53.0,0.02583140064512855,0.026060062586055165,22.0,21.0,3929.171374978668,3925.8432106998644,3900.0,3900.0,OK,16.104949341382902,0.010373222963700357,150,0.9554140127388535,iv_filter_cp_rolling_median_v2
2025-03-25,15.60192999136873,2025-04-18,2025-05-16,24.0,52.0,0.02443568611273115,0.024183513354954885,22.0,21.0,3932.407131683665,3926.1851814635165,3900.0,3900.0,OK,15.635737806925045,0.03380781555631529,147,0.9671052631578947,iv_filter_cp_rolling_median_v2
2025-03-26,15.343349549742852,2025-04-18,2025-05-16,23.0,51.0,0.02346807800618453,0.0236416298517725,22.0,21.0,3917.8478400392532,3918.1581595848415,3900.0,3900.0,OK,15.322950535247182,0.02039901449566983,137,0.958041958041958,iv_filter_cp_rolling_median_v2
2025-03-27,15.018729366802502,2025-04-18,2025-05-16,22.0,50.0,0.022599918644099055,0.02250815816807478,22.0,21.0,3931.2406469539173,3926.586458873033,3900.0,3900.0,OK,15.008230492938877,0.010498873863625136,148,0.9487179487179487,iv_filter_cp_rolling_median_v2
2025-03-28,15.293059269308564,2025-04-18,2025-05-16,21.0,49.0,0.023663394374338828,0.023138388292661936,22.0,21.0,3912.784660001902,3914.5007971645555,3900.0,3900.0,OK,15.285926181634188,0.007133087674375815,147,0.9545454545454546,iv_filter_cp_rolling_median_v2
2025-03-31,16.09908577747121,2025-04-18,2025-05-16,18.0,46.0,0.027220241601223952,0.02523865525354903,22.0,21.0,3887.2475059592666,3885.5650458380205,3850.0,3850.0,OK,16.135150885487423,0.03606510801621354,145,0.9006211180124224,iv_filter_cp_rolling_median_v2
2025-04-01,15.69824407556521,2025-04-18,2025-05-16,17.0,45.0,0.025636085420306896,0.02421081547098678,22.0,21.0,3886.305212308684,3883.5612598638336,3850.0,3850.0,OK,15.710725329650948,0.012481254085738414,147,0.9865771812080537,iv_filter_cp_rolling_median_v2
2025-04-02,15.81668254841366,2025-04-18,2025-05-16,16.0,44.0,0.026292320871895425,0.02455289879712346,22.0,21.0,3885.172901720233,3881.95863183453,3850.0,3850.0,OK,15.827204369127044,0.010521820713384145,146,0.9668874172185431,iv_filter_cp_rolling_median_v2
2025-04-03,16.4173031829726,2025-04-18,2025-05-16,15.0,43.0,0.028933411215932913,0.02635399022051321,22.0,21.0,3863.699652739608,3858.44588727381,3850.0,3850.0,OK,16.415534645385502,0.00176853758709683,156,0.9397590361445783,iv_filter_cp_rolling_median_v2
2025-04-07,29.63122302743335,2025-04-18,2025-05-16,11.0,39.0,0.19005921887565783,0.07413890025888742,22.0,21.0,3504.220226721582,3483.816054129027,3500.0,3450.0,OK,29.724429523346107,0.09320649591275654,154,0.9005847953216374,iv_filter_cp_rolling_median_v2
2025-04-08,27.541060510841213,2025-04-18,2025-05-16,10.0,38.0,0.1262792286514905,0.07054276695930713,26.0,26.0,3599.7999034130844,3583.769429561362,3550.0,3550.0,OK,27.621872205532988,0.08081169469177496,184,0.9633507853403142,iv_filter_cp_rolling_median_v2
2025-04-09,25.82218699343383,2025-04-18,2025-05-16,9.0,37.0,0.09783626562710702,0.06415223155713871,26.0,26.0,3648.147061080471,3636.445525956667,3600.0,3600.0,OK,25.89389196892952,0.07170497549568822,181,0.9476439790575916,iv_filter_cp_rolling_median_v2
2025-04-10,22.344630957785434,2025-04-18,2025-05-16,8.0,36.0,0.07128963669372142,0.04863362396518904,26.0,26.0,3709.474141435055,3699.0274964263554,3700.0,3650.0,OK,22.35421419236296,0.009583234577526412,167,0.8882978723404256,iv_filter_cp_rolling_median_v2
2025-04-11,21.7306487185329,2025-04-18,2025-05-16,7.0,35.0,0.0653711565620396,0.04643302036460096,26.0,26.0,3734.081360946147,3719.6276915730186,3700.0,3700.0,OK,21.759380167251788,0.028731448718886554,172,0.9347826086956522,iv_filter_cp_rolling_median_v2
2025-04-14,19.266285985319268,2025-05-16,2025-05-16,32.0,32.0,0.037118977566810964,0.037118977566810964,26.0,26.0,3730.15454370297,3730.15454370297,3700.0,3700.0,WARN_NOT_BRACKET_30D,19.31763313530762,0.051347149988352214,124,0.9465648854961832,iv_filter_cp_rolling_median_v2
2025-04-15,18.593712149326695,2025-05-16,2025-05-16,31.0,31.0,0.03457261314920192,0.03457261314920192,26.0,26.0,3725.3507667811273,3725.3507667811273,3700.0,3700.0,WARN_NOT_BRACKET_30D,18.66243265500936,0.0687205056826663,116,0.9666666666666667,iv_filter_cp_rolling_median_v2
2025-04-16,18.866840037211915,2025-05-16,2025-05-16,30.0,30.0,0.03559576529897425,0.03559576529897425,26.0,26.0,3727.6009473688177,3727.6009473688177,3700.0,3700.0,OK,18.934203459093684,0.06736342188176891,120,0.96,iv_filter_cp_rolling_median_v2
2025-04-17,18.910200969838005,2025-05-16,2025-06-20,29.0,64.0,0.035504856326954284,0.0396837537060564,26.0,31.0,3741.585635910291,3715.362180469636,3700.0,3700.0,OK,18.944528636373544,0.03432766653553898,123,0.9534883720930233,iv_filter_cp_rolling_median_v2
2025-04-18,18.793658675617202,2025-05-16,2025-06-20,28.0,63.0,0.034651918669283625,0.04022060177158823,26.0,31.0,3744.5517089923146,3719.3410358325937,3700.0,3700.0,OK,18.87546508858995,0.0818064129727496,120,0.9523809523809523,iv_filter_cp_rolling_median_v2
2025-04-21,18.73617430771199,2025-05-16,2025-06-20,25.0,60.0,0.0341215435903728,0.03756162071520641,26.0,31.0,3762.3473441633982,3739.1323938201917,3750.0,3700.0,OK,18.81720119148504,0.08102688377304901,151,0.9869281045751634,iv_filter_cp_rolling_median_v2
2025-04-22,18.630189607932177,2025-05-16,2025-06-20,24.0,59.0,0.03310442972861356,0.03786195823664662,26.0,31.0,3764.216547771359,3739.0206940042626,3750.0,3700.0,OK,18.66981981583488,0.039630207902703773,153,0.9745222929936306,iv_filter_cp_rolling_median_v2
2025-04-23,18.395958326794762,2025-05-16,2025-06-20,23.0,58.0,0.03225413735560279,0.03635842421900149,26.0,31.0,3769.3399211216943,3740.9840515538976,3750.0,3700.0,OK,18.48708118126324,0.09112285446847679,150,0.9554140127388535,iv_filter_cp_rolling_median_v2
2025-04-24,18.290637121579927,2025-05-16,2025-06-20,22.0,57.0,0.032286594316679164,0.034976404909629215,26.0,31.0,3770.0211914930333,3737.477749589403,3750.0,3700.0,OK,18.35684955992158,0.06621243834165469,147,0.9545454545454546,iv_filter_cp_rolling_median_v2
2025-04-25,18.48328023207299,2025-05-16,2025-06-20,21.0,56.0,0.03226626079278938,0.03621814416975737,26.0,31.0,3772.293558320445,3742.3721154416544,3750.0,3700.0,OK,18.551092970969936,0.06781273889694717,147,0.98,iv_filter_cp_rolling_median_v2
2025-04-28,18.907599135722865,2025-05-16,2025-06-20,18.0,53.0,0.03471362330564762,0.03642417764868969,26.0,31.0,3766.708760410238,3733.9443330103772,3750.0,3700.0,OK,18.97441600784748,0.0668168721246154,136,0.9645390070921985,iv_filter_cp_rolling_median_v2
2025-04-29,19.33368914582099,2025-05-16,2025-06-20,17.0,52.0,0.03627510679496355,0.03798997239251989,26.0,31.0,3757.750796124313,3724.3400312504705,3750.0,3700.0,OK,19.40934308082761,0.07565393500662054,149,0.9933333333333333,iv_filter_cp_rolling_median_v2
2025-04-30,20.223144396604372,2025-05-16,2025-06-20,16.0,51.0,0.041225783837757296,0.040743097206630524,26.0,31.0,3752.2532205018692,3722.666221000544,3750.0,3700.0,OK,20.27649850376828,0.05335410716390854,140,0.8974358974358975,iv_filter_cp_rolling_median_v2
2025-05-06,17.59557642670913,2025-05-16,2025-06-20,10.0,45.0,0.03075211316517907,0.03099515061442239,26.0,31.0,3799.341266774258,3769.499407614546,3750.0,3750.0,OK,17.642266809842415,0.046690383133284996,154,0.9447852760736196,iv_filter_cp_rolling_median_v2
2025-05-07,17.084745628829147,2025-05-16,2025-06-20,9.0,44.0,0.02946564906892144,0.029151108445351227,26.0,31.0,3817.50004024624,3784.021944765551,3800.0,3750.0,OK,17.10490885950804,0.02016323067889303,154,0.9221556886227545,iv_filter_cp_rolling_median_v2
2025-05-08,17.078058910111178,2025-05-16,2025-06-20,8.0,43.0,0.029386207579957635,0.029141801803481308,26.0,31.0,3844.147295284616,3817.4568904247185,3800.0,3800.0,OK,17.11935470844671,0.04129579833553265,162,0.9418604651162791,iv_filter_cp_rolling_median_v2
2025-05-09,17.16022164114402,2025-05-16,2025-06-20,7.0,42.0,0.030722607061570335,0.029336426209122964,26.0,31.0,3839.706828433071,3808.3449106434246,3800.0,3800.0,OK,17.20396058870719,0.04373894756317043,144,0.972972972972973,iv_filter_cp_rolling_median_v2
2025-05-12,18.027957435131835,2025-06-20,2025-06-20,39.0,39.0,0.03250072492829252,0.03250072492829252,31.0,31.0,3855.7327237453433,3855.7327237453433,3850.0,3850.0,WARN_NOT_BRACKET_30D,18.11180696962189,0.0838495344900565,107,0.9385964912280702,iv_filter_cp_rolling_median_v2
2025-05-13,16.1914626800659,2025-06-20,2025-06-20,38.0,38.0,0.026216346371996678,0.026216346371996678,31.0,31.0,3854.381955797171,3854.381955797171,3850.0,3850.0,WARN_NOT_BRACKET_30D,16.301243940725243,0.1097812606593429,112,0.9824561403508771,iv_filter_cp_rolling_median_v2
2025-05-14,17.84687854972028,2025-06-20,2025-06-20,37.0,37.0,0.03185110739684659,0.03185110739684659,31.0,31.0,3910.4368415604786,3910.4368415604786,3900.0,3900.0,WARN_NOT_BRACKET_30D,17.952272312289555,0.10539376256927468,120,0.9230769230769231,iv_filter_cp_rolling_median_v2
2025-05-15,16.959886643047987,2025-06-20,2025-06-20,36.0,36.0,0.028763775494503763,0.028763775494503763,30.0,30.0,3876.3063186053346,3876.3063186053346,3850.0,3850.0,WARN_NOT_BRACKET_30D,17.053474432274538,0.0935877892265502,109,0.9819819819819819,iv_filter_cp_rolling_median_v2
2025-05-16,16.193318843795556,2025-06-20,2025-06-20,35.0,35.0,0.026222357517682423,0.026222357517682423,30.0,30.0,3850.3999804362493,3850.3999804362493,3850.0,3850.0,WARN_NOT_BRACKET_30D,16.322103636584846,0.12878479278928978,113,0.9741379310344828,iv_filter_cp_rolling_median_v2
2025-05-19,15.872262666493025,2025-06-20,2025-06-20,32.0,32.0,0.025192872215414826,0.025192872215414826,31.0,31.0,3844.177359235898,3844.177359235898,3800.0,3800.0,WARN_NOT_BRACKET_30D,15.890182028075262,0.01791936158223706,139,0.952054794520548,iv_filter_cp_rolling_median_v2
2025-05-20,16.305937261399624,2025-06-20,2025-06-20,31.0,31.0,0.02658835899727006,0.02658835899727006,31.0,31.0,3866.638883180877,3866.638883180877,3850.0,3850.0,WARN_NOT_BRACKET_30D,16.382824282448443,0.07688702104881884,137,0.9716312056737588,iv_filter_cp_rolling_median_v2
2025-05-21,16.19175499969089,2025-06-20,2025-06-20,30.0,30.0,0.026217292997001495,0.026217292997001495,31.0,31.0,3883.6053539202044,3883.6053539202044,3850.0,3850.0,OK,16.27378958902285,0.08203458933196117,134,0.9781021897810219,iv_filter_cp_rolling_median_v2
2025-05-22,16.77958053629847,2025-06-20,2025-07-18,29.0,57.0,0.028274504875766465,0.02651975108949971,31.0,21.0,3879.2830454998693,3840.8237148075305,3850.0,3800.0,OK,16.8578320732572,0.078251536958728,140,0.9859154929577465,iv_filter_cp_rolling_median_v2
2025-05-23,16.239524801618526,2025-06-20,2025-07-18,28.0,56.0,0.02635751107225454,0.02646780236713284,31.0,21.0,3849.169539116968,3813.1161934027746,3800.0,3800.0,OK,16.322179510792225,0.0826547091736991,139,0.9391891891891891,iv_filter_cp_rolling_median_v2
2025-05-26,16.6102610130987,2025-06-20,2025-07-18,25.0,53.0,0.028554618454444864,0.025497204325466427,31.0,21.0,3834.3951164544733,3794.676260261347,3800.0,3750.0,OK,16.701348952140687,0.0910879390419872,145,0.9602649006622517,iv_filter_cp_rolling_median_v2
2025-05-27,16.48864719566439,2025-06-20,2025-07-18,24.0,52.0,0.028205569013912576,0.025464744914980197,31.0,21.0,3810.6369095156174,3776.9203029555656,3800.0,3750.0,OK,16.520269107951968,0.03162191228757649,127,0.9621212121212122,iv_filter_cp_rolling_median_v2
2025-05-28,16.714296910808514,2025-06-20,2025-07-18,23.0,51.0,0.02920505918072699,0.026220854337290073,31.0,21.0,3808.6324978796497,3771.221088966009,3800.0,3750.0,OK,16.694156659962843,0.02014025084567095,124,0.9841269841269841,iv_filter_cp_rolling_median_v2
2025-05-29,15.937824821446936,2025-06-20,2025-07-18,22.0,50.0,0.026008159014216534,0.024734019692579125,31.0,21.0,3836.9283487865846,3801.96225551946,3800.0,3800.0,OK,15.954269457170136,0.016444635723200207,132,0.9635036496350365,iv_filter_cp_rolling_median_v2
2025-05-30,15.85851443054368,2025-06-20,2025-07-18,21.0,49.0,0.02664235068466634,0.023798345560304197,31.0,21.0,3821.6186715659364,3785.904163318839,3800.0,3750.0,OK,15.91326943207896,0.054755001535280456,131,0.9776119402985075,iv_filter_cp_rolling_median_v2
2025-06-03,15.27255138340087,2025-06-20,2025-07-18,17.0,45.0,0.02383517554426772,0.023102734358864615,31.0,21.0,3826.3732124451344,3790.1209363616085,3800.0,3750.0,OK,15.321219005317186,0.048667621916315795,127,0.9338235294117647,iv_filter_cp_rolling_median_v2
2025-06-04,15.263863118726388,2025-06-20,2025-07-18,16.0,44.0,0.024564632638618477,0.022838158673304507,30.0,21.0,3844.6397622698723,3807.091360938814,3800.0,3800.0,OK,15.31606274196571,0.052199623239323145,139,0.9652777777777778,iv_filter_cp_rolling_median_v2
2025-06-05,15.397166154675324,2025-06-20,2025-07-18,15.0,43.0,0.024208745449742993,0.023555664476361524,30.0,21.0,3855.223002530063,3818.916994410562,3850.0,3800.0,OK,15.38535800181569,0.01180815285963277,138,0.9517241379310345,iv_filter_cp_rolling_median_v2
2025-06-06,15.230056557421046,2025-06-20,2025-07-18,14.0,42.0,0.02348930840504934,0.023122000741518142,31.0,21.0,3857.5174738648643,3821.515804121013,3850.0,3800.0,OK,15.264437215370512,0.0343806579494661,127,0.9548872180451128,iv_filter_cp_rolling_median_v2
2025-06-09,15.348159525402643,2025-06-20,2025-07-18,11.0,39.0,0.025309351241993096,0.023322426849781572,30.0,21.0,3870.7725213292697,3835.4650406647866,3850.0,3800.0,OK,15.367161291368662,0.01900176596601888,135,0.9121621621621622,iv_filter_cp_rolling_median_v2
2025-06-10,15.574012343968114,2025-06-20,2025-07-18,10.0,38.0,0.02650388048752005,0.024018260318637328,31.0,21.0,3845.874418841701,3812.45655392283,3800.0,3800.0,OK,15.588713498697318,0.014701154729204191,133,0.9047619047619048,iv_filter_cp_rolling_median_v2
2025-06-11,15.748445754465997,2025-06-20,2025-07-18,9.0,37.0,0.02766706073737674,0.024568999797656817,31.0,21.0,3879.226010125083,3843.965547538892,3850.0,3800.0,OK,15.76165775467322,0.013212000207222019,142,0.9281045751633987,iv_filter_cp_rolling_median_v2
2025-06-12,15.799271565766452,2025-06-20,2025-07-18,8.0,36.0,0.026506517785559992,0.024868072771509302,31.0,20.0,3881.5401480967676,3840.54493545871,3850.0,3800.0,OK,15.829531963617724,0.030260397851272103,130,0.9420289855072463,iv_filter_cp_rolling_median_v2
2025-06-13,16.445218957698664,2025-06-20,2025-07-18,7.0,35.0,0.030277504223638056,0.026903958240709805,31.0,21.0,3854.495620114565,3813.38303629315,3850.0,3800.0,OK,16.491449796371885,0.046230838673221086,133,0.9236111111111112,iv_filter_cp_rolling_median_v2
2025-06-16,16.060040608496053,2025-07-18,2025-07-18,32.0,32.0,0.02579249043465423,0.02579249043465423,21.0,21.0,3833.0721877241845,3833.0721877241845,3800.0,3800.0,WARN_NOT_BRACKET_30D,16.087265621283922,0.02722501278786993,87,0.9775280898876404,iv_filter_cp_rolling_median_v2
2025-06-17,15.847182016066801,2025-07-18,2025-07-18,31.0,31.0,0.025113317785035106,0.025113317785035106,21.0,21.0,3829.681024093814,3829.681024093814,3800.0,3800.0,WARN_NOT_BRACKET_30D,15.885493089295924,0.03831107322912253,87,0.9560439560439561,iv_filter_cp_rolling_median_v2
2025-06-18,16.354087090204562,2025-07-18,2025-07-18,30.0,30.0,0.02674561645539955,0.02674561645539955,21.0,21.0,3832.9892960666793,3832.9892960666793,3800.0,3800.0,OK,16.38530342383628,0.031216333631718385,88,0.9887640449438202,iv_filter_cp_rolling_median_v2
2025-06-19,16.37454436636733,2025-07-18,2025-08-15,29.0,57.0,0.026841545701384476,0.026414540090018482,21.0,19.0,3798.7443982671157,3784.560869029251,3750.0,3750.0,OK,16.442550052146952,0.06800568577962096,96,0.9896907216494846,iv_filter_cp_rolling_median_v2
2025-06-20,15.695790764154637,2025-07-18,2025-08-15,28.0,56.0,0.024813326061154745,0.02348176638658572,21.0,19.0,3808.41052534488,3796.273675447506,3800.0,3750.0,OK,15.736187493814416,0.04039672965977914,90,0.9782608695652174,iv_filter_cp_rolling_median_v2
2025-06-23,14.831684463171916,2025-07-18,2025-08-15,25.0,53.0,0.022178492696772408,0.021606004817448527,21.0,19.0,3824.72717533797,3810.027334650531,3800.0,3800.0,OK,14.827494859535786,0.004189603636129746,130,0.9701492537313433,iv_filter_cp_rolling_median_v2
2025-06-24,15.45068115319511,2025-07-18,2025-08-15,24.0,52.0,0.02427894459018995,0.023184279796751247,21.0,19.0,3873.9548713868535,3861.2403466218907,3850.0,3850.0,OK,15.481385294863236,0.030704141668126184,138,0.965034965034965,iv_filter_cp_rolling_median_v2
2025-06-25,18.566061146906563,2025-07-18,2025-08-15,23.0,51.0,0.03598592793912701,0.03241871549663367,21.0,19.0,3940.590128103447,3922.7100893053,3900.0,3900.0,OK,18.61811198453634,0.05205083762977836,134,0.9436619718309859,iv_filter_cp_rolling_median_v2
2025-06-26,16.56754151940043,2025-07-18,2025-08-15,22.0,50.0,0.027909359325342126,0.026941225461505663,22.0,20.0,3922.9485126936265,3914.2184617258854,3900.0,3900.0,OK,16.571704553659618,0.004163034259189402,145,0.9797297297297297,iv_filter_cp_rolling_median_v2
2025-06-27,15.743345607685674,2025-07-18,2025-08-15,21.0,49.0,0.02470701760775241,0.024856113768802254,22.0,20.0,3897.2438219536266,3887.298463784368,3850.0,3850.0,OK,15.749738092298776,0.006392484613101601,141,0.9657534246575342,iv_filter_cp_rolling_median_v2
2025-06-30,15.676201619833538,2025-07-18,2025-08-15,18.0,46.0,0.02566448291589401,0.024005554143440102,22.0,20.0,3910.8864594666456,3901.0020489492017,3900.0,3900.0,OK,15.681375342187687,0.005173722354149035,134,0.950354609929078,iv_filter_cp_rolling_median_v2
2025-07-01,14.971741245755462,2025-07-18,2025-08-15,17.0,45.0,0.0226883906005936,0.022296265666592277,22.0,20.0,3914.7160552331643,3903.0280325893905,3900.0,3900.0,OK,15.011308164409998,0.03956691865453621,139,0.9858156028368794,iv_filter_cp_rolling_median_v2
2025-07-02,14.771405873043209,2025-07-18,2025-08-15,16.0,44.0,0.021297891583598003,0.02200909826044282,22.0,20.0,3922.458423405828,3908.634928848664,3900.0,3900.0,OK,14.793573212407086,0.022167339363877048,139,0.952054794520548,iv_filter_cp_rolling_median_v2
2025-07-03,15.05353548825726,2025-07-18,2025-08-15,15.0,43.0,0.022838854517645776,0.022607090771382357,22.0,20.0,3945.898939480647,3930.964228774511,3900.0,3900.0,OK,15.024706365246235,0.02882912301102536,136,0.951048951048951,iv_filter_cp_rolling_median_v2
2025-07-04,14.816329745554885,2025-07-18,2025-08-15,14.0,42.0,0.0209981535153834,0.02219091501228096,22.0,20.0,3964.7898670324817,3949.9791578614395,3950.0,3900.0,OK,14.836466073656588,0.02013632810170307,136,0.9251700680272109,iv_filter_cp_rolling_median_v2
2025-07-07,15.648260184738358,2025-07-18,2025-08-15,11.0,39.0,0.02556691513929959,0.024342498425354703,22.0,20.0,3947.3155810657677,3934.425336979147,3900.0,3900.0,OK,15.66613845483425,0.017878270095891935,131,0.9703703703703703,iv_filter_cp_rolling_median_v2
2025-07-08,16.55846865590888,2025-07-18,2025-08-15,10.0,38.0,0.029181174444717538,0.02723272147320369,22.0,20.0,3983.4716602283233,3968.472129137778,3950.0,3950.0,OK,16.560874450631704,0.0024057947228257603,135,0.9712230215827338,iv_filter_cp_rolling_median_v2
2025-07-09,16.429442640009913,2025-07-18,2025-08-15,9.0,37.0,0.026738857594599433,0.027013237001667707,22.0,19.0,3980.188611379271,3966.6643016766443,3950.0,3950.0,OK,16.453323992172244,0.02388135216233067,136,0.9714285714285714,iv_filter_cp_rolling_median_v2
2025-07-10,16.934120773271484,2025-07-18,2025-08-15,8.0,36.0,0.026847665468649282,0.02878727973744873,22.0,20.0,3999.9088731469847,3985.578109739074,3950.0,3950.0,OK,16.95474739642168,0.020626623150196366,138,0.965034965034965,iv_filter_cp_rolling_median_v2
2025-07-11,17.785690623060994,2025-07-18,2025-08-15,7.0,35.0,0.028047297032328708,0.031788982661819426,23.0,21.0,4013.376405038335,4004.4064889536485,4000.0,4000.0,OK,17.803843396587194,0.01815277352620015,141,0.9096774193548387,iv_filter_cp_rolling_median_v2
2025-07-14,17.758482432437514,2025-08-15,2025-08-15,32.0,32.0,0.03153636983031918,0.03153636983031918,21.0,21.0,3999.198920027126,3999.198920027126,3950.0,3950.0,WARN_NOT_BRACKET_30D,17.796056572839685,0.037574140402171,101,1.0,iv_filter_cp_rolling_median_v2
2025-07-15,16.880625998840955,2025-08-15,2025-08-15,31.0,31.0,0.02849555341127452,0.02849555341127452,21.0,21.0,3996.886625530822,3996.886625530822,3950.0,3950.0,WARN_NOT_BRACKET_30D,16.914290408723577,0.03366440988262198,107,0.9553571428571429,iv_filter_cp_rolling_median_v2
2025-07-16,16.648028002162842,2025-08-15,2025-08-15,30.0,30.0,0.02771568363607981,0.02771568363607981,21.0,21.0,3989.386574518817,3989.386574518817,3950.0,3950.0,OK,16.67519965108053,0.027171648917686753,101,1.0,iv_filter_cp_rolling_median_v2
2025-07-17,16.90460715316989,2025-08-15,2025-09-19,29.0,64.0,0.02839582409057304,0.031361257218910275,21.0,25.0,4025.770374092248,4013.8375373558742,4000.0,4000.0,OK,16.922147284207796,0.017540131037904416,101,0.9439252336448598,iv_filter_cp_rolling_median_v2
2025-07-18,16.81538365104259,2025-08-15,2025-09-19,28.0,63.0,0.02794370622744406,0.030710427108535693,21.0,25.0,4056.6676177005547,4046.390377989859,4050.0,4000.0,OK,16.832439780081703,0.017056129039112022,103,0.9279279279279279,iv_filter_cp_rolling_median_v2
2025-07-21,17.61705738372236,2025-08-15,2025-09-19,25.0,60.0,0.030566990374681354,0.032208772864774936,22.0,25.0,4079.97881670057,4071.392559615071,4050.0,4050.0,OK,17.65501623554453,0.03795885182216807,137,0.958041958041958,iv_filter_cp_rolling_median_v2
2025-07-22,18.02362383598551,2025-08-15,2025-09-19,24.0,59.0,0.032216499520094484,0.033013200658277585,22.0,25.0,4117.373599296513,4107.017431787556,4100.0,4100.0,OK,18.111373063650007,0.08774922766449578,137,0.9513888888888888,iv_filter_cp_rolling_median_v2
2025-07-23,19.243143336903852,2025-08-15,2025-09-19,23.0,58.0,0.036914709877150745,0.03721250299261273,23.0,26.0,4119.298110444222,4112.430367002153,4100.0,4100.0,OK,19.27597145535292,0.032828118449067745,151,0.967948717948718,iv_filter_cp_rolling_median_v2
2025-07-24,19.454617087281463,2025-08-15,2025-09-19,22.0,57.0,0.037727350398124145,0.03800565152379905,23.0,25.0,4151.801710121439,4143.535001049371,4150.0,4100.0,OK,19.520764715016565,0.06614762773510208,136,0.9315068493150684,iv_filter_cp_rolling_median_v2
2025-07-25,19.338154053898673,2025-08-15,2025-09-19,21.0,56.0,0.03700590624281352,0.037819477031184864,24.0,26.0,4125.977234127029,4122.592547628204,4100.0,4100.0,OK,19.38965917405034,0.05150512015166697,143,0.9862068965517241,iv_filter_cp_rolling_median_v2
2025-07-28,19.34198783235103,2025-08-15,2025-09-19,18.0,53.0,0.03678051931609277,0.0378218188684799,24.0,26.0,4136.789492598274,4126.747616698295,4100.0,4100.0,OK,19.4079348574104,0.06594702505936922,140,0.9333333333333333,iv_filter_cp_rolling_median_v2
2025-07-29,19.366191594232145,2025-08-15,2025-09-19,17.0,52.0,0.03638653595624533,0.038123698407008244,24.0,26.0,4153.499344544993,4143.585818275868,4150.0,4100.0,OK,19.44589844370213,0.07970684946998574,140,0.9150326797385621,iv_filter_cp_rolling_median_v2
2025-07-30,18.459723592892693,2025-08-15,2025-09-19,16.0,51.0,0.03192126004369334,0.03509020043914418,24.0,26.0,4147.0345174721315,4141.180860336112,4100.0,4100.0,OK,18.50442798808321,0.04470439519051794,141,0.9337748344370861,iv_filter_cp_rolling_median_v2
2025-07-31,18.603181978842713,2025-08-15,2025-09-19,15.0,50.0,0.03194928322258824,0.03567125987427608,24.0,26.0,4067.7393322226053,4061.4988983004123,4050.0,4050.0,OK,18.676335354240408,0.07315337539769473,147,0.930379746835443,iv_filter_cp_rolling_median_v2
2025-08-01,17.687292033834158,2025-08-15,2025-09-19,14.0,49.0,0.02789758162373891,0.03243300348794572,24.0,26.0,4045.7947568381182,4038.0273756612755,4000.0,4000.0,OK,17.73011988613483,0.042827852300671765,149,0.9551282051282052,iv_filter_cp_rolling_median_v2
2025-08-04,17.334729208924536,2025-08-15,2025-09-19,11.0,46.0,0.026568984782272,0.030750121895569787,24.0,26.0,4065.6795038342507,4056.349779955669,4050.0,4050.0,OK,17.374600338503818,0.03987112957928218,137,0.9383561643835616,iv_filter_cp_rolling_median_v2
2025-08-05,17.1255571785791,2025-08-15,2025-09-19,10.0,45.0,0.02284709955181217,0.030408699420322562,24.0,25.0,4097.181312722672,4088.3998546671037,4050.0,4050.0,OK,17.178010533559117,0.0524533549800168,140,0.9333333333333333,iv_filter_cp_rolling_median_v2
2025-08-06,17.34964217907993,2025-08-15,2025-09-19,9.0,44.0,0.025320987192189184,0.030752829444486637,24.0,26.0,4110.370373370126,4102.204085477881,4100.0,4100.0,OK,17.40300809011792,0.05336591103798938,145,0.9354838709677419,iv_filter_cp_rolling_median_v2
2025-08-07,17.34025756838678,2025-08-15,2025-09-19,8.0,43.0,0.02489285532666564,0.03063744076375923,24.0,26.0,4103.635310600027,4097.296240800791,4100.0,4050.0,OK,17.405042746732743,0.06478517834596431,144,0.9473684210526315,iv_filter_cp_rolling_median_v2
2025-08-08,16.826133825360383,2025-08-15,2025-09-19,7.0,42.0,0.023426528680359483,0.02873669093094014,24.0,26.0,4100.254135454265,4090.67476672078,4100.0,4050.0,OK,16.85421309759036,0.028079272229977192,133,0.9366197183098591,iv_filter_cp_rolling_median_v2
2025-08-11,17.051007074654365,2025-09-19,2025-09-19,39.0,39.0,0.029073684225991315,0.029073684225991315,26.0,26.0,4109.83818266679,4109.83818266679,4100.0,4100.0,WARN_NOT_BRACKET_30D,17.134442411048802,0.08343533639443734,113,0.9826086956521739,iv_filter_cp_rolling_median_v2
2025-08-12,17.294416030441294,2025-09-19,2025-09-19,38.0,38.0,0.02990968258339848,0.02990968258339848,26.0,26.0,4132.737747204084,4132.737747204084,4100.0,4100.0,WARN_NOT_BRACKET_30D,17.362399529829002,0.06798349938770798,99,0.9611650485436893,iv_filter_cp_rolling_median_v2
2025-08-13,18.84293922727618,2025-09-19,2025-09-19,37.0,37.0,0.035505635872282344,0.035505635872282344,26.0,26.0,4173.704018747787,4173.704018747787,4150.0,4150.0,WARN_NOT_BRACKET_30D,18.954097573689385,0.11115834641320532,104,0.9369369369369369,iv_filter_cp_rolling_median_v2
2025-08-14,18.55265240707334,2025-09-19,2025-09-19,36.0,36.0,0.03442009113376842,0.03442009113376842,26.0,26.0,4167.025629404313,4167.025629404313,4150.0,4150.0,WARN_NOT_BRACKET_30D,18.66134132633257,0.10868891925922952,110,0.9734513274336283,iv_filter_cp_rolling_median_v2
2025-08-15,20.577471822739447,2025-09-19,2025-09-19,35.0,35.0,0.04234323466156358,0.04234323466156358,26.0,26.0,4211.8569367287255,4211.8569367287255,4200.0,4200.0,WARN_NOT_BRACKET_30D,20.707207283525992,0.12973546078654508,102,0.918918918918919,iv_filter_cp_rolling_median_v2
2025-08-18,21.856239306343944,2025-09-19,2025-09-19,32.0,32.0,0.047769519661617396,0.047769519661617396,27.0,27.0,4244.392489679578,4244.392489679578,4200.0,4200.0,WARN_NOT_BRACKET_30D,21.89625159970341,0.04001229335946732,152,0.9743589743589743,iv_filter_cp_rolling_median_v2
2025-08-19,20.35614268746636,2025-09-19,2025-09-19,31.0,31.0,0.041437254511249015,0.041437254511249015,27.0,27.0,4220.426497716897,4220.426497716897,4200.0,4200.0,WARN_NOT_BRACKET_30D,20.37719648165657,0.02105379419020892,160,1.0,iv_filter_cp_rolling_median_v2
2025-08-20,21.077957149209407,2025-09-19,2025-09-19,30.0,30.0,0.04442802775839079,0.04442802775839079,27.0,27.0,4276.3702646801585,4276.3702646801585,4250.0,4250.0,OK,21.124965399392007,0.04700825018259991,142,0.8987341772151899,iv_filter_cp_rolling_median_v2
2025-08-21,20.265080309286752,2025-09-19,2025-10-17,29.0,57.0,0.041218719490188904,0.038987981654329706,27.0,23.0,4285.782651502856,4280.196474092451,4250.0,4250.0,OK,20.28622799001458,0.0211476807278288,155,0.9451219512195121,iv_filter_cp_rolling_median_v2
2025-08-22,21.175582046629206,2025-09-19,2025-10-17,28.0,56.0,0.045437753418301204,0.040958559041186025,28.0,24.0,4392.190801585969,4384.162656973402,4350.0,4350.0,OK,21.249920790853576,0.07433874422437015,150,0.8771929824561403,iv_filter_cp_rolling_median_v2
2025-08-25,24.559103621212426,2025-09-19,2025-10-17,25.0,53.0,0.0640866969421823,0.05213099318924875,30.0,26.0,4477.175972193913,4471.247387740044,4450.0,4450.0,OK,24.61579542200318,0.05669180079075531,162,0.8526315789473684,iv_filter_cp_rolling_median_v2
2025-08-26,24.383798766862256,2025-09-19,2025-10-17,24.0,52.0,0.06277792915759044,0.05383686973791745,32.0,28.0,4452.802807927546,4449.799561485261,4450.0,4400.0,OK,24.411974673736587,0.028175906874331247,187,0.9790575916230366,iv_filter_cp_rolling_median_v2
2025-08-27,23.02224777515622,2025-09-19,2025-10-17,23.0,51.0,0.055115641710768944,0.05014328300794451,32.0,28.0,4385.986531278775,4381.869878246895,4350.0,4350.0,OK,23.028507895061008,0.006260119904787587,189,0.9545454545454546,iv_filter_cp_rolling_median_v2
2025-08-28,24.528895089733062,2025-09-19,2025-10-17,22.0,50.0,0.06420063060339028,0.05572931214412813,32.0,28.0,4465.377066402655,4459.219378187985,4450.0,4450.0,OK,24.549859187137944,0.0209640974048817,171,0.868020304568528,iv_filter_cp_rolling_median_v2
2025-08-29,23.989050224689095,2025-09-19,2025-10-17,21.0,49.0,0.06089224633865521,0.0545212115379131,32.0,28.0,4509.408347234132,4507.272456293361,4500.0,4500.0,OK,24.01095249936409,0.02190227467499639,176,0.9119170984455959,iv_filter_cp_rolling_median_v2
2025-09-01,22.689081212049427,2025-09-19,2025-10-17,18.0,46.0,0.05406595299692261,0.050129955908753854,32.0,28.0,4516.011786695477,4510.881388608547,4500.0,4500.0,OK,22.721497394722327,0.03241618267290036,175,0.9210526315789473,iv_filter_cp_rolling_median_v2
2025-09-02,22.791463277391962,2025-09-19,2025-10-17,17.0,45.0,0.05402599345027781,0.05103801492214443,33.0,29.0,4483.38840400681,4481.955310807367,4450.0,4450.0,OK,22.82425644457785,0.03279316718588632,184,0.9064039408866995,iv_filter_cp_rolling_median_v2
2025-09-03,21.990566042116388,2025-09-19,2025-10-17,16.0,44.0,0.04625752603228281,0.04912248983180839,33.0,29.0,4434.189677714578,4428.149551432231,4400.0,4400.0,OK,21.971761266456458,0.01880477565993033,198,0.9658536585365853,iv_filter_cp_rolling_median_v2
2025-09-04,22.24310352791625,2025-09-19,2025-10-17,15.0,43.0,0.04936714390319327,0.049508344064154636,33.0,29.0,4349.799878427107,4349.398920578423,4300.0,4300.0,OK,22.23366696846265,0.009436559453600779,183,0.8926829268292683,iv_filter_cp_rolling_median_v2
2025-09-05,20.78624487455104,2025-09-19,2025-10-17,14.0,42.0,0.042065408365536516,0.0434921449067158,33.0,29.0,4458.804953020762,4449.8816189217605,4450.0,4400.0,OK,20.81671175064584,0.030466876094799034,179,0.8905472636815921,iv_filter_cp_rolling_median_v2
2025-09-08,20.90076155712661,2025-09-19,2025-10-17,11.0,39.0,0.04265664242375602,0.043821466164842816,33.0,29.0,4455.438983723348,4454.682978900347,4450.0,4450.0,OK,20.90242801374025,0.0016664566136377346,185,0.9113300492610837,iv_filter_cp_rolling_median_v2
2025-09-09,19.988491158055137,2025-09-19,2025-10-17,10.0,38.0,0.03979724380823224,0.039970476200652486,33.0,29.0,4427.190746052084,4423.637520128828,4400.0,4400.0,OK,19.994979115161428,0.00648795710629102,176,0.9119170984455959,iv_filter_cp_rolling_median_v2
2025-09-10,18.834525958008253,2025-09-19,2025-10-17,9.0,37.0,0.03266133737962485,0.03570198540845061,33.0,29.0,4433.766946572836,4428.0549383863345,4400.0,4400.0,OK,18.847855249128223,0.01332929111996961,191,0.9597989949748744,iv_filter_cp_rolling_median_v2
2025-09-11,20.236755768777964,2025-09-19,2025-10-17,8.0,36.0,0.04488946104698386,0.04071403248679154,32.0,29.0,4558.148616232251,4553.004537356579,4550.0,4550.0,OK,20.2692926870483,0.03253691827033478,164,0.8241206030150754,iv_filter_cp_rolling_median_v2
2025-09-12,20.102560816156792,2025-09-19,2025-10-17,7.0,35.0,0.03663561071703651,0.04057545532888875,31.0,30.0,4523.142752720297,4521.831854735674,4500.0,4500.0,OK,20.142711754643816,0.04015093848702378,191,0.955,iv_filter_cp_rolling_median_v2
2025-09-15,20.84760825783839,2025-10-17,2025-10-17,32.0,32.0,0.043462277007229155,0.043462277007229155,30.0,30.0,4524.465900801736,4524.465900801736,4500.0,4500.0,WARN_NOT_BRACKET_30D,20.88376974723612,0.036161489397727564,138,0.9928057553956835,iv_filter_cp_rolling_median_v2
2025-09-16,21.947042194019218,2025-10-17,2025-10-17,31.0,31.0,0.04816726610660598,0.04816726610660598,30.0,30.0,4511.04674584514,4511.04674584514,4500.0,4500.0,WARN_NOT_BRACKET_30D,21.94245390774389,0.004588286275328812,128,0.9552238805970149,iv_filter_cp_rolling_median_v2
2025-09-17,22.597884359131825,2025-10-17,2025-10-17,30.0,30.0,0.05106643775086948,0.05106643775086948,30.0,30.0,4545.961779473353,4545.961779473353,4500.0,4500.0,OK,22.66652297622779,0.06863861709596364,132,0.9635036496350365,iv_filter_cp_rolling_median_v2
2025-09-18,21.457551022640025,2025-10-17,2025-11-21,29.0,64.0,0.046150207679049565,0.044385582762861205,30.0,27.0,4474.143904440658,4467.618268269242,4450.0,4450.0,OK,21.525232927794136,0.06768190515411021,136,0.9315068493150684,iv_filter_cp_rolling_median_v2
2025-09-19,20.378975497324934,2025-10-17,2025-11-21,28.0,63.0,0.041297785278265935,0.04323510989319148,30.0,27.0,4491.636852523499,4491.472609916728,4450.0,4450.0,OK,20.41511050224777,0.036135004922837055,130,0.935251798561151,iv_filter_cp_rolling_median_v2
2025-09-22,20.534033542784545,2025-10-17,2025-11-21,25.0,60.0,0.04167284734222654,0.043394168382103915,30.0,27.0,4510.701289398131,4495.989755671194,4500.0,4450.0,OK,20.568671471306715,0.0346379285221694,183,0.9481865284974094,iv_filter_cp_rolling_median_v2
2025-09-23,20.196687737207792,2025-10-17,2025-11-21,24.0,59.0,0.039195963662832616,0.04392587520866629,30.0,27.0,4508.1563418137775,4495.3415111224695,4500.0,4450.0,OK,20.22128573876824,0.02459800156044878,182,0.9054726368159204,iv_filter_cp_rolling_median_v2
2025-09-24,19.265199659369227,2025-10-17,2025-11-21,23.0,58.0,0.034318160682259666,0.041550827344181265,30.0,27.0,4557.851740560268,4543.29924895062,4550.0,4500.0,OK,19.29975072634315,0.03455106697392196,183,0.9195979899497487,iv_filter_cp_rolling_median_v2
2025-09-25,18.046937266651938,2025-10-17,2025-11-21,22.0,57.0,0.02932069871260232,0.0368007876291527,30.0,27.0,4588.80662083328,4577.722846655895,4550.0,4550.0,OK,18.084411940434336,0.03747467378239833,196,0.9655172413793104,iv_filter_cp_rolling_median_v2
2025-09-26,18.205081278331328,2025-10-17,2025-11-21,21.0,56.0,0.029089769327548885,0.037532954968207424,30.0,27.0,4547.973656092319,4538.517860541464,4500.0,4500.0,OK,18.22502352576308,0.019942247431753657,195,0.9701492537313433,iv_filter_cp_rolling_median_v2
2025-09-29,19.13407038058129,2025-10-17,2025-11-21,18.0,53.0,0.03134098353875369,0.0400419198026808,30.0,27.0,4625.587529516612,4614.466143246943,4600.0,4600.0,OK,19.211299051356804,0.07722867077551498,182,0.900990099009901,iv_filter_cp_rolling_median_v2
2025-09-30,18.826572768674072,2025-10-17,2025-11-21,17.0,52.0,0.030118260903790998,0.03839046428176196,30.0,27.0,4636.789684330206,4628.907523040999,4600.0,4600.0,OK,18.89390783472342,0.06733506604934902,192,0.9795918367346939,iv_filter_cp_rolling_median_v2
2025-10-09,18.11649900957424,2025-10-17,2025-11-21,8.0,43.0,0.02835627316848739,0.03331156332842207,31.0,28.0,4710.240719369494,4702.173115468891,4700.0,4700.0,OK,18.17926512040105,0.06276611082680716,198,0.9565217391304348,iv_filter_cp_rolling_median_v2
2025-10-10,19.386599074930075,2025-10-17,2025-11-21,7.0,42.0,0.032592830286992745,0.03801803907200929,31.0,28.0,4614.41369770343,4611.132494331056,4600.0,4600.0,OK,19.39452863416892,0.007929559238846196,193,0.9234449760765551,iv_filter_cp_rolling_median_v2
2025-10-13,21.06227545745861,2025-11-21,2025-11-21,39.0,39.0,0.04436194474458633,0.04436194474458633,28.0,28.0,4579.816389602468,4579.816389602468,4550.0,4550.0,WARN_NOT_BRACKET_30D,21.088299426443605,0.026023968984993928,136,0.9251700680272109,iv_filter_cp_rolling_median_v2
2025-10-14,22.03260797324503,2025-11-21,2025-11-21,38.0,38.0,0.04854358141027006,0.04854358141027006,28.0,28.0,4527.130640907136,4527.130640907136,4500.0,4500.0,WARN_NOT_BRACKET_30D,22.04670250317012,0.01409452992508875,136,0.9315068493150684,iv_filter_cp_rolling_median_v2
2025-10-15,20.032330353386577,2025-11-21,2025-11-21,37.0,37.0,0.04012942593872132,0.04012942593872132,28.0,28.0,4595.5097950267245,4595.5097950267245,4550.0,4550.0,WARN_NOT_BRACKET_30D,20.075104202496448,0.04277384910987081,131,0.9357142857142857,iv_filter_cp_rolling_median_v2
2025-10-16,19.926234403777077,2025-11-21,2025-11-21,36.0,36.0,0.039705481751426915,0.039705481751426915,28.0,28.0,4604.533001769558,4604.533001769558,4600.0,4600.0,WARN_NOT_BRACKET_30D,19.973256716241508,0.04702231246443134,133,0.9366197183098591,iv_filter_cp_rolling_median_v2
2025-10-17,20.95887818821866,2025-11-21,2025-11-21,35.0,35.0,0.043927457490858794,0.043927457490858794,28.0,28.0,4497.490542405543,4497.490542405543,4450.0,4450.0,WARN_NOT_BRACKET_30D,20.97474032645012,0.015862138231462097,139,0.9586206896551724,iv_filter_cp_rolling_median_v2
2025-10-20,20.192641583842608,2025-11-21,2025-11-21,32.0,32.0,0.040774277413352975,0.040774277413352975,28.0,28.0,4524.492456508849,4524.492456508849,4500.0,4500.0,WARN_NOT_BRACKET_30D,20.1849238502256,0.007717733617006672,165,0.9705882352941176,iv_filter_cp_rolling_median_v2
2025-10-21,18.823052370836443,2025-11-21,2025-11-21,31.0,31.0,0.03543073005552515,0.03543073005552515,28.0,28.0,4591.67936002154,4591.67936002154,4550.0,4550.0,WARN_NOT_BRACKET_30D,18.849995271268767,0.02694290043232428,171,0.9771428571428571,iv_filter_cp_rolling_median_v2
2025-10-22,18.71253314715309,2025-11-21,2025-11-21,30.0,30.0,0.0350158896783303,0.0350158896783303,28.0,28.0,4577.4363791178375,4577.4363791178375,4550.0,4550.0,OK,18.751349708040664,0.038816560887575235,169,0.9883040935672515,iv_filter_cp_rolling_median_v2
2025-10-23,19.16815789061289,2025-11-21,2025-12-19,29.0,57.0,0.03635640329932262,0.04203634171693787,28.0,29.0,4592.969644709091,4582.658719122992,4550.0,4550.0,OK,19.18789521306157,0.019737322448680317,165,0.9593023255813954,iv_filter_cp_rolling_median_v2
2025-10-24,18.33977986522261,2025-11-21,2025-12-19,28.0,56.0,0.03281654704710503,0.038953088322435846,28.0,29.0,4646.796173758138,4633.884033885355,4600.0,4600.0,OK,18.410129829038308,0.07034996381569769,165,0.9482758620689655,iv_filter_cp_rolling_median_v2
2025-10-27,18.776135730596387,2025-11-21,2025-12-19,25.0,53.0,0.03397943670425716,0.03802059933905477,28.0,29.0,4701.213974325568,4688.694632024275,4700.0,4650.0,OK,18.85939018823523,0.08325445763884431,169,0.9388888888888889,iv_filter_cp_rolling_median_v2
2025-10-28,18.338862274184898,2025-11-21,2025-12-19,24.0,52.0,0.03177894943757223,0.03676628120490293,28.0,29.0,4686.018669427167,4676.435552042893,4650.0,4650.0,OK,18.35720168362069,0.01833940943579293,168,0.9491525423728814,iv_filter_cp_rolling_median_v2
2025-10-29,18.748539216657043,2025-11-21,2025-12-19,23.0,51.0,0.03287112826782307,0.03823499652201047,28.0,29.0,4742.356016952443,4730.903027678647,4700.0,4700.0,OK,18.83061358253912,0.08207436588207528,152,0.8837209302325582,iv_filter_cp_rolling_median_v2
2025-10-30,18.02428791713333,2025-11-21,2025-12-19,22.0,50.0,0.02872829780012373,0.036622612953004806,29.0,30.0,4701.945716031284,4689.370521683359,4700.0,4650.0,OK,18.06999273014139,0.04570481300806151,182,0.9680851063829787,iv_filter_cp_rolling_median_v2
2025-10-31,18.6987503301156,2025-11-21,2025-12-19,21.0,49.0,0.03093605421847877,0.0386089535943284,29.0,29.0,4643.356561555442,4638.072859638403,4600.0,4600.0,OK,18.78566770438844,0.08691737427283996,179,0.9728260869565217,iv_filter_cp_rolling_median_v2
2025-11-03,19.02854241277667,2025-11-21,2025-12-19,18.0,46.0,0.0305957443288998,0.03913695914326715,29.0,30.0,4648.184562605998,4637.42618328789,4600.0,4600.0,OK,19.11219062461232,0.08364821183565141,167,0.907608695652174,iv_filter_cp_rolling_median_v2
2025-11-04,18.873054686659515,2025-11-21,2025-12-19,17.0,45.0,0.03197265626597969,0.03720874680589571,29.0,30.0,4608.257028580438,4596.037657761668,4600.0,4550.0,OK,18.91927194694358,0.0462172602840667,170,0.9139784946236559,iv_filter_cp_rolling_median_v2
2025-11-05,18.984019711581677,2025-11-21,2025-12-19,16.0,44.0,0.03167931723067865,0.0376247488810789,29.0,30.0,4610.61078772824,4600.04575882243,4600.0,4600.0,OK,19.024493769592866,0.04047405801118842,175,0.9162303664921466,iv_filter_cp_rolling_median_v2
2025-11-06,18.17624146835914,2025-11-21,2025-12-19,15.0,43.0,0.02785338302800429,0.03460488936200223,29.0,30.0,4682.265421237516,4671.720520516566,4650.0,4650.0,OK,18.228390163282125,0.05214869492298391,171,0.8952879581151832,iv_filter_cp_rolling_median_v2
2025-11-07,18.14813500586485,2025-11-21,2025-12-19,14.0,42.0,0.0268507502330984,0.034456662965612554,29.0,30.0,4671.588438581128,4658.5273223986305,4650.0,4650.0,OK,18.189573602580293,0.04143859671544092,179,0.9781420765027322,iv_filter_cp_rolling_median_v2
2025-11-10,18.926489393404978,2025-11-21,2025-12-19,11.0,39.0,0.030537341531433233,0.03652714069111536,29.0,30.0,4688.628238605283,4676.204496332804,4650.0,4650.0,OK,18.990010113938045,0.06352072053306657,170,0.9042553191489362,iv_filter_cp_rolling_median_v2
2025-11-11,19.56469780875871,2025-11-21,2025-12-19,10.0,38.0,0.03263927385274274,0.0388712627908113,28.0,30.0,4643.374061437337,4636.09188865732,4600.0,4600.0,OK,19.6366309091295,0.07193310037079215,178,0.9270833333333334,iv_filter_cp_rolling_median_v2
2025-11-12,19.043450691522143,2025-11-21,2025-12-19,9.0,37.0,0.03230156035937503,0.03658668583469232,29.0,30.0,4646.944327673259,4633.415246228147,4600.0,4600.0,OK,19.11709484150164,0.07364414997949709,175,0.9308510638297872,iv_filter_cp_rolling_median_v2
2025-11-13,18.776290261294807,2025-11-21,2025-12-19,8.0,36.0,0.027272605105008594,0.035738683506283724,29.0,30.0,4694.8394010281045,4682.8392404411825,4650.0,4650.0,OK,18.84552240908304,0.06923214778823095,168,0.9491525423728814,iv_filter_cp_rolling_median_v2
2025-11-14,18.69105383424736,2025-11-21,2025-12-19,7.0,35.0,0.029653770712001246,0.03516519189266774,29.0,30.0,4618.179599115944,4607.0914490277755,4600.0,4600.0,OK,18.704072920850344,0.013019086602984231,163,0.9588235294117647,iv_filter_cp_rolling_median_v2
2025-11-17,19.327052906399743,2025-12-19,2025-12-19,32.0,32.0,0.03735349740467748,0.03735349740467748,30.0,30.0,4584.762926271369,4584.762926271369,4550.0,4550.0,WARN_NOT_BRACKET_30D,19.39568580612596,0.068632899726218,122,0.953125,iv_filter_cp_rolling_median_v2
2025-11-18,20.43261794835023,2025-12-19,2025-12-19,31.0,31.0,0.04174918762232441,0.04174918762232441,30.0,30.0,4557.409565557926,4557.409565557926,4550.0,4550.0,WARN_NOT_BRACKET_30D,20.502887867924787,0.07026991957455664,122,0.9384615384615385,iv_filter_cp_rolling_median_v2
2025-11-19,19.562562338618118,2025-12-19,2025-12-19,30.0,30.0,0.03826938452523199,0.03826938452523199,30.0,30.0,4564.217751360185,4564.217751360185,4550.0,4550.0,OK,19.638709769801725,0.07614743118360678,127,0.9338235294117647,iv_filter_cp_rolling_median_v2
2025-11-20,18.682698134042575,2025-12-19,2026-01-16,29.0,57.0,0.035072575066913754,0.03259304081224908,30.0,23.0,4547.128318749892,4541.832688478167,4500.0,4500.0,OK,18.78458858488917,0.10189045084659654,125,0.9328358208955224,iv_filter_cp_rolling_median_v2
2025-11-21,20.187195369836545,2025-12-19,2026-01-16,28.0,56.0,0.04121750134732577,0.03772838391734498,30.0,23.0,4433.3370993509125,4429.338133011299,4400.0,4400.0,OK,20.23877377942744,0.051578409590895546,130,0.9219858156028369,iv_filter_cp_rolling_median_v2
2025-11-24,18.88335316704507,2025-12-19,2026-01-16,25.0,53.0,0.03651364560988862,0.033801735955273714,30.0,24.0,4437.647380164559,4428.869885161856,4400.0,4400.0,OK,18.9254392846728,0.04208611762773273,156,0.9570552147239264,iv_filter_cp_rolling_median_v2
2025-11-25,17.313843732828072,2025-12-19,2026-01-16,24.0,52.0,0.030586593314977505,0.02894516106825072,30.0,24.0,4473.023112426846,4461.069189610534,4450.0,4450.0,OK,17.386742972808417,0.07289923998034453,154,0.9685534591194969,iv_filter_cp_rolling_median_v2
2025-11-26,16.262221884140853,2025-12-19,2026-01-16,23.0,51.0,0.026135533735121383,0.026866009795783945,30.0,24.0,4493.994274050351,4481.861644887882,4450.0,4450.0,OK,16.327638298780393,0.06541641463953951,152,0.9620253164556962,iv_filter_cp_rolling_median_v2
2025-11-27,16.124706053132954,2025-12-19,2026-01-16,22.0,50.0,0.02612831232271027,0.025860146958006626,30.0,24.0,4492.993609248893,4478.61393351612,4450.0,4450.0,OK,16.191602524802214,0.06689647166925994,147,0.9363057324840764,iv_filter_cp_rolling_median_v2
2025-11-28,15.655063768513347,2025-12-19,2026-01-16,21.0,49.0,0.024338768239775984,0.02466130903948256,29.0,24.0,4507.806846982556,4493.586763580441,4500.0,4450.0,OK,15.748693780696652,0.09363001218330425,146,0.948051948051948,iv_filter_cp_rolling_median_v2
2025-12-01,15.98726985393865,2025-12-19,2026-01-16,18.0,46.0,0.025767402146868113,0.025450694133777263,29.0,24.0,4554.098760215955,4539.086209395,4550.0,4500.0,OK,16.051980960454877,0.06471110651622602,152,0.9047619047619048,iv_filter_cp_rolling_median_v2
2025-12-02,15.762198386168006,2025-12-19,2026-01-16,17.0,45.0,0.024742806853415077,0.024889100310140525,29.0,24.0,4535.53169382646,4521.027432427914,4500.0,4500.0,OK,15.83354076336996,0.07134237720195458,143,0.9050632911392406,iv_filter_cp_rolling_median_v2
2025-12-03,15.982672492713256,2025-12-19,2026-01-16,16.0,44.0,0.02560227226525252,0.025523603722999038,28.0,24.0,4519.21239194245,4504.007403665258,4500.0,4500.0,OK,16.047197429490694,0.06452493677743831,154,0.9166666666666666,iv_filter_cp_rolling_median_v2
2025-12-04,15.721695320039974,2025-12-19,2026-01-16,15.0,43.0,0.02487490790217603,0.024669482283587108,30.0,24.0,4531.936411249986,4516.630006687883,4500.0,4500.0,OK,15.797526132899584,0.07583081285961057,142,0.9281045751633987,iv_filter_cp_rolling_median_v2
2025-12-05,15.61334587679214,2025-12-19,2026-01-16,14.0,42.0,0.02343735616884695,0.024612732141331035,30.0,24.0,4573.088257755577,4560.186166764409,4550.0,4550.0,OK,15.64715247533304,0.03380659854090062,156,0.9454545454545454,iv_filter_cp_rolling_median_v2
2025-12-08,16.474011412291116,2025-12-19,2026-01-16,11.0,39.0,0.027308556015062265,0.027116692744321002,30.0,24.0,4614.9062404295355,4602.3618499165,4600.0,4600.0,OK,16.535567917564435,0.06155650527331957,163,0.9106145251396648,iv_filter_cp_rolling_median_v2
2025-12-09,15.749385232037191,2025-12-19,2026-01-16,10.0,38.0,0.02514723384894154,0.024768216641844757,30.0,24.0,4586.647133380909,4575.779413239516,4550.0,4550.0,OK,15.81318054518698,0.0637953131497877,154,0.927710843373494,iv_filter_cp_rolling_median_v2
2025-12-10,16.418761495710786,2025-12-19,2026-01-16,9.0,37.0,0.0275276451540185,0.026911350831083387,29.0,24.0,4574.493847643344,4562.7687590560445,4550.0,4550.0,OK,16.512724678664277,0.09396318295349104,150,0.872093023255814,iv_filter_cp_rolling_median_v2
2025-12-11,16.48489674996884,2025-12-19,2026-01-16,8.0,36.0,0.02888523870432229,0.027071542290646112,29.0,24.0,4541.719755463403,4527.685414323242,4500.0,4500.0,OK,16.547469808087385,0.06257305811854508,151,0.8830409356725146,iv_filter_cp_rolling_median_v2
2025-12-12,16.005285871177534,2025-12-19,2026-01-16,7.0,35.0,0.02291759356258878,0.025734279495690772,30.0,24.0,4572.38929755389,4555.438767426529,4550.0,4550.0,OK,16.052876108508748,0.047590237331213814,159,0.9244186046511628,iv_filter_cp_rolling_median_v2
2025-12-15,16.052701412317187,2026-01-16,2026-01-16,32.0,32.0,0.025768922263301023,0.025768922263301023,24.0,24.0,4533.259168788535,4533.259168788535,4500.0,4500.0,WARN_NOT_BRACKET_30D,16.129672215950205,0.07697080363301723,110,0.9401709401709402,iv_filter_cp_rolling_median_v2
2025-12-16,16.53221946678011,2026-01-16,2026-01-16,31.0,31.0,0.027331428049778325,0.027331428049778325,24.0,24.0,4481.664866031936,4481.664866031936,4450.0,4450.0,WARN_NOT_BRACKET_30D,16.582479937569783,0.05026047078967366,113,0.9495798319327731,iv_filter_cp_rolling_median_v2
2025-12-17,16.655331914785272,2026-01-16,2026-01-16,30.0,30.0,0.027740008119166482,0.027740008119166482,24.0,24.0,4564.4182502401445,4564.4182502401445,4550.0,4550.0,OK,16.72495152245352,0.0696196076682476,110,0.9401709401709402,iv_filter_cp_rolling_median_v2
2025-12-18,16.95785780069928,2026-01-16,2026-02-24,29.0,68.0,0.02883452403822325,0.02749883277882727,24.0,22.0,4537.184206637239,4532.428662687383,4500.0,4500.0,OK,17.029511644160735,0.07165384346145487,112,0.9491525423728814,iv_filter_cp_rolling_median_v2
2025-12-19,15.974376983767216,2026-01-16,2026-02-24,28.0,67.0,0.025513402506441827,0.025554173474695144,24.0,22.0,4556.899255375672,4550.884758224377,4550.0,4550.0,OK,16.03027275723591,0.05589577346869312,119,0.9916666666666667,iv_filter_cp_rolling_median_v2
2025-12-22,15.579665857468827,2026-01-16,2026-02-24,25.0,64.0,0.024248260420846705,0.024337247703858582,24.0,22.0,4593.402163997622,4581.338119293448,4550.0,4550.0,OK,15.61403857485198,0.03437271738315317,129,0.9699248120300752,iv_filter_cp_rolling_median_v2
2025-12-23,15.364492149475431,2026-01-16,2026-02-24,24.0,63.0,0.02341470576648844,0.024009165230852746,24.0,22.0,4601.024126687257,4586.846041206411,4600.0,4550.0,OK,15.440489704931853,0.0759975554564214,135,0.9642857142857143,iv_filter_cp_rolling_median_v2
2025-12-24,16.263935390512117,2026-01-16,2026-02-24,23.0,62.0,0.026858019112583027,0.025762263770481433,24.0,22.0,4622.567557646994,4611.95312191736,4600.0,4600.0,OK,16.303581079993297,0.03964568948117986,161,0.9583333333333334,iv_filter_cp_rolling_median_v2
2025-12-25,15.89382420097995,2026-01-16,2026-02-24,22.0,61.0,0.02584867240417745,0.024440578288841663,24.0,22.0,4635.110273432892,4624.680496735453,4600.0,4600.0,OK,15.940879105835256,0.04705490485530639,165,0.9705882352941176,iv_filter_cp_rolling_median_v2
2025-12-26,16.082433565675895,2026-01-16,2026-02-24,21.0,60.0,0.025737781447848492,0.026012266679625484,24.0,23.0,4659.147676708978,4649.74381426193,4650.0,4600.0,OK,16.141182812848676,0.05874924717278063,169,0.9548022598870056,iv_filter_cp_rolling_median_v2
2025-12-29,16.515171871345014,2026-01-16,2026-02-24,18.0,57.0,0.027056925233633133,0.02743010213953504,24.0,23.0,4637.392246490738,4624.887287660542,4600.0,4600.0,OK,16.563569618724074,0.04839774737905955,166,0.9540229885057471,iv_filter_cp_rolling_median_v2
2025-12-30,16.8019760497646,2026-01-16,2026-02-24,17.0,56.0,0.028153452763582006,0.02827750354696395,24.0,23.0,4648.19039652104,4640.4717782682765,4600.0,4600.0,OK,16.8112200669163,0.009244017151697648,168,0.9655172413793104,iv_filter_cp_rolling_median_v2
2025-12-31,16.741253956662767,2026-01-16,2026-02-24,16.0,55.0,0.027595567175028354,0.028251057743949922,24.0,22.0,4624.546756880448,4613.3473737916775,4600.0,4600.0,OK,16.7892413947913,0.047987438128533455,162,0.9257142857142857,iv_filter_cp_rolling_median_v2
2026-01-05,16.724019273205464,2026-01-16,2026-02-24,11.0,50.0,0.031498347359752175,0.02715202483891434,24.0,23.0,4716.814315884752,4705.313229933155,4700.0,4700.0,OK,16.78299272298066,0.05897344977519481,173,0.9453551912568307,iv_filter_cp_rolling_median_v2
2026-01-06,17.6878831889895,2026-01-16,2026-02-24,10.0,49.0,0.039915440176115945,0.029613089934996374,24.0,23.0,4795.998421136622,4785.7698952759965,4750.0,4750.0,OK,17.833964383231045,0.1460811942415461,162,0.8804347826086957,iv_filter_cp_rolling_median_v2
2026-01-07,17.919665057287524,2026-01-16,2026-02-24,9.0,48.0,0.03583030276589613,0.03151376513539018,24.0,24.0,4776.591627255466,4769.640609823838,4750.0,4750.0,OK,17.98279182539263,0.06312676810510709,166,0.9325842696629213,iv_filter_cp_rolling_median_v2
2026-01-08,18.029160603153294,2026-01-16,2026-02-24,8.0,47.0,0.03573109460358103,0.03208074959793565,24.0,24.0,4741.186413524265,4736.773300934014,4700.0,4700.0,OK,18.10628987388904,0.07712927073574605,164,0.9010989010989011,iv_filter_cp_rolling_median_v2
2026-01-09,18.643500369035102,2026-01-16,2026-02-24,7.0,46.0,0.03561917097086087,0.03466684806659583,24.0,24.0,4763.9002652533,4760.821351265016,4750.0,4750.0,OK,18.72734592033977,0.08384555130466609,174,0.9456521739130435,iv_filter_cp_rolling_median_v2
2026-01-12,21.284726051360465,2026-02-24,2026-02-24,43.0,43.0,0.04530395630814628,0.04530395630814628,24.0,24.0,4791.985235861495,4791.985235861495,4750.0,4750.0,WARN_NOT_BRACKET_30D,21.42372203880796,0.13899598744749397,135,0.9712230215827338,iv_filter_cp_rolling_median_v2
2026-01-13,20.773974030488002,2026-02-24,2026-02-24,42.0,42.0,0.043155799701938995,0.043155799701938995,24.0,24.0,4763.424186737954,4763.424186737954,4750.0,4750.0,WARN_NOT_BRACKET_30D,20.87239332968256,0.09841929919455694,136,0.9927007299270073,iv_filter_cp_rolling_median_v2
2026-01-14,20.385379976925293,2026-02-24,2026-02-24,41.0,41.0,0.04155637168036267,0.04155637168036267,24.0,24.0,4747.778686976655,4747.778686976655,4700.0,4700.0,WARN_NOT_BRACKET_30D,20.44764704547377,0.062267068548475635,137,0.9856115107913669,iv_filter_cp_rolling_median_v2
2026-01-15,18.653821880685296,2026-02-24,2026-02-24,40.0,40.0,0.034796507075633344,0.034796507075633344,24.0,24.0,4753.005154011282,4753.005154011282,4750.0,4750.0,WARN_NOT_BRACKET_30D,18.742965319417088,0.0891434387317922,128,0.9770992366412213,iv_filter_cp_rolling_median_v2
2026-01-16,18.203548321451777,2026-02-24,2026-02-24,39.0,39.0,0.03313691714914298,0.03313691714914298,24.0,24.0,4730.953287786731,4730.953287786731,4700.0,4700.0,WARN_NOT_BRACKET_30D,18.29150758719344,0.08795926574166302,130,0.9629629629629629,iv_filter_cp_rolling_median_v2
2026-01-19,16.14255231968898,2026-02-24,2026-02-24,36.0,36.0,0.02605819953938961,0.02605819953938961,24.0,24.0,4737.043663067549,4737.043663067549,4700.0,4700.0,WARN_NOT_BRACKET_30D,16.21254110420294,0.06998878451395996,159,0.9636363636363636,iv_filter_cp_rolling_median_v2
2026-01-20,15.281350047393852,2026-02-24,2026-02-24,35.0,35.0,0.02335196592709841,0.02335196592709841,24.0,24.0,4716.56710270849,4716.56710270849,4700.0,4700.0,WARN_NOT_BRACKET_30D,15.323377716806682,0.04202766941283009,148,0.9736842105263158,iv_filter_cp_rolling_median_v2
2026-01-21,15.309390497745213,2026-02-24,2026-02-24,34.0,34.0,0.023437743741245142,0.023437743741245142,24.0,24.0,4728.233606551532,4728.233606551532,4700.0,4700.0,WARN_NOT_BRACKET_30D,15.389007562185144,0.07961706443993144,166,1.0,iv_filter_cp_rolling_median_v2
2026-01-22,15.335522609147642,2026-02-24,2026-02-24,33.0,33.0,0.023517825369567855,0.023517825369567855,24.0,24.0,4725.273379677821,4725.273379677821,4700.0,4700.0,WARN_NOT_BRACKET_30D,15.410773996097744,0.07525138695010192,168,0.9710982658959537,iv_filter_cp_rolling_median_v2
2026-01-23,17.327251246283986,2026-02-24,2026-02-24,32.0,32.0,0.030023363575184987,0.030023363575184987,24.0,24.0,4712.092548581133,4712.092548581133,4700.0,4700.0,WARN_NOT_BRACKET_30D,17.411870896830823,0.08461965054683773,167,0.9766081871345029,iv_filter_cp_rolling_median_v2
2026-01-26,18.84725326379305,2026-02-24,2026-03-20,29.0,53.0,0.03454142987063218,0.047860963749745175,24.0,29.0,4720.625523961036,4730.452700281442,4700.0,4700.0,OK,18.94989206098205,0.10263879718900171,179,1.0,iv_filter_cp_rolling_median_v2
2026-01-27,18.27244190892207,2026-02-24,2026-03-20,28.0,52.0,0.03139398687283511,0.04520017004816006,24.0,29.0,4719.36523494275,4727.856854741657,4700.0,4700.0,OK,18.35566371825608,0.08322180933400958,161,0.9583333333333334,iv_filter_cp_rolling_median_v2
2026-01-28,18.828222793108186,2026-02-24,2026-03-20,27.0,51.0,0.03297313035701086,0.044629916228450854,24.0,29.0,4732.980341398773,4739.7776192099755,4700.0,4700.0,OK,18.92218259892405,0.09395980581586372,165,1.0,iv_filter_cp_rolling_median_v2
2026-01-29,18.946205735451883,2026-02-24,2026-03-20,26.0,50.0,0.032364254244699596,0.045078075201006186,24.0,28.0,4777.97551183329,4786.771671014369,4750.0,4750.0,OK,19.05069557386881,0.10448983841692794,159,0.9190751445086706,iv_filter_cp_rolling_median_v2
2026-01-30,19.355795546116916,2026-02-24,2026-03-20,25.0,49.0,0.03234217930719889,0.047396065131192835,24.0,29.0,4714.215236087564,4722.847891819633,4700.0,4700.0,OK,19.42671962979069,0.07092408367377345,161,0.9470588235294117,iv_filter_cp_rolling_median_v2
2026-02-02,24.27025766741922,2026-02-24,2026-03-20,22.0,46.0,0.05178779614210596,0.06571186162899197,24.0,29.0,4592.121967894091,4586.363878315265,4550.0,4550.0,OK,24.35538028048398,0.08512261306476177,176,0.9777777777777777,iv_filter_cp_rolling_median_v2
2026-02-03,20.88249300034165,2026-02-24,2026-03-20,21.0,45.0,0.034961549829641,0.0503327526052691,24.0,29.0,4660.609532128006,4663.125257782328,4650.0,4650.0,OK,20.95484592261728,0.0723529222756305,163,0.9157303370786517,iv_filter_cp_rolling_median_v2
2026-02-04,19.10005806074171,2026-02-24,2026-03-20,20.0,44.0,0.0272801299269853,0.042336462070342785,24.0,29.0,4697.558535242935,4696.515247697452,4650.0,4650.0,OK,19.184734900493456,0.08467683975174722,158,0.9239766081871345,iv_filter_cp_rolling_median_v2
2026-02-05,18.847113419445193,2026-02-24,2026-03-20,19.0,43.0,0.024312435669845065,0.04137465889052709,24.0,29.0,4673.136093896762,4672.259181338567,4650.0,4650.0,OK,18.92544368454835,0.07833026510315477,172,0.945054945054945,iv_filter_cp_rolling_median_v2
2026-02-06,18.930951761730345,2026-02-24,2026-03-20,18.0,42.0,0.024474096233995157,0.04070837798613938,24.0,29.0,4645.160440867418,4647.59553929411,4600.0,4600.0,OK,19.02136189722556,0.09041013549521537,174,0.9666666666666667,iv_filter_cp_rolling_median_v2
2026-02-09,18.751640472455115,2026-02-24,2026-03-20,15.0,39.0,0.02186420811126721,0.03823121602456501,24.0,29.0,4722.719286933085,4726.016593762508,4700.0,4700.0,OK,18.842944790492133,0.0913043180370181,160,0.9467455621301775,iv_filter_cp_rolling_median_v2
2026-02-10,17.708832264912473,2026-02-24,2026-03-20,14.0,38.0,0.017154305045610305,0.03397716304003555,24.0,29.0,4726.894156761194,4726.197174115234,4700.0,4700.0,OK,17.80573084601536,0.09689858110288796,151,0.9869281045751634,iv_filter_cp_rolling_median_v2
2026-02-11,17.537059131935983,2026-02-24,2026-03-20,13.0,37.0,0.015662731561423594,0.03293828191366587,24.0,29.0,4717.740699722329,4717.1279745118645,4700.0,4700.0,OK,17.61651268487968,0.07945355294369705,158,0.9634146341463414,iv_filter_cp_rolling_median_v2
2026-02-12,17.578714903803238,2026-02-24,2026-03-20,12.0,36.0,0.015631397499231377,0.03259775779666253,24.0,29.0,4719.899888966868,4719.328704823738,4700.0,4700.0,OK,17.677882488417694,0.09916758461445596,159,0.9520958083832335,iv_filter_cp_rolling_median_v2
2026-02-13,19.510517305009948,2026-02-24,2026-03-20,11.0,35.0,0.026395480796212456,0.03903126182385411,24.0,29.0,4632.497605622801,4633.4572133536585,4600.0,4600.0,OK,19.59806927716436,0.08755197215441157,167,0.9382022471910112,iv_filter_cp_rolling_median_v2
2026-02-24,17.71725067033997,2026-03-20,2026-04-17,24.0,52.0,0.032901683620190934,0.02883202768927821,29.0,22.0,4688.704162361008,4687.467039475938,4650.0,4650.0,OK,17.796934042364672,0.07968337202470366,126,0.9767441860465116,iv_filter_cp_rolling_median_v2
2026-02-25,16.579357753435726,2026-03-20,2026-04-17,23.0,51.0,0.028248731511842907,0.026457622899602965,29.0,22.0,4731.772858805493,4728.7187677149395,4700.0,4700.0,OK,16.652415166456514,0.07305741302078772,161,0.9415204678362573,iv_filter_cp_rolling_median_v2
2026-02-26,15.652626681370208,2026-03-20,2026-04-17,22.0,50.0,0.024599957650981587,0.024391038209452178,28.0,22.0,4716.14791587919,4709.832939618687,4700.0,4700.0,OK,15.699591821013462,0.04696513964325355,143,0.9166666666666666,iv_filter_cp_rolling_median_v2
2026-02-27,15.62837413193489,2026-03-20,2026-04-17,21.0,49.0,0.02435042161259071,0.024491728637700154,29.0,22.0,4716.42210594027,4712.400783630408,4700.0,4700.0,OK,15.719209484564454,0.0908353526295631,146,0.9125,iv_filter_cp_rolling_median_v2
2026-03-02,16.248305381925828,2026-03-20,2026-04-17,18.0,46.0,0.027020173465952948,0.02607756155016018,29.0,22.0,4711.777336374083,4709.3849263774855,4700.0,4700.0,OK,16.301076532364707,0.05277115043887903,163,0.9421965317919075,iv_filter_cp_rolling_median_v2
2026-03-03,18.275178460230027,2026-03-20,2026-04-17,17.0,45.0,0.03958128526991334,0.030703030200761643,29.0,22.0,4652.8019669617925,4642.185044138887,4650.0,4600.0,OK,18.34452740568452,0.0693489454544931,163,0.9421965317919075,iv_filter_cp_rolling_median_v2
2026-03-04,19.096274497221504,2026-03-20,2026-04-17,16.0,44.0,0.044405629067398006,0.03357991211275059,29.0,22.0,4592.5952438201375,4584.225417683998,4550.0,4550.0,OK,19.1534244052219,0.05714990800039743,158,0.9634146341463414,iv_filter_cp_rolling_median_v2
2026-03-05,16.88354074468135,2026-03-20,2026-04-17,15.0,43.0,0.030894014109437137,0.027783254088611223,29.0,22.0,4629.187461836237,4618.233247448517,4600.0,4600.0,OK,16.971111603618986,0.08757085893763517,156,0.9285714285714286,iv_filter_cp_rolling_median_v2
2026-03-06,16.23696773747614,2026-03-20,2026-04-17,14.0,42.0,0.02715837086154071,0.026165297448094937,28.0,22.0,4650.0,4639.982213944006,4650.0,4600.0,OK,16.301887653006602,0.06491991553046361,153,0.9444444444444444,iv_filter_cp_rolling_median_v2
2026-03-09,18.539531843618544,2026-03-20,2026-04-17,11.0,39.0,0.04432671229577881,0.033041365350990226,29.0,22.0,4597.598949039627,4577.563085865993,4550.0,4550.0,OK,18.638688449365745,0.09915660574720064,167,0.9329608938547486,iv_filter_cp_rolling_median_v2
2026-03-10,17.357926019481585,2026-03-20,2026-04-17,10.0,38.0,0.0328110964202925,0.029847513585515066,29.0,22.0,4664.005592349521,4650.605434576805,4650.0,4650.0,OK,17.450062386218317,0.09213636673673165,166,0.9273743016759777,iv_filter_cp_rolling_median_v2
2026-03-11,17.166760780814673,2026-03-20,2026-04-17,9.0,37.0,0.033674227620851704,0.029128865404332765,28.0,22.0,4683.524069009739,4665.843078322073,4650.0,4650.0,OK,17.265955667807575,0.09919488699290113,152,0.9559748427672956,iv_filter_cp_rolling_median_v2
2026-03-12,17.88153143244415,2026-03-20,2026-04-17,8.0,36.0,0.036965898781775176,0.03167243287059571,29.0,22.0,4662.003867300136,4647.596361106046,4650.0,4600.0,OK,17.975970202586826,0.09443877014267699,158,0.9132947976878613,iv_filter_cp_rolling_median_v2
2026-03-13,18.893809239538108,2026-03-20,2026-04-17,7.0,35.0,0.0416985845719824,0.03543669050522397,29.0,22.0,4657.602123924123,4640.733382102561,4650.0,4600.0,OK,19.016900413824114,0.12309117428600658,164,0.9425287356321839,iv_filter_cp_rolling_median_v2
2026-03-16,18.285089404599933,2026-04-17,2026-04-17,32.0,32.0,0.03343444945342127,0.03343444945342127,22.0,22.0,4649.9150601272995,4649.9150601272995,4600.0,4600.0,WARN_NOT_BRACKET_30D,18.371975416442936,0.08688601184300282,111,0.9736842105263158,iv_filter_cp_rolling_median_v2
2026-03-17,18.133095201872358,2026-04-17,2026-04-17,31.0,31.0,0.03288091416001664,0.03288091416001664,22.0,22.0,4621.027216639381,4621.027216639381,4600.0,4600.0,WARN_NOT_BRACKET_30D,18.23239428884428,0.09929908697192147,107,0.9385964912280702,iv_filter_cp_rolling_median_v2
2026-03-18,17.707946502514186,2026-04-17,2026-04-17,30.0,30.0,0.031357136933590435,0.031357136933590435,22.0,22.0,4632.7784983524525,4632.7784983524525,4600.0,4600.0,OK,17.782286687236855,0.07434018472266857,112,0.9655172413793104,iv_filter_cp_rolling_median_v2
2026-03-19,19.171057108095894,2026-04-17,2026-05-15,29.0,57.0,0.03674614520514865,0.03684632418045666,22.0,22.0,4564.217116225544,4542.476390210501,4550.0,4500.0,OK,19.26652674644696,0.09546963835106581,111,0.9652173913043478,iv_filter_cp_rolling_median_v2
2026-03-20,19.81368346004108,2026-04-17,2026-05-15,28.0,56.0,0.03959821610739388,0.03704813449296895,22.0,22.0,4544.793952590376,4534.823351794708,4500.0,4500.0,OK,19.908511807462407,0.09482834742132695,111,0.940677966101695,iv_filter_cp_rolling_median_v2
2026-03-23,25.119434429285885,2026-04-17,2026-05-15,25.0,53.0,0.06746390302897937,0.053626711646419266,22.0,22.0,4406.807055309971,4385.543027681689,4400.0,4350.0,OK,25.19984966792983,0.08041523864394406,160,0.9580838323353293,iv_filter_cp_rolling_median_v2
2026-03-24,20.853752228506544,2026-04-17,2026-05-15,24.0,52.0,0.04597761849591358,0.03927452539366903,25.0,25.0,4447.397422372435,4427.55181168461,4400.0,4400.0,OK,20.92946607866144,0.07571385015489795,183,0.9891891891891892,iv_filter_cp_rolling_median_v2
2026-03-25,18.694288337958643,2026-04-17,2026-05-15,23.0,51.0,0.03662990331512829,0.03267164056488205,25.0,25.0,4510.009503394717,4491.739270567585,4500.0,4450.0,OK,18.741671368479192,0.047383030520549596,184,0.9945945945945946,iv_filter_cp_rolling_median_v2
2026-03-26,19.714600371173102,2026-04-17,2026-05-15,22.0,50.0,0.041031530387700854,0.036485064810491366,25.0,25.0,4458.007257865641,4436.982034285518,4450.0,4400.0,OK,19.760872178024687,0.046271806851585495,175,0.9615384615384616,iv_filter_cp_rolling_median_v2
2026-03-27,19.187317157384634,2026-04-17,2026-05-15,21.0,49.0,0.037675928917603005,0.0360366623503719,25.0,25.0,4481.584108727267,4461.823814552607,4450.0,4450.0,OK,19.24093197716209,0.05361481977745797,170,0.9497206703910615,iv_filter_cp_rolling_median_v2
2026-03-30,20.105595104809108,2026-04-17,2026-05-15,18.0,46.0,0.04247106875861137,0.03935519633528248,25.0,25.0,4474.818287736715,4450.0,4450.0,4450.0,OK,20.16117397645919,0.055578871650080686,177,0.9725274725274725,iv_filter_cp_rolling_median_v2
2026-03-31,19.81223854370591,2026-04-17,2026-05-15,17.0,45.0,0.04206375415886141,0.038027052244372056,25.0,25.0,4438.592171642822,4418.822949485773,4400.0,4400.0,OK,19.872578354845093,0.0603398111391833,176,0.9617486338797814,iv_filter_cp_rolling_median_v2
2026-04-01,18.279778607788767,2026-04-17,2026-05-15,16.0,44.0,0.035235828160757834,0.03275292238923877,25.0,25.0,4505.8037281346615,4487.377263286872,4500.0,4450.0,OK,18.325957142016648,0.046178534227880874,170,0.9340659340659341,iv_filter_cp_rolling_median_v2
2026-04-02,19.122683353799395,2026-04-17,2026-05-15,15.0,43.0,0.04077533188997247,0.035295627671361525,25.0,25.0,4455.803400327689,4429.788775815663,4450.0,4400.0,OK,19.18991408254584,0.06723072874644487,173,0.9558011049723757,iv_filter_cp_rolling_median_v2
2026-04-03,19.799651600974546,2026-04-17,2026-05-15,14.0,42.0,0.047257632622615404,0.03718886728434289,25.0,25.0,4423.012318695001,4400.099077562689,4400.0,4400.0,OK,19.88031302791102,0.08066142693647294,170,0.9392265193370166,iv_filter_cp_rolling_median_v2
2026-04-07,19.254888418729514,2026-04-17,2026-05-15,10.0,38.0,0.04704862825508483,0.03602522485931845,25.0,25.0,4425.157988018226,4404.807369614373,4400.0,4400.0,OK,19.322812449195805,0.06792403046629047,173,0.9611111111111111,iv_filter_cp_rolling_median_v2
2026-04-08,17.786469314697978,2026-04-17,2026-05-15,9.0,37.0,0.036624667005487305,0.03123135031660295,25.0,25.0,4588.062590958011,4573.086234082679,4550.0,4550.0,OK,17.800614432596515,0.014145117898536341,167,0.9329608938547486,iv_filter_cp_rolling_median_v2
2026-04-09,16.88388974056228,2026-04-17,2026-05-15,8.0,36.0,0.03160959520304329,0.028318511342243592,25.0,25.0,4556.0453919859865,4538.74248660887,4550.0,4500.0,OK,16.930170891480483,0.046281150918201064,162,0.9418604651162791,iv_filter_cp_rolling_median_v2
2026-04-10,17.489113016900042,2026-04-17,2026-05-15,7.0,35.0,0.03501822519497227,0.030394241421217123,25.0,25.0,4622.110803255917,4602.977069778773,4600.0,4600.0,OK,17.51200577021443,0.02289275331438745,174,0.9560439560439561,iv_filter_cp_rolling_median_v2
2026-04-13,17.690454507825166,2026-05-15,2026-05-15,32.0,32.0,0.03129521806934317,0.03129521806934317,25.0,25.0,4614.218129882016,4614.218129882016,4600.0,4600.0,WARN_NOT_BRACKET_30D,17.736167266959683,0.045712759134517,129,0.9847328244274809,iv_filter_cp_rolling_median_v2
2026-04-14,18.069616667822874,2026-05-15,2026-05-15,31.0,31.0,0.03265110465220623,0.03265110465220623,25.0,25.0,4677.572327410433,4677.572327410433,4650.0,4650.0,WARN_NOT_BRACKET_30D,18.131992370271497,0.062375702448623116,125,0.9398496240601504,iv_filter_cp_rolling_median_v2
2026-04-15,17.854689301087177,2026-05-15,2026-05-15,30.0,30.0,0.03187899300383568,0.03187899300383568,25.0,25.0,4665.218144629463,4665.218144629463,4650.0,4650.0,OK,17.90847284097459,0.053783539887412246,130,0.9774436090225563,iv_filter_cp_rolling_median_v2
2026-04-16,17.9366880065765,2026-05-15,2026-06-22,29.0,67.0,0.031929657310650505,0.0360612275109289,25.0,29.0,4713.552411007857,4681.630368094351,4700.0,4650.0,OK,18.002041045680116,0.06535303910361634,123,0.9318181818181818,iv_filter_cp_rolling_median_v2
2026-04-17,17.71578238651495,2026-05-15,2026-06-22,28.0,66.0,0.03084777568905807,0.03548652954540708,25.0,30.0,4703.80417265912,4671.441226922707,4700.0,4650.0,OK,17.77256806351865,0.05678567700370252,127,0.9769230769230769,iv_filter_cp_rolling_median_v2
2026-04-20,17.740867902353283,2026-05-15,2026-06-22,25.0,63.0,0.03018664604883597,0.034845060055834015,25.0,30.0,4732.462683107882,4698.305155263411,4700.0,4650.0,OK,17.761116016739386,0.020248114386102856,163,0.9878787878787879,iv_filter_cp_rolling_median_v2
2026-04-21,17.508714402684287,2026-05-15,2026-06-22,24.0,62.0,0.02941239188053485,0.03322194128954935,25.0,30.0,4742.993549454372,4710.541948382639,4700.0,4700.0,OK,17.573902256544006,0.06518785385971881,153,0.9444444444444444,iv_filter_cp_rolling_median_v2
2026-04-22,17.470983515561084,2026-05-15,2026-06-22,23.0,61.0,0.029665782648441805,0.03195577794326888,25.0,30.0,4782.429180154667,4747.289858891724,4750.0,4700.0,OK,17.55783680877104,0.0868532932099555,153,0.9161676646706587,iv_filter_cp_rolling_median_v2
2026-04-23,17.177130202654247,2026-05-15,2026-06-22,22.0,60.0,0.027655594968934053,0.03204883489246314,25.0,30.0,4769.015890641363,4728.2252426204,4750.0,4700.0,OK,17.24929057508862,0.07216037243437157,151,0.9151515151515152,iv_filter_cp_rolling_median_v2
2026-04-24,16.990158247797478,2026-05-15,2026-06-22,21.0,59.0,0.02609578347622214,0.032044316899234655,25.0,30.0,4754.455076050938,4719.861418518796,4750.0,4700.0,OK,17.07070719364496,0.0805489458474824,164,0.9647058823529412,iv_filter_cp_rolling_median_v2
2026-04-27,16.883223371833427,2026-05-15,2026-06-22,18.0,56.0,0.02513718231805135,0.03084929621636806,25.0,30.0,4757.204891397747,4720.5860017133,4750.0,4700.0,OK,16.969319314925414,0.08609594309198698,156,0.9629629629629629,iv_filter_cp_rolling_median_v2
2026-04-28,16.599505273216046,2026-05-15,2026-06-22,17.0,55.0,0.024029576212252768,0.029649507266800972,25.0,30.0,4742.795353379347,4706.791037615519,4700.0,4700.0,OK,16.676544385382634,0.0770391121665881,155,0.9567901234567902,iv_filter_cp_rolling_median_v2
2026-04-29,16.270050778889566,2026-05-15,2026-06-22,16.0,54.0,0.024306728050319637,0.02757099920146665,25.0,30.0,4796.939836641126,4765.9522326165825,4750.0,4750.0,OK,16.3474026767919,0.07735189790233576,161,0.936046511627907,iv_filter_cp_rolling_median_v2
2026-04-30,16.957528593188623,2026-05-15,2026-06-22,15.0,53.0,0.026372771757994153,0.02978991220907714,25.0,30.0,4800.096646916999,4765.51702552781,4800.0,4750.0,OK,17.018656974248298,0.06112838105967455,149,0.9371069182389937,iv_filter_cp_rolling_median_v2
2026-05-06,17.752104786142983,2026-05-15,2026-06-22,9.0,47.0,0.03227482167132574,0.03139574048514897,25.0,30.0,4871.913436464355,4845.926637032407,4850.0,4800.0,OK,17.88298126289852,0.13087647675553882,168,0.96,iv_filter_cp_rolling_median_v2
2026-05-07,18.232872000499885,2026-05-15,2026-06-22,8.0,46.0,0.03413871031765587,0.033130567112069055,26.0,30.0,4895.399508683181,4867.854129853925,4850.0,4850.0,OK,18.3395885374638,0.10671653696391559,150,0.872093023255814,iv_filter_cp_rolling_median_v2
2026-05-08,18.003615544530767,2026-05-15,2026-06-22,7.0,45.0,0.030606818631332508,0.03259625481032933,26.0,30.0,4866.12673089443,4838.371632482171,4850.0,4800.0,OK,18.092794372291056,0.08917882776028918,159,0.9352941176470588,iv_filter_cp_rolling_median_v2
2026-05-11,19.648244495153538,2026-06-22,2026-06-22,42.0,42.0,0.038605351174133135,0.038605351174133135,30.0,30.0,4921.375106342501,4921.375106342501,4900.0,4900.0,WARN_NOT_BRACKET_30D,19.777916933365606,0.12967243821206864,111,0.925,iv_filter_cp_rolling_median_v2
2026-05-12,19.88571698972566,2026-06-22,2026-06-22,41.0,41.0,0.039544174019546366,0.039544174019546366,30.0,30.0,4915.319386452418,4915.319386452418,4900.0,4900.0,WARN_NOT_BRACKET_30D,19.977367624361825,0.09165063463616718,114,0.9193548387096774,iv_filter_cp_rolling_median_v2
2026-05-13,19.673761990638454,2026-06-22,2026-06-22,40.0,40.0,0.03870569108642903,0.03870569108642903,31.0,31.0,4967.384439028555,4967.384439028555,4950.0,4950.0,WARN_NOT_BRACKET_30D,19.78102647603375,0.10726448539529798,112,0.9105691056910569,iv_filter_cp_rolling_median_v2
2026-05-14,18.718149831078144,2026-06-22,2026-06-22,39.0,39.0,0.03503691330986907,0.03503691330986907,31.0,31.0,4886.957818265903,4886.957818265903,4850.0,4850.0,WARN_NOT_BRACKET_30D,18.803572236208783,0.08542240513063959,128,0.9770992366412213,iv_filter_cp_rolling_median_v2
2026-05-15,19.181058784423367,2026-06-22,2026-06-22,38.0,38.0,0.036791301609150485,0.036791301609150485,31.0,31.0,4830.632243788474,4830.632243788474,4800.0,4800.0,WARN_NOT_BRACKET_30D,19.24218073044142,0.06112194601805143,127,0.9477611940298507,iv_filter_cp_rolling_median_v2
2026-05-18,19.0616123208427,2026-06-22,2026-06-22,35.0,35.0,0.036334506427010214,0.036334506427010214,31.0,31.0,4803.439544842979,4803.439544842979,4800.0,4800.0,WARN_NOT_BRACKET_30D,19.117406983173964,0.055794662331265954,156,0.9341317365269461,iv_filter_cp_rolling_median_v2
2026-05-19,18.61685436326518,2026-06-22,2026-06-22,34.0,34.0,0.03465872663830258,0.03465872663830258,31.0,31.0,4816.179928482277,4816.179928482277,4800.0,4800.0,WARN_NOT_BRACKET_30D,18.6811994266273,0.06434506336211854,160,0.9467455621301775,iv_filter_cp_rolling_median_v2
2026-05-20,17.74477064244654,2026-06-22,2026-06-22,33.0,33.0,0.03148768851530325,0.03148768851530325,31.0,31.0,4812.048108261413,4812.048108261413,4800.0,4800.0,WARN_NOT_BRACKET_30D,17.79527788949679,0.05050724705025189,148,0.9367088607594937,iv_filter_cp_rolling_median_v2
2026-05-21,18.30143615773416,2026-06-22,2026-06-22,32.0,32.0,0.03349425654356193,0.03349425654356193,31.0,31.0,4748.882235156019,4748.882235156019,4700.0,4700.0,WARN_NOT_BRACKET_30D,18.35286472491689,0.051428567182732365,155,0.9337349397590361,iv_filter_cp_rolling_median_v2
2026-05-22,17.90159566296566,2026-06-22,2026-06-22,31.0,31.0,0.0320467127280311,0.0320467127280311,31.0,31.0,4793.478807204254,4793.478807204254,4750.0,4750.0,WARN_NOT_BRACKET_30D,17.979943700543345,0.07834803757768327,147,0.9607843137254902,iv_filter_cp_rolling_median_v2
2026-05-25,18.27530943843792,2026-06-22,2026-07-17,28.0,53.0,0.03316022652239288,0.03484749292338053,31.0,21.0,4859.910700896763,4826.082532839389,4850.0,4800.0,OK,18.36471877319557,0.08940933475765078,149,0.93125,iv_filter_cp_rolling_median_v2
2026-05-26,18.936477280444024,2026-06-22,2026-07-17,27.0,52.0,0.03573018342198936,0.036349576485873496,31.0,21.0,4899.489046311435,4858.413157700171,4850.0,4850.0,OK,18.98806302618261,0.051585745738584876,147,0.8855421686746988,iv_filter_cp_rolling_median_v2
2026-05-27,19.574771063267978,2026-06-22,2026-07-17,26.0,51.0,0.038617798146449986,0.0375125337033814,31.0,21.0,4862.318699783312,4822.958228500505,4850.0,4800.0,OK,19.6305937007542,0.05582263748622296,159,0.9464285714285714,iv_filter_cp_rolling_median_v2
2026-05-28,18.856291867147785,2026-06-22,2026-07-17,25.0,50.0,0.03483487238642554,0.036998178120868065,31.0,21.0,4858.661495738766,4822.351821392932,4850.0,4800.0,OK,18.9131221424688,0.05683027532101548,164,0.9479768786127167,iv_filter_cp_rolling_median_v2
2026-05-29,19.43427701588343,2026-06-22,2026-07-17,24.0,49.0,0.035795155068970914,0.040830760283355055,31.0,21.0,4855.1033824003025,4813.721195776943,4850.0,4800.0,OK,19.481926726227297,0.04764971034386534,157,0.9127906976744186,iv_filter_cp_rolling_median_v2
2026-06-01,19.598388819742137,2026-06-22,2026-07-17,21.0,46.0,0.036550753480923896,0.03991838201725626,30.0,21.0,4814.40617040188,4779.709677784933,4800.0,4750.0,OK,19.672168369653765,0.07377954991162738,156,0.9285714285714286,iv_filter_cp_rolling_median_v2
2026-06-02,19.35077949387364,2026-06-22,2026-07-17,20.0,45.0,0.03448059468557588,0.03942171471303617,31.0,21.0,4879.332643425476,4845.129192869066,4850.0,4800.0,OK,19.414444692789427,0.06366519891578548,161,0.936046511627907,iv_filter_cp_rolling_median_v2
2026-06-03,19.047113804046763,2026-06-22,2026-07-17,19.0,44.0,0.03283060009364947,0.03817458924568676,31.0,21.0,4911.284427301576,4873.55437877535,4900.0,4850.0,OK,19.09276011127621,0.04564630722944685,154,0.9112426035502958,iv_filter_cp_rolling_median_v2
2026-06-04,19.237466187507675,2026-06-22,2026-07-17,18.0,43.0,0.03303432956635794,0.03881002864367215,30.0,21.0,4871.582634761946,4836.364764926748,4850.0,4800.0,OK,19.288887453860912,0.05142126635323763,152,0.9101796407185628,iv_filter_cp_rolling_median_v2
2026-06-05,19.655150048446234,2026-06-22,2026-07-17,17.0,42.0,0.03476437590251447,0.040077722661002284,31.0,21.0,4775.9701499383,4737.420051858082,4750.0,4700.0,OK,19.6807657115414,0.025615663095166497,159,0.9464285714285714,iv_filter_cp_rolling_median_v2
2026-06-08,21.47888699368711,2026-06-22,2026-07-17,14.0,39.0,0.05035224353815714,0.04528255016147562,31.0,21.0,4683.643627701975,4641.074482533321,4650.0,4600.0,OK,21.502411237094822,0.02352424340771364,161,0.930635838150289,iv_filter_cp_rolling_median_v2
2026-06-09,19.847102760187706,2026-06-22,2026-07-17,13.0,38.0,0.03652451982529177,0.0398521850405239,31.0,22.0,4744.797085477703,4707.129888727134,4700.0,4700.0,OK,19.90685687970109,0.059754119513382165,149,0.9085365853658537,iv_filter_cp_rolling_median_v2
2026-06-10,20.091173921870705,2026-06-22,2026-07-17,12.0,37.0,0.03849778717227976,0.040601097739403624,30.0,22.0,4720.009288418431,4678.591435119331,4700.0,4650.0,OK,20.124183384417258,0.033009462546552015,163,0.9157303370786517,iv_filter_cp_rolling_median_v2
2026-06-11,19.735459697473328,2026-06-22,2026-07-17,11.0,36.0,0.03674198015987485,0.039161779268629834,31.0,22.0,4696.272627775994,4657.2099288736945,4650.0,4650.0,OK,19.78147268715711,0.046012989683781313,150,0.8982035928143712,iv_filter_cp_rolling_median_v2
2026-06-12,19.210598262361607,2026-06-22,2026-07-17,10.0,35.0,0.027481096699062704,0.037577823692693815,31.0,22.0,4766.20644640946,4726.235306000953,4750.0,4700.0,OK,19.26032665295092,0.049728390589312,165,0.953757225433526,iv_filter_cp_rolling_median_v2
2026-06-15,19.259799348185613,2026-06-22,2026-07-17,7.0,32.0,0.03273278578722992,0.037176944726775275,31.0,22.0,4879.234879460046,4838.543017021408,4850.0,4800.0,OK,19.30504607205513,0.04524672386951778,154,0.875,iv_filter_cp_rolling_median_v2
2026-06-16,20.038021664915522,2026-07-17,2026-07-17,31.0,31.0,0.040152231224362386,0.040152231224362386,22.0,22.0,4832.605093017274,4832.605093017274,4800.0,4800.0,WARN_NOT_BRACKET_30D,20.09860643093261,0.06058476601708662,110,0.9734513274336283,iv_filter_cp_rolling_median_v2
2026-06-17,20.76694698438252,2026-07-17,2026-07-17,30.0,30.0,0.04312660870521544,0.04312660870521544,22.0,22.0,4883.32158658567,4883.32158658567,4850.0,4850.0,OK,20.81926677121023,0.052319786827709436,106,0.954954954954955,iv_filter_cp_rolling_median_v2
2026-06-18,21.226962674714027,2026-07-17,2026-08-21,29.0,64.0,0.045139246669203804,0.043812764773496805,22.0,22.0,4913.425857406046,4878.703518274847,4900.0,4850.0,OK,21.27292043484027,0.04595776012624242,113,0.9658119658119658,iv_filter_cp_rolling_median_v2
2026-06-22,22.594832449100036,2026-07-17,2026-08-21,25.0,60.0,0.05225333391051454,0.04805092391473004,22.0,22.0,5026.655129320263,5007.03246162203,5000.0,5000.0,OK,22.595242842609508,0.00041039350947258413,139,0.9391891891891891,iv_filter_cp_rolling_median_v2
2026-06-23,23.195247121771917,2026-07-17,2026-08-21,24.0,59.0,0.05443881949198998,0.05254979656153154,23.0,23.0,4873.237175137972,4835.676140877072,4850.0,4800.0,OK,23.19422213181664,0.0010249899552761121,158,0.9461077844311377,iv_filter_cp_rolling_median_v2
2026-06-24,22.516118466160595,2026-07-17,2026-08-21,23.0,58.0,0.05118165688862996,0.049929679792736485,23.0,23.0,4892.708002003768,4860.983578763347,4850.0,4850.0,OK,22.53878149875128,0.02266303259068536,159,0.9814814814814815,iv_filter_cp_rolling_median_v2
2026-06-25,22.008302664926187,2026-07-17,2026-08-21,22.0,57.0,0.04794368047263911,0.04907855120462078,23.0,23.0,4973.576719455244,4939.434664287791,4950.0,4900.0,OK,22.03735896386499,0.02905629893880146,159,0.9464285714285714,iv_filter_cp_rolling_median_v2
2026-06-26,23.46650981857743,2026-07-17,2026-08-21,21.0,56.0,0.05647254317918881,0.05354580386116857,23.0,23.0,4823.128608037674,4783.52530770016,4800.0,4750.0,OK,23.45253639988135,0.01397341869607871,166,0.9764705882352941,iv_filter_cp_rolling_median_v2
2026-06-29,23.544438529050314,2026-07-17,2026-08-21,18.0,53.0,0.05694630736372845,0.05444967019572402,23.0,23.0,4869.2137579131195,4832.946222971804,4850.0,4800.0,OK,23.57938302094913,0.03494449189881621,156,0.9341317365269461,iv_filter_cp_rolling_median_v2
2026-06-30,23.256120877661157,2026-07-17,2026-08-21,17.0,52.0,0.05602199111548286,0.05301290967726341,23.0,23.0,4930.6272742502115,4896.4705793590165,4900.0,4850.0,OK,23.28082834604629,0.02470746838513449,159,0.9464285714285714,iv_filter_cp_rolling_median_v2
2026-07-01,22.709080858292154,2026-07-17,2026-08-21,16.0,51.0,0.0514662729453775,0.05161915882400632,23.0,23.0,4904.889652530191,4867.267510618529,4900.0,4850.0,OK,22.69874456592064,0.010336292371512457,158,0.9404761904761905,iv_filter_cp_rolling_median_v2
2026-07-02,24.300636585914138,2026-07-17,2026-08-21,15.0,50.0,0.06348083512696025,0.05728059733650954,23.0,23.0,4785.172722641341,4750.0376161511795,4750.0,4750.0,OK,24.33044841907757,0.029811833163432055,163,0.9532163742690059,iv_filter_cp_rolling_median_v2
2026-07-03,22.427973319148318,2026-07-17,2026-08-21,14.0,49.0,0.05144381836579108,0.04991379205505688,22.0,23.0,4816.208776118776,4783.677714202223,4800.0,4750.0,OK,22.462457260843934,0.03448394169561553,158,0.9753086419753086,iv_filter_cp_rolling_median_v2
2026-07-06,22.3254673152499,2026-07-17,2026-08-21,11.0,46.0,0.05490911858696849,0.048822398932888034,20.0,20.0,4810.4010424726075,4778.761962506509,4800.0,4750.0,OK,22.362048575618648,0.03658126036874876,137,0.9716312056737588,iv_filter_cp_rolling_median_v2
2026-07-07,22.15216780470671,2026-07-17,2026-08-21,10.0,45.0,0.05829612334131798,0.047534475595366874,20.0,20.0,4758.810232254362,4730.98084372342,4750.0,4700.0,OK,22.189260936881787,0.037093132175076704,140,0.9790209790209791,iv_filter_cp_rolling_median_v2
2026-07-08,21.839221075594402,2026-07-17,2026-08-21,9.0,44.0,0.05908429568057353,0.046142093451363456,20.0,20.0,4731.425083795202,4703.317768237215,4700.0,4700.0,OK,21.87249264795112,0.03327157235671763,143,0.9794520547945206,iv_filter_cp_rolling_median_v2
2026-07-09,21.103923876345192,2026-07-17,2026-08-21,8.0,43.0,0.0532303327697864,0.043581906664579645,20.0,20.0,4841.717371586437,4813.849438128254,4800.0,4800.0,OK,21.145523421881503,0.041599545536310956,141,0.9657534246575342,iv_filter_cp_rolling_median_v2
2026-07-10,20.81785729309881,2026-07-17,2026-08-21,7.0,42.0,0.046331023524597365,0.043078082984364066,23.0,23.0,4771.016809951042,4734.265766129342,4750.0,4700.0,OK,20.8431146310778,0.02525733797898866,161,0.930635838150289,iv_filter_cp_rolling_median_v2
2026-07-13,22.942602980008637,2026-08-21,2026-08-21,39.0,39.0,0.05263630314983011,0.05263630314983011,23.0,23.0,4658.246642250707,4658.246642250707,4650.0,4650.0,WARN_NOT_BRACKET_30D,22.959827756650945,0.01722477664230837,124,0.96875,iv_filter_cp_rolling_median_v2
2026-07-14,21.197927295937212,2026-08-21,2026-08-21,38.0,38.0,0.044935212164384,0.044935212164384,23.0,23.0,4733.822766810167,4733.822766810167,4700.0,4700.0,WARN_NOT_BRACKET_30D,21.22045633907806,0.022529043140846028,127,0.9921875,iv_filter_cp_rolling_median_v2
2026-07-15,20.851721619469362,2026-08-21,2026-08-21,37.0,37.0,0.0434794294495846,0.0434794294495846,23.0,23.0,4743.027259199358,4743.027259199358,4700.0,4700.0,WARN_NOT_BRACKET_30D,20.88091494964552,0.029193330176155996,121,0.983739837398374,iv_filter_cp_rolling_median_v2
2026-07-16,22.651180581064192,2026-08-21,2026-08-21,36.0,36.0,0.05130759817159796,0.05130759817159796,23.0,23.0,4668.144262216287,4668.144262216287,4650.0,4650.0,WARN_NOT_BRACKET_30D,22.6879068461904,0.0367262651262088,123,0.968503937007874,iv_filter_cp_rolling_median_v2
2026-07-17,24.579842793919067,2026-08-21,2026-08-21,35.0,35.0,0.0604168671773775,0.0604168671773775,23.0,23.0,4501.607694525774,4501.607694525774,4500.0,4500.0,WARN_NOT_BRACKET_30D,24.613025439982327,0.033182646063259824,120,0.9375,iv_filter_cp_rolling_median_v2
2026-07-20,25.07445487849729,2026-08-21,2026-08-21,32.0,32.0,0.06287282874537964,0.06287282874537964,26.0,26.0,4569.624421587403,4569.624421587403,4550.0,4550.0,WARN_NOT_BRACKET_30D,25.10038175171701,0.025926873219720648,174,0.9830508474576272,iv_filter_cp_rolling_median_v2
2026-07-21,22.54419675173774,2026-08-21,2026-08-21,31.0,31.0,0.050824080718106235,0.050824080718106235,26.0,26.0,4686.784068964034,4686.784068964034,4650.0,4650.0,WARN_NOT_BRACKET_30D,22.56783815418729,0.02364140244954882,155,0.9451219512195121,iv_filter_cp_rolling_median_v2
2026-07-22,20.694113784185667,2026-08-21,2026-08-21,30.0,30.0,0.042824634531282324,0.042824634531282324,26.0,26.0,4678.374775419752,4678.374775419752,4650.0,4650.0,OK,20.7286942121923,0.03458042800663108,169,0.976878612716763,iv_filter_cp_rolling_median_v2
2026-07-23,19.551863033693774,2026-08-21,2026-09-18,29.0,57.0,0.03795162106388228,0.04201771835787976,26.0,28.0,4691.845093904386,4662.583037735583,4650.0,4650.0,OK,19.573422304715656,0.021559271021882154,169,0.9657142857142857,iv_filter_cp_rolling_median_v2
2026-07-24,20.967518151714824,2026-08-21,2026-09-18,28.0,56.0,0.04385351620127239,0.04467975777359745,26.0,28.0,4609.533838281004,4586.593459479857,4600.0,4550.0,OK,21.001362288815063,0.033844137100238925,154,0.9058823529411765,iv_filter_cp_rolling_median_v2
2026-07-27,20.26284514227467,2026-08-21,2026-09-18,25.0,53.0,0.041084165645454106,0.04100214259504697,26.0,28.0,4677.643630174061,4652.470644253244,4650.0,4650.0,OK,20.30229198323373,0.039446840959058704,162,0.9529411764705882,iv_filter_cp_rolling_median_v2
2026-07-28,22.6101014190961,2026-08-21,2026-09-18,24.0,52.0,0.052486632629887904,0.04881172952144666,26.0,28.0,4547.992046787105,4519.5715047242875,4500.0,4500.0,OK,22.637950566722125,0.027849147626024973,170,0.96045197740113,iv_filter_cp_rolling_median_v2
2026-07-29,23.179901895343956,2026-08-21,2026-09-18,23.0,51.0,0.05480980286617039,0.052270937740538946,26.0,28.0,4575.49299642928,4549.7599340212455,4550.0,4500.0,OK,23.21041515171394,0.030513256369982145,168,0.9710982658959537,iv_filter_cp_rolling_median_v2
2026-07-30,24.51206470846237,2026-08-21,2026-09-18,22.0,50.0,0.06351160830516964,0.05631390728140111,26.0,28.0,4527.780656289762,4504.60897769916,4500.0,4500.0,OK,24.56158166321832,0.0495169547559513,173,0.9774011299435028,iv_filter_cp_rolling_median_v2
2026-07-31,22.9108819505031,2026-08-21,2026-09-18,21.0,49.0,0.0550798920629523,0.050148385609688644,26.0,28.0,4565.946777933401,4542.839181482583,4550.0,4500.0,OK,22.94908440933568,0.03820245883257911,164,0.9371428571428572,iv_filter_cp_rolling_median_v2
2026-08-03,23.478553909434392,2026-08-21,2026-09-18,18.0,46.0,0.06188841620127869,0.05159511884601805,26.0,28.0,4531.069541211767,4513.223688166487,4500.0,4500.0,OK,23.51258793743398,0.034034027999588545,177,0.9619565217391305,iv_filter_cp_rolling_median_v2
2026-08-04,21.201162599600103,2026-08-21,2026-09-18,17.0,45.0,0.0470561949698137,0.044030377967471473,26.0,28.0,4581.587967729241,4559.947599245518,4550.0,4550.0,OK,21.23528757177934,0.03412497217923871,178,0.967391304347826,iv_filter_cp_rolling_median_v2
2026-08-05,20.691099647267194,2026-08-21,2026-09-18,16.0,44.0,0.04382954829060945,0.04244220125066119,26.0,28.0,4643.317998014548,4618.176964879592,4600.0,4600.0,OK,20.7037989560677,0.012699308800506515,173,0.9402173913043478,iv_filter_cp_rolling_median_v2
2026-08-06,20.452637068502078,2026-08-21,2026-09-18,15.0,43.0,0.042763994101580306,0.041548979297495396,26.0,28.0,4636.192105513332,4613.717193320717,4600.0,4600.0,OK,20.486272525905765,0.033635457403686786,171,0.9293478260869565,iv_filter_cp_rolling_median_v2
2026-08-07,19.44341703248334,2026-08-21,2026-09-18,14.0,42.0,0.036595763110260325,0.03810686745981782,26.0,28.0,4674.413061973869,4647.200335701752,4650.0,4600.0,OK,19.46304514749247,0.019628115009130198,171,0.9293478260869565,iv_filter_cp_rolling_median_v2
2026-08-10,19.446872571399325,2026-08-21,2026-09-18,11.0,39.0,0.04052467145790846,0.037456476601294884,26.0,28.0,4679.004923575021,4650.080296109076,4650.0,4650.0,OK,19.465690185902517,0.01881761450319175,173,0.9402173913043478,iv_filter_cp_rolling_median_v2
