date,open,close,high,low,volume,symbol,source,fetch_time
2025-10-17,4610.697,4514.235,4618.562,4509.329,25690561700.0,sh000300,PARSE_SINA_INDEX,2026-08-11T12:02:12
2025-10-20,4558.242,4538.22,4570.438,4520.502,21842040500.0,sh000300,PARSE_SINA_INDEX,2026-08-11T12:02:12
2025-10-21,4556.122,4607.872,4615.463,4547.928,21571117500.0,sh000300,PARSE_SINA_INDEX,2026-08-11T12:02:12
2025-10-22,4576.028,4592.57,4603.488,4567.236,18533396000.0,sh000300,PARSE_SINA_INDEX,2026-08-11T12:02:12
2025-10-23,4578.702,4606.345,4611.341,4541.694,20046391700.0,sh000300,PARSE_SINA_INDEX,2026-08-11T12:02:12
2025-10-24,4622.787,4660.684,4660.684,4622.787,20881448300.0,sh000300,PARSE_SINA_INDEX,2026-08-11T12:02:12
2025-10-27,4699.382,4716.019,4720.429,4687.688,26220067400.0,sh000300,PARSE_SINA_INDEX,2026-08-11T12:02:12
2025-10-28,4697.728,4691.973,4734.322,4679.229,22090664500.0,sh000300,PARSE_SINA_INDEX,2026-08-11T12:02:12
2025-10-29,4701.036,4747.838,4747.838,4697.268,24621132400.0,sh000300,PARSE_SINA_INDEX,2026-08-11T12:02:12
2025-10-30,4735.981,4709.911,4761.834,4706.452,27328911800.0,sh000300,PARSE_SINA_INDEX,2026-08-11T12:02:12
2025-10-31,4702.495,4640.668,4706.14,4640.668,28146474000.0,sh000300,PARSE_SINA_INDEX,2026-08-11T12:02:12
2025-11-03,4636.732,4653.403,4653.403,4595.734,23986980900.0,sh000300,PARSE_SINA_INDEX,2026-08-11T12:02:12
2025-11-04,4649.348,4618.699,4665.323,4595.066,23322403200.0,sh000300,PARSE_SINA_INDEX,2026-08-11T12:02:12
2025-11-05,4562.112,4627.257,4642.61,4558.765,20304587100.0,sh000300,PARSE_SINA_INDEX,2026-08-11T12:02:12
2025-11-06,4642.011,4693.403,4698.094,4642.011,22424100800.0,sh000300,PARSE_SINA_INDEX,2026-08-11T12:02:12
2025-11-07,4673.762,4678.794,4701.374,4666.041,21249737700.0,sh000300,PARSE_SINA_INDEX,2026-08-11T12:02:12
2025-11-10,4688.124,4695.051,4695.179,4654.21,23602676400.0,sh000300,PARSE_SINA_INDEX,2026-08-11T12:02:12
2025-11-11,4706.337,4652.166,4707.128,4648.49,18663885800.0,sh000300,PARSE_SINA_INDEX,2026-08-11T12:02:12
2025-11-12,4643.559,4645.908,4669.607,4620.99,20946059200.0,sh000300,PARSE_SINA_INDEX,2026-08-11T12:02:12
2025-11-13,4643.786,4702.074,4703.49,4643.786,20736747400.0,sh000300,PARSE_SINA_INDEX,2026-08-11T12:02:12
2025-11-14,4663.318,4628.14,4684.258,4628.024,19209267600.0,sh000300,PARSE_SINA_INDEX,2026-08-11T12:02:12
2025-11-17,4616.806,4598.053,4624.898,4580.261,18895546600.0,sh000300,PARSE_SINA_INDEX,2026-08-11T12:02:12
2025-11-18,4584.79,4568.193,4606.617,4552.804,17771318500.0,sh000300,PARSE_SINA_INDEX,2026-08-11T12:02:12
2025-11-19,4568.037,4588.292,4607.863,4568.037,17292497400.0,sh000300,PARSE_SINA_INDEX,2026-08-11T12:02:12
2025-11-20,4619.54,4564.948,4620.653,4560.181,19456259300.0,sh000300,PARSE_SINA_INDEX,2026-08-11T12:02:12
2025-11-21,4513.386,4453.608,4527.044,4453.182,22285101300.0,sh000300,PARSE_SINA_INDEX,2026-08-11T12:02:12
2025-11-24,4473.156,4448.048,4478.808,4421.812,18583372900.0,sh000300,PARSE_SINA_INDEX,2026-08-11T12:02:12
2025-11-25,4475.836,4490.405,4510.773,4467.353,16957192900.0,sh000300,PARSE_SINA_INDEX,2026-08-11T12:02:12
2025-11-26,4490.202,4517.626,4538.136,4485.698,15620036800.0,sh000300,PARSE_SINA_INDEX,2026-08-11T12:02:12
2025-11-27,4520.014,4515.403,4559.218,4509.864,15031177200.0,sh000300,PARSE_SINA_INDEX,2026-08-11T12:02:12
2025-11-28,4511.497,4526.662,4531.722,4492.426,14290209600.0,sh000300,PARSE_SINA_INDEX,2026-08-11T12:02:12
2025-12-01,4539.188,4576.486,4576.965,4531.292,20038231700.0,sh000300,PARSE_SINA_INDEX,2026-08-11T12:02:12
2025-12-02,4571.91,4554.335,4575.495,4539.431,14849313200.0,sh000300,PARSE_SINA_INDEX,2026-08-11T12:02:12
2025-12-03,4554.589,4531.049,4569.821,4523.502,16976279000.0,sh000300,PARSE_SINA_INDEX,2026-08-11T12:02:12
2025-12-04,4533.6,4546.566,4557.423,4514.188,14719811000.0,sh000300,PARSE_SINA_INDEX,2026-08-11T12:02:12
2025-12-05,4547.906,4584.537,4593.828,4535.02,19679996800.0,sh000300,PARSE_SINA_INDEX,2026-08-11T12:02:12
2025-12-08,4593.14,4621.755,4640.626,4592.741,19962099000.0,sh000300,PARSE_SINA_INDEX,2026-08-11T12:02:12
2025-12-09,4611.379,4598.223,4628.705,4584.254,18416034400.0,sh000300,PARSE_SINA_INDEX,2026-08-11T12:02:12
2025-12-10,4586.254,4591.827,4598.537,4549.08,16911110600.0,sh000300,PARSE_SINA_INDEX,2026-08-11T12:02:12
2025-12-11,4597.19,4552.185,4610.279,4547.137,16841940500.0,sh000300,PARSE_SINA_INDEX,2026-08-11T12:02:12
2025-12-12,4558.738,4580.95,4583.675,4530.784,21282652000.0,sh000300,PARSE_SINA_INDEX,2026-08-11T12:02:12
2025-12-15,4550.003,4552.06,4595.046,4548.438,16758996700.0,sh000300,PARSE_SINA_INDEX,2026-08-11T12:02:12
2025-12-16,4542.423,4497.555,4553.081,4484.27,16516520100.0,sh000300,PARSE_SINA_INDEX,2026-08-11T12:02:12
2025-12-17,4499.773,4579.875,4594.656,4498.93,17842483000.0,sh000300,PARSE_SINA_INDEX,2026-08-11T12:02:12
2025-12-18,4553.979,4552.793,4571.968,4544.142,15168132800.0,sh000300,PARSE_SINA_INDEX,2026-08-11T12:02:12
2025-12-19,4561.373,4568.178,4591.093,4546.847,15487622000.0,sh000300,PARSE_SINA_INDEX,2026-08-11T12:02:12
2025-12-22,4587.668,4611.624,4615.872,4587.668,16525285600.0,sh000300,PARSE_SINA_INDEX,2026-08-11T12:02:12
2025-12-23,4616.026,4620.734,4644.535,4607.799,16925641200.0,sh000300,PARSE_SINA_INDEX,2026-08-11T12:02:12
2025-12-24,4623.683,4634.059,4639.428,4602.144,15371124100.0,sh000300,PARSE_SINA_INDEX,2026-08-11T12:02:12
2025-12-25,4629.32,4642.536,4651.154,4621.921,13943418600.0,sh000300,PARSE_SINA_INDEX,2026-08-11T12:02:12
2025-12-26,4639.79,4657.24,4676.131,4635.105,17539656500.0,sh000300,PARSE_SINA_INDEX,2026-08-11T12:02:12
2025-12-29,4658.265,4639.372,4672.035,4629.057,20039713300.0,sh000300,PARSE_SINA_INDEX,2026-08-11T12:02:12
2025-12-30,4617.316,4651.282,4664.331,4616.632,18037497400.0,sh000300,PARSE_SINA_INDEX,2026-08-11T12:02:12
2025-12-31,4656.48,4629.94,4667.047,4622.099,17076022400.0,sh000300,PARSE_SINA_INDEX,2026-08-11T12:02:12
2026-01-05,4661.616,4717.746,4721.638,4661.616,23414483900.0,sh000300,PARSE_SINA_INDEX,2026-08-11T12:02:12
2026-01-06,4719.209,4790.694,4790.694,4718.01,29697068600.0,sh000300,PARSE_SINA_INDEX,2026-08-11T12:02:12
2026-01-07,4796.934,4776.666,4802.603,4751.071,25909556400.0,sh000300,PARSE_SINA_INDEX,2026-08-11T12:02:12
2026-01-08,4761.011,4737.654,4765.486,4717.009,23880495700.0,sh000300,PARSE_SINA_INDEX,2026-08-11T12:02:12
2026-01-09,4725.957,4758.922,4771.428,4719.134,25468803800.0,sh000300,PARSE_SINA_INDEX,2026-08-11T12:02:12
2026-01-12,4769.65,4789.916,4795.933,4737.57,29483316500.0,sh000300,PARSE_SINA_INDEX,2026-08-11T12:02:12
2026-01-13,4798.049,4761.032,4836.955,4745.515,30144949700.0,sh000300,PARSE_SINA_INDEX,2026-08-11T12:02:12
2026-01-14,4767.696,4741.931,4818.101,4720.246,36495102300.0,sh000300,PARSE_SINA_INDEX,2026-08-11T12:02:12
2026-01-15,4721.797,4751.429,4769.548,4720.937,25400363600.0,sh000300,PARSE_SINA_INDEX,2026-08-11T12:02:12
2026-01-16,4778.43,4731.873,4792.551,4715.365,32527892900.0,sh000300,PARSE_SINA_INDEX,2026-08-11T12:02:12
2026-01-19,4720.195,4734.456,4761.632,4715.087,26761249200.0,sh000300,PARSE_SINA_INDEX,2026-08-11T12:02:12
2026-01-20,4736.91,4718.878,4748.23,4684.968,28271957900.0,sh000300,PARSE_SINA_INDEX,2026-08-11T12:02:12
2026-01-21,4714.554,4723.069,4758.279,4714.237,26635333200.0,sh000300,PARSE_SINA_INDEX,2026-08-11T12:02:12
2026-01-22,4741.755,4723.709,4757.764,4700.448,27419993200.0,sh000300,PARSE_SINA_INDEX,2026-08-11T12:02:12
2026-01-23,4729.585,4702.497,4734.794,4684.617,31463544500.0,sh000300,PARSE_SINA_INDEX,2026-08-11T12:02:12
2026-01-26,4715.375,4706.964,4754.178,4693.158,36300448100.0,sh000300,PARSE_SINA_INDEX,2026-08-11T12:02:12
2026-01-27,4705.174,4705.692,4736.986,4675.641,30147569700.0,sh000300,PARSE_SINA_INDEX,2026-08-11T12:02:12
2026-01-28,4725.601,4717.991,4739.626,4697.906,38225560200.0,sh000300,PARSE_SINA_INDEX,2026-08-11T12:02:12
2026-01-29,4733.088,4753.87,4770.96,4696.054,41551305500.0,sh000300,PARSE_SINA_INDEX,2026-08-11T12:02:12
2026-01-30,4723.081,4706.34,4738.871,4645.471,31978653100.0,sh000300,PARSE_SINA_INDEX,2026-08-11T12:02:12
2026-02-02,4674.276,4605.98,4716.607,4601.76,30477350000.0,sh000300,PARSE_SINA_INDEX,2026-08-11T12:02:12
2026-02-03,4648.357,4660.107,4662.126,4578.209,26554940500.0,sh000300,PARSE_SINA_INDEX,2026-08-11T12:02:12
2026-02-04,4647.967,4698.683,4701.477,4641.842,26488103200.0,sh000300,PARSE_SINA_INDEX,2026-08-11T12:02:12
2026-02-05,4664.748,4670.419,4687.021,4639.43,23785635100.0,sh000300,PARSE_SINA_INDEX,2026-08-11T12:02:12
2026-02-06,4622.975,4643.596,4678.262,4606.638,20271647700.0,sh000300,PARSE_SINA_INDEX,2026-08-11T12:02:12
2026-02-09,4693.672,4719.056,4719.964,4679.904,20725193800.0,sh000300,PARSE_SINA_INDEX,2026-08-11T12:02:12
2026-02-10,4718.255,4724.296,4732.087,4713.868,18700095800.0,sh000300,PARSE_SINA_INDEX,2026-08-11T12:02:12
2026-02-11,4715.67,4713.819,4723.704,4703.687,17339168100.0,sh000300,PARSE_SINA_INDEX,2026-08-11T12:02:12
2026-02-12,4720.009,4719.578,4726.043,4707.736,19784143900.0,sh000300,PARSE_SINA_INDEX,2026-08-11T12:02:12
2026-02-13,4693.411,4660.406,4703.633,4658.404,18916775600.0,sh000300,PARSE_SINA_INDEX,2026-08-11T12:02:12
2026-02-24,4727.296,4707.544,4727.373,4698.349,21848889000.0,sh000300,PARSE_SINA_INDEX,2026-08-11T12:02:12
2026-02-25,4713.575,4735.886,4766.559,4713.344,28426835400.0,sh000300,PARSE_SINA_INDEX,2026-08-11T12:02:12
2026-02-26,4741.39,4726.874,4742.148,4706.694,23484764400.0,sh000300,PARSE_SINA_INDEX,2026-08-11T12:02:12
2026-02-27,4698.3,4710.647,4721.014,4692.891,26142086500.0,sh000300,PARSE_SINA_INDEX,2026-08-11T12:02:12
2026-03-02,4681.014,4728.669,4735.406,4667.275,34926075200.0,sh000300,PARSE_SINA_INDEX,2026-08-11T12:02:12
2026-03-03,4737.316,4655.896,4744.599,4651.405,37062427200.0,sh000300,PARSE_SINA_INDEX,2026-08-11T12:02:12
2026-03-04,4609.192,4602.625,4639.42,4575.825,30303566600.0,sh000300,PARSE_SINA_INDEX,2026-08-11T12:02:12
2026-03-05,4651.942,4647.692,4671.527,4630.302,25931782500.0,sh000300,PARSE_SINA_INDEX,2026-08-11T12:02:12
2026-03-06,4621.494,4660.439,4671.713,4612.794,23852792600.0,sh000300,PARSE_SINA_INDEX,2026-08-11T12:02:12
2026-03-09,4600.254,4615.455,4625.981,4548.969,32278761700.0,sh000300,PARSE_SINA_INDEX,2026-08-11T12:02:12
2026-03-10,4648.785,4674.756,4677.596,4648.785,26390374800.0,sh000300,PARSE_SINA_INDEX,2026-08-11T12:02:12
2026-03-11,4681.032,4704.496,4711.867,4674.709,27017544300.0,sh000300,PARSE_SINA_INDEX,2026-08-11T12:02:12
2026-03-12,4700.721,4687.56,4704.379,4654.315,30298681600.0,sh000300,PARSE_SINA_INDEX,2026-08-11T12:02:12
2026-03-13,4669.062,4669.14,4707.419,4659.498,31077200900.0,sh000300,PARSE_SINA_INDEX,2026-08-11T12:02:12
2026-03-16,4669.224,4671.559,4673.693,4621.812,29621507000.0,sh000300,PARSE_SINA_INDEX,2026-08-11T12:02:12
2026-03-17,4685.57,4637.439,4720.861,4637.368,26302191300.0,sh000300,PARSE_SINA_INDEX,2026-08-11T12:02:12
2026-03-18,4648.752,4658.332,4662.294,4604.516,23469070500.0,sh000300,PARSE_SINA_INDEX,2026-08-11T12:02:12
2026-03-19,4611.44,4583.251,4634.547,4570.392,25413044900.0,sh000300,PARSE_SINA_INDEX,2026-08-11T12:02:12
2026-03-20,4602.821,4567.018,4628.712,4563.069,25787370300.0,sh000300,PARSE_SINA_INDEX,2026-08-11T12:02:12
2026-03-23,4499.1,4417.997,4514.718,4397.566,32808194500.0,sh000300,PARSE_SINA_INDEX,2026-08-11T12:02:12
2026-03-24,4458.907,4474.722,4474.825,4394.294,25553251700.0,sh000300,PARSE_SINA_INDEX,2026-08-11T12:02:12
2026-03-25,4506.625,4537.466,4542.181,4502.027,26263927900.0,sh000300,PARSE_SINA_INDEX,2026-08-11T12:02:12
2026-03-26,4525.329,4477.534,4541.05,4468.957,21373678800.0,sh000300,PARSE_SINA_INDEX,2026-08-11T12:02:12
2026-03-27,4431.503,4502.57,4519.89,4431.421,19240038800.0,sh000300,PARSE_SINA_INDEX,2026-08-11T12:02:12
2026-03-30,4461.737,4491.95,4496.411,4447.137,20929309200.0,sh000300,PARSE_SINA_INDEX,2026-08-11T12:02:12
2026-03-31,4491.921,4450.049,4523.175,4450.049,22454158500.0,sh000300,PARSE_SINA_INDEX,2026-08-11T12:02:12
2026-04-01,4517.272,4526.067,4532.109,4492.054,21648319600.0,sh000300,PARSE_SINA_INDEX,2026-08-11T12:02:12
2026-04-02,4514.442,4478.914,4519.693,4459.61,19099216100.0,sh000300,PARSE_SINA_INDEX,2026-08-11T12:02:12
2026-04-03,4492.846,4440.789,4494.457,4437.595,16832170500.0,sh000300,PARSE_SINA_INDEX,2026-08-11T12:02:12
2026-04-07,4445.861,4440.616,4458.926,4420.694,16263878700.0,sh000300,PARSE_SINA_INDEX,2026-08-11T12:02:12
2026-04-08,4517.34,4595.556,4595.556,4513.771,25333921300.0,sh000300,PARSE_SINA_INDEX,2026-08-11T12:02:12
2026-04-09,4562.67,4566.224,4579.197,4552.424,18493978300.0,sh000300,PARSE_SINA_INDEX,2026-08-11T12:02:12
2026-04-10,4594.947,4636.566,4655.099,4590.109,20867860500.0,sh000300,PARSE_SINA_INDEX,2026-08-11T12:02:12
2026-04-13,4615.133,4646.155,4653.398,4615.133,19671227700.0,sh000300,PARSE_SINA_INDEX,2026-08-11T12:02:12
2026-04-14,4676.124,4701.284,4701.284,4654.853,20470033200.0,sh000300,PARSE_SINA_INDEX,2026-08-11T12:02:12
2026-04-15,4726.638,4685.246,4731.273,4672.556,20168850000.0,sh000300,PARSE_SINA_INDEX,2026-08-11T12:02:12
2026-04-16,4694.431,4736.608,4739.221,4689.414,19205760000.0,sh000300,PARSE_SINA_INDEX,2026-08-11T12:02:12
2026-04-17,4728.995,4728.672,4738.324,4714.467,18291533600.0,sh000300,PARSE_SINA_INDEX,2026-08-11T12:02:12
2026-04-20,4727.166,4757.442,4763.043,4720.685,22163349400.0,sh000300,PARSE_SINA_INDEX,2026-08-11T12:02:12
2026-04-21,4750.515,4767.997,4776.826,4722.007,20561405800.0,sh000300,PARSE_SINA_INDEX,2026-08-11T12:02:12
2026-04-22,4751.279,4799.627,4801.447,4750.35,20448183000.0,sh000300,PARSE_SINA_INDEX,2026-08-11T12:02:12
2026-04-23,4816.027,4786.327,4823.47,4759.86,23286573600.0,sh000300,PARSE_SINA_INDEX,2026-08-11T12:02:12
2026-04-24,4771.735,4769.369,4786.444,4735.606,19379831400.0,sh000300,PARSE_SINA_INDEX,2026-08-11T12:02:12
2026-04-27,4776.335,4770.947,4795.168,4762.644,19279655000.0,sh000300,PARSE_SINA_INDEX,2026-08-11T12:02:12
2026-04-28,4757.077,4758.208,4778.189,4743.436,21672423300.0,sh000300,PARSE_SINA_INDEX,2026-08-11T12:02:12
2026-04-29,4737.576,4810.347,4813.61,4737.114,23329811000.0,sh000300,PARSE_SINA_INDEX,2026-08-11T12:02:12
2026-04-30,4820.972,4807.307,4829.272,4797.545,25063337000.0,sh000300,PARSE_SINA_INDEX,2026-08-11T12:02:12
2026-05-06,4857.654,4877.093,4892.796,4834.281,27444388000.0,sh000300,PARSE_SINA_INDEX,2026-08-11T12:02:12
2026-05-07,4895.8,4900.51,4901.858,4866.875,25783397200.0,sh000300,PARSE_SINA_INDEX,2026-08-11T12:02:12
2026-05-08,4871.119,4871.912,4887.213,4849.987,25172099600.0,sh000300,PARSE_SINA_INDEX,2026-08-11T12:02:12
2026-05-11,4902.278,4951.837,4960.398,4889.566,30573480100.0,sh000300,PARSE_SINA_INDEX,2026-08-11T12:02:12
2026-05-12,4965.018,4948.047,4971.303,4926.79,27381200100.0,sh000300,PARSE_SINA_INDEX,2026-08-11T12:02:12
2026-05-13,4919.425,4998.342,5001.12,4919.425,26845453700.0,sh000300,PARSE_SINA_INDEX,2026-08-11T12:02:12
2026-05-14,5027.641,4914.597,5030.519,4913.604,28069537900.0,sh000300,PARSE_SINA_INDEX,2026-08-11T12:02:12
2026-05-15,4911.622,4859.593,4935.617,4832.69,27696776900.0,sh000300,PARSE_SINA_INDEX,2026-08-11T12:02:12
2026-05-18,4836.329,4833.524,4868.601,4806.146,23907758700.0,sh000300,PARSE_SINA_INDEX,2026-08-11T12:02:12
2026-05-19,4818.705,4852.883,4854.525,4773.534,23228085200.0,sh000300,PARSE_SINA_INDEX,2026-08-11T12:02:12
2026-05-20,4829.613,4850.7,4866.212,4825.643,22002320600.0,sh000300,PARSE_SINA_INDEX,2026-08-11T12:02:12
2026-05-21,4886.239,4783.098,4937.933,4780.711,28734250700.0,sh000300,PARSE_SINA_INDEX,2026-08-11T12:02:12
2026-05-22,4818.844,4845.096,4851.349,4785.349,28694043500.0,sh000300,PARSE_SINA_INDEX,2026-08-11T12:02:12
2026-05-25,4873.196,4921.597,4922.438,4857.135,26474323600.0,sh000300,PARSE_SINA_INDEX,2026-08-11T12:02:12
2026-05-26,4900.115,4947.849,4952.741,4892.683,30279947600.0,sh000300,PARSE_SINA_INDEX,2026-08-11T12:02:12
2026-05-27,4940.945,4908.171,4974.211,4891.343,30170917500.0,sh000300,PARSE_SINA_INDEX,2026-08-11T12:02:12
2026-05-28,4889.266,4914.213,4922.33,4843.227,26743273100.0,sh000300,PARSE_SINA_INDEX,2026-08-11T12:02:12
2026-05-29,4937.512,4892.121,4954.07,4878.787,33251861000.0,sh000300,PARSE_SINA_INDEX,2026-08-11T12:02:12
2026-06-01,4897.897,4844.256,4918.794,4836.685,29613405100.0,sh000300,PARSE_SINA_INDEX,2026-08-11T12:02:12
2026-06-02,4860.612,4914.559,4930.278,4831.997,28173166200.0,sh000300,PARSE_SINA_INDEX,2026-08-11T12:02:12
2026-06-03,4921.345,4938.809,4991.853,4904.897,30403594700.0,sh000300,PARSE_SINA_INDEX,2026-08-11T12:02:12
2026-06-04,4897.316,4904.745,4938.781,4889.746,26480891000.0,sh000300,PARSE_SINA_INDEX,2026-08-11T12:02:12
2026-06-05,4886.965,4816.92,4924.344,4798.91,30192933600.0,sh000300,PARSE_SINA_INDEX,2026-08-11T12:02:12
2026-06-08,4703.773,4713.636,4779.862,4677.568,29964756500.0,sh000300,PARSE_SINA_INDEX,2026-08-11T12:02:12
2026-06-09,4743.451,4801.811,4802.505,4715.391,25839160100.0,sh000300,PARSE_SINA_INDEX,2026-08-11T12:02:12
2026-06-10,4753.115,4748.593,4786.516,4718.995,25929710900.0,sh000300,PARSE_SINA_INDEX,2026-08-11T12:02:12
2026-06-11,4730.072,4722.412,4766.173,4685.501,24717705900.0,sh000300,PARSE_SINA_INDEX,2026-08-11T12:02:12
2026-06-12,4784.64,4777.321,4809.861,4757.557,33592206300.0,sh000300,PARSE_SINA_INDEX,2026-08-11T12:02:12
2026-06-15,4829.289,4891.713,4892.55,4803.184,33131607600.0,sh000300,PARSE_SINA_INDEX,2026-08-11T12:02:12
2026-06-16,4894.879,4884.232,4908.282,4866.061,28258474300.0,sh000300,PARSE_SINA_INDEX,2026-08-11T12:02:12
2026-06-17,4859.701,4931.386,4933.929,4859.701,27605395000.0,sh000300,PARSE_SINA_INDEX,2026-08-11T12:02:12
2026-06-18,4916.044,4941.599,4976.891,4916.044,33445990200.0,sh000300,PARSE_SINA_INDEX,2026-08-11T12:02:12
2026-06-22,4949.346,5059.658,5061.511,4928.458,37510012400.0,sh000300,PARSE_SINA_INDEX,2026-08-11T12:02:12
2026-06-23,5048.026,4919.386,5064.265,4892.094,34271933600.0,sh000300,PARSE_SINA_INDEX,2026-08-11T12:02:12
2026-06-24,4900.384,4943.02,4953.232,4892.268,31224902500.0,sh000300,PARSE_SINA_INDEX,2026-08-11T12:02:12
2026-06-25,4950.975,5020.104,5031.999,4944.876,34666428900.0,sh000300,PARSE_SINA_INDEX,2026-08-11T12:02:12
2026-06-26,4981.825,4868.221,4981.983,4845.192,34117923800.0,sh000300,PARSE_SINA_INDEX,2026-08-11T12:02:12
2026-06-29,4866.043,4926.921,4928.599,4827.149,32321613400.0,sh000300,PARSE_SINA_INDEX,2026-08-11T12:02:12
2026-06-30,4914.493,4979.433,4987.56,4914.493,30615022600.0,sh000300,PARSE_SINA_INDEX,2026-08-11T12:02:12
2026-07-01,4972.692,4958.977,5017.375,4925.631,34293474700.0,sh000300,PARSE_SINA_INDEX,2026-08-11T12:02:12
2026-07-02,4865.171,4812.296,4896.993,4800.484,34324375800.0,sh000300,PARSE_SINA_INDEX,2026-08-11T12:02:12
2026-07-03,4809.499,4842.174,4890.965,4809.499,30106756800.0,sh000300,PARSE_SINA_INDEX,2026-08-11T12:02:12
2026-07-06,4868.542,4841.998,4878.323,4789.796,29405054300.0,sh000300,PARSE_SINA_INDEX,2026-08-11T12:02:12
2026-07-07,4813.871,4792.262,4839.51,4756.725,24630599900.0,sh000300,PARSE_SINA_INDEX,2026-08-11T12:02:12
2026-07-08,4804.484,4755.534,4830.046,4751.405,24392874900.0,sh000300,PARSE_SINA_INDEX,2026-08-11T12:02:12
2026-07-09,4774.402,4876.313,4882.848,4734.867,28162770500.0,sh000300,PARSE_SINA_INDEX,2026-08-11T12:02:12
2026-07-10,4887.536,4780.787,4906.49,4780.747,30413028600.0,sh000300,PARSE_SINA_INDEX,2026-08-11T12:02:12
2026-07-13,4745.438,4695.383,4775.236,4670.25,27863485300.0,sh000300,PARSE_SINA_INDEX,2026-08-11T12:02:12
2026-07-14,4691.122,4796.502,4796.502,4649.044,28325098600.0,sh000300,PARSE_SINA_INDEX,2026-08-11T12:02:12
2026-07-15,4797.943,4786.783,4826.864,4772.042,27869266900.0,sh000300,PARSE_SINA_INDEX,2026-08-11T12:02:12
2026-07-16,4711.532,4698.434,4771.057,4673.35,25156097700.0,sh000300,PARSE_SINA_INDEX,2026-08-11T12:02:12
2026-07-17,4661.622,4529.095,4663.531,4492.085,30262988600.0,sh000300,PARSE_SINA_INDEX,2026-08-11T12:02:12
2026-07-20,4575.671,4598.321,4628.799,4521.181,33311605800.0,sh000300,PARSE_SINA_INDEX,2026-08-11T12:02:12
2026-07-21,4630.853,4739.229,4739.233,4566.281,34540359000.0,sh000300,PARSE_SINA_INDEX,2026-08-11T12:02:12
2026-07-22,4710.66,4717.244,4772.082,4692.833,28555635700.0,sh000300,PARSE_SINA_INDEX,2026-08-11T12:02:12
2026-07-23,4735.171,4728.002,4737.509,4698.872,24733167500.0,sh000300,PARSE_SINA_INDEX,2026-08-11T12:02:12
2026-07-24,4685.408,4649.192,4704.084,4642.939,22126121200.0,sh000300,PARSE_SINA_INDEX,2026-08-11T12:02:12
2026-07-27,4656.027,4702.427,4702.525,4615.531,20478694100.0,sh000300,PARSE_SINA_INDEX,2026-08-11T12:02:12
2026-07-28,4623.799,4569.524,4646.487,4552.229,21570504500.0,sh000300,PARSE_SINA_INDEX,2026-08-11T12:02:12
2026-07-29,4582.095,4600.262,4626.706,4516.316,24808235700.0,sh000300,PARSE_SINA_INDEX,2026-08-11T12:02:12
2026-07-30,4566.047,4549.72,4596.206,4478.209,27465113000.0,sh000300,PARSE_SINA_INDEX,2026-08-11T12:02:12
2026-07-31,4623.854,4588.197,4635.589,4588.197,27924369800.0,sh000300,PARSE_SINA_INDEX,2026-08-11T12:02:12
2026-08-03,4561.817,4543.178,4572.588,4529.186,23204258400.0,sh000300,PARSE_SINA_INDEX,2026-08-11T12:02:12
2026-08-04,4566.943,4600.93,4613.694,4555.247,24207361100.0,sh000300,PARSE_SINA_INDEX,2026-08-11T12:02:12
2026-08-05,4550.189,4658.155,4679.859,4550.189,27692191900.0,sh000300,PARSE_SINA_INDEX,2026-08-11T12:02:12
2026-08-06,4621.803,4651.31,4675.646,4611.066,24751073000.0,sh000300,PARSE_SINA_INDEX,2026-08-11T12:02:12
2026-08-07,4656.098,4694.437,4706.729,4649.576,23907202000.0,sh000300,PARSE_SINA_INDEX,2026-08-11T12:02:12
2026-08-10,4698.816,4702.025,4714.465,4659.47,21307599600.0,sh000300,PARSE_SINA_INDEX,2026-08-11T12:02:12
2026-08-11,4689.449,4663.789,4715.881,4660.474,20969909800.0,sh000300,PARSE_SINA_INDEX,2026-08-11T12:02:12
2025-10-17,3912.04,3839.755,3921.065,3835.365,61756301800.0,sh000001,PARSE_SINA_INDEX,2026-08-11T12:02:20
2025-10-20,3865.552,3863.893,3877.722,3850.367,54926171200.0,sh000001,PARSE_SINA_INDEX,2026-08-11T12:02:20
2025-10-21,3870.749,3916.332,3919.318,3868.145,59941571300.0,sh000001,PARSE_SINA_INDEX,2026-08-11T12:02:20
2025-10-22,3896.074,3913.758,3918.592,3893.325,54311734400.0,sh000001,PARSE_SINA_INDEX,2026-08-11T12:02:20
2025-10-23,3904.159,3922.41,3926.217,3877.529,56518926400.0,sh000001,PARSE_SINA_INDEX,2026-08-11T12:02:20
2025-10-24,3929.115,3950.312,3950.312,3928.96,56785844300.0,sh000001,PARSE_SINA_INDEX,2026-08-11T12:02:20
2025-10-27,3969.22,3996.945,3999.067,3963.102,63758954500.0,sh000001,PARSE_SINA_INDEX,2026-08-11T12:02:20
2025-10-28,3986.891,3988.224,4010.728,3976.833,57735768400.0,sh000001,PARSE_SINA_INDEX,2026-08-11T12:02:20
2025-10-29,3990.266,4016.331,4016.331,3986.941,61291746600.0,sh000001,PARSE_SINA_INDEX,2026-08-11T12:02:20
2025-10-30,4007.821,3986.901,4025.705,3984.828,66848560900.0,sh000001,PARSE_SINA_INDEX,2026-08-11T12:02:20
2025-10-31,3985.064,3954.79,3986.743,3951.731,67561540600.0,sh000001,PARSE_SINA_INDEX,2026-08-11T12:02:20
2025-11-03,3954.078,3976.521,3977.305,3937.022,64124594500.0,sh000001,PARSE_SINA_INDEX,2026-08-11T12:02:20
2025-11-04,3973.458,3960.186,3985.882,3938.52,61549379200.0,sh000001,PARSE_SINA_INDEX,2026-08-11T12:02:20
2025-11-05,3922.584,3969.248,3979.754,3922.584,61499161800.0,sh000001,PARSE_SINA_INDEX,2026-08-11T12:02:20
2025-11-06,3973.349,4007.76,4008.799,3973.349,62736754700.0,sh000001,PARSE_SINA_INDEX,2026-08-11T12:02:20
2025-11-07,3994.317,3997.556,4012.005,3993.691,59650703400.0,sh000001,PARSE_SINA_INDEX,2026-08-11T12:02:20
2025-11-10,4001.794,4018.597,4018.696,3990.836,63404999300.0,sh000001,PARSE_SINA_INDEX,2026-08-11T12:02:20
2025-11-11,4023.877,4002.758,4024.939,3991.516,58199492100.0,sh000001,PARSE_SINA_INDEX,2026-08-11T12:02:20
2025-11-12,3996.565,4000.14,4020.378,3980.676,58619322800.0,sh000001,PARSE_SINA_INDEX,2026-08-11T12:02:20
2025-11-13,3996.514,4029.501,4030.398,3994.771,61303106100.0,sh000001,PARSE_SINA_INDEX,2026-08-11T12:02:20
2025-11-14,4007.126,3990.492,4034.079,3990.307,62201711800.0,sh000001,PARSE_SINA_INDEX,2026-08-11T12:02:20
2025-11-17,3988.556,3972.035,3992.404,3958.948,59201795000.0,sh000001,PARSE_SINA_INDEX,2026-08-11T12:02:20
2025-11-18,3962.444,3939.813,3966.885,3926.589,59441104600.0,sh000001,PARSE_SINA_INDEX,2026-08-11T12:02:20
2025-11-19,3937.92,3946.742,3960.052,3930.075,53114960100.0,sh000001,PARSE_SINA_INDEX,2026-08-11T12:02:20
2025-11-20,3960.699,3931.051,3967.971,3927.512,53474954000.0,sh000001,PARSE_SINA_INDEX,2026-08-11T12:02:20
2025-11-21,3896.665,3834.891,3912.006,3834.749,63164625100.0,sh000001,PARSE_SINA_INDEX,2026-08-11T12:02:20
2025-11-24,3848.657,3836.766,3854.331,3816.576,50460171600.0,sh000001,PARSE_SINA_INDEX,2026-08-11T12:02:20
2025-11-25,3850.571,3870.023,3882.03,3845.138,47872761100.0,sh000001,PARSE_SINA_INDEX,2026-08-11T12:02:20
2025-11-26,3867.429,3864.184,3879.923,3861.177,45758975500.0,sh000001,PARSE_SINA_INDEX,2026-08-11T12:02:20
2025-11-27,3867.197,3875.259,3895.589,3864.131,44402194700.0,sh000001,PARSE_SINA_INDEX,2026-08-11T12:02:20
2025-11-28,3870.944,3888.596,3888.889,3856.25,44993197300.0,sh000001,PARSE_SINA_INDEX,2026-08-11T12:02:20
2025-12-01,3894.213,3914.006,3914.464,3890.949,53755413300.0,sh000001,PARSE_SINA_INDEX,2026-08-11T12:02:20
2025-12-02,3908.456,3897.712,3908.769,3888.328,45558449400.0,sh000001,PARSE_SINA_INDEX,2026-08-11T12:02:20
2025-12-03,3894.156,3878.0,3901.696,3869.953,48561727000.0,sh000001,PARSE_SINA_INDEX,2026-08-11T12:02:20
2025-12-04,3879.742,3875.793,3888.86,3859.049,44504029000.0,sh000001,PARSE_SINA_INDEX,2026-08-11T12:02:20
2025-12-05,3873.121,3902.808,3907.782,3863.314,50036876800.0,sh000001,PARSE_SINA_INDEX,2026-08-11T12:02:20
2025-12-08,3909.226,3924.078,3936.311,3904.738,54734978900.0,sh000001,PARSE_SINA_INDEX,2026-08-11T12:02:20
2025-12-09,3916.509,3909.522,3923.899,3902.128,52453825600.0,sh000001,PARSE_SINA_INDEX,2026-08-11T12:02:20
2025-12-10,3901.128,3900.496,3906.116,3876.475,49733150400.0,sh000001,PARSE_SINA_INDEX,2026-08-11T12:02:20
2025-12-11,3903.895,3873.318,3904.963,3862.821,52565860000.0,sh000001,PARSE_SINA_INDEX,2026-08-11T12:02:20
2025-12-12,3869.413,3889.346,3891.807,3850.597,57394713000.0,sh000001,PARSE_SINA_INDEX,2026-08-11T12:02:20
2025-12-15,3865.402,3867.921,3896.977,3863.63,50092279000.0,sh000001,PARSE_SINA_INDEX,2026-08-11T12:02:20
2025-12-16,3861.515,3824.812,3862.427,3815.844,51249482700.0,sh000001,PARSE_SINA_INDEX,2026-08-11T12:02:20
2025-12-17,3822.509,3870.278,3881.752,3817.996,51231369200.0,sh000001,PARSE_SINA_INDEX,2026-08-11T12:02:20
2025-12-18,3857.257,3876.371,3888.285,3856.423,46117262500.0,sh000001,PARSE_SINA_INDEX,2026-08-11T12:02:20
2025-12-19,3878.227,3890.448,3902.671,3871.777,51351189300.0,sh000001,PARSE_SINA_INDEX,2026-08-11T12:02:20
2025-12-22,3900.535,3917.364,3920.012,3900.515,52293899200.0,sh000001,PARSE_SINA_INDEX,2026-08-11T12:02:20
2025-12-23,3919.106,3919.979,3937.127,3910.745,52115695200.0,sh000001,PARSE_SINA_INDEX,2026-08-11T12:02:20
2025-12-24,3920.347,3940.947,3947.041,3912.311,47489644700.0,sh000001,PARSE_SINA_INDEX,2026-08-11T12:02:20
2025-12-25,3937.72,3959.621,3964.073,3936.078,46931309300.0,sh000001,PARSE_SINA_INDEX,2026-08-11T12:02:20
2025-12-26,3957.833,3963.679,3977.706,3945.524,55548959200.0,sh000001,PARSE_SINA_INDEX,2026-08-11T12:02:20
2025-12-29,3964.651,3965.28,3983.979,3956.946,56368719700.0,sh000001,PARSE_SINA_INDEX,2026-08-11T12:02:20
2025-12-30,3947.871,3965.116,3979.99,3947.419,52593258800.0,sh000001,PARSE_SINA_INDEX,2026-08-11T12:02:20
2025-12-31,3968.726,3968.84,3977.536,3955.487,49075149000.0,sh000001,PARSE_SINA_INDEX,2026-08-11T12:02:20
2026-01-05,3986.972,4023.417,4025.263,3983.576,59695045500.0,sh000001,PARSE_SINA_INDEX,2026-08-11T12:02:20
2026-01-06,4026.016,4083.667,4083.667,4025.088,70247227000.0,sh000001,PARSE_SINA_INDEX,2026-08-11T12:02:20
2026-01-07,4083.843,4085.772,4098.777,4069.436,68338435200.0,sh000001,PARSE_SINA_INDEX,2026-08-11T12:02:20
2026-01-08,4077.715,4082.979,4093.872,4067.122,66613133700.0,sh000001,PARSE_SINA_INDEX,2026-08-11T12:02:20
2026-01-09,4086.762,4120.426,4121.723,4083.616,72983798500.0,sh000001,PARSE_SINA_INDEX,2026-08-11T12:02:20
2026-01-12,4134.893,4165.287,4168.357,4119.879,83945608900.0,sh000001,PARSE_SINA_INDEX,2026-08-11T12:02:20
2026-01-13,4169.704,4138.759,4179.702,4126.234,86838271700.0,sh000001,PARSE_SINA_INDEX,2026-08-11T12:02:20
2026-01-14,4138.645,4126.093,4190.866,4103.621,95255128900.0,sh000001,PARSE_SINA_INDEX,2026-08-11T12:02:20
2026-01-15,4106.224,4112.601,4133.073,4096.85,68025079100.0,sh000001,PARSE_SINA_INDEX,2026-08-11T12:02:20
2026-01-16,4127.063,4101.913,4140.225,4091.811,76358846500.0,sh000001,PARSE_SINA_INDEX,2026-08-11T12:02:20
2026-01-19,4090.719,4114.0,4126.518,4090.057,68890587000.0,sh000001,PARSE_SINA_INDEX,2026-08-11T12:02:20
2026-01-20,4116.366,4113.649,4128.93,4080.294,73436249600.0,sh000001,PARSE_SINA_INDEX,2026-08-11T12:02:20
2026-01-21,4103.529,4116.94,4135.959,4103.529,66698950700.0,sh000001,PARSE_SINA_INDEX,2026-08-11T12:02:20
2026-01-22,4126.072,4122.576,4140.838,4109.923,70969540900.0,sh000001,PARSE_SINA_INDEX,2026-08-11T12:02:20
2026-01-23,4130.108,4136.164,4143.75,4120.204,78211545400.0,sh000001,PARSE_SINA_INDEX,2026-08-11T12:02:20
2026-01-26,4144.778,4132.605,4160.985,4124.7,88743973100.0,sh000001,PARSE_SINA_INDEX,2026-08-11T12:02:20
2026-01-27,4125.216,4139.904,4158.802,4101.83,75499086900.0,sh000001,PARSE_SINA_INDEX,2026-08-11T12:02:20
2026-01-28,4150.215,4151.238,4170.147,4138.019,82302674800.0,sh000001,PARSE_SINA_INDEX,2026-08-11T12:02:20
2026-01-29,4155.919,4157.985,4170.214,4138.299,90590837100.0,sh000001,PARSE_SINA_INDEX,2026-08-11T12:02:20
2026-01-30,4131.993,4117.948,4152.85,4064.777,80434274600.0,sh000001,PARSE_SINA_INDEX,2026-08-11T12:02:20
2026-02-02,4079.708,4015.746,4103.407,4013.656,73295369800.0,sh000001,PARSE_SINA_INDEX,2026-08-11T12:02:20
2026-02-03,4043.906,4067.738,4069.418,4002.782,63768424900.0,sh000001,PARSE_SINA_INDEX,2026-08-11T12:02:20
2026-02-04,4064.677,4102.202,4104.621,4062.683,67425424400.0,sh000001,PARSE_SINA_INDEX,2026-08-11T12:02:20
2026-02-05,4075.025,4075.917,4088.904,4048.939,59672223600.0,sh000001,PARSE_SINA_INDEX,2026-08-11T12:02:20
2026-02-06,4040.299,4065.583,4095.03,4029.973,55670980100.0,sh000001,PARSE_SINA_INDEX,2026-08-11T12:02:20
2026-02-09,4103.54,4123.09,4123.159,4093.056,57263258200.0,sh000001,PARSE_SINA_INDEX,2026-08-11T12:02:20
2026-02-10,4127.766,4128.373,4134.338,4117.564,52462096900.0,sh000001,PARSE_SINA_INDEX,2026-08-11T12:02:20
2026-02-11,4124.428,4131.985,4142.561,4122.428,50068527800.0,sh000001,PARSE_SINA_INDEX,2026-08-11T12:02:20
2026-02-12,4136.99,4134.018,4140.593,4124.131,52937011600.0,sh000001,PARSE_SINA_INDEX,2026-08-11T12:02:20
2026-02-13,4115.924,4082.073,4123.844,4079.77,50079947200.0,sh000001,PARSE_SINA_INDEX,2026-08-11T12:02:20
2026-02-24,4129.134,4117.409,4131.55,4105.937,56632224900.0,sh000001,PARSE_SINA_INDEX,2026-08-11T12:02:20
2026-02-25,4123.781,4147.231,4167.844,4122.699,72478721400.0,sh000001,PARSE_SINA_INDEX,2026-08-11T12:02:20
2026-02-26,4151.068,4146.631,4152.193,4127.153,65170282600.0,sh000001,PARSE_SINA_INDEX,2026-08-11T12:02:20
2026-02-27,4128.897,4162.882,4166.234,4128.36,68204764600.0,sh000001,PARSE_SINA_INDEX,2026-08-11T12:02:20
2026-03-02,4151.801,4182.591,4188.77,4131.368,86157921800.0,sh000001,PARSE_SINA_INDEX,2026-08-11T12:02:20
2026-03-03,4189.408,4122.676,4197.228,4116.011,92113917000.0,sh000001,PARSE_SINA_INDEX,2026-08-11T12:02:20
2026-03-04,4087.632,4082.474,4106.04,4055.413,76516953100.0,sh000001,PARSE_SINA_INDEX,2026-08-11T12:02:20
2026-03-05,4109.777,4108.567,4125.617,4090.621,68974653500.0,sh000001,PARSE_SINA_INDEX,2026-08-11T12:02:20
2026-03-06,4085.895,4124.194,4129.465,4085.895,64676576000.0,sh000001,PARSE_SINA_INDEX,2026-08-11T12:02:20
2026-03-09,4098.699,4096.602,4106.534,4052.545,79780355600.0,sh000001,PARSE_SINA_INDEX,2026-08-11T12:02:20
2026-03-10,4098.587,4123.138,4123.958,4098.587,67492219400.0,sh000001,PARSE_SINA_INDEX,2026-08-11T12:02:20
2026-03-11,4123.666,4133.433,4135.839,4112.8,70772716900.0,sh000001,PARSE_SINA_INDEX,2026-08-11T12:02:20
2026-03-12,4133.2,4129.103,4141.649,4103.164,78615118200.0,sh000001,PARSE_SINA_INDEX,2026-08-11T12:02:20
2026-03-13,4117.574,4095.449,4134.079,4086.847,79205476400.0,sh000001,PARSE_SINA_INDEX,2026-08-11T12:02:20
2026-03-16,4092.249,4084.786,4096.133,4048.087,73222709800.0,sh000001,PARSE_SINA_INDEX,2026-08-11T12:02:20
2026-03-17,4086.295,4049.907,4108.4,4049.58,67877122400.0,sh000001,PARSE_SINA_INDEX,2026-08-11T12:02:20
2026-03-18,4053.305,4062.984,4065.373,4023.03,62387310200.0,sh000001,PARSE_SINA_INDEX,2026-08-11T12:02:20
2026-03-19,4028.542,4006.552,4042.022,3994.165,66725542200.0,sh000001,PARSE_SINA_INDEX,2026-08-11T12:02:20
2026-03-20,4004.573,3957.053,4022.703,3955.711,66679838700.0,sh000001,PARSE_SINA_INDEX,2026-08-11T12:02:20
2026-03-23,3904.951,3813.283,3906.622,3794.684,80473885000.0,sh000001,PARSE_SINA_INDEX,2026-08-11T12:02:20
2026-03-24,3849.631,3881.28,3881.424,3807.994,68062203900.0,sh000001,PARSE_SINA_INDEX,2026-08-11T12:02:20
2026-03-25,3892.269,3931.838,3933.061,3891.816,68834362600.0,sh000001,PARSE_SINA_INDEX,2026-08-11T12:02:20
2026-03-26,3924.962,3889.084,3937.104,3880.573,61597398100.0,sh000001,PARSE_SINA_INDEX,2026-08-11T12:02:20
2026-03-27,3852.094,3913.724,3924.108,3852.094,56134296300.0,sh000001,PARSE_SINA_INDEX,2026-08-11T12:02:20
2026-03-30,3884.277,3923.287,3924.289,3872.776,59558947900.0,sh000001,PARSE_SINA_INDEX,2026-08-11T12:02:20
2026-03-31,3924.067,3891.861,3948.811,3891.861,60670498300.0,sh000001,PARSE_SINA_INDEX,2026-08-11T12:02:20
2026-04-01,3939.566,3948.552,3955.943,3929.921,56461159800.0,sh000001,PARSE_SINA_INDEX,2026-08-11T12:02:20
2026-04-02,3940.799,3919.285,3952.576,3900.116,54421283500.0,sh000001,PARSE_SINA_INDEX,2026-08-11T12:02:20
2026-04-03,3927.592,3880.097,3929.529,3871.3,49269908200.0,sh000001,PARSE_SINA_INDEX,2026-08-11T12:02:20
2026-04-07,3884.151,3890.165,3902.607,3875.684,47361507600.0,sh000001,PARSE_SINA_INDEX,2026-08-11T12:02:20
2026-04-08,3930.251,3994.998,3994.998,3926.249,64413535200.0,sh000001,PARSE_SINA_INDEX,2026-08-11T12:02:20
2026-04-09,3967.63,3966.171,3979.127,3955.246,54156980100.0,sh000001,PARSE_SINA_INDEX,2026-08-11T12:02:20
2026-04-10,3985.464,3986.225,4011.024,3979.814,54641554100.0,sh000001,PARSE_SINA_INDEX,2026-08-11T12:02:20
2026-04-13,3971.199,3988.558,3991.262,3966.198,54578176800.0,sh000001,PARSE_SINA_INDEX,2026-08-11T12:02:20
2026-04-14,4006.727,4026.626,4026.626,3992.407,57025900300.0,sh000001,PARSE_SINA_INDEX,2026-08-11T12:02:20
2026-04-15,4039.471,4027.21,4050.621,4020.904,56945858900.0,sh000001,PARSE_SINA_INDEX,2026-08-11T12:02:20
2026-04-16,4030.138,4055.547,4057.831,4028.909,54587696700.0,sh000001,PARSE_SINA_INDEX,2026-08-11T12:02:20
2026-04-17,4043.381,4051.425,4058.604,4038.429,54879140600.0,sh000001,PARSE_SINA_INDEX,2026-08-11T12:02:20
2026-04-20,4053.375,4082.127,4083.19,4051.685,58984137900.0,sh000001,PARSE_SINA_INDEX,2026-08-11T12:02:20
2026-04-21,4075.845,4085.077,4086.637,4062.133,57668945000.0,sh000001,PARSE_SINA_INDEX,2026-08-11T12:02:20
2026-04-22,4074.813,4106.258,4106.844,4074.68,58246634600.0,sh000001,PARSE_SINA_INDEX,2026-08-11T12:02:20
2026-04-23,4110.788,4093.25,4114.844,4070.46,67116609200.0,sh000001,PARSE_SINA_INDEX,2026-08-11T12:02:20
2026-04-24,4081.033,4079.9,4092.613,4061.145,60503179800.0,sh000001,PARSE_SINA_INDEX,2026-08-11T12:02:20
2026-04-27,4074.811,4086.344,4092.831,4071.08,58995086700.0,sh000001,PARSE_SINA_INDEX,2026-08-11T12:02:20
2026-04-28,4076.143,4078.637,4090.201,4062.872,60050749800.0,sh000001,PARSE_SINA_INDEX,2026-08-11T12:02:20
2026-04-29,4061.822,4107.514,4112.152,4061.822,61422145100.0,sh000001,PARSE_SINA_INDEX,2026-08-11T12:02:20
2026-04-30,4107.297,4112.159,4118.755,4100.966,65691272800.0,sh000001,PARSE_SINA_INDEX,2026-08-11T12:02:20
2026-05-06,4135.451,4160.174,4166.147,4129.911,70117748000.0,sh000001,PARSE_SINA_INDEX,2026-08-11T12:02:20
2026-05-07,4168.447,4180.092,4180.21,4163.137,68557424900.0,sh000001,PARSE_SINA_INDEX,2026-08-11T12:02:20
2026-05-08,4163.854,4179.952,4183.063,4154.246,69701909400.0,sh000001,PARSE_SINA_INDEX,2026-08-11T12:02:20
2026-05-11,4201.347,4225.021,4229.58,4186.082,76273628700.0,sh000001,PARSE_SINA_INDEX,2026-08-11T12:02:20
2026-05-12,4229.283,4214.489,4230.184,4199.344,71898400200.0,sh000001,PARSE_SINA_INDEX,2026-08-11T12:02:20
2026-05-13,4192.315,4242.572,4245.068,4192.315,70501873900.0,sh000001,PARSE_SINA_INDEX,2026-08-11T12:02:20
2026-05-14,4256.157,4177.918,4258.863,4177.918,76423500400.0,sh000001,PARSE_SINA_INDEX,2026-08-11T12:02:20
2026-05-15,4174.175,4135.389,4191.807,4114.086,73316235700.0,sh000001,PARSE_SINA_INDEX,2026-08-11T12:02:20
2026-05-18,4120.14,4131.528,4145.661,4108.604,62723313700.0,sh000001,PARSE_SINA_INDEX,2026-08-11T12:02:20
2026-05-19,4122.961,4169.538,4170.289,4107.994,61761106700.0,sh000001,PARSE_SINA_INDEX,2026-08-11T12:02:20
2026-05-20,4152.698,4162.185,4169.847,4139.974,62415203500.0,sh000001,PARSE_SINA_INDEX,2026-08-11T12:02:20
2026-05-21,4174.377,4077.277,4199.527,4074.217,72721870100.0,sh000001,PARSE_SINA_INDEX,2026-08-11T12:02:20
2026-05-22,4096.172,4112.9,4120.088,4067.747,58945964400.0,sh000001,PARSE_SINA_INDEX,2026-08-11T12:02:20
2026-05-25,4126.338,4152.569,4153.879,4119.8,61593086100.0,sh000001,PARSE_SINA_INDEX,2026-08-11T12:02:20
2026-05-26,4137.32,4145.373,4150.289,4104.459,65477775600.0,sh000001,PARSE_SINA_INDEX,2026-08-11T12:02:20
2026-05-27,4138.805,4093.727,4153.561,4077.616,66046739900.0,sh000001,PARSE_SINA_INDEX,2026-08-11T12:02:20
2026-05-28,4080.304,4098.636,4110.782,4055.828,62117995000.0,sh000001,PARSE_SINA_INDEX,2026-08-11T12:02:20
2026-05-29,4110.521,4068.569,4112.955,4055.886,73159771000.0,sh000001,PARSE_SINA_INDEX,2026-08-11T12:02:20
2026-06-01,4067.158,4057.74,4093.041,4045.69,67602580600.0,sh000001,PARSE_SINA_INDEX,2026-08-11T12:02:20
2026-06-02,4061.463,4075.102,4089.575,4032.583,64224465600.0,sh000001,PARSE_SINA_INDEX,2026-08-11T12:02:20
2026-06-03,4068.341,4083.974,4107.046,4059.907,66845258300.0,sh000001,PARSE_SINA_INDEX,2026-08-11T12:02:20
2026-06-04,4053.67,4057.781,4080.718,4043.433,62119477400.0,sh000001,PARSE_SINA_INDEX,2026-08-11T12:02:20
2026-06-05,4044.829,4027.736,4078.932,4015.063,66291857700.0,sh000001,PARSE_SINA_INDEX,2026-08-11T12:02:20
2026-06-08,3938.709,3959.338,4007.493,3927.853,65929355500.0,sh000001,PARSE_SINA_INDEX,2026-08-11T12:02:20
2026-06-09,3977.539,4010.031,4010.872,3955.908,57657009000.0,sh000001,PARSE_SINA_INDEX,2026-08-11T12:02:20
2026-06-10,3985.124,3993.226,4006.313,3963.442,59869473900.0,sh000001,PARSE_SINA_INDEX,2026-08-11T12:02:20
2026-06-11,3979.706,3987.015,3997.478,3958.437,56854524400.0,sh000001,PARSE_SINA_INDEX,2026-08-11T12:02:20
2026-06-12,4017.865,4031.513,4060.271,4008.177,74313109200.0,sh000001,PARSE_SINA_INDEX,2026-08-11T12:02:20
2026-06-15,4053.582,4096.472,4097.166,4051.065,67890781100.0,sh000001,PARSE_SINA_INDEX,2026-08-11T12:02:20
2026-06-16,4094.212,4091.892,4103.926,4077.87,61566829600.0,sh000001,PARSE_SINA_INDEX,2026-08-11T12:02:20
2026-06-17,4074.291,4108.076,4109.958,4073.732,60807741300.0,sh000001,PARSE_SINA_INDEX,2026-08-11T12:02:20
2026-06-18,4094.23,4090.481,4117.451,4080.294,65811606800.0,sh000001,PARSE_SINA_INDEX,2026-08-11T12:02:20
2026-06-22,4093.955,4163.097,4164.418,4070.172,74369935500.0,sh000001,PARSE_SINA_INDEX,2026-08-11T12:02:20
2026-06-23,4153.593,4106.252,4175.348,4085.591,70900391300.0,sh000001,PARSE_SINA_INDEX,2026-08-11T12:02:20
2026-06-24,4090.1,4110.813,4117.285,4075.492,64452751800.0,sh000001,PARSE_SINA_INDEX,2026-08-11T12:02:20
2026-06-25,4103.482,4120.281,4133.098,4093.009,67045991700.0,sh000001,PARSE_SINA_INDEX,2026-08-11T12:02:20
2026-06-26,4098.686,4027.265,4099.78,4007.859,66010866600.0,sh000001,PARSE_SINA_INDEX,2026-08-11T12:02:20
2026-06-29,4026.686,4073.902,4075.334,3992.552,65919993600.0,sh000001,PARSE_SINA_INDEX,2026-08-11T12:02:20
2026-06-30,4058.17,4094.397,4097.415,4052.17,59841220300.0,sh000001,PARSE_SINA_INDEX,2026-08-11T12:02:20
2026-07-01,4090.76,4112.445,4143.314,4087.535,67233179100.0,sh000001,PARSE_SINA_INDEX,2026-08-11T12:02:20
2026-07-02,4054.086,4028.904,4093.678,4019.215,65623361200.0,sh000001,PARSE_SINA_INDEX,2026-08-11T12:02:20
2026-07-03,4031.335,4043.643,4073.88,4027.255,60200973800.0,sh000001,PARSE_SINA_INDEX,2026-08-11T12:02:20
2026-07-06,4059.194,4041.238,4060.069,4005.414,59036490300.0,sh000001,PARSE_SINA_INDEX,2026-08-11T12:02:20
2026-07-07,4019.494,3990.235,4028.514,3971.713,51445309100.0,sh000001,PARSE_SINA_INDEX,2026-08-11T12:02:20
2026-07-08,3996.807,3970.88,4016.026,3967.913,49622937400.0,sh000001,PARSE_SINA_INDEX,2026-08-11T12:02:20
2026-07-09,3977.547,4036.588,4040.539,3938.878,55306398000.0,sh000001,PARSE_SINA_INDEX,2026-08-11T12:02:20
2026-07-10,4031.537,3996.162,4074.828,3995.807,62745006500.0,sh000001,PARSE_SINA_INDEX,2026-08-11T12:02:20
2026-07-13,3966.023,3913.794,3983.054,3900.668,59090735600.0,sh000001,PARSE_SINA_INDEX,2026-08-11T12:02:20
2026-07-14,3909.274,3967.126,3967.126,3869.304,57998205200.0,sh000001,PARSE_SINA_INDEX,2026-08-11T12:02:20
2026-07-15,3963.727,3955.578,3981.672,3943.695,57620949200.0,sh000001,PARSE_SINA_INDEX,2026-08-11T12:02:20
2026-07-16,3912.381,3882.413,3940.451,3867.601,53528187300.0,sh000001,PARSE_SINA_INDEX,2026-08-11T12:02:20
2026-07-17,3865.317,3764.155,3869.215,3745.174,65045098400.0,sh000001,PARSE_SINA_INDEX,2026-08-11T12:02:20
2026-07-20,3791.662,3796.281,3831.659,3741.11,70923406900.0,sh000001,PARSE_SINA_INDEX,2026-08-11T12:02:20
2026-07-21,3812.162,3864.367,3864.6,3743.36,73502192500.0,sh000001,PARSE_SINA_INDEX,2026-08-11T12:02:20
2026-07-22,3839.665,3867.034,3884.435,3839.665,61425521500.0,sh000001,PARSE_SINA_INDEX,2026-08-11T12:02:20
2026-07-23,3868.087,3876.777,3878.832,3851.706,56212260100.0,sh000001,PARSE_SINA_INDEX,2026-08-11T12:02:20
2026-07-24,3853.632,3814.198,3861.04,3808.636,50820390500.0,sh000001,PARSE_SINA_INDEX,2026-08-11T12:02:20
2026-07-27,3808.903,3858.245,3858.31,3793.449,50487945400.0,sh000001,PARSE_SINA_INDEX,2026-08-11T12:02:20
2026-07-28,3823.133,3813.315,3844.012,3797.373,49482912600.0,sh000001,PARSE_SINA_INDEX,2026-08-11T12:02:20
2026-07-29,3823.293,3828.469,3845.766,3782.481,57122639100.0,sh000001,PARSE_SINA_INDEX,2026-08-11T12:02:20
2026-07-30,3812.111,3804.693,3839.341,3767.503,59229892300.0,sh000001,PARSE_SINA_INDEX,2026-08-11T12:02:20
2026-07-31,3833.536,3832.262,3847.093,3822.374,59752942700.0,sh000001,PARSE_SINA_INDEX,2026-08-11T12:02:20
2026-08-03,3812.613,3809.663,3827.636,3797.643,52451696000.0,sh000001,PARSE_SINA_INDEX,2026-08-11T12:02:20
2026-08-04,3816.37,3822.285,3831.94,3799.524,54032492200.0,sh000001,PARSE_SINA_INDEX,2026-08-11T12:02:20
2026-08-05,3815.122,3878.43,3884.397,3815.122,59215512400.0,sh000001,PARSE_SINA_INDEX,2026-08-11T12:02:20
2026-08-06,3864.273,3900.352,3902.054,3864.273,58855528000.0,sh000001,PARSE_SINA_INDEX,2026-08-11T12:02:20
2026-08-07,3896.485,3940.037,3940.935,3885.625,56498858200.0,sh000001,PARSE_SINA_INDEX,2026-08-11T12:02:20
2026-08-10,3943.816,3966.594,3967.592,3938.625,54211811000.0,sh000001,PARSE_SINA_INDEX,2026-08-11T12:02:20
2026-08-11,3950.708,3934.093,3966.391,3930.639,52949094400.0,sh000001,PARSE_SINA_INDEX,2026-08-11T12:02:20
2025-10-17,7226.421,7016.066,7254.579,7009.891,20004411300.0,sh000905,PARSE_SINA_INDEX,2026-08-11T12:02:24
2025-10-20,7092.884,7069.641,7129.994,7033.384,17683419200.0,sh000905,PARSE_SINA_INDEX,2026-08-11T12:02:24
2025-10-21,7095.616,7185.624,7193.73,7082.3,20597382900.0,sh000905,PARSE_SINA_INDEX,2026-08-11T12:02:24
2025-10-22,7135.208,7128.478,7166.557,7101.827,16974325400.0,sh000905,PARSE_SINA_INDEX,2026-08-11T12:02:24
2025-10-23,7108.855,7142.954,7153.656,7022.295,18893373200.0,sh000905,PARSE_SINA_INDEX,2026-08-11T12:02:24
2025-10-24,7175.923,7258.534,7258.534,7174.351,19532393300.0,sh000905,PARSE_SINA_INDEX,2026-08-11T12:02:24
2025-10-27,7336.204,7379.394,7391.212,7302.017,23205182100.0,sh000905,PARSE_SINA_INDEX,2026-08-11T12:02:24
2025-10-28,7344.454,7341.03,7404.756,7308.272,20211846300.0,sh000905,PARSE_SINA_INDEX,2026-08-11T12:02:24
2025-10-29,7350.757,7480.967,7480.967,7350.757,22384413300.0,sh000905,PARSE_SINA_INDEX,2026-08-11T12:02:24
2025-10-30,7462.433,7385.711,7463.653,7375.239,24341203600.0,sh000905,PARSE_SINA_INDEX,2026-08-11T12:02:24
2025-10-31,7385.742,7331.003,7430.856,7331.003,23204167600.0,sh000905,PARSE_SINA_INDEX,2026-08-11T12:02:24
2025-11-03,7327.12,7333.601,7336.511,7214.833,22168706000.0,sh000905,PARSE_SINA_INDEX,2026-08-11T12:02:24
2025-11-04,7315.189,7210.825,7323.704,7167.347,19332584200.0,sh000905,PARSE_SINA_INDEX,2026-08-11T12:02:24
2025-11-05,7098.956,7229.341,7257.84,7098.956,19558024300.0,sh000905,PARSE_SINA_INDEX,2026-08-11T12:02:24
2025-11-06,7243.196,7345.723,7352.177,7243.196,20172296700.0,sh000905,PARSE_SINA_INDEX,2026-08-11T12:02:24
2025-11-07,7307.296,7327.911,7371.438,7285.819,19292057800.0,sh000905,PARSE_SINA_INDEX,2026-08-11T12:02:24
2025-11-10,7357.339,7343.802,7384.785,7289.768,20450133000.0,sh000905,PARSE_SINA_INDEX,2026-08-11T12:02:24
2025-11-11,7364.925,7291.608,7379.806,7281.975,19166031300.0,sh000905,PARSE_SINA_INDEX,2026-08-11T12:02:24
2025-11-12,7264.792,7243.248,7305.856,7187.869,18550701000.0,sh000905,PARSE_SINA_INDEX,2026-08-11T12:02:24
2025-11-13,7243.64,7355.291,7366.412,7243.64,19989023000.0,sh000905,PARSE_SINA_INDEX,2026-08-11T12:02:24
2025-11-14,7283.699,7235.462,7329.596,7235.462,20586491000.0,sh000905,PARSE_SINA_INDEX,2026-08-11T12:02:24
2025-11-17,7248.922,7235.351,7262.331,7202.593,20305060200.0,sh000905,PARSE_SINA_INDEX,2026-08-11T12:02:24
2025-11-18,7215.03,7151.018,7230.542,7118.409,20221412100.0,sh000905,PARSE_SINA_INDEX,2026-08-11T12:02:24
2025-11-19,7141.264,7122.747,7178.15,7086.123,16278660200.0,sh000905,PARSE_SINA_INDEX,2026-08-11T12:02:24
2025-11-20,7174.105,7061.95,7180.732,7056.9,15961874600.0,sh000905,PARSE_SINA_INDEX,2026-08-11T12:02:24
2025-11-21,6955.749,6817.41,6986.778,6817.41,20893338400.0,sh000905,PARSE_SINA_INDEX,2026-08-11T12:02:24
2025-11-24,6856.755,6868.966,6905.923,6797.496,16636391300.0,sh000905,PARSE_SINA_INDEX,2026-08-11T12:02:24
2025-11-25,6915.123,6954.603,7018.47,6912.32,16271253000.0,sh000905,PARSE_SINA_INDEX,2026-08-11T12:02:24
2025-11-26,6946.081,6965.045,7024.882,6936.877,14894352600.0,sh000905,PARSE_SINA_INDEX,2026-08-11T12:02:24
2025-11-27,6970.733,6951.284,7045.845,6943.444,13784110300.0,sh000905,PARSE_SINA_INDEX,2026-08-11T12:02:24
2025-11-28,6947.237,7031.551,7031.712,6941.483,14021118400.0,sh000905,PARSE_SINA_INDEX,2026-08-11T12:02:24
2025-12-01,7053.847,7101.832,7101.832,7040.803,17897343200.0,sh000905,PARSE_SINA_INDEX,2026-08-11T12:02:24
2025-12-02,7084.799,7040.301,7085.303,7022.61,14951819700.0,sh000905,PARSE_SINA_INDEX,2026-08-11T12:02:24
2025-12-03,7044.857,6996.355,7064.16,6975.089,15783886700.0,sh000905,PARSE_SINA_INDEX,2026-08-11T12:02:24
2025-12-04,7001.642,7012.806,7039.716,6958.632,14103833800.0,sh000905,PARSE_SINA_INDEX,2026-08-11T12:02:24
2025-12-05,7008.649,7097.839,7104.021,6965.806,16873827400.0,sh000905,PARSE_SINA_INDEX,2026-08-11T12:02:24
2025-12-08,7119.051,7172.367,7193.723,7114.323,19261175000.0,sh000905,PARSE_SINA_INDEX,2026-08-11T12:02:24
2025-12-09,7150.973,7121.326,7185.107,7103.833,16690106600.0,sh000905,PARSE_SINA_INDEX,2026-08-11T12:02:24
2025-12-10,7111.571,7155.994,7171.973,7070.475,15396782700.0,sh000905,PARSE_SINA_INDEX,2026-08-11T12:02:24
2025-12-11,7171.208,7082.893,7179.425,7082.893,18184855400.0,sh000905,PARSE_SINA_INDEX,2026-08-11T12:02:24
2025-12-12,7088.1,7169.791,7187.1,7063.841,19840247300.0,sh000905,PARSE_SINA_INDEX,2026-08-11T12:02:24
2025-12-15,7121.381,7113.962,7177.154,7110.678,17217406400.0,sh000905,PARSE_SINA_INDEX,2026-08-11T12:02:24
2025-12-16,7101.67,7001.319,7102.772,6962.645,17206587400.0,sh000905,PARSE_SINA_INDEX,2026-08-11T12:02:24
2025-12-17,7002.506,7137.834,7160.776,6988.871,17441313600.0,sh000905,PARSE_SINA_INDEX,2026-08-11T12:02:24
2025-12-18,7096.982,7100.836,7172.962,7094.54,15489612300.0,sh000905,PARSE_SINA_INDEX,2026-08-11T12:02:24
2025-12-19,7124.405,7169.551,7197.068,7117.158,17884314600.0,sh000905,PARSE_SINA_INDEX,2026-08-11T12:02:24
2025-12-22,7205.489,7255.661,7277.386,7205.489,17824288100.0,sh000905,PARSE_SINA_INDEX,2026-08-11T12:02:24
2025-12-23,7257.908,7256.786,7297.703,7228.723,17347600200.0,sh000905,PARSE_SINA_INDEX,2026-08-11T12:02:24
2025-12-24,7257.615,7352.04,7362.57,7247.405,16883771300.0,sh000905,PARSE_SINA_INDEX,2026-08-11T12:02:24
2025-12-25,7341.922,7410.712,7426.137,7334.34,16841420100.0,sh000905,PARSE_SINA_INDEX,2026-08-11T12:02:24
2025-12-26,7422.601,7458.839,7484.916,7397.426,19927688400.0,sh000905,PARSE_SINA_INDEX,2026-08-11T12:02:24
2025-12-29,7467.504,7430.615,7491.693,7411.447,19884433800.0,sh000905,PARSE_SINA_INDEX,2026-08-11T12:02:24
2025-12-30,7390.14,7458.936,7495.061,7389.869,19620361500.0,sh000905,PARSE_SINA_INDEX,2026-08-11T12:02:24
2025-12-31,7473.752,7465.574,7488.066,7435.066,19442774300.0,sh000905,PARSE_SINA_INDEX,2026-08-11T12:02:24
2026-01-05,7523.875,7651.198,7651.238,7523.248,25185386300.0,sh000905,PARSE_SINA_INDEX,2026-08-11T12:02:24
2026-01-06,7663.942,7814.136,7814.651,7663.662,31312510200.0,sh000905,PARSE_SINA_INDEX,2026-08-11T12:02:24
2026-01-07,7838.912,7875.082,7909.656,7828.394,29390344000.0,sh000905,PARSE_SINA_INDEX,2026-08-11T12:02:24
2026-01-08,7853.209,7894.545,7938.595,7849.068,29356173500.0,sh000905,PARSE_SINA_INDEX,2026-08-11T12:02:24
2026-01-09,7907.849,8056.686,8064.758,7907.849,31462467400.0,sh000905,PARSE_SINA_INDEX,2026-08-11T12:02:24
2026-01-12,8141.626,8249.128,8261.354,8103.238,33523628600.0,sh000905,PARSE_SINA_INDEX,2026-08-11T12:02:24
2026-01-13,8270.422,8143.28,8270.422,8106.61,36413103300.0,sh000905,PARSE_SINA_INDEX,2026-08-11T12:02:24
2026-01-14,8165.352,8227.697,8368.222,8123.405,42276600200.0,sh000905,PARSE_SINA_INDEX,2026-08-11T12:02:24
2026-01-15,8170.349,8223.268,8249.031,8148.788,31359583000.0,sh000905,PARSE_SINA_INDEX,2026-08-11T12:02:24
2026-01-16,8241.693,8232.674,8292.741,8204.525,28197904200.0,sh000905,PARSE_SINA_INDEX,2026-08-11T12:02:24
2026-01-19,8199.499,8287.947,8318.37,8195.089,26149738200.0,sh000905,PARSE_SINA_INDEX,2026-08-11T12:02:24
2026-01-20,8307.642,8247.805,8342.874,8142.142,28986446000.0,sh000905,PARSE_SINA_INDEX,2026-08-11T12:02:24
2026-01-21,8196.557,8340.113,8351.455,8196.557,24330438100.0,sh000905,PARSE_SINA_INDEX,2026-08-11T12:02:24
2026-01-22,8355.678,8387.595,8396.133,8337.195,26880524300.0,sh000905,PARSE_SINA_INDEX,2026-08-11T12:02:24
2026-01-23,8422.356,8590.166,8590.166,8417.752,31969006900.0,sh000905,PARSE_SINA_INDEX,2026-08-11T12:02:24
2026-01-26,8624.888,8506.693,8671.346,8453.476,34928559700.0,sh000905,PARSE_SINA_INDEX,2026-08-11T12:02:24
2026-01-27,8464.65,8548.932,8581.105,8368.175,30285260600.0,sh000905,PARSE_SINA_INDEX,2026-08-11T12:02:24
2026-01-28,8565.339,8601.164,8633.147,8526.534,31177425700.0,sh000905,PARSE_SINA_INDEX,2026-08-11T12:02:24
2026-01-29,8584.681,8517.843,8658.945,8503.095,35419838700.0,sh000905,PARSE_SINA_INDEX,2026-08-11T12:02:24
2026-01-30,8439.652,8370.52,8496.337,8194.584,32894717000.0,sh000905,PARSE_SINA_INDEX,2026-08-11T12:02:24
2026-02-02,8279.715,8037.046,8324.434,8032.35,29964602200.0,sh000905,PARSE_SINA_INDEX,2026-08-11T12:02:24
2026-02-03,8135.87,8286.701,8286.701,8075.374,27222713600.0,sh000905,PARSE_SINA_INDEX,2026-08-11T12:02:24
2026-02-04,8270.842,8299.057,8309.858,8179.352,26886027700.0,sh000905,PARSE_SINA_INDEX,2026-08-11T12:02:24
2026-02-05,8203.063,8146.107,8224.785,8081.428,23184051500.0,sh000905,PARSE_SINA_INDEX,2026-08-11T12:02:24
2026-02-06,8054.218,8146.413,8247.297,8014.66,21864214400.0,sh000905,PARSE_SINA_INDEX,2026-08-11T12:02:24
2026-02-09,8280.109,8311.283,8313.469,8229.003,21166756600.0,sh000905,PARSE_SINA_INDEX,2026-08-11T12:02:24
2026-02-10,8318.533,8306.445,8331.986,8258.152,19580622000.0,sh000905,PARSE_SINA_INDEX,2026-08-11T12:02:24
2026-02-11,8295.333,8325.811,8373.503,8295.122,20401970300.0,sh000905,PARSE_SINA_INDEX,2026-08-11T12:02:24
2026-02-12,8342.365,8423.57,8437.42,8341.771,21213831800.0,sh000905,PARSE_SINA_INDEX,2026-08-11T12:02:24
2026-02-13,8366.333,8299.585,8419.762,8290.839,20278572500.0,sh000905,PARSE_SINA_INDEX,2026-08-11T12:02:24
2026-02-24,8403.311,8392.91,8444.128,8328.568,22462927800.0,sh000905,PARSE_SINA_INDEX,2026-08-11T12:02:24
2026-02-25,8412.08,8527.559,8551.535,8401.597,27789338900.0,sh000905,PARSE_SINA_INDEX,2026-08-11T12:02:24
2026-02-26,8542.832,8557.216,8582.763,8490.922,25411176500.0,sh000905,PARSE_SINA_INDEX,2026-08-11T12:02:24
2026-02-27,8499.796,8658.45,8658.45,8499.796,28036116700.0,sh000905,PARSE_SINA_INDEX,2026-08-11T12:02:24
2026-03-02,8585.853,8658.334,8683.982,8551.46,33903229600.0,sh000905,PARSE_SINA_INDEX,2026-08-11T12:02:24
2026-03-03,8651.06,8281.614,8654.568,8267.109,34615390600.0,sh000905,PARSE_SINA_INDEX,2026-08-11T12:02:24
2026-03-04,8167.981,8248.945,8377.174,8167.981,27210771400.0,sh000905,PARSE_SINA_INDEX,2026-08-11T12:02:24
2026-03-05,8383.546,8309.171,8391.037,8251.106,25634345400.0,sh000905,PARSE_SINA_INDEX,2026-08-11T12:02:24
2026-03-06,8273.183,8360.335,8394.334,8258.645,23451496000.0,sh000905,PARSE_SINA_INDEX,2026-08-11T12:02:24
2026-03-09,8234.193,8279.481,8305.925,8066.141,28651851000.0,sh000905,PARSE_SINA_INDEX,2026-08-11T12:02:24
2026-03-10,8341.145,8410.303,8412.933,8330.935,23994135800.0,sh000905,PARSE_SINA_INDEX,2026-08-11T12:02:24
2026-03-11,8419.311,8403.33,8439.619,8379.033,26448738900.0,sh000905,PARSE_SINA_INDEX,2026-08-11T12:02:24
2026-03-12,8396.722,8359.472,8433.037,8290.588,28243650400.0,sh000905,PARSE_SINA_INDEX,2026-08-11T12:02:24
2026-03-13,8317.78,8239.798,8371.716,8217.969,28813099000.0,sh000905,PARSE_SINA_INDEX,2026-08-11T12:02:24
2026-03-16,8227.693,8185.152,8233.655,8060.782,25620598200.0,sh000905,PARSE_SINA_INDEX,2026-08-11T12:02:24
2026-03-17,8199.993,8016.026,8207.461,8016.002,23013280000.0,sh000905,PARSE_SINA_INDEX,2026-08-11T12:02:24
2026-03-18,8044.919,8096.428,8105.955,7958.45,20649392300.0,sh000905,PARSE_SINA_INDEX,2026-08-11T12:02:24
2026-03-19,7975.848,7877.09,8000.43,7844.152,21974486600.0,sh000905,PARSE_SINA_INDEX,2026-08-11T12:02:24
2026-03-20,7913.485,7760.037,7941.586,7757.833,21944878800.0,sh000905,PARSE_SINA_INDEX,2026-08-11T12:02:24
2026-03-23,7623.245,7440.745,7708.43,7399.042,27156102400.0,sh000905,PARSE_SINA_INDEX,2026-08-11T12:02:24
2026-03-24,7555.082,7597.373,7597.373,7379.861,22896641800.0,sh000905,PARSE_SINA_INDEX,2026-08-11T12:02:24
2026-03-25,7660.401,7767.665,7806.911,7660.401,24071155400.0,sh000905,PARSE_SINA_INDEX,2026-08-11T12:02:24
2026-03-26,7757.019,7642.13,7777.29,7620.777,20621612600.0,sh000905,PARSE_SINA_INDEX,2026-08-11T12:02:24
2026-03-27,7539.196,7737.614,7785.378,7539.196,18820506600.0,sh000905,PARSE_SINA_INDEX,2026-08-11T12:02:24
2026-03-30,7655.153,7753.723,7766.111,7610.549,19783856900.0,sh000905,PARSE_SINA_INDEX,2026-08-11T12:02:24
2026-03-31,7740.579,7617.326,7788.893,7617.326,19908603500.0,sh000905,PARSE_SINA_INDEX,2026-08-11T12:02:24
2026-04-01,7764.336,7750.092,7778.988,7689.59,17596067000.0,sh000905,PARSE_SINA_INDEX,2026-08-11T12:02:24
2026-04-02,7726.445,7605.293,7740.095,7562.21,17208487300.0,sh000905,PARSE_SINA_INDEX,2026-08-11T12:02:24
2026-04-03,7636.663,7534.938,7640.841,7518.346,15163735600.0,sh000905,PARSE_SINA_INDEX,2026-08-11T12:02:24
2026-04-07,7562.137,7571.111,7630.136,7529.399,14696135700.0,sh000905,PARSE_SINA_INDEX,2026-08-11T12:02:24
2026-04-08,7741.635,7945.153,7945.153,7741.635,23193661200.0,sh000905,PARSE_SINA_INDEX,2026-08-11T12:02:24
2026-04-09,7865.205,7898.633,7947.678,7845.958,19055565000.0,sh000905,PARSE_SINA_INDEX,2026-08-11T12:02:24
2026-04-10,7958.815,7969.365,8070.648,7953.497,20340435100.0,sh000905,PARSE_SINA_INDEX,2026-08-11T12:02:24
2026-04-13,7917.919,7967.697,7990.981,7917.919,19494869500.0,sh000905,PARSE_SINA_INDEX,2026-08-11T12:02:24
2026-04-14,8039.074,8088.569,8088.569,8002.648,21429567200.0,sh000905,PARSE_SINA_INDEX,2026-08-11T12:02:24
2026-04-15,8144.809,8044.077,8150.622,8020.868,20365606600.0,sh000905,PARSE_SINA_INDEX,2026-08-11T12:02:24
2026-04-16,8068.154,8180.082,8189.175,8056.781,18845568300.0,sh000905,PARSE_SINA_INDEX,2026-08-11T12:02:24
2026-04-17,8155.396,8214.194,8230.107,8149.938,19157884000.0,sh000905,PARSE_SINA_INDEX,2026-08-11T12:02:24
2026-04-20,8223.584,8290.022,8310.944,8214.263,21376402000.0,sh000905,PARSE_SINA_INDEX,2026-08-11T12:02:24
2026-04-21,8263.379,8270.327,8281.321,8189.758,20183631700.0,sh000905,PARSE_SINA_INDEX,2026-08-11T12:02:24
2026-04-22,8226.852,8376.181,8377.336,8226.852,21333723600.0,sh000905,PARSE_SINA_INDEX,2026-08-11T12:02:24
2026-04-23,8387.765,8295.207,8401.499,8220.953,24948698900.0,sh000905,PARSE_SINA_INDEX,2026-08-11T12:02:24
2026-04-24,8244.778,8247.876,8299.878,8165.804,22231189300.0,sh000905,PARSE_SINA_INDEX,2026-08-11T12:02:24
2026-04-27,8236.434,8299.049,8326.155,8219.943,22459580200.0,sh000905,PARSE_SINA_INDEX,2026-08-11T12:02:24
2026-04-28,8274.631,8203.961,8275.328,8173.445,22010913000.0,sh000905,PARSE_SINA_INDEX,2026-08-11T12:02:24
2026-04-29,8157.355,8342.422,8356.715,8157.355,23087201700.0,sh000905,PARSE_SINA_INDEX,2026-08-11T12:02:24
2026-04-30,8331.439,8349.508,8375.193,8300.502,24755465200.0,sh000905,PARSE_SINA_INDEX,2026-08-11T12:02:24
2026-05-06,8441.342,8588.44,8621.346,8441.342,27464745200.0,sh000905,PARSE_SINA_INDEX,2026-08-11T12:02:24
2026-05-07,8637.841,8696.799,8700.335,8598.712,27099417900.0,sh000905,PARSE_SINA_INDEX,2026-08-11T12:02:24
2026-05-08,8638.838,8694.171,8706.333,8616.223,27114353500.0,sh000905,PARSE_SINA_INDEX,2026-08-11T12:02:24
2026-05-11,8771.176,8839.742,8863.769,8716.452,28833019600.0,sh000905,PARSE_SINA_INDEX,2026-08-11T12:02:24
2026-05-12,8856.18,8785.979,8856.18,8736.417,26987096800.0,sh000905,PARSE_SINA_INDEX,2026-08-11T12:02:24
2026-05-13,8730.913,8918.239,8925.877,8730.913,25409688800.0,sh000905,PARSE_SINA_INDEX,2026-08-11T12:02:24
2026-05-14,8952.95,8670.157,8956.662,8670.157,28950256600.0,sh000905,PARSE_SINA_INDEX,2026-08-11T12:02:24
2026-05-15,8676.621,8536.344,8717.092,8473.042,27096176200.0,sh000905,PARSE_SINA_INDEX,2026-08-11T12:02:24
2026-05-18,8493.016,8554.237,8606.41,8472.424,23109341700.0,sh000905,PARSE_SINA_INDEX,2026-08-11T12:02:24
2026-05-19,8524.154,8627.946,8633.061,8416.515,24386882000.0,sh000905,PARSE_SINA_INDEX,2026-08-11T12:02:24
2026-05-20,8581.394,8656.306,8681.723,8552.427,23041869700.0,sh000905,PARSE_SINA_INDEX,2026-08-11T12:02:24
2026-05-21,8703.174,8419.837,8790.375,8406.289,27948915800.0,sh000905,PARSE_SINA_INDEX,2026-08-11T12:02:24
2026-05-22,8473.609,8576.94,8591.155,8414.94,22161039100.0,sh000905,PARSE_SINA_INDEX,2026-08-11T12:02:24
2026-05-25,8631.208,8703.89,8705.197,8543.892,23505289000.0,sh000905,PARSE_SINA_INDEX,2026-08-11T12:02:24
2026-05-26,8665.436,8658.619,8673.21,8529.666,24710784400.0,sh000905,PARSE_SINA_INDEX,2026-08-11T12:02:24
2026-05-27,8659.219,8530.98,8722.581,8491.316,25911673400.0,sh000905,PARSE_SINA_INDEX,2026-08-11T12:02:24
2026-05-28,8503.671,8563.222,8596.449,8424.449,24224000600.0,sh000905,PARSE_SINA_INDEX,2026-08-11T12:02:24
2026-05-29,8589.818,8359.56,8597.984,8296.241,28119061600.0,sh000905,PARSE_SINA_INDEX,2026-08-11T12:02:24
2026-06-01,8358.487,8274.212,8442.532,8259.6,25817502700.0,sh000905,PARSE_SINA_INDEX,2026-08-11T12:02:24
2026-06-02,8290.833,8321.435,8378.434,8142.507,23958969600.0,sh000905,PARSE_SINA_INDEX,2026-08-11T12:02:24
2026-06-03,8317.003,8362.156,8462.67,8294.288,25357653100.0,sh000905,PARSE_SINA_INDEX,2026-08-11T12:02:24
2026-06-04,8279.863,8356.744,8391.052,8279.863,23082197600.0,sh000905,PARSE_SINA_INDEX,2026-08-11T12:02:24
2026-06-05,8317.642,8251.141,8399.408,8218.142,24708934700.0,sh000905,PARSE_SINA_INDEX,2026-08-11T12:02:24
2026-06-08,7978.66,7963.453,8142.335,7889.399,24479319800.0,sh000905,PARSE_SINA_INDEX,2026-08-11T12:02:24
2026-06-09,8059.339,8176.179,8181.128,7965.485,20929297800.0,sh000905,PARSE_SINA_INDEX,2026-08-11T12:02:24
2026-06-10,8094.137,8063.864,8148.255,7973.547,21091009800.0,sh000905,PARSE_SINA_INDEX,2026-08-11T12:02:24
2026-06-11,8025.608,8035.779,8091.683,7965.023,19685777600.0,sh000905,PARSE_SINA_INDEX,2026-08-11T12:02:24
2026-06-12,8189.21,8106.203,8258.908,8098.781,26624408000.0,sh000905,PARSE_SINA_INDEX,2026-08-11T12:02:24
2026-06-15,8175.052,8406.748,8406.779,8174.591,25556263800.0,sh000905,PARSE_SINA_INDEX,2026-08-11T12:02:24
2026-06-16,8430.916,8507.98,8538.194,8413.508,23149509400.0,sh000905,PARSE_SINA_INDEX,2026-08-11T12:02:24
2026-06-17,8451.633,8627.086,8630.516,8451.633,22464601500.0,sh000905,PARSE_SINA_INDEX,2026-08-11T12:02:24
2026-06-18,8590.499,8673.09,8716.342,8587.982,23946757900.0,sh000905,PARSE_SINA_INDEX,2026-08-11T12:02:24
2026-06-22,8709.664,8868.782,8870.485,8605.223,28002311900.0,sh000905,PARSE_SINA_INDEX,2026-08-11T12:02:24
2026-06-23,8831.592,8688.592,8895.34,8629.011,27240314900.0,sh000905,PARSE_SINA_INDEX,2026-08-11T12:02:24
2026-06-24,8638.656,8842.938,8850.791,8613.085,24531147300.0,sh000905,PARSE_SINA_INDEX,2026-08-11T12:02:24
2026-06-25,8844.849,8938.011,8940.959,8803.596,26010208600.0,sh000905,PARSE_SINA_INDEX,2026-08-11T12:02:24
2026-06-26,8891.031,8703.565,8926.751,8647.768,25855829600.0,sh000905,PARSE_SINA_INDEX,2026-08-11T12:02:24
2026-06-29,8731.576,8821.094,8837.031,8587.882,25146106600.0,sh000905,PARSE_SINA_INDEX,2026-08-11T12:02:24
2026-06-30,8815.107,9031.379,9040.132,8771.655,22433080900.0,sh000905,PARSE_SINA_INDEX,2026-08-11T12:02:24
2026-07-01,9052.043,9028.933,9147.559,8956.185,26310457800.0,sh000905,PARSE_SINA_INDEX,2026-08-11T12:02:24
2026-07-02,8829.621,8694.176,8932.647,8667.419,26128140700.0,sh000905,PARSE_SINA_INDEX,2026-08-11T12:02:24
2026-07-03,8702.327,8745.261,8860.416,8636.15,23014842400.0,sh000905,PARSE_SINA_INDEX,2026-08-11T12:02:24
2026-07-06,8790.967,8651.134,8823.05,8570.892,23015291000.0,sh000905,PARSE_SINA_INDEX,2026-08-11T12:02:24
2026-07-07,8604.076,8508.789,8663.665,8457.576,19963919000.0,sh000905,PARSE_SINA_INDEX,2026-08-11T12:02:24
2026-07-08,8539.016,8390.019,8571.525,8343.923,19722016500.0,sh000905,PARSE_SINA_INDEX,2026-08-11T12:02:24
2026-07-09,8437.147,8652.787,8659.65,8281.953,21508048800.0,sh000905,PARSE_SINA_INDEX,2026-08-11T12:02:24
2026-07-10,8672.363,8503.971,8783.249,8503.245,25141438800.0,sh000905,PARSE_SINA_INDEX,2026-08-11T12:02:24
2026-07-13,8409.143,8138.144,8457.692,8106.269,22403763100.0,sh000905,PARSE_SINA_INDEX,2026-08-11T12:02:24
2026-07-14,8135.046,8275.939,8275.96,7955.308,21584109000.0,sh000905,PARSE_SINA_INDEX,2026-08-11T12:02:24
2026-07-15,8294.142,8147.579,8305.272,8117.459,20911552400.0,sh000905,PARSE_SINA_INDEX,2026-08-11T12:02:24
2026-07-16,8006.449,7955.664,8148.042,7907.097,19311060300.0,sh000905,PARSE_SINA_INDEX,2026-08-11T12:02:24
2026-07-17,7900.097,7513.763,7908.739,7474.151,23674574300.0,sh000905,PARSE_SINA_INDEX,2026-08-11T12:02:24
2026-07-20,7597.769,7411.313,7626.489,7253.518,25376330200.0,sh000905,PARSE_SINA_INDEX,2026-08-11T12:02:24
2026-07-21,7437.452,7800.609,7802.755,7270.954,26838145300.0,sh000905,PARSE_SINA_INDEX,2026-08-11T12:02:24
2026-07-22,7741.906,7751.662,7889.446,7701.221,23074728500.0,sh000905,PARSE_SINA_INDEX,2026-08-11T12:02:24
2026-07-23,7750.852,7734.31,7795.35,7658.999,20497442000.0,sh000905,PARSE_SINA_INDEX,2026-08-11T12:02:24
2026-07-24,7625.202,7532.701,7703.599,7532.668,18662483500.0,sh000905,PARSE_SINA_INDEX,2026-08-11T12:02:24
2026-07-27,7512.404,7720.598,7721.403,7466.545,17419255300.0,sh000905,PARSE_SINA_INDEX,2026-08-11T12:02:24
2026-07-28,7589.76,7443.433,7646.016,7412.631,16183245800.0,sh000905,PARSE_SINA_INDEX,2026-08-11T12:02:24
2026-07-29,7444.802,7524.508,7572.814,7325.356,20660412100.0,sh000905,PARSE_SINA_INDEX,2026-08-11T12:02:24
2026-07-30,7477.314,7309.575,7536.485,7221.947,20873575700.0,sh000905,PARSE_SINA_INDEX,2026-08-11T12:02:24
2026-07-31,7537.848,7493.985,7638.781,7487.431,21663596000.0,sh000905,PARSE_SINA_INDEX,2026-08-11T12:02:24
2026-08-03,7457.118,7414.523,7499.579,7397.942,19831234600.0,sh000905,PARSE_SINA_INDEX,2026-08-11T12:02:24
2026-08-04,7467.079,7607.487,7645.475,7450.318,20353489600.0,sh000905,PARSE_SINA_INDEX,2026-08-11T12:02:24
2026-08-05,7567.956,7809.207,7845.392,7567.956,22203181700.0,sh000905,PARSE_SINA_INDEX,2026-08-11T12:02:24
2026-08-06,7737.592,7829.362,7868.855,7722.571,21546810800.0,sh000905,PARSE_SINA_INDEX,2026-08-11T12:02:24
2026-08-07,7828.791,7980.125,7983.173,7763.529,20657563200.0,sh000905,PARSE_SINA_INDEX,2026-08-11T12:02:24
2026-08-10,8003.92,8030.948,8031.156,7910.836,20057990700.0,sh000905,PARSE_SINA_INDEX,2026-08-11T12:02:24
2026-08-11,7979.276,7967.539,8078.361,7947.667,19508369300.0,sh000905,PARSE_SINA_INDEX,2026-08-11T12:02:24
2025-10-17,7395.866,7185.478,7426.21,7176.959,25432732500.0,sh000852,PARSE_SINA_INDEX,2026-08-11T12:02:33
2025-10-20,7259.486,7239.185,7301.988,7196.28,21857967600.0,sh000852,PARSE_SINA_INDEX,2026-08-11T12:02:33
2025-10-21,7257.112,7344.047,7350.923,7236.634,23725016500.0,sh000852,PARSE_SINA_INDEX,2026-08-11T12:02:33
2025-10-22,7304.964,7312.21,7349.797,7278.713,22732450300.0,sh000852,PARSE_SINA_INDEX,2026-08-11T12:02:33
2025-10-23,7292.39,7308.099,7319.55,7192.416,23156897600.0,sh000852,PARSE_SINA_INDEX,2026-08-11T12:02:33
2025-10-24,7340.669,7419.235,7419.407,7340.669,24555995300.0,sh000852,PARSE_SINA_INDEX,2026-08-11T12:02:33
2025-10-27,7483.295,7495.383,7511.414,7430.62,26534474900.0,sh000852,PARSE_SINA_INDEX,2026-08-11T12:02:33
2025-10-28,7462.911,7479.221,7534.051,7443.701,25180424900.0,sh000852,PARSE_SINA_INDEX,2026-08-11T12:02:33
2025-10-29,7481.237,7569.117,7569.117,7469.07,26584612900.0,sh000852,PARSE_SINA_INDEX,2026-08-11T12:02:33
2025-10-30,7560.6,7485.085,7569.156,7476.701,29738526900.0,sh000852,PARSE_SINA_INDEX,2026-08-11T12:02:33
2025-10-31,7480.658,7506.675,7583.033,7480.658,29974520600.0,sh000852,PARSE_SINA_INDEX,2026-08-11T12:02:33
2025-11-03,7507.374,7538.118,7539.327,7417.273,27824170500.0,sh000852,PARSE_SINA_INDEX,2026-08-11T12:02:33
2025-11-04,7523.64,7435.731,7523.64,7387.378,25167741300.0,sh000852,PARSE_SINA_INDEX,2026-08-11T12:02:33
2025-11-05,7332.104,7464.863,7490.904,7332.104,25854817800.0,sh000852,PARSE_SINA_INDEX,2026-08-11T12:02:33
2025-11-06,7482.908,7551.83,7551.83,7466.752,26361295900.0,sh000852,PARSE_SINA_INDEX,2026-08-11T12:02:33
2025-11-07,7519.748,7541.878,7581.56,7492.926,26788866400.0,sh000852,PARSE_SINA_INDEX,2026-08-11T12:02:33
2025-11-10,7568.751,7563.254,7592.757,7515.684,27436131700.0,sh000852,PARSE_SINA_INDEX,2026-08-11T12:02:33
2025-11-11,7579.908,7540.791,7598.988,7530.144,26525073100.0,sh000852,PARSE_SINA_INDEX,2026-08-11T12:02:33
2025-11-12,7520.179,7486.377,7537.761,7421.459,26696336300.0,sh000852,PARSE_SINA_INDEX,2026-08-11T12:02:33
2025-11-13,7483.664,7590.576,7604.891,7475.511,27563607300.0,sh000852,PARSE_SINA_INDEX,2026-08-11T12:02:33
2025-11-14,7527.834,7502.757,7591.315,7502.757,27197278300.0,sh000852,PARSE_SINA_INDEX,2026-08-11T12:02:33
2025-11-17,7514.84,7523.076,7544.723,7487.808,26115611800.0,sh000852,PARSE_SINA_INDEX,2026-08-11T12:02:33
2025-11-18,7508.531,7448.101,7521.656,7412.276,27748040900.0,sh000852,PARSE_SINA_INDEX,2026-08-11T12:02:33
2025-11-19,7438.139,7387.208,7471.732,7348.037,23839382000.0,sh000852,PARSE_SINA_INDEX,2026-08-11T12:02:33
2025-11-20,7429.7,7340.412,7439.044,7332.321,22753609000.0,sh000852,PARSE_SINA_INDEX,2026-08-11T12:02:33
2025-11-21,7235.326,7067.703,7274.334,7067.703,28480069000.0,sh000852,PARSE_SINA_INDEX,2026-08-11T12:02:33
2025-11-24,7105.642,7156.409,7190.723,7064.598,24065506200.0,sh000852,PARSE_SINA_INDEX,2026-08-11T12:02:33
2025-11-25,7195.1,7249.947,7311.727,7194.766,24542942900.0,sh000852,PARSE_SINA_INDEX,2026-08-11T12:02:33
2025-11-26,7236.655,7248.449,7307.199,7225.087,23177682400.0,sh000852,PARSE_SINA_INDEX,2026-08-11T12:02:33
2025-11-27,7243.714,7257.454,7330.6,7243.714,21127741200.0,sh000852,PARSE_SINA_INDEX,2026-08-11T12:02:33
2025-11-28,7257.165,7334.21,7334.21,7239.854,20068050800.0,sh000852,PARSE_SINA_INDEX,2026-08-11T12:02:33
2025-12-01,7356.513,7386.681,7388.618,7342.596,23441158300.0,sh000852,PARSE_SINA_INDEX,2026-08-11T12:02:33
2025-12-02,7364.204,7313.178,7364.204,7299.272,20051247700.0,sh000852,PARSE_SINA_INDEX,2026-08-11T12:02:33
2025-12-03,7312.667,7248.274,7324.211,7220.976,21463340000.0,sh000852,PARSE_SINA_INDEX,2026-08-11T12:02:33
2025-12-04,7246.862,7248.657,7269.902,7185.911,19483925400.0,sh000852,PARSE_SINA_INDEX,2026-08-11T12:02:33
2025-12-05,7244.277,7342.492,7346.999,7194.661,21572766300.0,sh000852,PARSE_SINA_INDEX,2026-08-11T12:02:33
2025-12-08,7359.488,7423.046,7446.192,7359.488,24091899500.0,sh000852,PARSE_SINA_INDEX,2026-08-11T12:02:33
2025-12-09,7400.934,7380.584,7439.546,7370.296,22849142800.0,sh000852,PARSE_SINA_INDEX,2026-08-11T12:02:33
2025-12-10,7367.492,7408.244,7421.423,7332.053,21561113400.0,sh000852,PARSE_SINA_INDEX,2026-08-11T12:02:33
2025-12-11,7421.787,7311.995,7425.441,7311.995,23402087300.0,sh000852,PARSE_SINA_INDEX,2026-08-11T12:02:33
2025-12-12,7312.871,7370.942,7384.848,7284.555,24352518300.0,sh000852,PARSE_SINA_INDEX,2026-08-11T12:02:33
2025-12-15,7324.48,7309.078,7375.612,7305.832,22095769700.0,sh000852,PARSE_SINA_INDEX,2026-08-11T12:02:33
2025-12-16,7302.159,7181.62,7302.159,7143.615,23052600700.0,sh000852,PARSE_SINA_INDEX,2026-08-11T12:02:33
2025-12-17,7178.307,7288.738,7303.375,7149.019,22049877500.0,sh000852,PARSE_SINA_INDEX,2026-08-11T12:02:33
2025-12-18,7244.64,7272.402,7336.732,7241.861,20004466200.0,sh000852,PARSE_SINA_INDEX,2026-08-11T12:02:33
2025-12-19,7295.671,7329.806,7357.042,7279.987,21920554700.0,sh000852,PARSE_SINA_INDEX,2026-08-11T12:02:33
2025-12-22,7363.064,7408.349,7433.428,7363.064,22160188600.0,sh000852,PARSE_SINA_INDEX,2026-08-11T12:02:33
2025-12-23,7410.224,7392.42,7441.412,7363.934,22428856600.0,sh000852,PARSE_SINA_INDEX,2026-08-11T12:02:33
2025-12-24,7391.561,7506.381,7513.254,7386.489,21796145500.0,sh000852,PARSE_SINA_INDEX,2026-08-11T12:02:33
2025-12-25,7507.297,7579.379,7591.782,7502.154,22874491700.0,sh000852,PARSE_SINA_INDEX,2026-08-11T12:02:33
2025-12-26,7575.926,7605.53,7644.84,7550.014,26626161100.0,sh000852,PARSE_SINA_INDEX,2026-08-11T12:02:33
2025-12-29,7606.435,7594.158,7637.91,7574.775,26406479600.0,sh000852,PARSE_SINA_INDEX,2026-08-11T12:02:33
2025-12-30,7556.537,7597.299,7636.153,7552.401,26333187400.0,sh000852,PARSE_SINA_INDEX,2026-08-11T12:02:33
2025-12-31,7606.646,7595.285,7619.221,7560.723,24454923100.0,sh000852,PARSE_SINA_INDEX,2026-08-11T12:02:33
2026-01-05,7639.538,7753.88,7753.959,7623.749,30537472600.0,sh000852,PARSE_SINA_INDEX,2026-08-11T12:02:33
2026-01-06,7756.158,7864.903,7864.903,7755.072,33116203400.0,sh000852,PARSE_SINA_INDEX,2026-08-11T12:02:33
2026-01-07,7881.836,7906.42,7939.752,7864.139,31873436700.0,sh000852,PARSE_SINA_INDEX,2026-08-11T12:02:33
2026-01-08,7886.81,7971.589,7993.631,7886.629,32556390800.0,sh000852,PARSE_SINA_INDEX,2026-08-11T12:02:33
2026-01-09,7969.19,8129.183,8131.491,7969.19,38104386900.0,sh000852,PARSE_SINA_INDEX,2026-08-11T12:02:33
2026-01-12,8196.085,8357.011,8371.749,8171.105,44722895400.0,sh000852,PARSE_SINA_INDEX,2026-08-11T12:02:33
2026-01-13,8381.042,8203.133,8381.042,8177.629,45444450300.0,sh000852,PARSE_SINA_INDEX,2026-08-11T12:02:33
2026-01-14,8204.28,8257.172,8415.098,8154.241,48979835900.0,sh000852,PARSE_SINA_INDEX,2026-08-11T12:02:33
2026-01-15,8197.061,8240.775,8267.813,8151.107,35335770800.0,sh000852,PARSE_SINA_INDEX,2026-08-11T12:02:33
2026-01-16,8276.608,8232.729,8304.399,8180.117,35253940500.0,sh000852,PARSE_SINA_INDEX,2026-08-11T12:02:33
2026-01-19,8204.627,8265.646,8298.48,8187.938,32669114900.0,sh000852,PARSE_SINA_INDEX,2026-08-11T12:02:33
2026-01-20,8271.779,8182.752,8300.05,8104.918,33668913400.0,sh000852,PARSE_SINA_INDEX,2026-08-11T12:02:33
2026-01-21,8138.682,8247.68,8289.134,8136.918,32567636800.0,sh000852,PARSE_SINA_INDEX,2026-08-11T12:02:33
2026-01-22,8272.468,8309.346,8314.216,8252.745,32856328100.0,sh000852,PARSE_SINA_INDEX,2026-08-11T12:02:33
2026-01-23,8331.77,8470.744,8478.556,8323.349,39304302000.0,sh000852,PARSE_SINA_INDEX,2026-08-11T12:02:33
2026-01-26,8513.222,8365.435,8530.417,8302.099,40342837500.0,sh000852,PARSE_SINA_INDEX,2026-08-11T12:02:33
2026-01-27,8325.433,8382.153,8406.099,8186.244,36565732800.0,sh000852,PARSE_SINA_INDEX,2026-08-11T12:02:33
2026-01-28,8392.753,8399.794,8432.62,8334.683,34965829300.0,sh000852,PARSE_SINA_INDEX,2026-08-11T12:02:33
2026-01-29,8380.605,8332.207,8463.125,8308.825,40198798200.0,sh000852,PARSE_SINA_INDEX,2026-08-11T12:02:33
2026-01-30,8255.335,8254.86,8313.227,8083.97,36491645100.0,sh000852,PARSE_SINA_INDEX,2026-08-11T12:02:33
2026-02-02,8166.736,7975.428,8221.582,7974.599,30832146700.0,sh000852,PARSE_SINA_INDEX,2026-08-11T12:02:33
2026-02-03,8058.763,8209.101,8210.047,8023.238,29921845800.0,sh000852,PARSE_SINA_INDEX,2026-08-11T12:02:33
2026-02-04,8184.205,8207.12,8216.204,8101.2,31646115000.0,sh000852,PARSE_SINA_INDEX,2026-08-11T12:02:33
2026-02-05,8121.511,8068.077,8154.558,8027.623,27581682300.0,sh000852,PARSE_SINA_INDEX,2026-08-11T12:02:33
2026-02-06,7980.466,8051.574,8152.322,7950.01,28108356300.0,sh000852,PARSE_SINA_INDEX,2026-08-11T12:02:33
2026-02-09,8177.291,8233.778,8235.155,8149.646,28284816900.0,sh000852,PARSE_SINA_INDEX,2026-08-11T12:02:33
2026-02-10,8246.218,8250.3,8274.143,8199.511,29191625000.0,sh000852,PARSE_SINA_INDEX,2026-08-11T12:02:33
2026-02-11,8239.17,8239.513,8304.125,8236.957,27323431200.0,sh000852,PARSE_SINA_INDEX,2026-08-11T12:02:33
2026-02-12,8252.185,8314.832,8337.371,8227.604,27759673600.0,sh000852,PARSE_SINA_INDEX,2026-08-11T12:02:33
2026-02-13,8272.876,8204.829,8323.715,8200.148,26114631200.0,sh000852,PARSE_SINA_INDEX,2026-08-11T12:02:33
2026-02-24,8319.691,8299.771,8356.914,8236.707,27947962000.0,sh000852,PARSE_SINA_INDEX,2026-08-11T12:02:33
2026-02-25,8320.612,8426.331,8449.763,8310.325,33344734600.0,sh000852,PARSE_SINA_INDEX,2026-08-11T12:02:33
2026-02-26,8447.783,8490.617,8496.748,8398.066,33314760800.0,sh000852,PARSE_SINA_INDEX,2026-08-11T12:02:33
2026-02-27,8434.096,8560.843,8561.295,8433.717,31389956300.0,sh000852,PARSE_SINA_INDEX,2026-08-11T12:02:33
2026-03-02,8464.273,8476.965,8535.807,8393.927,37890628100.0,sh000852,PARSE_SINA_INDEX,2026-08-11T12:02:33
2026-03-03,8495.954,8142.454,8510.854,8128.305,39018957900.0,sh000852,PARSE_SINA_INDEX,2026-08-11T12:02:33
2026-03-04,8039.593,8094.518,8228.895,8039.593,32068956100.0,sh000852,PARSE_SINA_INDEX,2026-08-11T12:02:33
2026-03-05,8235.374,8171.119,8243.829,8121.382,31536018100.0,sh000852,PARSE_SINA_INDEX,2026-08-11T12:02:33
2026-03-06,8120.495,8248.857,8273.68,8115.479,29463326900.0,sh000852,PARSE_SINA_INDEX,2026-08-11T12:02:33
2026-03-09,8131.742,8203.869,8230.656,7983.569,35630788700.0,sh000852,PARSE_SINA_INDEX,2026-08-11T12:02:33
2026-03-10,8272.941,8350.09,8351.666,8271.493,31168527300.0,sh000852,PARSE_SINA_INDEX,2026-08-11T12:02:33
2026-03-11,8356.09,8363.526,8394.122,8334.328,32173733200.0,sh000852,PARSE_SINA_INDEX,2026-08-11T12:02:33
2026-03-12,8357.351,8335.908,8388.633,8267.39,32821274700.0,sh000852,PARSE_SINA_INDEX,2026-08-11T12:02:33
2026-03-13,8297.913,8214.293,8350.917,8196.374,33312302000.0,sh000852,PARSE_SINA_INDEX,2026-08-11T12:02:33
2026-03-16,8212.267,8211.352,8226.032,8089.488,31153245800.0,sh000852,PARSE_SINA_INDEX,2026-08-11T12:02:33
2026-03-17,8219.5,8019.857,8223.989,8019.075,29972338000.0,sh000852,PARSE_SINA_INDEX,2026-08-11T12:02:33
2026-03-18,8050.714,8096.595,8105.806,7970.189,27089355400.0,sh000852,PARSE_SINA_INDEX,2026-08-11T12:02:33
2026-03-19,7988.873,7909.234,8008.389,7874.262,28459109900.0,sh000852,PARSE_SINA_INDEX,2026-08-11T12:02:33
2026-03-20,7943.413,7783.435,7996.164,7781.579,29902296300.0,sh000852,PARSE_SINA_INDEX,2026-08-11T12:02:33
2026-03-23,7632.972,7409.107,7712.04,7357.696,34925621000.0,sh000852,PARSE_SINA_INDEX,2026-08-11T12:02:33
2026-03-24,7538.697,7600.857,7601.883,7361.793,29385508500.0,sh000852,PARSE_SINA_INDEX,2026-08-11T12:02:33
2026-03-25,7654.784,7751.181,7781.197,7654.784,30366881700.0,sh000852,PARSE_SINA_INDEX,2026-08-11T12:02:33
2026-03-26,7733.702,7639.376,7775.893,7614.889,27345513300.0,sh000852,PARSE_SINA_INDEX,2026-08-11T12:02:33
2026-03-27,7526.586,7746.313,7784.547,7526.586,25889527400.0,sh000852,PARSE_SINA_INDEX,2026-08-11T12:02:33
2026-03-30,7664.636,7767.93,7774.851,7618.961,26117412900.0,sh000852,PARSE_SINA_INDEX,2026-08-11T12:02:33
2026-03-31,7741.959,7619.85,7789.239,7618.187,25525579000.0,sh000852,PARSE_SINA_INDEX,2026-08-11T12:02:33
2026-04-01,7767.883,7764.153,7786.759,7692.01,25597564400.0,sh000852,PARSE_SINA_INDEX,2026-08-11T12:02:33
2026-04-02,7733.747,7623.417,7764.027,7581.392,24684116100.0,sh000852,PARSE_SINA_INDEX,2026-08-11T12:02:33
2026-04-03,7658.821,7536.6,7664.756,7521.944,22368034900.0,sh000852,PARSE_SINA_INDEX,2026-08-11T12:02:33
2026-04-07,7556.277,7606.017,7640.505,7554.408,21097435700.0,sh000852,PARSE_SINA_INDEX,2026-08-11T12:02:33
2026-04-08,7765.55,7955.768,7955.768,7765.197,29788517200.0,sh000852,PARSE_SINA_INDEX,2026-08-11T12:02:33
2026-04-09,7881.803,7921.447,7959.067,7872.475,26065017100.0,sh000852,PARSE_SINA_INDEX,2026-08-11T12:02:33
2026-04-10,7981.622,7998.232,8059.755,7981.622,26241528500.0,sh000852,PARSE_SINA_INDEX,2026-08-11T12:02:33
2026-04-13,7947.222,8025.572,8040.026,7947.222,24984977300.0,sh000852,PARSE_SINA_INDEX,2026-08-11T12:02:33
2026-04-14,8088.05,8144.762,8144.762,8059.38,26630582500.0,sh000852,PARSE_SINA_INDEX,2026-08-11T12:02:33
2026-04-15,8186.074,8106.165,8193.296,8083.265,27384184600.0,sh000852,PARSE_SINA_INDEX,2026-08-11T12:02:33
2026-04-16,8120.358,8232.983,8239.008,8100.489,27958443300.0,sh000852,PARSE_SINA_INDEX,2026-08-11T12:02:33
2026-04-17,8225.729,8307.436,8333.222,8223.706,28510344300.0,sh000852,PARSE_SINA_INDEX,2026-08-11T12:02:33
2026-04-20,8308.055,8357.814,8374.812,8308.055,29202960400.0,sh000852,PARSE_SINA_INDEX,2026-08-11T12:02:33
2026-04-21,8331.592,8351.156,8358.124,8270.161,27899621000.0,sh000852,PARSE_SINA_INDEX,2026-08-11T12:02:33
2026-04-22,8317.278,8481.24,8482.153,8317.278,28170553900.0,sh000852,PARSE_SINA_INDEX,2026-08-11T12:02:33
2026-04-23,8488.996,8362.74,8500.438,8302.849,31979149200.0,sh000852,PARSE_SINA_INDEX,2026-08-11T12:02:33
2026-04-24,8318.597,8304.141,8360.79,8254.431,29374811800.0,sh000852,PARSE_SINA_INDEX,2026-08-11T12:02:33
2026-04-27,8292.811,8338.726,8366.312,8249.944,27706012400.0,sh000852,PARSE_SINA_INDEX,2026-08-11T12:02:33
2026-04-28,8307.692,8226.692,8316.267,8187.239,28497044600.0,sh000852,PARSE_SINA_INDEX,2026-08-11T12:02:33
2026-04-29,8163.348,8343.065,8361.487,8163.348,28909945600.0,sh000852,PARSE_SINA_INDEX,2026-08-11T12:02:33
2026-04-30,8345.247,8381.947,8402.356,8324.294,29911511000.0,sh000852,PARSE_SINA_INDEX,2026-08-11T12:02:33
2026-05-06,8462.023,8574.556,8610.881,8462.023,33085337100.0,sh000852,PARSE_SINA_INDEX,2026-08-11T12:02:33
2026-05-07,8602.146,8714.51,8716.861,8573.295,33247719000.0,sh000852,PARSE_SINA_INDEX,2026-08-11T12:02:33
2026-05-08,8655.127,8741.151,8760.194,8651.059,32178154500.0,sh000852,PARSE_SINA_INDEX,2026-08-11T12:02:33
2026-05-11,8807.905,8866.779,8888.873,8760.714,34480797200.0,sh000852,PARSE_SINA_INDEX,2026-08-11T12:02:33
2026-05-12,8880.415,8821.887,8881.902,8749.722,32084927800.0,sh000852,PARSE_SINA_INDEX,2026-08-11T12:02:33
2026-05-13,8764.023,8955.447,8958.456,8764.023,31915270600.0,sh000852,PARSE_SINA_INDEX,2026-08-11T12:02:33
2026-05-14,8989.487,8778.709,8991.85,8778.709,35634417700.0,sh000852,PARSE_SINA_INDEX,2026-08-11T12:02:33
2026-05-15,8786.382,8682.654,8846.515,8616.06,35570731700.0,sh000852,PARSE_SINA_INDEX,2026-08-11T12:02:33
2026-05-18,8645.763,8720.213,8766.306,8610.742,30042067200.0,sh000852,PARSE_SINA_INDEX,2026-08-11T12:02:33
2026-05-19,8691.384,8808.645,8812.031,8602.046,29921984500.0,sh000852,PARSE_SINA_INDEX,2026-08-11T12:02:33
2026-05-20,8769.097,8808.91,8823.684,8697.4,30671918800.0,sh000852,PARSE_SINA_INDEX,2026-08-11T12:02:33
2026-05-21,8852.434,8510.496,8896.6,8500.92,35003795100.0,sh000852,PARSE_SINA_INDEX,2026-08-11T12:02:33
2026-05-22,8578.9,8692.666,8719.387,8521.695,28681240700.0,sh000852,PARSE_SINA_INDEX,2026-08-11T12:02:33
2026-05-25,8756.458,8799.312,8802.946,8670.716,30289600600.0,sh000852,PARSE_SINA_INDEX,2026-08-11T12:02:33
2026-05-26,8755.908,8687.253,8756.463,8560.804,31437355100.0,sh000852,PARSE_SINA_INDEX,2026-08-11T12:02:33
2026-05-27,8679.536,8546.514,8737.055,8495.723,31311235400.0,sh000852,PARSE_SINA_INDEX,2026-08-11T12:02:33
2026-05-28,8527.909,8637.743,8659.61,8459.949,30074765000.0,sh000852,PARSE_SINA_INDEX,2026-08-11T12:02:33
2026-05-29,8673.798,8408.736,8680.266,8357.801,33278021700.0,sh000852,PARSE_SINA_INDEX,2026-08-11T12:02:33
2026-06-01,8393.518,8345.129,8504.983,8339.353,30570642300.0,sh000852,PARSE_SINA_INDEX,2026-08-11T12:02:33
2026-06-02,8360.807,8384.781,8440.232,8219.153,29277785300.0,sh000852,PARSE_SINA_INDEX,2026-08-11T12:02:33
2026-06-03,8386.858,8432.679,8549.249,8357.464,31829116600.0,sh000852,PARSE_SINA_INDEX,2026-08-11T12:02:33
2026-06-04,8338.854,8420.095,8456.017,8338.854,28617360900.0,sh000852,PARSE_SINA_INDEX,2026-08-11T12:02:33
2026-06-05,8380.852,8340.963,8500.1,8305.396,31495357600.0,sh000852,PARSE_SINA_INDEX,2026-08-11T12:02:33
2026-06-08,8069.482,8081.261,8260.192,7987.396,30353698500.0,sh000852,PARSE_SINA_INDEX,2026-08-11T12:02:33
2026-06-09,8178.823,8318.698,8322.109,8096.577,29309759700.0,sh000852,PARSE_SINA_INDEX,2026-08-11T12:02:33
2026-06-10,8232.024,8198.723,8285.286,8103.01,28684456600.0,sh000852,PARSE_SINA_INDEX,2026-08-11T12:02:33
2026-06-11,8158.46,8159.455,8223.527,8084.9,27116395300.0,sh000852,PARSE_SINA_INDEX,2026-08-11T12:02:33
2026-06-12,8294.897,8202.799,8348.786,8181.417,32859908500.0,sh000852,PARSE_SINA_INDEX,2026-08-11T12:02:33
2026-06-15,8269.397,8521.233,8521.233,8269.397,29601206700.0,sh000852,PARSE_SINA_INDEX,2026-08-11T12:02:33
2026-06-16,8534.27,8646.403,8684.65,8508.908,29802260700.0,sh000852,PARSE_SINA_INDEX,2026-08-11T12:02:33
2026-06-17,8581.65,8704.468,8705.403,8581.65,28222793700.0,sh000852,PARSE_SINA_INDEX,2026-08-11T12:02:33
2026-06-18,8666.638,8771.024,8796.485,8664.278,29006243500.0,sh000852,PARSE_SINA_INDEX,2026-08-11T12:02:33
2026-06-22,8813.725,8865.676,8865.815,8609.611,33571821000.0,sh000852,PARSE_SINA_INDEX,2026-08-11T12:02:33
2026-06-23,8838.763,8680.039,8862.719,8626.101,30395487800.0,sh000852,PARSE_SINA_INDEX,2026-08-11T12:02:33
2026-06-24,8650.816,8793.487,8803.501,8581.751,28686714500.0,sh000852,PARSE_SINA_INDEX,2026-08-11T12:02:33
2026-06-25,8806.071,8825.92,8872.123,8743.249,30544263800.0,sh000852,PARSE_SINA_INDEX,2026-08-11T12:02:33
2026-06-26,8771.598,8601.408,8797.282,8563.695,32122765600.0,sh000852,PARSE_SINA_INDEX,2026-08-11T12:02:33
2026-06-29,8616.424,8597.893,8677.63,8413.864,30987102100.0,sh000852,PARSE_SINA_INDEX,2026-08-11T12:02:33
2026-06-30,8574.25,8809.786,8815.108,8547.312,27911736400.0,sh000852,PARSE_SINA_INDEX,2026-08-11T12:02:33
2026-07-01,8827.47,8876.63,8944.195,8806.646,32576587100.0,sh000852,PARSE_SINA_INDEX,2026-08-11T12:02:33
2026-07-02,8688.291,8625.334,8865.966,8598.869,31085890200.0,sh000852,PARSE_SINA_INDEX,2026-08-11T12:02:33
2026-07-03,8627.382,8620.789,8740.668,8559.285,29024450800.0,sh000852,PARSE_SINA_INDEX,2026-08-11T12:02:33
2026-07-06,8669.123,8472.603,8694.805,8432.897,28122420800.0,sh000852,PARSE_SINA_INDEX,2026-08-11T12:02:33
2026-07-07,8436.389,8301.804,8489.476,8261.398,24457508200.0,sh000852,PARSE_SINA_INDEX,2026-08-11T12:02:33
2026-07-08,8315.962,8117.861,8328.965,8117.861,23828392600.0,sh000852,PARSE_SINA_INDEX,2026-08-11T12:02:33
2026-07-09,8161.859,8300.077,8312.621,7978.806,25457934400.0,sh000852,PARSE_SINA_INDEX,2026-08-11T12:02:33
2026-07-10,8312.492,8198.308,8438.194,8198.308,30850360900.0,sh000852,PARSE_SINA_INDEX,2026-08-11T12:02:33
2026-07-13,8124.363,7787.853,8171.504,7769.292,28528634400.0,sh000852,PARSE_SINA_INDEX,2026-08-11T12:02:33
2026-07-14,7799.813,7925.123,7934.103,7657.671,25589201500.0,sh000852,PARSE_SINA_INDEX,2026-08-11T12:02:33
2026-07-15,7959.374,7817.831,7979.077,7783.219,25843327100.0,sh000852,PARSE_SINA_INDEX,2026-08-11T12:02:33
2026-07-16,7713.135,7631.762,7836.39,7591.421,24822687100.0,sh000852,PARSE_SINA_INDEX,2026-08-11T12:02:33
2026-07-17,7599.388,7167.996,7605.613,7163.309,29624224500.0,sh000852,PARSE_SINA_INDEX,2026-08-11T12:02:33
2026-07-20,7256.267,6965.376,7298.122,6824.145,30818691400.0,sh000852,PARSE_SINA_INDEX,2026-08-11T12:02:33
2026-07-21,6975.893,7259.863,7264.338,6714.187,33498939900.0,sh000852,PARSE_SINA_INDEX,2026-08-11T12:02:33
2026-07-22,7196.863,7158.762,7302.454,7118.66,29158247000.0,sh000852,PARSE_SINA_INDEX,2026-08-11T12:02:33
2026-07-23,7169.543,7195.5,7247.141,7113.498,25050272700.0,sh000852,PARSE_SINA_INDEX,2026-08-11T12:02:33
2026-07-24,7109.248,6995.693,7174.552,6995.693,22902663500.0,sh000852,PARSE_SINA_INDEX,2026-08-11T12:02:33
2026-07-27,6981.165,7228.785,7228.785,6972.282,22596082500.0,sh000852,PARSE_SINA_INDEX,2026-08-11T12:02:33
2026-07-28,7135.735,7026.276,7189.177,6992.944,22577673500.0,sh000852,PARSE_SINA_INDEX,2026-08-11T12:02:33
2026-07-29,7020.223,7095.186,7132.352,6897.392,27137408300.0,sh000852,PARSE_SINA_INDEX,2026-08-11T12:02:33
2026-07-30,7053.09,6900.658,7121.523,6841.751,25950781400.0,sh000852,PARSE_SINA_INDEX,2026-08-11T12:02:33
2026-07-31,7082.754,7075.507,7218.061,7071.048,28321942100.0,sh000852,PARSE_SINA_INDEX,2026-08-11T12:02:33
2026-08-03,7055.271,7079.776,7118.097,7042.889,23339238100.0,sh000852,PARSE_SINA_INDEX,2026-08-11T12:02:33
2026-08-04,7128.494,7279.193,7307.171,7102.46,25008361300.0,sh000852,PARSE_SINA_INDEX,2026-08-11T12:02:33
2026-08-05,7253.225,7493.048,7523.498,7253.225,27239684700.0,sh000852,PARSE_SINA_INDEX,2026-08-11T12:02:33
2026-08-06,7440.008,7530.425,7564.692,7434.494,28040229500.0,sh000852,PARSE_SINA_INDEX,2026-08-11T12:02:33
2026-08-07,7534.242,7679.529,7685.57,7448.459,28260010500.0,sh000852,PARSE_SINA_INDEX,2026-08-11T12:02:33
2026-08-10,7723.38,7733.9,7736.102,7621.65,25649691800.0,sh000852,PARSE_SINA_INDEX,2026-08-11T12:02:33
2026-08-11,7686.042,7698.048,7789.21,7642.437,25313797300.0,sh000852,PARSE_SINA_INDEX,2026-08-11T12:02:33
2025-10-17,3026.398,2935.37,3042.286,2932.684,17826886522.0,sz399006,PARSE_SINA_INDEX,2026-08-11T12:02:40
2025-10-20,3007.208,2993.455,3042.199,2970.188,15593761109.0,sz399006,PARSE_SINA_INDEX,2026-08-11T12:02:40
2025-10-21,3017.772,3083.716,3101.932,2994.76,17202850600.0,sz399006,PARSE_SINA_INDEX,2026-08-11T12:02:40
2025-10-22,3061.267,3059.319,3089.764,3044.045,15831341016.0,sz399006,PARSE_SINA_INDEX,2026-08-11T12:02:40
2025-10-23,3050.736,3062.163,3066.46,3003.336,16239949055.0,sz399006,PARSE_SINA_INDEX,2026-08-11T12:02:40
2025-10-24,3087.628,3171.569,3171.569,3082.064,18307380958.0,sz399006,PARSE_SINA_INDEX,2026-08-11T12:02:40
2025-10-27,3227.179,3234.455,3241.951,3179.623,20725640357.0,sz399006,PARSE_SINA_INDEX,2026-08-11T12:02:40
2025-10-28,3205.442,3229.575,3282.328,3205.05,20143239786.0,sz399006,PARSE_SINA_INDEX,2026-08-11T12:02:40
2025-10-29,3263.984,3324.271,3324.271,3258.689,20717836728.0,sz399006,PARSE_SINA_INDEX,2026-08-11T12:02:40
2025-10-30,3313.788,3263.022,3331.859,3259.21,21761020060.0,sz399006,PARSE_SINA_INDEX,2026-08-11T12:02:40
2025-10-31,3260.264,3187.533,3281.662,3187.533,21347524662.0,sz399006,PARSE_SINA_INDEX,2026-08-11T12:02:40
2025-11-03,3179.297,3196.871,3199.399,3120.851,20898199089.0,sz399006,PARSE_SINA_INDEX,2026-08-11T12:02:40
2025-11-04,3190.404,3134.09,3207.102,3111.02,19143966340.0,sz399006,PARSE_SINA_INDEX,2026-08-11T12:02:40
2025-11-05,3068.948,3166.231,3179.929,3068.948,20000833382.0,sz399006,PARSE_SINA_INDEX,2026-08-11T12:02:40
2025-11-06,3185.128,3224.624,3236.679,3177.603,19582658733.0,sz399006,PARSE_SINA_INDEX,2026-08-11T12:02:40
2025-11-07,3201.259,3208.206,3240.345,3178.802,19944235624.0,sz399006,PARSE_SINA_INDEX,2026-08-11T12:02:40
2025-11-10,3221.933,3178.827,3236.605,3138.303,20533756116.0,sz399006,PARSE_SINA_INDEX,2026-08-11T12:02:40
2025-11-11,3197.123,3134.316,3209.89,3130.575,20310223048.0,sz399006,PARSE_SINA_INDEX,2026-08-11T12:02:40
2025-11-12,3122.577,3122.027,3137.582,3078.644,19984248383.0,sz399006,PARSE_SINA_INDEX,2026-08-11T12:02:40
2025-11-13,3119.086,3201.754,3209.703,3107.623,20638393403.0,sz399006,PARSE_SINA_INDEX,2026-08-11T12:02:40
2025-11-14,3145.924,3111.507,3167.105,3111.507,20998312484.0,sz399006,PARSE_SINA_INDEX,2026-08-11T12:02:40
2025-11-17,3097.335,3105.203,3120.735,3082.234,21307476760.0,sz399006,PARSE_SINA_INDEX,2026-08-11T12:02:40
2025-11-18,3089.382,3069.219,3115.306,3052.636,22428895470.0,sz399006,PARSE_SINA_INDEX,2026-08-11T12:02:40
2025-11-19,3065.165,3076.845,3113.222,3061.963,20997810906.0,sz399006,PARSE_SINA_INDEX,2026-08-11T12:02:40
2025-11-20,3131.838,3042.341,3137.065,3039.377,19450267734.0,sz399006,PARSE_SINA_INDEX,2026-08-11T12:02:40
2025-11-21,2979.371,2920.078,2996.794,2920.039,24648637338.0,sz399006,PARSE_SINA_INDEX,2026-08-11T12:02:40
2025-11-24,2946.456,2929.043,2951.434,2892.274,21908590872.0,sz399006,PARSE_SINA_INDEX,2026-08-11T12:02:40
2025-11-25,2970.731,2980.934,3027.83,2961.932,22808738026.0,sz399006,PARSE_SINA_INDEX,2026-08-11T12:02:40
2025-11-26,2976.705,3044.695,3081.491,2962.992,21283321280.0,sz399006,PARSE_SINA_INDEX,2026-08-11T12:02:40
2025-11-27,3041.205,3031.296,3113.442,3027.305,19514288579.0,sz399006,PARSE_SINA_INDEX,2026-08-11T12:02:40
2025-11-28,3029.977,3052.587,3067.76,3013.494,18738179122.0,sz399006,PARSE_SINA_INDEX,2026-08-11T12:02:40
2025-12-01,3060.557,3092.499,3093.962,3037.688,21008205794.0,sz399006,PARSE_SINA_INDEX,2026-08-11T12:02:40
2025-12-02,3091.369,3071.149,3094.177,3056.362,19246524050.0,sz399006,PARSE_SINA_INDEX,2026-08-11T12:02:40
2025-12-03,3078.858,3036.786,3105.304,3028.696,19585191000.0,sz399006,PARSE_SINA_INDEX,2026-08-11T12:02:40
2025-12-04,3037.051,3067.484,3075.458,3016.579,17561563591.0,sz399006,PARSE_SINA_INDEX,2026-08-11T12:02:40
2025-12-05,3084.217,3109.297,3115.814,3048.943,18848488749.0,sz399006,PARSE_SINA_INDEX,2026-08-11T12:02:40
2025-12-08,3119.151,3190.269,3214.478,3119.151,21190777492.0,sz399006,PARSE_SINA_INDEX,2026-08-11T12:02:40
2025-12-09,3183.613,3209.603,3235.536,3175.506,19411787047.0,sz399006,PARSE_SINA_INDEX,2026-08-11T12:02:40
2025-12-10,3201.378,3209.004,3220.235,3143.415,18550766603.0,sz399006,PARSE_SINA_INDEX,2026-08-11T12:02:40
2025-12-11,3210.546,3163.675,3246.317,3163.675,19403941107.0,sz399006,PARSE_SINA_INDEX,2026-08-11T12:02:40
2025-12-12,3172.731,3194.359,3203.254,3137.625,20278545302.0,sz399006,PARSE_SINA_INDEX,2026-08-11T12:02:40
2025-12-15,3157.32,3137.801,3184.625,3135.663,18067347997.0,sz399006,PARSE_SINA_INDEX,2026-08-11T12:02:40
2025-12-16,3130.428,3071.762,3141.579,3058.792,18155089402.0,sz399006,PARSE_SINA_INDEX,2026-08-11T12:02:40
2025-12-17,3072.621,3175.908,3181.689,3072.621,18686832441.0,sz399006,PARSE_SINA_INDEX,2026-08-11T12:02:40
2025-12-18,3138.657,3107.065,3154.066,3107.065,16921874026.0,sz399006,PARSE_SINA_INDEX,2026-08-11T12:02:40
2025-12-19,3134.804,3122.238,3157.29,3112.032,17736191710.0,sz399006,PARSE_SINA_INDEX,2026-08-11T12:02:40
2025-12-22,3153.749,3191.985,3197.941,3153.749,17522753517.0,sz399006,PARSE_SINA_INDEX,2026-08-11T12:02:40
2025-12-23,3196.309,3205.011,3227.067,3184.534,18388058045.0,sz399006,PARSE_SINA_INDEX,2026-08-11T12:02:40
2025-12-24,3207.409,3229.577,3234.999,3193.967,18267504994.0,sz399006,PARSE_SINA_INDEX,2026-08-11T12:02:40
2025-12-25,3232.971,3239.343,3249.105,3200.492,19356999681.0,sz399006,PARSE_SINA_INDEX,2026-08-11T12:02:40
2025-12-26,3232.409,3243.876,3268.695,3219.131,21093462998.0,sz399006,PARSE_SINA_INDEX,2026-08-11T12:02:40
2025-12-29,3237.773,3222.611,3250.088,3208.076,19624276753.0,sz399006,PARSE_SINA_INDEX,2026-08-11T12:02:40
2025-12-30,3208.323,3242.905,3251.133,3207.729,20695328504.0,sz399006,PARSE_SINA_INDEX,2026-08-11T12:02:40
2025-12-31,3247.737,3203.172,3254.89,3198.248,20619816729.0,sz399006,PARSE_SINA_INDEX,2026-08-11T12:02:40
2026-01-05,3229.933,3294.551,3295.286,3229.933,26314261047.0,sz399006,PARSE_SINA_INDEX,2026-08-11T12:02:40
2026-01-06,3279.811,3319.292,3321.436,3265.729,27815065515.0,sz399006,PARSE_SINA_INDEX,2026-08-11T12:02:40
2026-01-07,3331.341,3329.693,3351.216,3298.553,27164105082.0,sz399006,PARSE_SINA_INDEX,2026-08-11T12:02:40
2026-01-08,3308.738,3302.307,3328.955,3285.164,28086491869.0,sz399006,PARSE_SINA_INDEX,2026-08-11T12:02:40
2026-01-09,3279.376,3327.813,3330.012,3269.993,33328063500.0,sz399006,PARSE_SINA_INDEX,2026-08-11T12:02:40
2026-01-12,3323.636,3388.341,3398.05,3282.389,40685183170.0,sz399006,PARSE_SINA_INDEX,2026-08-11T12:02:40
2026-01-13,3390.688,3321.889,3416.837,3307.631,41954770103.0,sz399006,PARSE_SINA_INDEX,2026-08-11T12:02:40
2026-01-14,3333.171,3349.138,3403.954,3308.627,43995841831.0,sz399006,PARSE_SINA_INDEX,2026-08-11T12:02:40
2026-01-15,3318.109,3367.917,3372.474,3309.062,30757654761.0,sz399006,PARSE_SINA_INDEX,2026-08-11T12:02:40
2026-01-16,3394.346,3361.017,3407.862,3354.649,29998155132.0,sz399006,PARSE_SINA_INDEX,2026-08-11T12:02:40
2026-01-19,3340.936,3337.608,3383.789,3326.134,25640521661.0,sz399006,PARSE_SINA_INDEX,2026-08-11T12:02:40
2026-01-20,3340.456,3277.979,3347.944,3257.435,26073148031.0,sz399006,PARSE_SINA_INDEX,2026-08-11T12:02:40
2026-01-21,3270.127,3295.523,3329.502,3270.127,23018590975.0,sz399006,PARSE_SINA_INDEX,2026-08-11T12:02:40
2026-01-22,3312.751,3328.647,3337.272,3280.317,23538932550.0,sz399006,PARSE_SINA_INDEX,2026-08-11T12:02:40
2026-01-23,3334.017,3349.503,3349.503,3316.654,29347937166.0,sz399006,PARSE_SINA_INDEX,2026-08-11T12:02:40
2026-01-26,3365.606,3319.149,3367.992,3304.356,31480672335.0,sz399006,PARSE_SINA_INDEX,2026-08-11T12:02:40
2026-01-27,3316.021,3342.599,3366.683,3277.257,26646005109.0,sz399006,PARSE_SINA_INDEX,2026-08-11T12:02:40
2026-01-28,3359.788,3323.562,3361.14,3301.048,25814224847.0,sz399006,PARSE_SINA_INDEX,2026-08-11T12:02:40
2026-01-29,3322.48,3304.51,3356.485,3298.588,29496322405.0,sz399006,PARSE_SINA_INDEX,2026-08-11T12:02:40
2026-01-30,3301.541,3346.355,3369.245,3255.648,26302631763.0,sz399006,PARSE_SINA_INDEX,2026-08-11T12:02:40
2026-02-02,3368.141,3264.111,3390.299,3262.122,23854360757.0,sz399006,PARSE_SINA_INDEX,2026-08-11T12:02:40
2026-02-03,3318.06,3324.892,3332.477,3249.061,23061644766.0,sz399006,PARSE_SINA_INDEX,2026-08-11T12:02:40
2026-02-04,3298.322,3311.515,3318.898,3244.711,23731292772.0,sz399006,PARSE_SINA_INDEX,2026-08-11T12:02:40
2026-02-05,3277.721,3260.278,3288.375,3238.784,20529520802.0,sz399006,PARSE_SINA_INDEX,2026-08-11T12:02:40
2026-02-06,3222.884,3236.464,3288.032,3199.144,20940122955.0,sz399006,PARSE_SINA_INDEX,2026-08-11T12:02:40
2026-02-09,3299.597,3332.77,3340.329,3276.567,23531193301.0,sz399006,PARSE_SINA_INDEX,2026-08-11T12:02:40
2026-02-10,3321.884,3320.537,3348.483,3320.537,24045837249.0,sz399006,PARSE_SINA_INDEX,2026-08-11T12:02:40
2026-02-11,3312.643,3284.735,3324.182,3284.239,22071512282.0,sz399006,PARSE_SINA_INDEX,2026-08-11T12:02:40
2026-02-12,3294.571,3328.063,3334.354,3292.677,22591739521.0,sz399006,PARSE_SINA_INDEX,2026-08-11T12:02:40
2026-02-13,3309.429,3275.958,3323.369,3275.289,20624958923.0,sz399006,PARSE_SINA_INDEX,2026-08-11T12:02:40
2026-02-24,3331.795,3308.265,3343.244,3292.5,22240405558.0,sz399006,PARSE_SINA_INDEX,2026-08-11T12:02:40
2026-02-25,3313.093,3354.819,3363.182,3302.759,23205479475.0,sz399006,PARSE_SINA_INDEX,2026-08-11T12:02:40
2026-02-26,3346.743,3344.982,3351.573,3310.554,25161974420.0,sz399006,PARSE_SINA_INDEX,2026-08-11T12:02:40
2026-02-27,3303.977,3310.305,3326.585,3292.892,24032083023.0,sz399006,PARSE_SINA_INDEX,2026-08-11T12:02:40
2026-03-02,3257.051,3294.161,3319.908,3257.051,27351491153.0,sz399006,PARSE_SINA_INDEX,2026-08-11T12:02:40
2026-03-03,3316.633,3209.482,3331.264,3206.615,28637119972.0,sz399006,PARSE_SINA_INDEX,2026-08-11T12:02:40
2026-03-04,3171.185,3164.371,3217.111,3149.412,21733186383.0,sz399006,PARSE_SINA_INDEX,2026-08-11T12:02:40
2026-03-05,3236.151,3216.939,3264.796,3194.956,24166948932.0,sz399006,PARSE_SINA_INDEX,2026-08-11T12:02:40
2026-03-06,3197.665,3229.302,3248.898,3177.871,22276622596.0,sz399006,PARSE_SINA_INDEX,2026-08-11T12:02:40
2026-03-09,3152.717,3208.582,3220.015,3111.883,25504546193.0,sz399006,PARSE_SINA_INDEX,2026-08-11T12:02:40
2026-03-10,3281.944,3306.141,3308.747,3272.99,23630427361.0,sz399006,PARSE_SINA_INDEX,2026-08-11T12:02:40
2026-03-11,3318.413,3349.529,3388.103,3318.413,23556722041.0,sz399006,PARSE_SINA_INDEX,2026-08-11T12:02:40
2026-03-12,3357.033,3317.522,3358.771,3286.767,22542505817.0,sz399006,PARSE_SINA_INDEX,2026-08-11T12:02:40
2026-03-13,3296.503,3310.278,3342.854,3296.114,22655297449.0,sz399006,PARSE_SINA_INDEX,2026-08-11T12:02:40
2026-03-16,3323.979,3357.022,3360.354,3284.048,20821772507.0,sz399006,PARSE_SINA_INDEX,2026-08-11T12:02:40
2026-03-17,3385.712,3280.059,3390.021,3279.875,20725685437.0,sz399006,PARSE_SINA_INDEX,2026-08-11T12:02:40
2026-03-18,3307.822,3346.365,3350.556,3274.26,19370269368.0,sz399006,PARSE_SINA_INDEX,2026-08-11T12:02:40
2026-03-19,3311.445,3309.103,3361.215,3295.453,19915356248.0,sz399006,PARSE_SINA_INDEX,2026-08-11T12:02:40
2026-03-20,3362.072,3352.103,3426.609,3348.7,22540163023.0,sz399006,PARSE_SINA_INDEX,2026-08-11T12:02:40
2026-03-23,3300.558,3235.221,3334.456,3214.819,23966917084.0,sz399006,PARSE_SINA_INDEX,2026-08-11T12:02:40
2026-03-24,3266.932,3251.545,3270.191,3155.271,20522547863.0,sz399006,PARSE_SINA_INDEX,2026-08-11T12:02:40
2026-03-25,3287.171,3316.971,3325.263,3278.726,20629018561.0,sz399006,PARSE_SINA_INDEX,2026-08-11T12:02:40
2026-03-26,3299.031,3272.488,3347.23,3263.996,18545832832.0,sz399006,PARSE_SINA_INDEX,2026-08-11T12:02:40
2026-03-27,3236.37,3295.88,3323.333,3228.411,16968830294.0,sz399006,PARSE_SINA_INDEX,2026-08-11T12:02:40
2026-03-30,3254.431,3273.355,3281.393,3224.599,17219385707.0,sz399006,PARSE_SINA_INDEX,2026-08-11T12:02:40
2026-03-31,3247.279,3184.952,3280.479,3184.952,17816826549.0,sz399006,PARSE_SINA_INDEX,2026-08-11T12:02:40
2026-04-01,3255.264,3247.523,3255.264,3206.802,18012365918.0,sz399006,PARSE_SINA_INDEX,2026-08-11T12:02:40
2026-04-02,3229.6,3172.649,3229.679,3155.13,17467543341.0,sz399006,PARSE_SINA_INDEX,2026-08-11T12:02:40
2026-04-03,3197.771,3149.596,3199.438,3149.153,16182688712.0,sz399006,PARSE_SINA_INDEX,2026-08-11T12:02:40
2026-04-07,3162.823,3160.816,3181.351,3133.779,14670427390.0,sz399006,PARSE_SINA_INDEX,2026-08-11T12:02:40
2026-04-08,3257.906,3347.61,3348.392,3243.782,22690229989.0,sz399006,PARSE_SINA_INDEX,2026-08-11T12:02:40
2026-04-09,3316.291,3323.299,3340.298,3301.646,19555590311.0,sz399006,PARSE_SINA_INDEX,2026-08-11T12:02:40
2026-04-10,3355.073,3448.787,3470.719,3354.765,20539106713.0,sz399006,PARSE_SINA_INDEX,2026-08-11T12:02:40
2026-04-13,3434.32,3476.44,3492.482,3434.32,18001313969.0,sz399006,PARSE_SINA_INDEX,2026-08-11T12:02:40
2026-04-14,3507.11,3558.527,3560.302,3493.368,20096606164.0,sz399006,PARSE_SINA_INDEX,2026-08-11T12:02:40
2026-04-15,3596.079,3514.96,3599.979,3491.451,20315993310.0,sz399006,PARSE_SINA_INDEX,2026-08-11T12:02:40
2026-04-16,3531.261,3626.271,3629.422,3518.358,21219301035.0,sz399006,PARSE_SINA_INDEX,2026-08-11T12:02:40
2026-04-17,3643.153,3678.293,3685.098,3620.328,21364787944.0,sz399006,PARSE_SINA_INDEX,2026-08-11T12:02:40
2026-04-20,3657.348,3677.576,3696.26,3642.807,21559884372.0,sz399006,PARSE_SINA_INDEX,2026-08-11T12:02:40
2026-04-21,3662.259,3688.937,3695.742,3619.485,19671006859.0,sz399006,PARSE_SINA_INDEX,2026-08-11T12:02:40
2026-04-22,3660.42,3752.759,3755.751,3660.085,20832548977.0,sz399006,PARSE_SINA_INDEX,2026-08-11T12:02:40
2026-04-23,3769.019,3720.247,3785.23,3681.571,23455411380.0,sz399006,PARSE_SINA_INDEX,2026-08-11T12:02:40
2026-04-24,3682.499,3667.785,3699.939,3624.995,22796018188.0,sz399006,PARSE_SINA_INDEX,2026-08-11T12:02:40
2026-04-27,3677.89,3648.788,3686.943,3640.115,21594188735.0,sz399006,PARSE_SINA_INDEX,2026-08-11T12:02:40
2026-04-28,3623.49,3596.712,3636.934,3580.389,21883402468.0,sz399006,PARSE_SINA_INDEX,2026-08-11T12:02:40
2026-04-29,3578.423,3687.168,3692.206,3578.423,21500240214.0,sz399006,PARSE_SINA_INDEX,2026-08-11T12:02:40
2026-04-30,3704.109,3677.148,3718.399,3660.219,20180814133.0,sz399006,PARSE_SINA_INDEX,2026-08-11T12:02:40
2026-05-06,3760.671,3778.159,3815.07,3724.527,24988027312.0,sz399006,PARSE_SINA_INDEX,2026-08-11T12:02:40
2026-05-07,3807.99,3833.057,3840.055,3761.232,25231311943.0,sz399006,PARSE_SINA_INDEX,2026-08-11T12:02:40
2026-05-08,3792.042,3796.128,3840.156,3787.174,24287398220.0,sz399006,PARSE_SINA_INDEX,2026-08-11T12:02:40
2026-05-11,3829.608,3928.974,3937.874,3797.498,26404616003.0,sz399006,PARSE_SINA_INDEX,2026-08-11T12:02:40
2026-05-12,3947.137,3934.882,3954.991,3897.817,24703507786.0,sz399006,PARSE_SINA_INDEX,2026-08-11T12:02:40
2026-05-13,3900.737,4038.333,4041.989,3893.803,24807207033.0,sz399006,PARSE_SINA_INDEX,2026-08-11T12:02:40
2026-05-14,4087.851,3951.14,4090.422,3937.601,25032317176.0,sz399006,PARSE_SINA_INDEX,2026-08-11T12:02:40
2026-05-15,3957.738,3929.064,4002.727,3870.374,24556981859.0,sz399006,PARSE_SINA_INDEX,2026-08-11T12:02:40
2026-05-18,3895.068,3914.875,3961.156,3883.405,21764693581.0,sz399006,PARSE_SINA_INDEX,2026-08-11T12:02:40
2026-05-19,3894.001,3908.438,3918.307,3808.47,22348130376.0,sz399006,PARSE_SINA_INDEX,2026-08-11T12:02:40
2026-05-20,3889.679,3921.789,3947.22,3887.155,22260561647.0,sz399006,PARSE_SINA_INDEX,2026-08-11T12:02:40
2026-05-21,3962.303,3829.779,4017.809,3827.516,26552874188.0,sz399006,PARSE_SINA_INDEX,2026-08-11T12:02:40
2026-05-22,3875.813,3938.502,3948.989,3856.207,21429015141.0,sz399006,PARSE_SINA_INDEX,2026-08-11T12:02:40
2026-05-25,3974.975,4021.16,4022.737,3905.695,23145781457.0,sz399006,PARSE_SINA_INDEX,2026-08-11T12:02:40
2026-05-26,4003.133,4043.066,4057.369,3985.513,22809212733.0,sz399006,PARSE_SINA_INDEX,2026-08-11T12:02:40
2026-05-27,4053.675,4045.773,4148.234,4015.65,22412918557.0,sz399006,PARSE_SINA_INDEX,2026-08-11T12:02:40
2026-05-28,4042.078,4125.075,4135.375,3971.719,20779648537.0,sz399006,PARSE_SINA_INDEX,2026-08-11T12:02:40
2026-05-29,4141.914,4037.951,4158.694,4010.119,23341375890.0,sz399006,PARSE_SINA_INDEX,2026-08-11T12:02:40
2026-06-01,4057.393,3950.943,4081.418,3942.683,21079880879.0,sz399006,PARSE_SINA_INDEX,2026-08-11T12:02:40
2026-06-02,3987.406,4055.871,4083.925,3946.108,20391572781.0,sz399006,PARSE_SINA_INDEX,2026-08-11T12:02:40
2026-06-03,4089.02,4122.987,4218.331,4063.205,21892584780.0,sz399006,PARSE_SINA_INDEX,2026-08-11T12:02:40
2026-06-04,4072.549,4088.884,4114.237,4051.146,20272486985.0,sz399006,PARSE_SINA_INDEX,2026-08-11T12:02:40
2026-06-05,4079.952,3957.935,4105.21,3933.065,22873202312.0,sz399006,PARSE_SINA_INDEX,2026-08-11T12:02:40
2026-06-08,3820.231,3811.785,3903.774,3776.927,22833641435.0,sz399006,PARSE_SINA_INDEX,2026-08-11T12:02:40
2026-06-09,3865.693,3961.749,3962.898,3823.76,20975558495.0,sz399006,PARSE_SINA_INDEX,2026-08-11T12:02:40
2026-06-10,3897.73,3854.793,3928.36,3818.312,20394708661.0,sz399006,PARSE_SINA_INDEX,2026-08-11T12:02:40
2026-06-11,3839.187,3811.246,3910.278,3755.613,19846534095.0,sz399006,PARSE_SINA_INDEX,2026-08-11T12:02:40
2026-06-12,3921.089,3830.353,3921.535,3822.422,23024609971.0,sz399006,PARSE_SINA_INDEX,2026-08-11T12:02:40
2026-06-15,3896.167,4033.535,4033.535,3844.08,22126900284.0,sz399006,PARSE_SINA_INDEX,2026-08-11T12:02:40
2026-06-16,4065.271,4102.942,4142.433,4053.878,22590511467.0,sz399006,PARSE_SINA_INDEX,2026-08-11T12:02:40
2026-06-17,4061.297,4167.048,4168.165,4058.614,22186156810.0,sz399006,PARSE_SINA_INDEX,2026-08-11T12:02:40
2026-06-18,4153.621,4252.39,4272.008,4153.621,22655993767.0,sz399006,PARSE_SINA_INDEX,2026-08-11T12:02:40
2026-06-22,4272.988,4359.392,4359.392,4229.315,27234600246.0,sz399006,PARSE_SINA_INDEX,2026-08-11T12:02:40
2026-06-23,4343.875,4192.194,4350.063,4159.476,24585896693.0,sz399006,PARSE_SINA_INDEX,2026-08-11T12:02:40
2026-06-24,4181.906,4251.424,4257.25,4161.581,23249470821.0,sz399006,PARSE_SINA_INDEX,2026-08-11T12:02:40
2026-06-25,4278.339,4371.989,4380.413,4242.863,24652288136.0,sz399006,PARSE_SINA_INDEX,2026-08-11T12:02:40
2026-06-26,4319.409,4194.209,4328.7,4175.377,24093147333.0,sz399006,PARSE_SINA_INDEX,2026-08-11T12:02:40
2026-06-29,4200.674,4216.699,4265.463,4103.633,24357140946.0,sz399006,PARSE_SINA_INDEX,2026-08-11T12:02:40
2026-06-30,4217.633,4342.712,4353.105,4205.742,22318593200.0,sz399006,PARSE_SINA_INDEX,2026-08-11T12:02:40
2026-07-01,4336.161,4260.721,4361.825,4222.223,26490099989.0,sz399006,PARSE_SINA_INDEX,2026-08-11T12:02:40
2026-07-02,4135.342,4017.273,4168.873,3999.567,24955456817.0,sz399006,PARSE_SINA_INDEX,2026-08-11T12:02:40
2026-07-03,4010.819,4019.934,4115.628,3985.363,22845319540.0,sz399006,PARSE_SINA_INDEX,2026-08-11T12:02:40
2026-07-06,4050.876,3948.86,4063.631,3903.478,21657677145.0,sz399006,PARSE_SINA_INDEX,2026-08-11T12:02:40
2026-07-07,3931.439,3911.907,3976.114,3859.426,18580698368.0,sz399006,PARSE_SINA_INDEX,2026-08-11T12:02:40
2026-07-08,3932.42,3845.351,3965.388,3824.33,19257204922.0,sz399006,PARSE_SINA_INDEX,2026-08-11T12:02:40
2026-07-09,3892.123,4018.174,4025.316,3812.655,20837813552.0,sz399006,PARSE_SINA_INDEX,2026-08-11T12:02:40
2026-07-10,4041.859,3842.731,4060.533,3842.347,24825417598.0,sz399006,PARSE_SINA_INDEX,2026-08-11T12:02:40
2026-07-13,3809.858,3723.517,3855.753,3691.232,21989517615.0,sz399006,PARSE_SINA_INDEX,2026-08-11T12:02:40
2026-07-14,3729.613,3851.137,3855.035,3673.958,19614651747.0,sz399006,PARSE_SINA_INDEX,2026-08-11T12:02:40
2026-07-15,3879.766,3804.704,3905.312,3794.344,19725276324.0,sz399006,PARSE_SINA_INDEX,2026-08-11T12:02:40
2026-07-16,3710.507,3692.457,3796.346,3658.068,19845656291.0,sz399006,PARSE_SINA_INDEX,2026-08-11T12:02:40
2026-07-17,3642.057,3428.63,3642.057,3387.26,23022124305.0,sz399006,PARSE_SINA_INDEX,2026-08-11T12:02:40
2026-07-20,3504.116,3443.102,3550.594,3338.213,23717409929.0,sz399006,PARSE_SINA_INDEX,2026-08-11T12:02:40
2026-07-21,3469.223,3685.969,3687.147,3373.04,25892240565.0,sz399006,PARSE_SINA_INDEX,2026-08-11T12:02:40
2026-07-22,3644.976,3566.732,3694.9,3553.367,20583391854.0,sz399006,PARSE_SINA_INDEX,2026-08-11T12:02:40
2026-07-23,3596.735,3575.52,3621.728,3538.106,18176633354.0,sz399006,PARSE_SINA_INDEX,2026-08-11T12:02:40
2026-07-24,3515.504,3480.87,3561.35,3480.87,16879360665.0,sz399006,PARSE_SINA_INDEX,2026-08-11T12:02:40
2026-07-27,3482.045,3590.787,3592.1,3449.205,17522739402.0,sz399006,PARSE_SINA_INDEX,2026-08-11T12:02:40
2026-07-28,3478.864,3327.03,3511.7,3312.305,17470804162.0,sz399006,PARSE_SINA_INDEX,2026-08-11T12:02:40
2026-07-29,3333.481,3378.696,3411.032,3249.647,20104472035.0,sz399006,PARSE_SINA_INDEX,2026-08-11T12:02:40
2026-07-30,3331.321,3244.618,3353.81,3158.139,20383641844.0,sz399006,PARSE_SINA_INDEX,2026-08-11T12:02:40
2026-07-31,3411.612,3343.964,3464.897,3343.964,23617094508.0,sz399006,PARSE_SINA_INDEX,2026-08-11T12:02:40
2026-08-03,3320.093,3302.553,3342.173,3280.843,18772097180.0,sz399006,PARSE_SINA_INDEX,2026-08-11T12:02:40
2026-08-04,3353.512,3488.966,3510.512,3342.406,21110662267.0,sz399006,PARSE_SINA_INDEX,2026-08-11T12:02:40
2026-08-05,3372.082,3535.143,3584.062,3372.042,22649535325.0,sz399006,PARSE_SINA_INDEX,2026-08-11T12:02:40
2026-08-06,3472.146,3515.56,3574.406,3444.358,21880724664.0,sz399006,PARSE_SINA_INDEX,2026-08-11T12:02:40
2026-08-07,3537.44,3563.116,3613.871,3507.615,22997743476.0,sz399006,PARSE_SINA_INDEX,2026-08-11T12:02:40
2026-08-10,3567.046,3537.214,3575.589,3470.953,20898630208.0,sz399006,PARSE_SINA_INDEX,2026-08-11T12:02:40
2026-08-11,3533.894,3549.164,3601.59,3517.572,19075507613.0,sz399006,PARSE_SINA_INDEX,2026-08-11T12:02:40
