strategy_id,total_return,annualized_return,max_drawdown,sharpe,calmar,exposure_ratio,trade_count,avg_holding_days,win_rate,avg_trade_return,max_single_loss,max_consecutive_losses
buy_and_hold_csi300,0.21305257044447212,0.03130409335891415,-0.45602619548225565,0.25777567670566837,0.06864538412274657,1.0,1,1579.0,,0.21305257044447212,,
monthly_dca_csi300,0.15563105326273363,0.023353338413755642,-0.430753445534961,0.21668997969033268,0.05421509370575709,1.0,76,,,,,
rt65_fixed20,0.5145405628183415,0.06849347415925133,-0.1691414603914494,0.5731345556908357,0.4049478702663128,0.3027232425585814,23,20.782608695652176,0.6521739130434783,0.02061136867691938,-0.06028417621143315,3.0
rt75_fixed20,0.37260369180827557,0.051844344606059245,-0.14983334522962533,0.6397113761821718,0.3460133959273605,0.11969601013299556,9,21.0,0.7777777777777778,0.03757770662817666,-0.05218463654126274,2.0
rt65_not5low_fixed20,0.18846294285042386,0.027938920647109233,-0.18585674915245032,0.30918909814231976,0.1503250259918844,0.16339455351488283,13,19.846153846153847,0.5384615384615384,0.013012209392326779,-0.07295578931627114,4.0
final_optimized_s017728,1.0375315521234585,0.12029244891896695,-0.08719956332143966,,1.3795074692695253,0.1519949335022166,48,5.0,0.6666666666666666,0.015630424149756256,-0.05472727186631191,3.0
