{
  "mode": "combined_flex_v2",
  "label_cn": "组合 Flex v2（日度路径+换仓成本+代理亏损惩罚）",
  "default_mode": "aggressive",
  "hold_days_core": 5,
  "hold_days_sat": "3-8",
  "execution": "T 收盘信号 → T+1 开盘",
  "backtest_protocol": {
    "price_path": "entry open → daily close path → exit open; no endpoint smoothing",
    "cost": "target-weight turnover × one-way bps; entries, exits and rebalances all counted",
    "proxy": "proxy gains are discounted; proxy losses are amplified by the same factor",
    "observe": "observe-only satellite sleeve uses 0.25 production scale",
    "oos": "independent simulation starts flat on 2024-01-01"
  },
  "core_only": {
    "total_return": 0.51647525032459,
    "ann_return": 0.0681314126421444,
    "max_dd": -0.14233373528028948,
    "win_rate": 0.6530612244897959,
    "trade_count": 49
  },
  "conservative": {
    "note": "对照口径；总暴露 capped；同一日度路径与成本模型",
    "full_sample": {
      "total_return": 0.9783989831224873,
      "ann_return": 0.11404813492203703,
      "max_dd": -0.12222177561250269,
      "win_rate": 0.610236220472441,
      "trade_count": 254,
      "sharpe": 1.2798173038814442,
      "turnover": 171.20000000000002
    },
    "oos": {
      "total_return": 0.3481714696997269,
      "ann_return": 0.12999768591867067,
      "max_dd": -0.06925871770524128,
      "win_rate": 0.6078431372549019,
      "trade_count": 102,
      "turnover": 69.19999999999999
    }
  },
  "aggressive": {
    "note": "生产进取模式；单仓满仓、双仓60/40；含换仓成本",
    "full_sample": {
      "total_return": 2.880062967666079,
      "ann_return": 0.23939045618527155,
      "max_dd": -0.17481732981157716,
      "win_rate": 0.610236220472441,
      "trade_count": 254,
      "sharpe": 1.1434451612304664,
      "turnover": 499.80000000000007
    },
    "oos": {
      "total_return": 0.9907389652989664,
      "ann_return": 0.32533003082378786,
      "max_dd": -0.15755975615500284,
      "win_rate": 0.6078431372549019,
      "trade_count": 102,
      "turnover": 198.6
    }
  },
  "cost_stress": {
    "base_bps_one_way": 1,
    "stress_15bps": {
      "conservative": {
        "total_return": 0.556814408600323,
        "ann_return": 0.07257939579965766,
        "max_dd": -0.1341005014322998,
        "win_rate": 0.610236220472441,
        "trade_count": 254,
        "sharpe": 0.8448486040277149,
        "turnover": 171.20000000000002
      },
      "aggressive": {
        "total_return": 0.9273985823802298,
        "ann_return": 0.10945210780167458,
        "max_dd": -0.19773969411770442,
        "win_rate": 0.610236220472441,
        "trade_count": 254,
        "sharpe": 0.6058539240788746,
        "turnover": 499.80000000000007
      }
    },
    "stress_30bps": {
      "conservative": {
        "total_return": 0.20409705633858866,
        "ann_return": 0.029835895996314976,
        "max_dd": -0.1474894390925936,
        "win_rate": 0.610236220472441,
        "trade_count": 254,
        "sharpe": 0.37887727652106856,
        "turnover": 171.20000000000002
      },
      "aggressive": {
        "total_return": -0.09030992570612217,
        "ann_return": -0.014870815481168309,
        "max_dd": -0.3891851838497422,
        "win_rate": 0.610236220472441,
        "trade_count": 254,
        "sharpe": 0.03132799173032477,
        "turnover": 499.80000000000007
      }
    },
    "etf_haircut_note": "proxy 正收益折扣、负收益放大 / weak 剔除；行业指数≠ETF"
  },
  "caveat_cn": "板块用行业指数代理；弱代理不进默认篮子；回测已计入日度路径、换仓成本和代理亏损惩罚。",
  "scenarios": [
    {
      "mode": "conservative",
      "cost_label": "base_1bps",
      "ann_return": 0.11404813492203703,
      "max_dd": -0.12222177561250269,
      "win_rate": 0.610236220472441,
      "trade_count": 254,
      "turnover": 171.20000000000002
    },
    {
      "mode": "conservative",
      "cost_label": "stress_15bps",
      "ann_return": 0.07257939579965766,
      "max_dd": -0.1341005014322998,
      "win_rate": 0.610236220472441,
      "trade_count": 254,
      "turnover": 171.20000000000002
    },
    {
      "mode": "conservative",
      "cost_label": "stress_30bps",
      "ann_return": 0.029835895996314976,
      "max_dd": -0.1474894390925936,
      "win_rate": 0.610236220472441,
      "trade_count": 254,
      "turnover": 171.20000000000002
    },
    {
      "mode": "aggressive",
      "cost_label": "base_1bps",
      "ann_return": 0.23939045618527155,
      "max_dd": -0.17481732981157716,
      "win_rate": 0.610236220472441,
      "trade_count": 254,
      "turnover": 499.80000000000007
    },
    {
      "mode": "aggressive",
      "cost_label": "stress_15bps",
      "ann_return": 0.10945210780167458,
      "max_dd": -0.19773969411770442,
      "win_rate": 0.610236220472441,
      "trade_count": 254,
      "turnover": 499.80000000000007
    },
    {
      "mode": "aggressive",
      "cost_label": "stress_30bps",
      "ann_return": -0.014870815481168309,
      "max_dd": -0.3891851838497422,
      "win_rate": 0.610236220472441,
      "trade_count": 254,
      "turnover": 499.80000000000007
    }
  ]
}