{
  "mode": "combined_flex_v2",
  "label_cn": "组合 Flex v2（日度路径+换仓成本+代理亏损惩罚）",
  "default_mode": "aggressive",
  "hold_days_core": 5,
  "hold_days_sat": "3-8",
  "satellite_stop_loss": -0.03,
  "satellite_take_profit": 0.04,
  "execution": "T 收盘信号 → T+1 开盘",
  "backtest_protocol": {
    "price_path": "entry open → daily close path → exit open; no endpoint smoothing",
    "cost": "target-weight turnover × one-way bps; entries, exits and rebalances all counted",
    "proxy": "proxy gains are discounted; proxy losses are amplified by the same factor",
    "observe": "observe-only satellite sleeve uses 0.25 production scale",
    "satellite_risk_exit": "after min hold, close satellite when basket return <= -3% or >= 4%",
    "oos": "independent simulation starts flat on 2024-01-01"
  },
  "core_only": {
    "total_return": 0.51647525032459,
    "ann_return": 0.0681314126421444,
    "max_dd": -0.14233373528028948,
    "win_rate": 0.6530612244897959,
    "trade_count": 49
  },
  "conservative": {
    "note": "对照口径；总暴露 capped；同一日度路径与成本模型",
    "full_sample": {
      "total_return": 1.2612891670616873,
      "ann_return": 0.13786710862795348,
      "max_dd": -0.13230407193901617,
      "win_rate": 0.5985401459854015,
      "trade_count": 274,
      "sharpe": 1.5294260244615356,
      "turnover": 183.5
    },
    "oos": {
      "total_return": 0.4620854676257353,
      "ann_return": 0.16812375690624304,
      "max_dd": -0.04604594479551205,
      "win_rate": 0.6146788990825688,
      "trade_count": 109,
      "turnover": 73.7
    }
  },
  "aggressive": {
    "note": "生产进取模式；单仓满仓、双仓60/40；卫星-3%止损/+4%止盈；含换仓成本",
    "full_sample": {
      "total_return": 5.061807345418504,
      "ann_return": 0.3300844972142787,
      "max_dd": -0.18124620927171275,
      "win_rate": 0.5985401459854015,
      "trade_count": 274,
      "sharpe": 1.5363467519369218,
      "turnover": 526.2
    },
    "oos": {
      "total_return": 1.4488242941532836,
      "ann_return": 0.44251065081394425,
      "max_dd": -0.13385848042693038,
      "win_rate": 0.6146788990825688,
      "trade_count": 109,
      "turnover": 210.6
    }
  },
  "cost_stress": {
    "base_bps_one_way": 1,
    "stress_15bps": {
      "conservative": {
        "total_return": 0.7490046862221784,
        "ann_return": 0.09252588885502644,
        "max_dd": -0.14548472252434907,
        "win_rate": 0.5985401459854015,
        "trade_count": 274,
        "sharpe": 1.0595944329268177,
        "turnover": 183.5
      },
      "aggressive": {
        "total_return": 1.9010459932098005,
        "ann_return": 0.18363675848744654,
        "max_dd": -0.21188519564274932,
        "win_rate": 0.5985401459854015,
        "trade_count": 274,
        "sharpe": 0.9455661328130309,
        "turnover": 526.2
      }
    },
    "stress_30bps": {
      "conservative": {
        "total_return": 0.32796676221438736,
        "ann_return": 0.04592244349533825,
        "max_dd": -0.15939501260644273,
        "win_rate": 0.5985401459854015,
        "trade_count": 274,
        "sharpe": 0.5568926154649223,
        "turnover": 183.5
      },
      "aggressive": {
        "total_return": 0.31560323145909686,
        "ann_return": 0.04437498022522002,
        "max_dd": -0.3739751655360495,
        "win_rate": 0.5985401459854015,
        "trade_count": 274,
        "sharpe": 0.31610849994896595,
        "turnover": 526.2
      }
    },
    "etf_haircut_note": "proxy 正收益折扣、负收益放大 / weak 剔除；行业指数≠ETF"
  },
  "caveat_cn": "板块用行业指数代理；弱代理不进默认篮子；卫星按-3%止损/+4%止盈；回测已计入日度路径、换仓成本和代理亏损惩罚。",
  "scenarios": [
    {
      "mode": "conservative",
      "cost_label": "base_1bps",
      "ann_return": 0.13786710862795348,
      "max_dd": -0.13230407193901617,
      "win_rate": 0.5985401459854015,
      "trade_count": 274,
      "turnover": 183.5
    },
    {
      "mode": "conservative",
      "cost_label": "stress_15bps",
      "ann_return": 0.09252588885502644,
      "max_dd": -0.14548472252434907,
      "win_rate": 0.5985401459854015,
      "trade_count": 274,
      "turnover": 183.5
    },
    {
      "mode": "conservative",
      "cost_label": "stress_30bps",
      "ann_return": 0.04592244349533825,
      "max_dd": -0.15939501260644273,
      "win_rate": 0.5985401459854015,
      "trade_count": 274,
      "turnover": 183.5
    },
    {
      "mode": "aggressive",
      "cost_label": "base_1bps",
      "ann_return": 0.3300844972142787,
      "max_dd": -0.18124620927171275,
      "win_rate": 0.5985401459854015,
      "trade_count": 274,
      "turnover": 526.2
    },
    {
      "mode": "aggressive",
      "cost_label": "stress_15bps",
      "ann_return": 0.18363675848744654,
      "max_dd": -0.21188519564274932,
      "win_rate": 0.5985401459854015,
      "trade_count": 274,
      "turnover": 526.2
    },
    {
      "mode": "aggressive",
      "cost_label": "stress_30bps",
      "ann_return": 0.04437498022522002,
      "max_dd": -0.3739751655360495,
      "win_rate": 0.5985401459854015,
      "trade_count": 274,
      "turnover": 526.2
    }
  ]
}