{
  "mode": "combined_flex_v2",
  "label_cn": "组合 Flex v2（状态机+质量降权+成本压力）",
  "default_mode": "conservative",
  "hold_days_core": 5,
  "hold_days_sat": "3-8",
  "execution": "T 收盘信号 → T+1 开盘",
  "core_only": {
    "total_return": 0.9311755302620011,
    "ann_return": 0.11030668153713585,
    "max_dd": -0.10539504803016231,
    "win_rate": 0.673469387755102,
    "trade_count": 49
  },
  "conservative": {
    "note": "默认推荐；总暴露 capped；质量 haircut；事件退出",
    "full_sample": {
      "total_return": 1.2880963956727345,
      "ann_return": 0.1406516011342247,
      "max_dd": -0.08274816867301671,
      "win_rate": 0.6284584980237155,
      "trade_count": 253,
      "sharpe": 3.420168316431982
    },
    "oos": {
      "total_return": 0.6042942671047487,
      "ann_return": 0.216032316181906,
      "max_dd": -0.05768008782564926,
      "win_rate": 0.6372549019607843,
      "trade_count": 102
    }
  },
  "aggressive": {
    "note": "单仓满仓 Flex；收益偏高、换手大",
    "full_sample": {
      "total_return": 6.110131140348363,
      "ann_return": 0.3659678515384652,
      "max_dd": -0.13911575406640908,
      "win_rate": 0.6284584980237155,
      "trade_count": 253,
      "sharpe": 3.595570114994643
    },
    "oos": {
      "total_return": 2.007764161540674,
      "ann_return": 0.577226183022479,
      "max_dd": -0.12747581009076858,
      "win_rate": 0.6372549019607843,
      "trade_count": 102
    }
  },
  "cost_stress": {
    "base_bps_one_way": 1,
    "stress_15bps": {
      "conservative": {
        "total_return": 0.8043879803897811,
        "ann_return": 0.09838358103226374,
        "max_dd": -0.0953379115412808,
        "win_rate": 0.6007905138339921,
        "trade_count": 253,
        "sharpe": 2.469342140365624
      },
      "aggressive": {
        "total_return": 2.85757794255057,
        "ann_return": 0.23941997213233046,
        "max_dd": -0.1707596299487838,
        "win_rate": 0.6007905138339921,
        "trade_count": 253,
        "sharpe": 2.505046525809773
      }
    },
    "stress_30bps": {
      "conservative": {
        "total_return": 0.3991304245532592,
        "ann_return": 0.054848460857823245,
        "max_dd": -0.11025760506693971,
        "win_rate": 0.5612648221343873,
        "trade_count": 253,
        "sharpe": 1.424246940619139
      },
      "aggressive": {
        "total_return": 1.0035185137900537,
        "ann_return": 0.11681769961024102,
        "max_dd": -0.20343115348061913,
        "win_rate": 0.5612648221343873,
        "trade_count": 253,
        "sharpe": 1.3159926954767902
      }
    },
    "etf_haircut_note": "proxy×0.85 收益折扣 / weak 剔除；行业指数≠ETF"
  },
  "caveat_cn": "板块用行业指数代理；弱代理不进默认篮子；实盘收益应低于回测。基线单边成本 1bp。",
  "scenarios": [
    {
      "mode": "conservative",
      "cost_label": "base_1bps",
      "ann_return": 0.1406516011342247,
      "max_dd": -0.08274816867301671,
      "win_rate": 0.6284584980237155,
      "trade_count": 253
    },
    {
      "mode": "conservative",
      "cost_label": "stress_15bps",
      "ann_return": 0.09838358103226374,
      "max_dd": -0.0953379115412808,
      "win_rate": 0.6007905138339921,
      "trade_count": 253
    },
    {
      "mode": "conservative",
      "cost_label": "stress_30bps",
      "ann_return": 0.054848460857823245,
      "max_dd": -0.11025760506693971,
      "win_rate": 0.5612648221343873,
      "trade_count": 253
    },
    {
      "mode": "aggressive",
      "cost_label": "base_1bps",
      "ann_return": 0.3659678515384652,
      "max_dd": -0.13911575406640908,
      "win_rate": 0.6284584980237155,
      "trade_count": 253
    },
    {
      "mode": "aggressive",
      "cost_label": "stress_15bps",
      "ann_return": 0.23941997213233046,
      "max_dd": -0.1707596299487838,
      "win_rate": 0.6007905138339921,
      "trade_count": 253
    },
    {
      "mode": "aggressive",
      "cost_label": "stress_30bps",
      "ann_return": 0.11681769961024102,
      "max_dd": -0.20343115348061913,
      "win_rate": 0.5612648221343873,
      "trade_count": 253
    }
  ]
}