trade_date,risk_temperature,regime,regime_cn,quality,model_confidence,model_missing_components
2019-12-23,47.6,CAUTION,警戒,WARN_BREADTH_MISSING|WARN_NOT_BRACKET_30D,62.0,REALIZED_VOL|DRAWDOWN|BREADTH|TURNOVER
2019-12-24,56.0,CAUTION,警戒,WARN_BREADTH_MISSING|WARN_NOT_BRACKET_30D,62.0,REALIZED_VOL|DRAWDOWN|BREADTH|TURNOVER
2019-12-25,56.0,CAUTION,警戒,WARN_BREADTH_MISSING|WARN_NOT_BRACKET_30D,62.0,REALIZED_VOL|DRAWDOWN|BREADTH|TURNOVER
2019-12-26,56.0,CAUTION,警戒,WARN_BREADTH_MISSING|WARN_NOT_BRACKET_30D,62.0,REALIZED_VOL|DRAWDOWN|BREADTH|TURNOVER
2019-12-27,56.0,CAUTION,警戒,WARN_BREADTH_MISSING|WARN_NOT_BRACKET_30D,62.0,REALIZED_VOL|DRAWDOWN|BREADTH|TURNOVER
2019-12-30,56.3,CAUTION,警戒,WARN_BREADTH_MISSING|WARN_NOT_BRACKET_30D,62.0,REALIZED_VOL|DRAWDOWN|BREADTH|TURNOVER
2019-12-31,58.2,CAUTION,警戒,WARN_BREADTH_MISSING|WARN_NOT_BRACKET_30D,62.0,REALIZED_VOL|DRAWDOWN|BREADTH|TURNOVER
2020-01-02,60.0,HIGH_RISK,高风险,WARN_BREADTH_MISSING|WARN_NOT_BRACKET_30D,62.0,REALIZED_VOL|DRAWDOWN|BREADTH|TURNOVER
2020-01-03,60.0,HIGH_RISK,高风险,WARN_BREADTH_MISSING|WARN_NOT_BRACKET_30D,62.0,REALIZED_VOL|DRAWDOWN|BREADTH|TURNOVER
2020-01-06,51.6,CAUTION,警戒,WARN_BREADTH_MISSING|WARN_NOT_BRACKET_30D,62.0,REALIZED_VOL|DRAWDOWN|BREADTH|TURNOVER
2020-01-07,59.5,CAUTION,警戒,WARN_BREADTH_MISSING|WARN_NOT_BRACKET_30D,62.0,REALIZED_VOL|DRAWDOWN|BREADTH|TURNOVER
2020-01-08,49.7,CAUTION,警戒,WARN_BREADTH_MISSING|WARN_NOT_BRACKET_30D,62.0,REALIZED_VOL|DRAWDOWN|BREADTH|TURNOVER
2020-01-09,56.0,CAUTION,警戒,WARN_BREADTH_MISSING|WARN_NOT_BRACKET_30D,62.0,REALIZED_VOL|DRAWDOWN|BREADTH|TURNOVER
2020-01-10,55.6,CAUTION,警戒,WARN_BREADTH_MISSING|WARN_NOT_BRACKET_30D,62.0,REALIZED_VOL|DRAWDOWN|BREADTH|TURNOVER
2020-01-13,54.5,CAUTION,警戒,WARN_BREADTH_MISSING|WARN_NOT_BRACKET_30D,62.0,REALIZED_VOL|DRAWDOWN|BREADTH|TURNOVER
2020-01-14,54.0,CAUTION,警戒,WARN_BREADTH_MISSING|WARN_NOT_BRACKET_30D,62.0,REALIZED_VOL|DRAWDOWN|BREADTH|TURNOVER
2020-01-15,54.0,CAUTION,警戒,WARN_BREADTH_MISSING|WARN_NOT_BRACKET_30D,62.0,REALIZED_VOL|DRAWDOWN|BREADTH|TURNOVER
2020-01-16,53.8,CAUTION,警戒,WARN_BREADTH_MISSING|WARN_NOT_BRACKET_30D,62.0,REALIZED_VOL|DRAWDOWN|BREADTH|TURNOVER
2020-01-17,53.4,CAUTION,警戒,WARN_BREADTH_MISSING|WARN_NOT_BRACKET_30D,62.0,REALIZED_VOL|DRAWDOWN|BREADTH|TURNOVER
2020-01-20,45.7,CAUTION,警戒,WARN_BREADTH_MISSING|WARN_NOT_BRACKET_30D,62.0,REALIZED_VOL|DRAWDOWN|BREADTH|TURNOVER
2020-01-21,51.2,CAUTION,警戒,WARN_BREADTH_MISSING|WARN_NOT_BRACKET_30D,62.0,REALIZED_VOL|DRAWDOWN|BREADTH|TURNOVER
2020-01-22,47.6,CAUTION,警戒,WARN_BREADTH_MISSING,62.0,REALIZED_VOL|DRAWDOWN|BREADTH|TURNOVER
2020-01-23,51.6,CAUTION,警戒,WARN_BREADTH_MISSING,62.0,REALIZED_VOL|DRAWDOWN|BREADTH|TURNOVER
2020-02-03,55.2,CAUTION,警戒,WARN_BREADTH_MISSING,62.0,REALIZED_VOL|DRAWDOWN|BREADTH|TURNOVER
2020-02-04,60.0,HIGH_RISK,高风险,WARN_BREADTH_MISSING,62.0,REALIZED_VOL|DRAWDOWN|BREADTH|TURNOVER
2020-02-05,60.0,HIGH_RISK,高风险,WARN_BREADTH_MISSING,62.0,REALIZED_VOL|DRAWDOWN|BREADTH|TURNOVER
2020-02-06,55.2,CAUTION,警戒,WARN_BREADTH_MISSING,62.0,REALIZED_VOL|DRAWDOWN|BREADTH|TURNOVER
2020-02-07,60.0,HIGH_RISK,高风险,WARN_BREADTH_MISSING,62.0,REALIZED_VOL|DRAWDOWN|BREADTH|TURNOVER
2020-02-10,54.3,CAUTION,警戒,WARN_BREADTH_MISSING,62.0,REALIZED_VOL|DRAWDOWN|BREADTH|TURNOVER
2020-02-11,53.7,CAUTION,警戒,WARN_BREADTH_MISSING,62.0,REALIZED_VOL|DRAWDOWN|BREADTH|TURNOVER
2020-02-12,53.6,CAUTION,警戒,WARN_BREADTH_MISSING,62.0,REALIZED_VOL|DRAWDOWN|BREADTH|TURNOVER
2020-02-13,54.1,CAUTION,警戒,WARN_BREADTH_MISSING,62.0,REALIZED_VOL|DRAWDOWN|BREADTH|TURNOVER
2020-02-14,52.9,CAUTION,警戒,WARN_BREADTH_MISSING,62.0,REALIZED_VOL|DRAWDOWN|BREADTH|TURNOVER
2020-02-17,53.8,CAUTION,警戒,WARN_BREADTH_MISSING|WARN_NOT_BRACKET_30D,62.0,REALIZED_VOL|DRAWDOWN|BREADTH|TURNOVER
2020-02-18,50.8,CAUTION,警戒,WARN_BREADTH_MISSING|WARN_NOT_BRACKET_30D,62.0,REALIZED_VOL|DRAWDOWN|BREADTH|TURNOVER
2020-02-19,57.2,CAUTION,警戒,WARN_BREADTH_MISSING,62.0,REALIZED_VOL|DRAWDOWN|BREADTH|TURNOVER
2020-02-20,56.8,CAUTION,警戒,WARN_BREADTH_MISSING,62.0,REALIZED_VOL|DRAWDOWN|BREADTH|TURNOVER
2020-02-21,59.4,CAUTION,警戒,WARN_BREADTH_MISSING,62.0,REALIZED_VOL|DRAWDOWN|BREADTH|TURNOVER
2020-02-24,60.0,HIGH_RISK,高风险,WARN_BREADTH_MISSING,62.0,REALIZED_VOL|DRAWDOWN|BREADTH|TURNOVER
2020-02-25,59.2,CAUTION,警戒,WARN_BREADTH_MISSING,62.0,REALIZED_VOL|DRAWDOWN|BREADTH|TURNOVER
2020-02-26,59.4,CAUTION,警戒,WARN_BREADTH_MISSING,62.0,REALIZED_VOL|DRAWDOWN|BREADTH|TURNOVER
2020-02-27,57.9,CAUTION,警戒,WARN_BREADTH_MISSING,62.0,REALIZED_VOL|DRAWDOWN|BREADTH|TURNOVER
2020-02-28,57.9,CAUTION,警戒,WARN_BREADTH_MISSING,62.0,REALIZED_VOL|DRAWDOWN|BREADTH|TURNOVER
2020-03-02,56.0,CAUTION,警戒,WARN_BREADTH_MISSING,62.0,REALIZED_VOL|DRAWDOWN|BREADTH|TURNOVER
2020-03-03,55.5,CAUTION,警戒,WARN_BREADTH_MISSING,62.0,REALIZED_VOL|DRAWDOWN|BREADTH|TURNOVER
2020-03-04,50.4,CAUTION,警戒,WARN_BREADTH_MISSING,62.0,REALIZED_VOL|DRAWDOWN|BREADTH|TURNOVER
2020-03-05,51.2,CAUTION,警戒,WARN_BREADTH_MISSING,62.0,REALIZED_VOL|DRAWDOWN|BREADTH|TURNOVER
2020-03-06,50.3,CAUTION,警戒,WARN_BREADTH_MISSING,62.0,REALIZED_VOL|DRAWDOWN|BREADTH|TURNOVER
2020-03-09,54.5,CAUTION,警戒,WARN_BREADTH_MISSING,62.0,REALIZED_VOL|DRAWDOWN|BREADTH|TURNOVER
2020-03-10,59.1,CAUTION,警戒,WARN_BREADTH_MISSING,62.0,REALIZED_VOL|DRAWDOWN|BREADTH|TURNOVER
2020-03-11,59.1,CAUTION,警戒,WARN_BREADTH_MISSING,62.0,REALIZED_VOL|DRAWDOWN|BREADTH|TURNOVER
2020-03-12,55.2,CAUTION,警戒,WARN_BREADTH_MISSING,62.0,REALIZED_VOL|DRAWDOWN|BREADTH|TURNOVER
2020-03-13,55.2,CAUTION,警戒,WARN_BREADTH_MISSING,62.0,REALIZED_VOL|DRAWDOWN|BREADTH|TURNOVER
2020-03-16,55.2,CAUTION,警戒,WARN_BREADTH_MISSING|WARN_NOT_BRACKET_30D,62.0,REALIZED_VOL|DRAWDOWN|BREADTH|TURNOVER
2020-03-17,55.2,CAUTION,警戒,WARN_BREADTH_MISSING|WARN_NOT_BRACKET_30D,62.0,REALIZED_VOL|DRAWDOWN|BREADTH|TURNOVER
2020-03-18,59.6,CAUTION,警戒,WARN_BREADTH_MISSING,62.0,REALIZED_VOL|DRAWDOWN|BREADTH|TURNOVER
2020-03-19,54.2,CAUTION,警戒,WARN_BREADTH_MISSING,62.0,REALIZED_VOL|DRAWDOWN|BREADTH|TURNOVER
2020-03-20,46.8,CAUTION,警戒,WARN_BREADTH_MISSING,62.0,REALIZED_VOL|DRAWDOWN|BREADTH|TURNOVER
2020-03-23,46.4,CAUTION,警戒,WARN_BREADTH_MISSING,62.0,REALIZED_VOL|DRAWDOWN|BREADTH|TURNOVER
2020-03-24,45.9,CAUTION,警戒,WARN_BREADTH_MISSING,62.0,REALIZED_VOL|DRAWDOWN|BREADTH|TURNOVER
2020-03-25,47.1,CAUTION,警戒,WARN_BREADTH_MISSING,62.0,REALIZED_VOL|DRAWDOWN|BREADTH|TURNOVER
2020-03-26,46.0,CAUTION,警戒,WARN_BREADTH_MISSING,62.0,REALIZED_VOL|DRAWDOWN|BREADTH|TURNOVER
2020-03-27,47.1,CAUTION,警戒,WARN_BREADTH_MISSING,62.0,REALIZED_VOL|DRAWDOWN|BREADTH|TURNOVER
2020-03-30,45.8,CAUTION,警戒,WARN_BREADTH_MISSING,62.0,REALIZED_VOL|DRAWDOWN|BREADTH|TURNOVER
2020-03-31,45.0,CAUTION,警戒,WARN_BREADTH_MISSING,62.0,REALIZED_VOL|DRAWDOWN|BREADTH|TURNOVER
2020-04-01,44.7,CAUTION,警戒,WARN_BREADTH_MISSING,62.0,REALIZED_VOL|DRAWDOWN|BREADTH|TURNOVER
2020-04-02,44.8,CAUTION,警戒,WARN_BREADTH_MISSING,62.0,REALIZED_VOL|DRAWDOWN|BREADTH|TURNOVER
2020-04-03,45.4,CAUTION,警戒,WARN_BREADTH_MISSING,62.0,REALIZED_VOL|DRAWDOWN|BREADTH|TURNOVER
2020-04-07,45.0,CAUTION,警戒,WARN_BREADTH_MISSING,62.0,REALIZED_VOL|DRAWDOWN|BREADTH|TURNOVER
2020-04-08,45.1,CAUTION,警戒,WARN_BREADTH_MISSING,62.0,REALIZED_VOL|DRAWDOWN|BREADTH|TURNOVER
2020-04-09,45.0,CAUTION,警戒,WARN_BREADTH_MISSING,62.0,REALIZED_VOL|DRAWDOWN|BREADTH|TURNOVER
2020-04-10,45.0,CAUTION,警戒,WARN_BREADTH_MISSING,62.0,REALIZED_VOL|DRAWDOWN|BREADTH|TURNOVER
2020-04-13,43.6,CAUTION,警戒,WARN_BREADTH_MISSING|WARN_NOT_BRACKET_30D,62.0,REALIZED_VOL|DRAWDOWN|BREADTH|TURNOVER
2020-04-14,43.6,CAUTION,警戒,WARN_BREADTH_MISSING|WARN_NOT_BRACKET_30D,62.0,REALIZED_VOL|DRAWDOWN|BREADTH|TURNOVER
2020-04-15,44.7,CAUTION,警戒,WARN_BREADTH_MISSING,62.0,REALIZED_VOL|DRAWDOWN|BREADTH|TURNOVER
2020-04-16,45.5,CAUTION,警戒,WARN_BREADTH_MISSING,62.0,REALIZED_VOL|DRAWDOWN|BREADTH|TURNOVER
2020-04-17,45.6,CAUTION,警戒,WARN_BREADTH_MISSING,62.0,REALIZED_VOL|DRAWDOWN|BREADTH|TURNOVER
2020-04-20,47.8,CAUTION,警戒,WARN_BREADTH_MISSING,62.0,REALIZED_VOL|DRAWDOWN|BREADTH|TURNOVER
2020-04-21,48.1,CAUTION,警戒,WARN_BREADTH_MISSING,62.0,REALIZED_VOL|DRAWDOWN|BREADTH|TURNOVER
2020-04-22,47.8,CAUTION,警戒,WARN_BREADTH_MISSING,62.0,REALIZED_VOL|DRAWDOWN|BREADTH|TURNOVER
2020-04-23,47.3,CAUTION,警戒,WARN_BREADTH_MISSING,62.0,REALIZED_VOL|DRAWDOWN|BREADTH|TURNOVER
2020-04-24,46.9,CAUTION,警戒,WARN_BREADTH_MISSING,62.0,REALIZED_VOL|DRAWDOWN|BREADTH|TURNOVER
2020-04-27,46.1,CAUTION,警戒,WARN_BREADTH_MISSING,62.0,REALIZED_VOL|DRAWDOWN|BREADTH|TURNOVER
2020-04-28,46.6,CAUTION,警戒,WARN_BREADTH_MISSING,62.0,REALIZED_VOL|DRAWDOWN|BREADTH|TURNOVER
2020-04-29,46.7,CAUTION,警戒,WARN_BREADTH_MISSING,62.0,REALIZED_VOL|DRAWDOWN|BREADTH|TURNOVER
2020-04-30,48.7,CAUTION,警戒,WARN_BREADTH_MISSING,62.0,REALIZED_VOL|DRAWDOWN|BREADTH|TURNOVER
2020-05-06,48.9,CAUTION,警戒,WARN_BREADTH_MISSING,62.0,REALIZED_VOL|DRAWDOWN|BREADTH|TURNOVER
2020-05-07,47.6,CAUTION,警戒,WARN_BREADTH_MISSING,62.0,REALIZED_VOL|DRAWDOWN|BREADTH|TURNOVER
2020-05-08,47.0,CAUTION,警戒,WARN_BREADTH_MISSING,62.0,REALIZED_VOL|DRAWDOWN|BREADTH|TURNOVER
2020-05-11,46.9,CAUTION,警戒,WARN_BREADTH_MISSING|WARN_NOT_BRACKET_30D,62.0,REALIZED_VOL|DRAWDOWN|BREADTH|TURNOVER
2020-05-12,45.4,CAUTION,警戒,WARN_BREADTH_MISSING|WARN_NOT_BRACKET_30D,62.0,REALIZED_VOL|DRAWDOWN|BREADTH|TURNOVER
2020-05-13,45.6,CAUTION,警戒,WARN_BREADTH_MISSING|WARN_NOT_BRACKET_30D,62.0,REALIZED_VOL|DRAWDOWN|BREADTH|TURNOVER
2020-05-14,46.5,CAUTION,警戒,WARN_BREADTH_MISSING|WARN_NOT_BRACKET_30D,62.0,REALIZED_VOL|DRAWDOWN|BREADTH|TURNOVER
2020-05-15,46.8,CAUTION,警戒,WARN_BREADTH_MISSING|WARN_NOT_BRACKET_30D,62.0,REALIZED_VOL|DRAWDOWN|BREADTH|TURNOVER
2020-05-18,46.3,CAUTION,警戒,WARN_BREADTH_MISSING|WARN_NOT_BRACKET_30D,62.0,REALIZED_VOL|DRAWDOWN|BREADTH|TURNOVER
2020-05-19,45.9,CAUTION,警戒,WARN_BREADTH_MISSING|WARN_NOT_BRACKET_30D,62.0,REALIZED_VOL|DRAWDOWN|BREADTH|TURNOVER
2020-05-20,45.4,CAUTION,警戒,WARN_BREADTH_MISSING,62.0,REALIZED_VOL|DRAWDOWN|BREADTH|TURNOVER
2020-05-21,47.1,CAUTION,警戒,WARN_BREADTH_MISSING,62.0,REALIZED_VOL|DRAWDOWN|BREADTH|TURNOVER
2020-05-22,49.7,CAUTION,警戒,WARN_BREADTH_MISSING,62.0,REALIZED_VOL|DRAWDOWN|BREADTH|TURNOVER
2020-05-25,48.7,CAUTION,警戒,WARN_BREADTH_MISSING,62.0,REALIZED_VOL|DRAWDOWN|BREADTH|TURNOVER
2020-05-26,48.7,CAUTION,警戒,WARN_BREADTH_MISSING,62.0,REALIZED_VOL|DRAWDOWN|BREADTH|TURNOVER
2020-05-27,50.6,CAUTION,警戒,WARN_BREADTH_MISSING,62.0,REALIZED_VOL|DRAWDOWN|BREADTH|TURNOVER
2020-05-28,49.3,CAUTION,警戒,WARN_BREADTH_MISSING,62.0,REALIZED_VOL|DRAWDOWN|BREADTH|TURNOVER
2020-05-29,46.9,CAUTION,警戒,WARN_BREADTH_MISSING,62.0,REALIZED_VOL|DRAWDOWN|BREADTH|TURNOVER
2020-06-01,47.2,CAUTION,警戒,WARN_BREADTH_MISSING,62.0,REALIZED_VOL|DRAWDOWN|BREADTH|TURNOVER
2020-06-02,47.5,CAUTION,警戒,WARN_BREADTH_MISSING,62.0,REALIZED_VOL|DRAWDOWN|BREADTH|TURNOVER
2020-06-03,46.8,CAUTION,警戒,WARN_BREADTH_MISSING,62.0,REALIZED_VOL|DRAWDOWN|BREADTH|TURNOVER
2020-06-04,46.7,CAUTION,警戒,WARN_BREADTH_MISSING,62.0,REALIZED_VOL|DRAWDOWN|BREADTH|TURNOVER
2020-06-05,46.4,CAUTION,警戒,WARN_BREADTH_MISSING,62.0,REALIZED_VOL|DRAWDOWN|BREADTH|TURNOVER
2020-06-08,46.9,CAUTION,警戒,WARN_BREADTH_MISSING,62.0,REALIZED_VOL|DRAWDOWN|BREADTH|TURNOVER
2020-06-09,47.7,CAUTION,警戒,WARN_BREADTH_MISSING,62.0,REALIZED_VOL|DRAWDOWN|BREADTH|TURNOVER
2020-06-10,47.5,CAUTION,警戒,WARN_BREADTH_MISSING,62.0,REALIZED_VOL|DRAWDOWN|BREADTH|TURNOVER
2020-06-11,48.1,CAUTION,警戒,WARN_BREADTH_MISSING,62.0,REALIZED_VOL|DRAWDOWN|BREADTH|TURNOVER
2020-06-12,47.9,CAUTION,警戒,WARN_BREADTH_MISSING,62.0,REALIZED_VOL|DRAWDOWN|BREADTH|TURNOVER
2020-06-15,48.9,CAUTION,警戒,WARN_BREADTH_MISSING|WARN_NOT_BRACKET_30D,62.0,REALIZED_VOL|DRAWDOWN|BREADTH|TURNOVER
2020-06-16,47.4,CAUTION,警戒,WARN_BREADTH_MISSING|WARN_NOT_BRACKET_30D,62.0,REALIZED_VOL|DRAWDOWN|BREADTH|TURNOVER
2020-06-17,47.8,CAUTION,警戒,WARN_BREADTH_MISSING,62.0,REALIZED_VOL|DRAWDOWN|BREADTH|TURNOVER
2020-06-18,46.8,CAUTION,警戒,WARN_BREADTH_MISSING,62.0,REALIZED_VOL|DRAWDOWN|BREADTH|TURNOVER
2020-06-19,48.2,CAUTION,警戒,WARN_BREADTH_MISSING,62.0,REALIZED_VOL|DRAWDOWN|BREADTH|TURNOVER
2020-06-22,47.9,CAUTION,警戒,WARN_BREADTH_MISSING,62.0,REALIZED_VOL|DRAWDOWN|BREADTH|TURNOVER
2020-06-23,51.1,CAUTION,警戒,WARN_BREADTH_MISSING,62.0,REALIZED_VOL|DRAWDOWN|BREADTH|TURNOVER
2020-06-24,51.1,CAUTION,警戒,WARN_BREADTH_MISSING,62.0,REALIZED_VOL|DRAWDOWN|BREADTH|TURNOVER
2020-06-29,46.6,CAUTION,警戒,WARN_BREADTH_MISSING,62.0,REALIZED_VOL|DRAWDOWN|BREADTH|TURNOVER
2020-06-30,39.0,NORMAL,正常,WARN_BREADTH_MISSING,62.0,REALIZED_VOL|DRAWDOWN|BREADTH|TURNOVER
2020-07-01,43.1,CAUTION,警戒,WARN_BREADTH_MISSING,62.0,REALIZED_VOL|DRAWDOWN|BREADTH|TURNOVER
2020-07-02,52.3,CAUTION,警戒,WARN_BREADTH_MISSING,62.0,REALIZED_VOL|DRAWDOWN|BREADTH|TURNOVER
2020-07-03,55.1,CAUTION,警戒,WARN_BREADTH_MISSING,62.0,REALIZED_VOL|DRAWDOWN|BREADTH|TURNOVER
2020-07-06,65.2,HIGH_RISK,高风险,WARN_BREADTH_MISSING,62.0,REALIZED_VOL|DRAWDOWN|BREADTH|TURNOVER
2020-07-07,66.0,HIGH_RISK,高风险,WARN_BREADTH_MISSING,62.0,REALIZED_VOL|DRAWDOWN|BREADTH|TURNOVER
2020-07-08,66.1,HIGH_RISK,高风险,WARN_BREADTH_MISSING,62.0,REALIZED_VOL|DRAWDOWN|BREADTH|TURNOVER
2020-07-09,65.6,HIGH_RISK,高风险,WARN_BREADTH_MISSING,62.0,REALIZED_VOL|DRAWDOWN|BREADTH|TURNOVER
2020-07-10,65.8,HIGH_RISK,高风险,WARN_BREADTH_MISSING,62.0,REALIZED_VOL|DRAWDOWN|BREADTH|TURNOVER
2020-07-13,57.6,CAUTION,警戒,WARN_BREADTH_MISSING|WARN_NOT_BRACKET_30D,62.0,REALIZED_VOL|DRAWDOWN|BREADTH|TURNOVER
2020-07-14,58.3,CAUTION,警戒,WARN_BREADTH_MISSING|WARN_NOT_BRACKET_30D,62.0,REALIZED_VOL|DRAWDOWN|BREADTH|TURNOVER
2020-07-15,58.4,CAUTION,警戒,WARN_BREADTH_MISSING|WARN_NOT_BRACKET_30D,62.0,REALIZED_VOL|DRAWDOWN|BREADTH|TURNOVER
2020-07-16,63.8,HIGH_RISK,高风险,WARN_BREADTH_MISSING|WARN_NOT_BRACKET_30D,62.0,REALIZED_VOL|DRAWDOWN|BREADTH|TURNOVER
2020-07-17,55.3,CAUTION,警戒,WARN_BREADTH_MISSING|WARN_NOT_BRACKET_30D,62.0,REALIZED_VOL|DRAWDOWN|BREADTH|TURNOVER
2020-07-20,58.3,CAUTION,警戒,WARN_BREADTH_MISSING|WARN_NOT_BRACKET_30D,62.0,REALIZED_VOL|DRAWDOWN|BREADTH|TURNOVER
2020-07-21,55.8,CAUTION,警戒,WARN_BREADTH_MISSING|WARN_NOT_BRACKET_30D,62.0,REALIZED_VOL|DRAWDOWN|BREADTH|TURNOVER
2020-07-22,54.9,CAUTION,警戒,WARN_BREADTH_MISSING,62.0,REALIZED_VOL|DRAWDOWN|BREADTH|TURNOVER
2020-07-23,54.7,CAUTION,警戒,WARN_BREADTH_MISSING,62.0,REALIZED_VOL|DRAWDOWN|BREADTH|TURNOVER
2020-07-24,64.5,HIGH_RISK,高风险,WARN_BREADTH_MISSING,62.0,REALIZED_VOL|DRAWDOWN|BREADTH|TURNOVER
2020-07-27,60.7,HIGH_RISK,高风险,WARN_BREADTH_MISSING,62.0,REALIZED_VOL|DRAWDOWN|BREADTH|TURNOVER
2020-07-28,60.3,HIGH_RISK,高风险,WARN_BREADTH_MISSING,62.0,REALIZED_VOL|DRAWDOWN|BREADTH|TURNOVER
2020-07-29,61.2,HIGH_RISK,高风险,WARN_BREADTH_MISSING,62.0,REALIZED_VOL|DRAWDOWN|BREADTH|TURNOVER
2020-07-30,61.4,HIGH_RISK,高风险,WARN_BREADTH_MISSING,62.0,REALIZED_VOL|DRAWDOWN|BREADTH|TURNOVER
2020-07-31,60.4,HIGH_RISK,高风险,WARN_BREADTH_MISSING,62.0,REALIZED_VOL|DRAWDOWN|BREADTH|TURNOVER
2020-08-03,63.6,HIGH_RISK,高风险,WARN_BREADTH_MISSING,62.0,REALIZED_VOL|DRAWDOWN|BREADTH|TURNOVER
2020-08-04,60.9,HIGH_RISK,高风险,WARN_BREADTH_MISSING,62.0,REALIZED_VOL|DRAWDOWN|BREADTH|TURNOVER
2020-08-05,60.4,HIGH_RISK,高风险,WARN_BREADTH_MISSING,62.0,REALIZED_VOL|DRAWDOWN|BREADTH|TURNOVER
2020-08-06,65.0,HIGH_RISK,高风险,WARN_BREADTH_MISSING,62.0,REALIZED_VOL|DRAWDOWN|BREADTH|TURNOVER
2020-08-07,60.1,HIGH_RISK,高风险,WARN_BREADTH_MISSING,62.0,REALIZED_VOL|DRAWDOWN|BREADTH|TURNOVER
2020-08-10,58.8,CAUTION,警戒,WARN_BREADTH_MISSING,62.0,REALIZED_VOL|DRAWDOWN|BREADTH|TURNOVER
2020-08-11,54.9,CAUTION,警戒,WARN_BREADTH_MISSING,62.0,REALIZED_VOL|DRAWDOWN|BREADTH|TURNOVER
2020-08-12,54.3,CAUTION,警戒,WARN_BREADTH_MISSING,62.0,REALIZED_VOL|DRAWDOWN|BREADTH|TURNOVER
2020-08-13,51.5,CAUTION,警戒,WARN_BREADTH_MISSING,62.0,REALIZED_VOL|DRAWDOWN|BREADTH|TURNOVER
2020-08-14,52.6,CAUTION,警戒,WARN_BREADTH_MISSING,62.0,REALIZED_VOL|DRAWDOWN|BREADTH|TURNOVER
2020-08-17,57.0,CAUTION,警戒,WARN_BREADTH_MISSING|WARN_NOT_BRACKET_30D,62.0,REALIZED_VOL|DRAWDOWN|BREADTH|TURNOVER
2020-08-18,58.7,CAUTION,警戒,WARN_BREADTH_MISSING|WARN_NOT_BRACKET_30D,62.0,REALIZED_VOL|DRAWDOWN|BREADTH|TURNOVER
2020-08-19,56.1,CAUTION,警戒,WARN_BREADTH_MISSING,62.0,REALIZED_VOL|DRAWDOWN|BREADTH|TURNOVER
2020-08-20,53.2,CAUTION,警戒,WARN_BREADTH_MISSING,62.0,REALIZED_VOL|DRAWDOWN|BREADTH|TURNOVER
2020-08-21,53.6,CAUTION,警戒,WARN_BREADTH_MISSING,62.0,REALIZED_VOL|DRAWDOWN|BREADTH|TURNOVER
2020-08-24,50.6,CAUTION,警戒,WARN_BREADTH_MISSING,62.0,REALIZED_VOL|DRAWDOWN|BREADTH|TURNOVER
2020-08-25,48.9,CAUTION,警戒,WARN_BREADTH_MISSING,62.0,REALIZED_VOL|DRAWDOWN|BREADTH|TURNOVER
2020-08-26,50.8,CAUTION,警戒,WARN_BREADTH_MISSING,62.0,REALIZED_VOL|DRAWDOWN|BREADTH|TURNOVER
2020-08-27,49.1,CAUTION,警戒,WARN_BREADTH_MISSING,62.0,REALIZED_VOL|DRAWDOWN|BREADTH|TURNOVER
2020-08-28,49.9,CAUTION,警戒,WARN_BREADTH_MISSING,62.0,REALIZED_VOL|DRAWDOWN|BREADTH|TURNOVER
2020-08-31,50.8,CAUTION,警戒,WARN_BREADTH_MISSING,62.0,REALIZED_VOL|DRAWDOWN|BREADTH|TURNOVER
2020-09-01,51.0,CAUTION,警戒,WARN_BREADTH_MISSING,62.0,REALIZED_VOL|DRAWDOWN|BREADTH|TURNOVER
2020-09-02,51.0,CAUTION,警戒,WARN_BREADTH_MISSING,62.0,REALIZED_VOL|DRAWDOWN|BREADTH|TURNOVER
2020-09-03,52.1,CAUTION,警戒,WARN_BREADTH_MISSING,62.0,REALIZED_VOL|DRAWDOWN|BREADTH|TURNOVER
2020-09-04,51.7,CAUTION,警戒,WARN_BREADTH_MISSING,62.0,REALIZED_VOL|DRAWDOWN|BREADTH|TURNOVER
2020-09-07,53.8,CAUTION,警戒,WARN_BREADTH_MISSING,62.0,REALIZED_VOL|DRAWDOWN|BREADTH|TURNOVER
2020-09-08,53.6,CAUTION,警戒,WARN_BREADTH_MISSING,62.0,REALIZED_VOL|DRAWDOWN|BREADTH|TURNOVER
2020-09-09,55.0,CAUTION,警戒,WARN_BREADTH_MISSING,62.0,REALIZED_VOL|DRAWDOWN|BREADTH|TURNOVER
2020-09-10,47.8,CAUTION,警戒,WARN_BREADTH_MISSING,62.0,REALIZED_VOL|DRAWDOWN|BREADTH|TURNOVER
2020-09-11,46.1,CAUTION,警戒,WARN_BREADTH_MISSING,62.0,REALIZED_VOL|DRAWDOWN|BREADTH|TURNOVER
2020-09-14,44.1,CAUTION,警戒,WARN_BREADTH_MISSING|WARN_NOT_BRACKET_30D,62.0,REALIZED_VOL|DRAWDOWN|BREADTH|TURNOVER
2020-09-15,42.5,CAUTION,警戒,WARN_BREADTH_MISSING|WARN_NOT_BRACKET_30D,62.0,REALIZED_VOL|DRAWDOWN|BREADTH|TURNOVER
2020-09-16,39.5,NORMAL,正常,WARN_BREADTH_MISSING,62.0,REALIZED_VOL|DRAWDOWN|BREADTH|TURNOVER
2020-09-17,42.9,CAUTION,警戒,WARN_BREADTH_MISSING,62.0,REALIZED_VOL|DRAWDOWN|BREADTH|TURNOVER
2020-09-18,44.6,CAUTION,警戒,WARN_BREADTH_MISSING,62.0,REALIZED_VOL|DRAWDOWN|BREADTH|TURNOVER
2020-09-21,46.5,CAUTION,警戒,WARN_BREADTH_MISSING,62.0,REALIZED_VOL|DRAWDOWN|BREADTH|TURNOVER
2020-09-22,47.6,CAUTION,警戒,WARN_BREADTH_MISSING,62.0,REALIZED_VOL|DRAWDOWN|BREADTH|TURNOVER
2020-09-23,45.7,CAUTION,警戒,WARN_BREADTH_MISSING,62.0,REALIZED_VOL|DRAWDOWN|BREADTH|TURNOVER
2020-09-24,48.1,CAUTION,警戒,WARN_BREADTH_MISSING,62.0,REALIZED_VOL|DRAWDOWN|BREADTH|TURNOVER
2020-09-25,48.4,CAUTION,警戒,WARN_BREADTH_MISSING,62.0,REALIZED_VOL|DRAWDOWN|BREADTH|TURNOVER
2020-09-28,51.1,CAUTION,警戒,WARN_BREADTH_MISSING,62.0,REALIZED_VOL|DRAWDOWN|BREADTH|TURNOVER
2020-09-29,53.8,CAUTION,警戒,WARN_BREADTH_MISSING,62.0,REALIZED_VOL|DRAWDOWN|BREADTH|TURNOVER
2020-09-30,54.8,CAUTION,警戒,WARN_BREADTH_MISSING,62.0,REALIZED_VOL|DRAWDOWN|BREADTH|TURNOVER
2020-10-09,44.5,CAUTION,警戒,WARN_BREADTH_MISSING,62.0,REALIZED_VOL|DRAWDOWN|BREADTH|TURNOVER
2020-10-12,48.0,CAUTION,警戒,WARN_BREADTH_MISSING|WARN_NOT_BRACKET_30D,62.0,REALIZED_VOL|DRAWDOWN|BREADTH|TURNOVER
2020-10-13,46.2,CAUTION,警戒,WARN_BREADTH_MISSING|WARN_NOT_BRACKET_30D,62.0,REALIZED_VOL|DRAWDOWN|BREADTH|TURNOVER
2020-10-14,44.6,CAUTION,警戒,WARN_BREADTH_MISSING|WARN_NOT_BRACKET_30D,62.0,REALIZED_VOL|DRAWDOWN|BREADTH|TURNOVER
2020-10-15,45.2,CAUTION,警戒,WARN_BREADTH_MISSING|WARN_NOT_BRACKET_30D,62.0,REALIZED_VOL|DRAWDOWN|BREADTH|TURNOVER
2020-10-16,46.3,CAUTION,警戒,WARN_BREADTH_MISSING|WARN_NOT_BRACKET_30D,62.0,REALIZED_VOL|DRAWDOWN|BREADTH|TURNOVER
2020-10-19,37.5,NORMAL,正常,WARN_BREADTH_MISSING|WARN_NOT_BRACKET_30D,62.0,REALIZED_VOL|DRAWDOWN|BREADTH|TURNOVER
2020-10-20,39.5,NORMAL,正常,WARN_BREADTH_MISSING|WARN_NOT_BRACKET_30D,62.0,REALIZED_VOL|DRAWDOWN|BREADTH|TURNOVER
2020-10-21,42.2,CAUTION,警戒,WARN_BREADTH_MISSING,62.0,REALIZED_VOL|DRAWDOWN|BREADTH|TURNOVER
2020-10-22,43.0,CAUTION,警戒,WARN_BREADTH_MISSING,62.0,REALIZED_VOL|DRAWDOWN|BREADTH|TURNOVER
2020-10-23,42.9,CAUTION,警戒,WARN_BREADTH_MISSING,62.0,REALIZED_VOL|DRAWDOWN|BREADTH|TURNOVER
2020-10-26,45.6,CAUTION,警戒,WARN_BREADTH_MISSING,62.0,REALIZED_VOL|DRAWDOWN|BREADTH|TURNOVER
2020-10-27,45.8,CAUTION,警戒,WARN_BREADTH_MISSING,62.0,REALIZED_VOL|DRAWDOWN|BREADTH|TURNOVER
2020-10-28,44.7,CAUTION,警戒,WARN_BREADTH_MISSING,62.0,REALIZED_VOL|DRAWDOWN|BREADTH|TURNOVER
2020-10-29,44.0,CAUTION,警戒,WARN_BREADTH_MISSING,62.0,REALIZED_VOL|DRAWDOWN|BREADTH|TURNOVER
2020-10-30,47.1,CAUTION,警戒,WARN_BREADTH_MISSING,62.0,REALIZED_VOL|DRAWDOWN|BREADTH|TURNOVER
2020-11-02,48.8,CAUTION,警戒,WARN_BREADTH_MISSING,62.0,REALIZED_VOL|DRAWDOWN|BREADTH|TURNOVER
2020-11-03,48.9,CAUTION,警戒,WARN_BREADTH_MISSING,62.0,REALIZED_VOL|DRAWDOWN|BREADTH|TURNOVER
2020-11-04,44.5,CAUTION,警戒,WARN_BREADTH_MISSING,62.0,REALIZED_VOL|DRAWDOWN|BREADTH|TURNOVER
2020-11-05,43.0,CAUTION,警戒,WARN_BREADTH_MISSING,62.0,REALIZED_VOL|DRAWDOWN|BREADTH|TURNOVER
2020-11-06,40.5,CAUTION,警戒,WARN_BREADTH_MISSING,62.0,REALIZED_VOL|DRAWDOWN|BREADTH|TURNOVER
2020-11-09,44.7,CAUTION,警戒,WARN_BREADTH_MISSING,62.0,REALIZED_VOL|DRAWDOWN|BREADTH|TURNOVER
2020-11-10,45.5,CAUTION,警戒,WARN_BREADTH_MISSING,62.0,REALIZED_VOL|DRAWDOWN|BREADTH|TURNOVER
2020-11-11,41.8,CAUTION,警戒,WARN_BREADTH_MISSING,62.0,REALIZED_VOL|DRAWDOWN|BREADTH|TURNOVER
2020-11-12,40.9,CAUTION,警戒,WARN_BREADTH_MISSING,62.0,REALIZED_VOL|DRAWDOWN|BREADTH|TURNOVER
2020-11-13,38.8,NORMAL,正常,WARN_BREADTH_MISSING,62.0,REALIZED_VOL|DRAWDOWN|BREADTH|TURNOVER
2020-11-16,38.7,NORMAL,正常,WARN_BREADTH_MISSING|WARN_NOT_BRACKET_30D,62.0,REALIZED_VOL|DRAWDOWN|BREADTH|TURNOVER
2020-11-17,36.8,NORMAL,正常,WARN_BREADTH_MISSING|WARN_NOT_BRACKET_30D,62.0,REALIZED_VOL|DRAWDOWN|BREADTH|TURNOVER
2020-11-18,39.7,NORMAL,正常,WARN_BREADTH_MISSING,62.0,REALIZED_VOL|DRAWDOWN|BREADTH|TURNOVER
2020-11-19,40.5,CAUTION,警戒,WARN_BREADTH_MISSING,62.0,REALIZED_VOL|DRAWDOWN|BREADTH|TURNOVER
2020-11-20,38.5,NORMAL,正常,WARN_BREADTH_MISSING,62.0,REALIZED_VOL|DRAWDOWN|BREADTH|TURNOVER
2020-11-23,40.2,CAUTION,警戒,WARN_BREADTH_MISSING,62.0,REALIZED_VOL|DRAWDOWN|BREADTH|TURNOVER
2020-11-24,40.0,CAUTION,警戒,WARN_BREADTH_MISSING,62.0,REALIZED_VOL|DRAWDOWN|BREADTH|TURNOVER
2020-11-25,36.6,NORMAL,正常,WARN_BREADTH_MISSING,62.0,REALIZED_VOL|DRAWDOWN|BREADTH|TURNOVER
2020-11-26,33.6,NORMAL,正常,WARN_BREADTH_MISSING,62.0,REALIZED_VOL|DRAWDOWN|BREADTH|TURNOVER
2020-11-27,36.3,NORMAL,正常,WARN_BREADTH_MISSING,62.0,REALIZED_VOL|DRAWDOWN|BREADTH|TURNOVER
2020-11-30,37.0,NORMAL,正常,WARN_BREADTH_MISSING,62.0,REALIZED_VOL|DRAWDOWN|BREADTH|TURNOVER
2020-12-01,44.6,CAUTION,警戒,WARN_BREADTH_MISSING,62.0,REALIZED_VOL|DRAWDOWN|BREADTH|TURNOVER
2020-12-02,48.4,CAUTION,警戒,WARN_BREADTH_MISSING,62.0,REALIZED_VOL|DRAWDOWN|BREADTH|TURNOVER
2020-12-03,47.9,CAUTION,警戒,WARN_BREADTH_MISSING,62.0,REALIZED_VOL|DRAWDOWN|BREADTH|TURNOVER
2020-12-04,42.7,CAUTION,警戒,WARN_BREADTH_MISSING,62.0,REALIZED_VOL|DRAWDOWN|BREADTH|TURNOVER
2020-12-07,39.8,NORMAL,正常,WARN_BREADTH_MISSING,62.0,REALIZED_VOL|DRAWDOWN|BREADTH|TURNOVER
2020-12-08,34.6,NORMAL,正常,WARN_BREADTH_MISSING,62.0,REALIZED_VOL|DRAWDOWN|BREADTH|TURNOVER
2020-12-09,33.9,NORMAL,正常,WARN_BREADTH_MISSING,62.0,REALIZED_VOL|DRAWDOWN|BREADTH|TURNOVER
2020-12-10,30.5,NORMAL,正常,WARN_BREADTH_MISSING,62.0,REALIZED_VOL|DRAWDOWN|BREADTH|TURNOVER
2020-12-11,34.0,NORMAL,正常,WARN_BREADTH_MISSING,62.0,REALIZED_VOL|DRAWDOWN|BREADTH|TURNOVER
2020-12-14,31.7,NORMAL,正常,WARN_BREADTH_MISSING|WARN_NOT_BRACKET_30D,62.0,REALIZED_VOL|DRAWDOWN|BREADTH|TURNOVER
2020-12-15,31.9,NORMAL,正常,WARN_BREADTH_MISSING|WARN_NOT_BRACKET_30D,62.0,REALIZED_VOL|DRAWDOWN|BREADTH|TURNOVER
2020-12-16,33.9,NORMAL,正常,WARN_BREADTH_MISSING,62.0,REALIZED_VOL|DRAWDOWN|BREADTH|TURNOVER
2020-12-17,32.8,NORMAL,正常,WARN_BREADTH_MISSING,62.0,REALIZED_VOL|DRAWDOWN|BREADTH|TURNOVER
2020-12-18,31.2,NORMAL,正常,WARN_BREADTH_MISSING,62.0,REALIZED_VOL|DRAWDOWN|BREADTH|TURNOVER
2020-12-21,34.2,NORMAL,正常,WARN_BREADTH_MISSING,62.0,REALIZED_VOL|DRAWDOWN|BREADTH|TURNOVER
2020-12-22,33.3,NORMAL,正常,WARN_BREADTH_MISSING,62.0,REALIZED_VOL|DRAWDOWN|BREADTH|TURNOVER
2020-12-23,32.7,NORMAL,正常,WARN_BREADTH_MISSING,62.0,REALIZED_VOL|DRAWDOWN|BREADTH|TURNOVER
2020-12-24,32.6,NORMAL,正常,WARN_BREADTH_MISSING,62.0,REALIZED_VOL|DRAWDOWN|BREADTH|TURNOVER
2020-12-25,32.7,NORMAL,正常,WARN_BREADTH_MISSING,62.0,REALIZED_VOL|DRAWDOWN|BREADTH|TURNOVER
2020-12-28,32.7,NORMAL,正常,WARN_BREADTH_MISSING,62.0,REALIZED_VOL|DRAWDOWN|BREADTH|TURNOVER
2020-12-29,34.4,NORMAL,正常,WARN_BREADTH_MISSING,62.0,REALIZED_VOL|DRAWDOWN|BREADTH|TURNOVER
2020-12-30,36.2,NORMAL,正常,WARN_BREADTH_MISSING,62.0,REALIZED_VOL|DRAWDOWN|BREADTH|TURNOVER
2020-12-31,41.9,CAUTION,警戒,WARN_BREADTH_MISSING,62.0,REALIZED_VOL|DRAWDOWN|BREADTH|TURNOVER
2021-01-04,44.4,CAUTION,警戒,WARN_BREADTH_MISSING,62.0,REALIZED_VOL|DRAWDOWN|BREADTH|TURNOVER
2021-01-05,44.3,CAUTION,警戒,WARN_BREADTH_MISSING,62.0,REALIZED_VOL|DRAWDOWN|BREADTH|TURNOVER
2021-01-06,50.5,CAUTION,警戒,WARN_BREADTH_MISSING,62.0,REALIZED_VOL|DRAWDOWN|BREADTH|TURNOVER
2021-01-07,56.1,CAUTION,警戒,WARN_BREADTH_MISSING,62.0,REALIZED_VOL|DRAWDOWN|BREADTH|TURNOVER
2021-01-08,56.7,CAUTION,警戒,WARN_BREADTH_MISSING,62.0,REALIZED_VOL|DRAWDOWN|BREADTH|TURNOVER
2021-01-11,51.5,CAUTION,警戒,WARN_BREADTH_MISSING|WARN_NOT_BRACKET_30D,62.0,REALIZED_VOL|DRAWDOWN|BREADTH|TURNOVER
2021-01-12,53.8,CAUTION,警戒,WARN_BREADTH_MISSING|WARN_NOT_BRACKET_30D,62.0,REALIZED_VOL|DRAWDOWN|BREADTH|TURNOVER
2021-01-13,52.2,CAUTION,警戒,WARN_BREADTH_MISSING|WARN_NOT_BRACKET_30D,62.0,REALIZED_VOL|DRAWDOWN|BREADTH|TURNOVER
2021-01-14,49.6,CAUTION,警戒,WARN_BREADTH_MISSING|WARN_NOT_BRACKET_30D,62.0,REALIZED_VOL|DRAWDOWN|BREADTH|TURNOVER
2021-01-15,45.7,CAUTION,警戒,WARN_BREADTH_MISSING|WARN_NOT_BRACKET_30D,62.0,REALIZED_VOL|DRAWDOWN|BREADTH|TURNOVER
2021-01-18,48.5,CAUTION,警戒,WARN_BREADTH_MISSING|WARN_NOT_BRACKET_30D,62.0,REALIZED_VOL|DRAWDOWN|BREADTH|TURNOVER
2021-01-19,48.5,CAUTION,警戒,WARN_BREADTH_MISSING|WARN_NOT_BRACKET_30D,62.0,REALIZED_VOL|DRAWDOWN|BREADTH|TURNOVER
2021-01-20,47.4,CAUTION,警戒,WARN_BREADTH_MISSING,62.0,REALIZED_VOL|DRAWDOWN|BREADTH|TURNOVER
2021-01-21,49.5,CAUTION,警戒,WARN_BREADTH_MISSING,62.0,REALIZED_VOL|DRAWDOWN|BREADTH|TURNOVER
2021-01-22,44.6,CAUTION,警戒,WARN_BREADTH_MISSING,62.0,REALIZED_VOL|DRAWDOWN|BREADTH|TURNOVER
2021-01-25,48.0,CAUTION,警戒,WARN_BREADTH_MISSING,62.0,REALIZED_VOL|DRAWDOWN|BREADTH|TURNOVER
2021-01-26,47.7,CAUTION,警戒,WARN_BREADTH_MISSING,62.0,REALIZED_VOL|DRAWDOWN|BREADTH|TURNOVER
2021-01-27,47.8,CAUTION,警戒,WARN_BREADTH_MISSING,62.0,REALIZED_VOL|DRAWDOWN|BREADTH|TURNOVER
2021-01-28,52.3,CAUTION,警戒,WARN_BREADTH_MISSING,62.0,REALIZED_VOL|DRAWDOWN|BREADTH|TURNOVER
2021-01-29,53.7,CAUTION,警戒,WARN_BREADTH_MISSING,62.0,REALIZED_VOL|DRAWDOWN|BREADTH|TURNOVER
2021-02-01,54.4,CAUTION,警戒,WARN_BREADTH_MISSING,62.0,REALIZED_VOL|DRAWDOWN|BREADTH|TURNOVER
2021-02-02,50.9,CAUTION,警戒,WARN_BREADTH_MISSING,62.0,REALIZED_VOL|DRAWDOWN|BREADTH|TURNOVER
2021-02-03,49.4,CAUTION,警戒,WARN_BREADTH_MISSING,62.0,REALIZED_VOL|DRAWDOWN|BREADTH|TURNOVER
2021-02-04,50.1,CAUTION,警戒,WARN_BREADTH_MISSING,62.0,REALIZED_VOL|DRAWDOWN|BREADTH|TURNOVER
2021-02-05,49.0,CAUTION,警戒,WARN_BREADTH_MISSING,62.0,REALIZED_VOL|DRAWDOWN|BREADTH|TURNOVER
2021-02-08,49.1,CAUTION,警戒,WARN_BREADTH_MISSING,62.0,REALIZED_VOL|DRAWDOWN|BREADTH|TURNOVER
2021-02-09,49.5,CAUTION,警戒,WARN_BREADTH_MISSING,62.0,REALIZED_VOL|DRAWDOWN|BREADTH|TURNOVER
2021-02-10,54.6,CAUTION,警戒,WARN_BREADTH_MISSING,62.0,REALIZED_VOL|DRAWDOWN|BREADTH|TURNOVER
2021-02-18,53.1,CAUTION,警戒,WARN_BREADTH_MISSING,62.0,REALIZED_VOL|DRAWDOWN|BREADTH|TURNOVER
2021-02-19,48.3,CAUTION,警戒,WARN_BREADTH_MISSING,62.0,REALIZED_VOL|DRAWDOWN|BREADTH|TURNOVER
2021-02-22,51.8,CAUTION,警戒,WARN_BREADTH_MISSING,62.0,REALIZED_VOL|DRAWDOWN|BREADTH|TURNOVER
2021-02-23,52.0,CAUTION,警戒,WARN_BREADTH_MISSING,62.0,REALIZED_VOL|DRAWDOWN|BREADTH|TURNOVER
2021-02-24,55.6,CAUTION,警戒,WARN_BREADTH_MISSING,62.0,REALIZED_VOL|DRAWDOWN|BREADTH|TURNOVER
2021-02-25,53.4,CAUTION,警戒,WARN_BREADTH_MISSING,62.0,REALIZED_VOL|DRAWDOWN|BREADTH|TURNOVER
2021-02-26,58.7,CAUTION,警戒,WARN_BREADTH_MISSING,62.0,REALIZED_VOL|DRAWDOWN|BREADTH|TURNOVER
2021-03-01,53.5,CAUTION,警戒,WARN_BREADTH_MISSING,62.0,REALIZED_VOL|DRAWDOWN|BREADTH|TURNOVER
2021-03-02,51.0,CAUTION,警戒,WARN_BREADTH_MISSING,62.0,REALIZED_VOL|DRAWDOWN|BREADTH|TURNOVER
2021-03-03,50.2,CAUTION,警戒,WARN_BREADTH_MISSING,62.0,REALIZED_VOL|DRAWDOWN|BREADTH|TURNOVER
2021-03-04,54.2,CAUTION,警戒,WARN_BREADTH_MISSING,62.0,REALIZED_VOL|DRAWDOWN|BREADTH|TURNOVER
2021-03-05,55.4,CAUTION,警戒,WARN_BREADTH_MISSING,62.0,REALIZED_VOL|DRAWDOWN|BREADTH|TURNOVER
2021-03-08,58.7,CAUTION,警戒,WARN_BREADTH_MISSING,62.0,REALIZED_VOL|DRAWDOWN|BREADTH|TURNOVER
2021-03-09,59.1,CAUTION,警戒,WARN_BREADTH_MISSING,62.0,REALIZED_VOL|DRAWDOWN|BREADTH|TURNOVER
2021-03-10,57.3,CAUTION,警戒,WARN_BREADTH_MISSING,62.0,REALIZED_VOL|DRAWDOWN|BREADTH|TURNOVER
2021-03-11,51.4,CAUTION,警戒,WARN_BREADTH_MISSING,62.0,REALIZED_VOL|DRAWDOWN|BREADTH|TURNOVER
2021-03-12,48.2,CAUTION,警戒,WARN_BREADTH_MISSING,62.0,REALIZED_VOL|DRAWDOWN|BREADTH|TURNOVER
2021-03-15,47.8,CAUTION,警戒,WARN_BREADTH_MISSING|WARN_NOT_BRACKET_30D,62.0,REALIZED_VOL|DRAWDOWN|BREADTH|TURNOVER
2021-03-16,47.3,CAUTION,警戒,WARN_BREADTH_MISSING|WARN_NOT_BRACKET_30D,62.0,REALIZED_VOL|DRAWDOWN|BREADTH|TURNOVER
2021-03-17,49.8,CAUTION,警戒,WARN_BREADTH_MISSING,62.0,REALIZED_VOL|DRAWDOWN|BREADTH|TURNOVER
2021-03-18,47.6,CAUTION,警戒,WARN_BREADTH_MISSING,62.0,REALIZED_VOL|DRAWDOWN|BREADTH|TURNOVER
2021-03-19,48.6,CAUTION,警戒,WARN_BREADTH_MISSING,62.0,REALIZED_VOL|DRAWDOWN|BREADTH|TURNOVER
2021-03-22,46.4,CAUTION,警戒,WARN_BREADTH_MISSING,62.0,REALIZED_VOL|DRAWDOWN|BREADTH|TURNOVER
2021-03-23,44.8,CAUTION,警戒,WARN_BREADTH_MISSING,62.0,REALIZED_VOL|DRAWDOWN|BREADTH|TURNOVER
2021-03-24,47.6,CAUTION,警戒,WARN_BREADTH_MISSING,62.0,REALIZED_VOL|DRAWDOWN|BREADTH|TURNOVER
2021-03-25,45.3,CAUTION,警戒,WARN_BREADTH_MISSING,62.0,REALIZED_VOL|DRAWDOWN|BREADTH|TURNOVER
2021-03-26,39.8,NORMAL,正常,WARN_BREADTH_MISSING,62.0,REALIZED_VOL|DRAWDOWN|BREADTH|TURNOVER
2021-03-29,41.1,CAUTION,警戒,WARN_BREADTH_MISSING,62.0,REALIZED_VOL|DRAWDOWN|BREADTH|TURNOVER
2021-03-30,40.1,CAUTION,警戒,WARN_BREADTH_MISSING,62.0,REALIZED_VOL|DRAWDOWN|BREADTH|TURNOVER
2021-03-31,38.2,NORMAL,正常,WARN_BREADTH_MISSING,62.0,REALIZED_VOL|DRAWDOWN|BREADTH|TURNOVER
2021-04-01,35.7,NORMAL,正常,WARN_BREADTH_MISSING,62.0,REALIZED_VOL|DRAWDOWN|BREADTH|TURNOVER
2021-04-02,39.1,NORMAL,正常,WARN_BREADTH_MISSING,62.0,REALIZED_VOL|DRAWDOWN|BREADTH|TURNOVER
2021-04-06,39.4,NORMAL,正常,WARN_BREADTH_MISSING,62.0,REALIZED_VOL|DRAWDOWN|BREADTH|TURNOVER
2021-04-07,35.1,NORMAL,正常,WARN_BREADTH_MISSING,62.0,REALIZED_VOL|DRAWDOWN|BREADTH|TURNOVER
2021-04-08,31.8,NORMAL,正常,WARN_BREADTH_MISSING,62.0,REALIZED_VOL|DRAWDOWN|BREADTH|TURNOVER
2021-04-09,31.8,NORMAL,正常,WARN_BREADTH_MISSING,62.0,REALIZED_VOL|DRAWDOWN|BREADTH|TURNOVER
2021-04-12,33.6,NORMAL,正常,WARN_BREADTH_MISSING|WARN_NOT_BRACKET_30D,62.0,REALIZED_VOL|DRAWDOWN|BREADTH|TURNOVER
2021-04-13,35.8,NORMAL,正常,WARN_BREADTH_MISSING|WARN_NOT_BRACKET_30D,62.0,REALIZED_VOL|DRAWDOWN|BREADTH|TURNOVER
2021-04-14,36.4,NORMAL,正常,WARN_BREADTH_MISSING|WARN_NOT_BRACKET_30D,62.0,REALIZED_VOL|DRAWDOWN|BREADTH|TURNOVER
2021-04-15,37.4,NORMAL,正常,WARN_BREADTH_MISSING|WARN_NOT_BRACKET_30D,62.0,REALIZED_VOL|DRAWDOWN|BREADTH|TURNOVER
2021-04-16,36.3,NORMAL,正常,WARN_BREADTH_MISSING|WARN_NOT_BRACKET_30D,62.0,REALIZED_VOL|DRAWDOWN|BREADTH|TURNOVER
2021-04-19,37.3,NORMAL,正常,WARN_BREADTH_MISSING|WARN_NOT_BRACKET_30D,62.0,REALIZED_VOL|DRAWDOWN|BREADTH|TURNOVER
2021-04-20,35.9,NORMAL,正常,WARN_BREADTH_MISSING|WARN_NOT_BRACKET_30D,62.0,REALIZED_VOL|DRAWDOWN|BREADTH|TURNOVER
2021-04-21,36.2,NORMAL,正常,WARN_BREADTH_MISSING,62.0,REALIZED_VOL|DRAWDOWN|BREADTH|TURNOVER
2021-04-22,37.0,NORMAL,正常,WARN_BREADTH_MISSING,62.0,REALIZED_VOL|DRAWDOWN|BREADTH|TURNOVER
2021-04-23,39.5,NORMAL,正常,WARN_BREADTH_MISSING,62.0,REALIZED_VOL|DRAWDOWN|BREADTH|TURNOVER
2021-04-26,38.6,NORMAL,正常,WARN_BREADTH_MISSING,62.0,REALIZED_VOL|DRAWDOWN|BREADTH|TURNOVER
2021-04-27,38.9,NORMAL,正常,WARN_BREADTH_MISSING,62.0,REALIZED_VOL|DRAWDOWN|BREADTH|TURNOVER
2021-04-28,40.2,CAUTION,警戒,WARN_BREADTH_MISSING,62.0,REALIZED_VOL|DRAWDOWN|BREADTH|TURNOVER
2021-04-29,41.7,CAUTION,警戒,WARN_BREADTH_MISSING,62.0,REALIZED_VOL|DRAWDOWN|BREADTH|TURNOVER
2021-04-30,39.2,NORMAL,正常,WARN_BREADTH_MISSING,62.0,REALIZED_VOL|DRAWDOWN|BREADTH|TURNOVER
2021-05-06,39.0,NORMAL,正常,WARN_BREADTH_MISSING,62.0,REALIZED_VOL|DRAWDOWN|BREADTH|TURNOVER
2021-05-07,37.9,NORMAL,正常,WARN_BREADTH_MISSING,62.0,REALIZED_VOL|DRAWDOWN|BREADTH|TURNOVER
2021-05-10,36.2,NORMAL,正常,WARN_BREADTH_MISSING,62.0,REALIZED_VOL|DRAWDOWN|BREADTH|TURNOVER
2021-05-11,39.4,NORMAL,正常,WARN_BREADTH_MISSING,62.0,REALIZED_VOL|DRAWDOWN|BREADTH|TURNOVER
2021-05-12,40.7,CAUTION,警戒,WARN_BREADTH_MISSING,62.0,REALIZED_VOL|DRAWDOWN|BREADTH|TURNOVER
2021-05-13,42.3,CAUTION,警戒,WARN_BREADTH_MISSING,62.0,REALIZED_VOL|DRAWDOWN|BREADTH|TURNOVER
2021-05-14,43.3,CAUTION,警戒,WARN_BREADTH_MISSING,62.0,REALIZED_VOL|DRAWDOWN|BREADTH|TURNOVER
2021-05-17,47.3,CAUTION,警戒,WARN_BREADTH_MISSING|WARN_NOT_BRACKET_30D,62.0,REALIZED_VOL|DRAWDOWN|BREADTH|TURNOVER
2021-05-18,46.9,CAUTION,警戒,WARN_BREADTH_MISSING|WARN_NOT_BRACKET_30D,62.0,REALIZED_VOL|DRAWDOWN|BREADTH|TURNOVER
2021-05-19,44.1,CAUTION,警戒,WARN_BREADTH_MISSING,62.0,REALIZED_VOL|DRAWDOWN|BREADTH|TURNOVER
2021-05-20,51.4,CAUTION,警戒,WARN_BREADTH_MISSING,62.0,REALIZED_VOL|DRAWDOWN|BREADTH|TURNOVER
2021-05-21,42.8,CAUTION,警戒,WARN_BREADTH_MISSING,62.0,REALIZED_VOL|DRAWDOWN|BREADTH|TURNOVER
2021-05-24,43.2,CAUTION,警戒,WARN_BREADTH_MISSING,62.0,REALIZED_VOL|DRAWDOWN|BREADTH|TURNOVER
2021-05-25,56.7,CAUTION,警戒,WARN_BREADTH_MISSING,62.0,REALIZED_VOL|DRAWDOWN|BREADTH|TURNOVER
2021-05-26,57.4,CAUTION,警戒,WARN_BREADTH_MISSING,62.0,REALIZED_VOL|DRAWDOWN|BREADTH|TURNOVER
2021-05-27,60.1,HIGH_RISK,高风险,WARN_BREADTH_MISSING,62.0,REALIZED_VOL|DRAWDOWN|BREADTH|TURNOVER
2021-05-28,60.0,HIGH_RISK,高风险,WARN_BREADTH_MISSING,62.0,REALIZED_VOL|DRAWDOWN|BREADTH|TURNOVER
2021-05-31,62.2,HIGH_RISK,高风险,WARN_BREADTH_MISSING,62.0,REALIZED_VOL|DRAWDOWN|BREADTH|TURNOVER
2021-06-01,60.5,HIGH_RISK,高风险,WARN_BREADTH_MISSING,62.0,REALIZED_VOL|DRAWDOWN|BREADTH|TURNOVER
2021-06-02,53.1,CAUTION,警戒,WARN_BREADTH_MISSING,62.0,REALIZED_VOL|DRAWDOWN|BREADTH|TURNOVER
2021-06-03,48.6,CAUTION,警戒,WARN_BREADTH_MISSING,62.0,REALIZED_VOL|DRAWDOWN|BREADTH|TURNOVER
2021-06-04,43.7,CAUTION,警戒,WARN_BREADTH_MISSING,62.0,REALIZED_VOL|DRAWDOWN|BREADTH|TURNOVER
2021-06-07,51.3,CAUTION,警戒,WARN_BREADTH_MISSING,62.0,REALIZED_VOL|DRAWDOWN|BREADTH|TURNOVER
2021-06-08,51.6,CAUTION,警戒,WARN_BREADTH_MISSING,62.0,REALIZED_VOL|DRAWDOWN|BREADTH|TURNOVER
2021-06-09,42.9,CAUTION,警戒,WARN_BREADTH_MISSING,62.0,REALIZED_VOL|DRAWDOWN|BREADTH|TURNOVER
2021-06-10,39.8,NORMAL,正常,WARN_BREADTH_MISSING,62.0,REALIZED_VOL|DRAWDOWN|BREADTH|TURNOVER
2021-06-11,39.4,NORMAL,正常,WARN_BREADTH_MISSING,62.0,REALIZED_VOL|DRAWDOWN|BREADTH|TURNOVER
2021-06-15,37.3,NORMAL,正常,WARN_BREADTH_MISSING|WARN_NOT_BRACKET_30D,62.0,REALIZED_VOL|DRAWDOWN|BREADTH|TURNOVER
2021-06-16,39.3,NORMAL,正常,WARN_BREADTH_MISSING,62.0,REALIZED_VOL|DRAWDOWN|BREADTH|TURNOVER
2021-06-17,35.7,NORMAL,正常,WARN_BREADTH_MISSING,62.0,REALIZED_VOL|DRAWDOWN|BREADTH|TURNOVER
2021-06-18,34.6,NORMAL,正常,WARN_BREADTH_MISSING,62.0,REALIZED_VOL|DRAWDOWN|BREADTH|TURNOVER
2021-06-21,35.2,NORMAL,正常,WARN_BREADTH_MISSING,62.0,REALIZED_VOL|DRAWDOWN|BREADTH|TURNOVER
2021-06-22,34.3,NORMAL,正常,WARN_BREADTH_MISSING,62.0,REALIZED_VOL|DRAWDOWN|BREADTH|TURNOVER
2021-06-23,38.9,NORMAL,正常,WARN_BREADTH_MISSING,62.0,REALIZED_VOL|DRAWDOWN|BREADTH|TURNOVER
2021-06-24,38.9,NORMAL,正常,WARN_BREADTH_MISSING,62.0,REALIZED_VOL|DRAWDOWN|BREADTH|TURNOVER
2021-06-25,31.1,NORMAL,正常,WARN_BREADTH_MISSING,62.0,REALIZED_VOL|DRAWDOWN|BREADTH|TURNOVER
2021-06-28,41.2,CAUTION,警戒,WARN_BREADTH_MISSING,62.0,REALIZED_VOL|DRAWDOWN|BREADTH|TURNOVER
2021-06-29,40.1,CAUTION,警戒,WARN_BREADTH_MISSING,62.0,REALIZED_VOL|DRAWDOWN|BREADTH|TURNOVER
2021-06-30,34.8,NORMAL,正常,WARN_BREADTH_MISSING,62.0,REALIZED_VOL|DRAWDOWN|BREADTH|TURNOVER
2021-07-01,33.3,NORMAL,正常,WARN_BREADTH_MISSING,62.0,REALIZED_VOL|DRAWDOWN|BREADTH|TURNOVER
2021-07-02,33.0,NORMAL,正常,WARN_BREADTH_MISSING,62.0,REALIZED_VOL|DRAWDOWN|BREADTH|TURNOVER
2021-07-05,38.7,NORMAL,正常,WARN_BREADTH_MISSING,62.0,REALIZED_VOL|DRAWDOWN|BREADTH|TURNOVER
2021-07-06,29.9,NORMAL,正常,WARN_BREADTH_MISSING,62.0,REALIZED_VOL|DRAWDOWN|BREADTH|TURNOVER
2021-07-07,29.2,NORMAL,正常,WARN_BREADTH_MISSING,62.0,REALIZED_VOL|DRAWDOWN|BREADTH|TURNOVER
2021-07-08,30.0,NORMAL,正常,WARN_BREADTH_MISSING,62.0,REALIZED_VOL|DRAWDOWN|BREADTH|TURNOVER
2021-07-09,31.6,NORMAL,正常,WARN_BREADTH_MISSING,62.0,REALIZED_VOL|DRAWDOWN|BREADTH|TURNOVER
2021-07-12,31.2,NORMAL,正常,WARN_BREADTH_MISSING|WARN_NOT_BRACKET_30D,62.0,REALIZED_VOL|DRAWDOWN|BREADTH|TURNOVER
2021-07-13,32.4,NORMAL,正常,WARN_BREADTH_MISSING|WARN_NOT_BRACKET_30D,62.0,REALIZED_VOL|DRAWDOWN|BREADTH|TURNOVER
2021-07-14,31.7,NORMAL,正常,WARN_BREADTH_MISSING|WARN_NOT_BRACKET_30D,62.0,REALIZED_VOL|DRAWDOWN|BREADTH|TURNOVER
2021-07-15,31.3,NORMAL,正常,WARN_BREADTH_MISSING|WARN_NOT_BRACKET_30D,62.0,REALIZED_VOL|DRAWDOWN|BREADTH|TURNOVER
2021-07-16,28.4,NORMAL,正常,WARN_BREADTH_MISSING|WARN_NOT_BRACKET_30D,62.0,REALIZED_VOL|DRAWDOWN|BREADTH|TURNOVER
2021-07-19,30.0,NORMAL,正常,WARN_BREADTH_MISSING|WARN_NOT_BRACKET_30D,62.0,REALIZED_VOL|DRAWDOWN|BREADTH|TURNOVER
2021-07-20,31.5,NORMAL,正常,WARN_BREADTH_MISSING|WARN_NOT_BRACKET_30D,62.0,REALIZED_VOL|DRAWDOWN|BREADTH|TURNOVER
2021-07-21,31.0,NORMAL,正常,WARN_BREADTH_MISSING,62.0,REALIZED_VOL|DRAWDOWN|BREADTH|TURNOVER
2021-07-22,31.5,NORMAL,正常,WARN_BREADTH_MISSING,62.0,REALIZED_VOL|DRAWDOWN|BREADTH|TURNOVER
2021-07-23,30.6,NORMAL,正常,WARN_BREADTH_MISSING,62.0,REALIZED_VOL|DRAWDOWN|BREADTH|TURNOVER
2021-07-26,49.9,CAUTION,警戒,WARN_BREADTH_MISSING,62.0,REALIZED_VOL|DRAWDOWN|BREADTH|TURNOVER
2021-07-27,58.3,CAUTION,警戒,WARN_BREADTH_MISSING,62.0,REALIZED_VOL|DRAWDOWN|BREADTH|TURNOVER
2021-07-28,57.1,CAUTION,警戒,WARN_BREADTH_MISSING,62.0,REALIZED_VOL|DRAWDOWN|BREADTH|TURNOVER
2021-07-29,49.1,CAUTION,警戒,WARN_BREADTH_MISSING,62.0,REALIZED_VOL|DRAWDOWN|BREADTH|TURNOVER
2021-07-30,48.8,CAUTION,警戒,WARN_BREADTH_MISSING,62.0,REALIZED_VOL|DRAWDOWN|BREADTH|TURNOVER
2021-08-02,45.6,CAUTION,警戒,WARN_BREADTH_MISSING,62.0,REALIZED_VOL|DRAWDOWN|BREADTH|TURNOVER
2021-08-03,42.0,CAUTION,警戒,WARN_BREADTH_MISSING,62.0,REALIZED_VOL|DRAWDOWN|BREADTH|TURNOVER
2021-08-04,42.5,CAUTION,警戒,WARN_BREADTH_MISSING,62.0,REALIZED_VOL|DRAWDOWN|BREADTH|TURNOVER
2021-08-05,43.8,CAUTION,警戒,WARN_BREADTH_MISSING,62.0,REALIZED_VOL|DRAWDOWN|BREADTH|TURNOVER
2021-08-06,42.7,CAUTION,警戒,WARN_BREADTH_MISSING,62.0,REALIZED_VOL|DRAWDOWN|BREADTH|TURNOVER
2021-08-09,43.0,CAUTION,警戒,WARN_BREADTH_MISSING,62.0,REALIZED_VOL|DRAWDOWN|BREADTH|TURNOVER
2021-08-10,44.8,CAUTION,警戒,WARN_BREADTH_MISSING,62.0,REALIZED_VOL|DRAWDOWN|BREADTH|TURNOVER
2021-08-11,42.7,CAUTION,警戒,WARN_BREADTH_MISSING,62.0,REALIZED_VOL|DRAWDOWN|BREADTH|TURNOVER
2021-08-12,42.7,CAUTION,警戒,WARN_BREADTH_MISSING,62.0,REALIZED_VOL|DRAWDOWN|BREADTH|TURNOVER
2021-08-13,42.5,CAUTION,警戒,WARN_BREADTH_MISSING,62.0,REALIZED_VOL|DRAWDOWN|BREADTH|TURNOVER
2021-08-16,45.7,CAUTION,警戒,WARN_BREADTH_MISSING|WARN_NOT_BRACKET_30D,62.0,REALIZED_VOL|DRAWDOWN|BREADTH|TURNOVER
2021-08-17,49.7,CAUTION,警戒,WARN_BREADTH_MISSING|WARN_NOT_BRACKET_30D,62.0,REALIZED_VOL|DRAWDOWN|BREADTH|TURNOVER
2021-08-18,44.8,CAUTION,警戒,WARN_BREADTH_MISSING,62.0,REALIZED_VOL|DRAWDOWN|BREADTH|TURNOVER
2021-08-19,48.5,CAUTION,警戒,WARN_BREADTH_MISSING,62.0,REALIZED_VOL|DRAWDOWN|BREADTH|TURNOVER
2021-08-20,54.9,CAUTION,警戒,WARN_BREADTH_MISSING,62.0,REALIZED_VOL|DRAWDOWN|BREADTH|TURNOVER
2021-08-23,49.5,CAUTION,警戒,WARN_BREADTH_MISSING,62.0,REALIZED_VOL|DRAWDOWN|BREADTH|TURNOVER
2021-08-24,42.0,CAUTION,警戒,WARN_BREADTH_MISSING,62.0,REALIZED_VOL|DRAWDOWN|BREADTH|TURNOVER
2021-08-25,38.1,NORMAL,正常,WARN_BREADTH_MISSING,62.0,REALIZED_VOL|DRAWDOWN|BREADTH|TURNOVER
2021-08-26,46.9,CAUTION,警戒,WARN_BREADTH_MISSING,62.0,REALIZED_VOL|DRAWDOWN|BREADTH|TURNOVER
2021-08-27,44.2,CAUTION,警戒,WARN_BREADTH_MISSING,62.0,REALIZED_VOL|DRAWDOWN|BREADTH|TURNOVER
2021-08-30,47.3,CAUTION,警戒,WARN_BREADTH_MISSING,62.0,REALIZED_VOL|DRAWDOWN|BREADTH|TURNOVER
2021-08-31,46.9,CAUTION,警戒,WARN_BREADTH_MISSING,62.0,REALIZED_VOL|DRAWDOWN|BREADTH|TURNOVER
2021-09-01,46.7,CAUTION,警戒,WARN_BREADTH_MISSING,62.0,REALIZED_VOL|DRAWDOWN|BREADTH|TURNOVER
2021-09-02,48.4,CAUTION,警戒,WARN_BREADTH_MISSING,62.0,REALIZED_VOL|DRAWDOWN|BREADTH|TURNOVER
2021-09-03,46.5,CAUTION,警戒,WARN_BREADTH_MISSING,62.0,REALIZED_VOL|DRAWDOWN|BREADTH|TURNOVER
2021-09-06,41.0,CAUTION,警戒,WARN_BREADTH_MISSING,62.0,REALIZED_VOL|DRAWDOWN|BREADTH|TURNOVER
2021-09-07,46.9,CAUTION,警戒,WARN_BREADTH_MISSING,62.0,REALIZED_VOL|DRAWDOWN|BREADTH|TURNOVER
2021-09-08,43.0,CAUTION,警戒,WARN_BREADTH_MISSING,62.0,REALIZED_VOL|DRAWDOWN|BREADTH|TURNOVER
2021-09-09,43.7,CAUTION,警戒,WARN_BREADTH_MISSING,62.0,REALIZED_VOL|DRAWDOWN|BREADTH|TURNOVER
2021-09-10,47.9,CAUTION,警戒,WARN_BREADTH_MISSING,62.0,REALIZED_VOL|DRAWDOWN|BREADTH|TURNOVER
2021-09-13,42.0,CAUTION,警戒,WARN_BREADTH_MISSING|WARN_NOT_BRACKET_30D,62.0,REALIZED_VOL|DRAWDOWN|BREADTH|TURNOVER
2021-09-14,42.0,CAUTION,警戒,WARN_BREADTH_MISSING|WARN_NOT_BRACKET_30D,62.0,REALIZED_VOL|DRAWDOWN|BREADTH|TURNOVER
2021-09-15,39.7,NORMAL,正常,WARN_BREADTH_MISSING,62.0,REALIZED_VOL|DRAWDOWN|BREADTH|TURNOVER
2021-09-16,51.2,CAUTION,警戒,WARN_BREADTH_MISSING,62.0,REALIZED_VOL|DRAWDOWN|BREADTH|TURNOVER
2021-09-17,37.1,NORMAL,正常,WARN_BREADTH_MISSING,62.0,REALIZED_VOL|DRAWDOWN|BREADTH|TURNOVER
2021-09-22,47.5,CAUTION,警戒,WARN_BREADTH_MISSING,62.0,REALIZED_VOL|DRAWDOWN|BREADTH|TURNOVER
2021-09-23,48.5,CAUTION,警戒,WARN_BREADTH_MISSING,62.0,REALIZED_VOL|DRAWDOWN|BREADTH|TURNOVER
2021-09-24,43.5,CAUTION,警戒,WARN_BREADTH_MISSING,62.0,REALIZED_VOL|DRAWDOWN|BREADTH|TURNOVER
2021-09-27,46.5,CAUTION,警戒,WARN_BREADTH_MISSING,62.0,REALIZED_VOL|DRAWDOWN|BREADTH|TURNOVER
2021-09-28,47.2,CAUTION,警戒,WARN_BREADTH_MISSING,62.0,REALIZED_VOL|DRAWDOWN|BREADTH|TURNOVER
2021-09-29,51.0,CAUTION,警戒,WARN_BREADTH_MISSING,62.0,REALIZED_VOL|DRAWDOWN|BREADTH|TURNOVER
2021-09-30,50.1,CAUTION,警戒,WARN_BREADTH_MISSING,62.0,REALIZED_VOL|DRAWDOWN|BREADTH|TURNOVER
2021-10-08,44.0,CAUTION,警戒,WARN_BREADTH_MISSING,62.0,REALIZED_VOL|DRAWDOWN|BREADTH|TURNOVER
2021-10-11,35.4,NORMAL,正常,WARN_BREADTH_MISSING|WARN_NOT_BRACKET_30D,62.0,REALIZED_VOL|DRAWDOWN|BREADTH|TURNOVER
2021-10-12,34.8,NORMAL,正常,WARN_BREADTH_MISSING|WARN_NOT_BRACKET_30D,62.0,REALIZED_VOL|DRAWDOWN|BREADTH|TURNOVER
2021-10-13,38.2,NORMAL,正常,WARN_BREADTH_MISSING|WARN_NOT_BRACKET_30D,62.0,REALIZED_VOL|DRAWDOWN|BREADTH|TURNOVER
2021-10-14,37.0,NORMAL,正常,WARN_BREADTH_MISSING|WARN_NOT_BRACKET_30D,62.0,REALIZED_VOL|DRAWDOWN|BREADTH|TURNOVER
2021-10-15,37.5,NORMAL,正常,WARN_BREADTH_MISSING|WARN_NOT_BRACKET_30D,62.0,REALIZED_VOL|DRAWDOWN|BREADTH|TURNOVER
2021-10-18,41.1,CAUTION,警戒,WARN_BREADTH_MISSING|WARN_NOT_BRACKET_30D,62.0,REALIZED_VOL|DRAWDOWN|BREADTH|TURNOVER
2021-10-19,33.8,NORMAL,正常,WARN_BREADTH_MISSING|WARN_NOT_BRACKET_30D,62.0,REALIZED_VOL|DRAWDOWN|BREADTH|TURNOVER
2021-10-20,39.6,NORMAL,正常,WARN_BREADTH_MISSING,62.0,REALIZED_VOL|DRAWDOWN|BREADTH|TURNOVER
2021-10-21,41.1,CAUTION,警戒,WARN_BREADTH_MISSING,62.0,REALIZED_VOL|DRAWDOWN|BREADTH|TURNOVER
2021-10-22,36.8,NORMAL,正常,WARN_BREADTH_MISSING,62.0,REALIZED_VOL|DRAWDOWN|BREADTH|TURNOVER
2021-10-25,44.8,CAUTION,警戒,WARN_BREADTH_MISSING,62.0,REALIZED_VOL|DRAWDOWN|BREADTH|TURNOVER
2021-10-26,44.3,CAUTION,警戒,WARN_BREADTH_MISSING,62.0,REALIZED_VOL|DRAWDOWN|BREADTH|TURNOVER
2021-10-27,43.7,CAUTION,警戒,WARN_BREADTH_MISSING,62.0,REALIZED_VOL|DRAWDOWN|BREADTH|TURNOVER
2021-10-28,44.2,CAUTION,警戒,WARN_BREADTH_MISSING,62.0,REALIZED_VOL|DRAWDOWN|BREADTH|TURNOVER
2021-10-29,41.3,CAUTION,警戒,WARN_BREADTH_MISSING,62.0,REALIZED_VOL|DRAWDOWN|BREADTH|TURNOVER
2021-11-01,34.8,NORMAL,正常,WARN_BREADTH_MISSING,62.0,REALIZED_VOL|DRAWDOWN|BREADTH|TURNOVER
2021-11-02,40.7,CAUTION,警戒,WARN_BREADTH_MISSING,62.0,REALIZED_VOL|DRAWDOWN|BREADTH|TURNOVER
2021-11-03,41.5,CAUTION,警戒,WARN_BREADTH_MISSING,62.0,REALIZED_VOL|DRAWDOWN|BREADTH|TURNOVER
2021-11-04,34.3,NORMAL,正常,WARN_BREADTH_MISSING,62.0,REALIZED_VOL|DRAWDOWN|BREADTH|TURNOVER
2021-11-05,33.7,NORMAL,正常,WARN_BREADTH_MISSING,62.0,REALIZED_VOL|DRAWDOWN|BREADTH|TURNOVER
2021-11-08,35.7,NORMAL,正常,WARN_BREADTH_MISSING,62.0,REALIZED_VOL|DRAWDOWN|BREADTH|TURNOVER
2021-11-09,33.6,NORMAL,正常,WARN_BREADTH_MISSING,62.0,REALIZED_VOL|DRAWDOWN|BREADTH|TURNOVER
2021-11-10,34.3,NORMAL,正常,WARN_BREADTH_MISSING,62.0,REALIZED_VOL|DRAWDOWN|BREADTH|TURNOVER
2021-11-11,41.1,CAUTION,警戒,WARN_BREADTH_MISSING,62.0,REALIZED_VOL|DRAWDOWN|BREADTH|TURNOVER
2021-11-12,40.5,CAUTION,警戒,WARN_BREADTH_MISSING,62.0,REALIZED_VOL|DRAWDOWN|BREADTH|TURNOVER
2021-11-15,42.5,CAUTION,警戒,WARN_BREADTH_MISSING|WARN_NOT_BRACKET_30D,62.0,REALIZED_VOL|DRAWDOWN|BREADTH|TURNOVER
2021-11-16,41.0,CAUTION,警戒,WARN_BREADTH_MISSING|WARN_NOT_BRACKET_30D,62.0,REALIZED_VOL|DRAWDOWN|BREADTH|TURNOVER
2021-11-17,35.4,NORMAL,正常,WARN_BREADTH_MISSING,62.0,REALIZED_VOL|DRAWDOWN|BREADTH|TURNOVER
2021-11-18,38.8,NORMAL,正常,WARN_BREADTH_MISSING,62.0,REALIZED_VOL|DRAWDOWN|BREADTH|TURNOVER
2021-11-19,29.1,NORMAL,正常,WARN_BREADTH_MISSING,62.0,REALIZED_VOL|DRAWDOWN|BREADTH|TURNOVER
2021-11-22,28.8,NORMAL,正常,WARN_BREADTH_MISSING,62.0,REALIZED_VOL|DRAWDOWN|BREADTH|TURNOVER
2021-11-23,28.7,NORMAL,正常,WARN_BREADTH_MISSING,62.0,REALIZED_VOL|DRAWDOWN|BREADTH|TURNOVER
2021-11-25,26.4,NORMAL,正常,WARN_BREADTH_MISSING,62.0,REALIZED_VOL|DRAWDOWN|BREADTH|TURNOVER
2021-11-26,26.6,NORMAL,正常,WARN_BREADTH_MISSING,62.0,REALIZED_VOL|DRAWDOWN|BREADTH|TURNOVER
2021-11-29,28.7,NORMAL,正常,WARN_BREADTH_MISSING,62.0,REALIZED_VOL|DRAWDOWN|BREADTH|TURNOVER
2021-11-30,28.3,NORMAL,正常,WARN_BREADTH_MISSING,62.0,REALIZED_VOL|DRAWDOWN|BREADTH|TURNOVER
2021-12-01,27.4,NORMAL,正常,WARN_BREADTH_MISSING,62.0,REALIZED_VOL|DRAWDOWN|BREADTH|TURNOVER
2021-12-02,27.4,NORMAL,正常,WARN_BREADTH_MISSING,62.0,REALIZED_VOL|DRAWDOWN|BREADTH|TURNOVER
2021-12-03,26.6,NORMAL,正常,WARN_BREADTH_MISSING,62.0,REALIZED_VOL|DRAWDOWN|BREADTH|TURNOVER
2021-12-06,26.7,NORMAL,正常,WARN_BREADTH_MISSING,62.0,REALIZED_VOL|DRAWDOWN|BREADTH|TURNOVER
2021-12-07,27.6,NORMAL,正常,WARN_BREADTH_MISSING,62.0,REALIZED_VOL|DRAWDOWN|BREADTH|TURNOVER
2021-12-08,31.6,NORMAL,正常,WARN_BREADTH_MISSING,62.0,REALIZED_VOL|DRAWDOWN|BREADTH|TURNOVER
2021-12-09,32.3,NORMAL,正常,WARN_BREADTH_MISSING,62.0,REALIZED_VOL|DRAWDOWN|BREADTH|TURNOVER
2021-12-10,32.3,NORMAL,正常,WARN_BREADTH_MISSING,62.0,REALIZED_VOL|DRAWDOWN|BREADTH|TURNOVER
2021-12-13,33.3,NORMAL,正常,WARN_BREADTH_MISSING|WARN_NOT_BRACKET_30D,62.0,REALIZED_VOL|DRAWDOWN|BREADTH|TURNOVER
2021-12-14,31.7,NORMAL,正常,WARN_BREADTH_MISSING|WARN_NOT_BRACKET_30D,62.0,REALIZED_VOL|DRAWDOWN|BREADTH|TURNOVER
2021-12-15,29.3,NORMAL,正常,WARN_BREADTH_MISSING|WARN_NOT_BRACKET_30D,62.0,REALIZED_VOL|DRAWDOWN|BREADTH|TURNOVER
2021-12-16,29.0,NORMAL,正常,WARN_BREADTH_MISSING|WARN_NOT_BRACKET_30D,62.0,REALIZED_VOL|DRAWDOWN|BREADTH|TURNOVER
2021-12-17,29.8,NORMAL,正常,WARN_BREADTH_MISSING|WARN_NOT_BRACKET_30D,62.0,REALIZED_VOL|DRAWDOWN|BREADTH|TURNOVER
2021-12-20,32.0,NORMAL,正常,WARN_BREADTH_MISSING|WARN_NOT_BRACKET_30D,62.0,REALIZED_VOL|DRAWDOWN|BREADTH|TURNOVER
2021-12-21,30.1,NORMAL,正常,WARN_BREADTH_MISSING|WARN_NOT_BRACKET_30D,62.0,REALIZED_VOL|DRAWDOWN|BREADTH|TURNOVER
2021-12-22,38.3,NORMAL,正常,WARN_BREADTH_MISSING,62.0,REALIZED_VOL|DRAWDOWN|BREADTH|TURNOVER
2021-12-23,36.6,NORMAL,正常,WARN_BREADTH_MISSING,62.0,REALIZED_VOL|DRAWDOWN|BREADTH|TURNOVER
2021-12-24,37.0,NORMAL,正常,WARN_BREADTH_MISSING,62.0,REALIZED_VOL|DRAWDOWN|BREADTH|TURNOVER
2021-12-27,37.4,NORMAL,正常,WARN_BREADTH_MISSING,62.0,REALIZED_VOL|DRAWDOWN|BREADTH|TURNOVER
2021-12-28,38.9,NORMAL,正常,WARN_BREADTH_MISSING,62.0,REALIZED_VOL|DRAWDOWN|BREADTH|TURNOVER
2021-12-29,42.7,CAUTION,警戒,WARN_BREADTH_MISSING,62.0,REALIZED_VOL|DRAWDOWN|BREADTH|TURNOVER
2021-12-30,51.2,CAUTION,警戒,LOW_NO_CHAIN,12.0,AVIX|REALIZED_VOL|DRAWDOWN|BREADTH|TURNOVER
2021-12-31,37.1,NORMAL,正常,WARN_BREADTH_MISSING,62.0,REALIZED_VOL|DRAWDOWN|BREADTH|TURNOVER
2022-01-04,37.6,NORMAL,正常,WARN_BREADTH_MISSING,62.0,REALIZED_VOL|DRAWDOWN|BREADTH|TURNOVER
2022-01-05,43.6,CAUTION,警戒,WARN_BREADTH_MISSING,62.0,REALIZED_VOL|DRAWDOWN|BREADTH|TURNOVER
2022-01-06,44.7,CAUTION,警戒,WARN_BREADTH_MISSING,62.0,REALIZED_VOL|DRAWDOWN|BREADTH|TURNOVER
2022-01-07,40.8,CAUTION,警戒,WARN_BREADTH_MISSING,62.0,REALIZED_VOL|DRAWDOWN|BREADTH|TURNOVER
2022-01-10,41.9,CAUTION,警戒,WARN_BREADTH_MISSING,62.0,REALIZED_VOL|DRAWDOWN|BREADTH|TURNOVER
2022-01-11,42.5,CAUTION,警戒,WARN_BREADTH_MISSING,62.0,REALIZED_VOL|DRAWDOWN|BREADTH|TURNOVER
2022-01-12,39.6,NORMAL,正常,WARN_BREADTH_MISSING,62.0,REALIZED_VOL|DRAWDOWN|BREADTH|TURNOVER
2022-01-13,42.9,CAUTION,警戒,WARN_BREADTH_MISSING,62.0,REALIZED_VOL|DRAWDOWN|BREADTH|TURNOVER
2022-01-14,45.7,CAUTION,警戒,WARN_BREADTH_MISSING,62.0,REALIZED_VOL|DRAWDOWN|BREADTH|TURNOVER
2022-01-17,42.2,CAUTION,警戒,WARN_BREADTH_MISSING|WARN_NOT_BRACKET_30D,62.0,REALIZED_VOL|DRAWDOWN|BREADTH|TURNOVER
2022-01-18,39.3,NORMAL,正常,WARN_BREADTH_MISSING|WARN_NOT_BRACKET_30D,62.0,REALIZED_VOL|DRAWDOWN|BREADTH|TURNOVER
2022-01-19,40.8,CAUTION,警戒,WARN_BREADTH_MISSING,62.0,REALIZED_VOL|DRAWDOWN|BREADTH|TURNOVER
2022-01-20,38.8,NORMAL,正常,WARN_BREADTH_MISSING,62.0,REALIZED_VOL|DRAWDOWN|BREADTH|TURNOVER
2022-01-21,40.6,CAUTION,警戒,WARN_BREADTH_MISSING,62.0,REALIZED_VOL|DRAWDOWN|BREADTH|TURNOVER
2022-01-24,44.9,CAUTION,警戒,WARN_BREADTH_MISSING,62.0,REALIZED_VOL|DRAWDOWN|BREADTH|TURNOVER
2022-01-25,59.2,CAUTION,警戒,WARN_BREADTH_MISSING,62.0,REALIZED_VOL|DRAWDOWN|BREADTH|TURNOVER
2022-01-26,50.4,CAUTION,警戒,WARN_BREADTH_MISSING,62.0,REALIZED_VOL|DRAWDOWN|BREADTH|TURNOVER
2022-01-27,55.8,CAUTION,警戒,WARN_BREADTH_MISSING,62.0,REALIZED_VOL|DRAWDOWN|BREADTH|TURNOVER
2022-01-28,64.3,HIGH_RISK,高风险,WARN_BREADTH_MISSING,62.0,REALIZED_VOL|DRAWDOWN|BREADTH|TURNOVER
2022-02-07,49.9,CAUTION,警戒,WARN_BREADTH_MISSING,62.0,REALIZED_VOL|DRAWDOWN|BREADTH|TURNOVER
2022-02-08,42.9,CAUTION,警戒,WARN_BREADTH_MISSING,62.0,REALIZED_VOL|DRAWDOWN|BREADTH|TURNOVER
2022-02-09,40.7,CAUTION,警戒,WARN_BREADTH_MISSING,62.0,REALIZED_VOL|DRAWDOWN|BREADTH|TURNOVER
2022-02-10,38.0,NORMAL,正常,WARN_BREADTH_MISSING,62.0,REALIZED_VOL|DRAWDOWN|BREADTH|TURNOVER
2022-02-11,31.8,NORMAL,正常,WARN_BREADTH_MISSING,62.0,REALIZED_VOL|DRAWDOWN|BREADTH|TURNOVER
2022-02-14,37.2,NORMAL,正常,WARN_BREADTH_MISSING|WARN_NOT_BRACKET_30D,62.0,REALIZED_VOL|DRAWDOWN|BREADTH|TURNOVER
2022-02-15,40.9,CAUTION,警戒,WARN_BREADTH_MISSING|WARN_NOT_BRACKET_30D,62.0,REALIZED_VOL|DRAWDOWN|BREADTH|TURNOVER
2022-02-16,39.4,NORMAL,正常,WARN_BREADTH_MISSING,62.0,REALIZED_VOL|DRAWDOWN|BREADTH|TURNOVER
2022-02-17,35.7,NORMAL,正常,WARN_BREADTH_MISSING,62.0,REALIZED_VOL|DRAWDOWN|BREADTH|TURNOVER
2022-02-18,38.4,NORMAL,正常,WARN_BREADTH_MISSING,62.0,REALIZED_VOL|DRAWDOWN|BREADTH|TURNOVER
2022-02-21,32.6,NORMAL,正常,WARN_BREADTH_MISSING,62.0,REALIZED_VOL|DRAWDOWN|BREADTH|TURNOVER
2022-02-22,38.9,NORMAL,正常,WARN_BREADTH_MISSING,62.0,REALIZED_VOL|DRAWDOWN|BREADTH|TURNOVER
2022-02-23,37.0,NORMAL,正常,WARN_BREADTH_MISSING,62.0,REALIZED_VOL|DRAWDOWN|BREADTH|TURNOVER
2022-02-24,43.3,CAUTION,警戒,WARN_BREADTH_MISSING,62.0,REALIZED_VOL|DRAWDOWN|BREADTH|TURNOVER
2022-02-25,40.3,CAUTION,警戒,WARN_BREADTH_MISSING,62.0,REALIZED_VOL|DRAWDOWN|BREADTH|TURNOVER
2022-02-28,43.5,CAUTION,警戒,WARN_BREADTH_MISSING,62.0,REALIZED_VOL|DRAWDOWN|BREADTH|TURNOVER
2022-03-01,39.8,NORMAL,正常,WARN_BREADTH_MISSING,62.0,REALIZED_VOL|DRAWDOWN|BREADTH|TURNOVER
2022-03-02,41.9,CAUTION,警戒,WARN_BREADTH_MISSING,62.0,REALIZED_VOL|DRAWDOWN|BREADTH|TURNOVER
2022-03-03,40.7,CAUTION,警戒,WARN_BREADTH_MISSING,62.0,REALIZED_VOL|DRAWDOWN|BREADTH|TURNOVER
2022-03-04,38.8,NORMAL,正常,WARN_BREADTH_MISSING,62.0,REALIZED_VOL|DRAWDOWN|BREADTH|TURNOVER
2022-03-07,54.5,CAUTION,警戒,WARN_BREADTH_MISSING,62.0,REALIZED_VOL|DRAWDOWN|BREADTH|TURNOVER
2022-03-08,64.1,HIGH_RISK,高风险,WARN_BREADTH_MISSING,62.0,REALIZED_VOL|DRAWDOWN|BREADTH|TURNOVER
2022-03-09,73.4,HIGH_RISK,高风险,WARN_BREADTH_MISSING,62.0,REALIZED_VOL|DRAWDOWN|BREADTH|TURNOVER
2022-03-10,67.3,HIGH_RISK,高风险,WARN_BREADTH_MISSING,62.0,REALIZED_VOL|DRAWDOWN|BREADTH|TURNOVER
2022-03-11,70.3,HIGH_RISK,高风险,WARN_BREADTH_MISSING,62.0,REALIZED_VOL|DRAWDOWN|BREADTH|TURNOVER
2022-03-14,76.7,PANIC,恐慌区,WARN_BREADTH_MISSING|WARN_NOT_BRACKET_30D,62.0,REALIZED_VOL|DRAWDOWN|BREADTH|TURNOVER
2022-03-15,78.9,PANIC,恐慌区,WARN_BREADTH_MISSING|WARN_NOT_BRACKET_30D,62.0,REALIZED_VOL|DRAWDOWN|BREADTH|TURNOVER
2022-03-16,75.9,PANIC,恐慌区,WARN_BREADTH_MISSING,62.0,REALIZED_VOL|DRAWDOWN|BREADTH|TURNOVER
2022-03-17,74.6,HIGH_RISK,高风险,WARN_BREADTH_MISSING,62.0,REALIZED_VOL|DRAWDOWN|BREADTH|TURNOVER
2022-03-18,64.9,HIGH_RISK,高风险,WARN_BREADTH_MISSING,62.0,REALIZED_VOL|DRAWDOWN|BREADTH|TURNOVER
2022-03-21,65.2,HIGH_RISK,高风险,WARN_BREADTH_MISSING,62.0,REALIZED_VOL|DRAWDOWN|BREADTH|TURNOVER
2022-03-22,58.1,CAUTION,警戒,WARN_BREADTH_MISSING,62.0,REALIZED_VOL|DRAWDOWN|BREADTH|TURNOVER
2022-03-23,53.2,CAUTION,警戒,WARN_BREADTH_MISSING,62.0,REALIZED_VOL|DRAWDOWN|BREADTH|TURNOVER
2022-03-24,48.7,CAUTION,警戒,WARN_BREADTH_MISSING,62.0,REALIZED_VOL|DRAWDOWN|BREADTH|TURNOVER
2022-03-25,52.7,CAUTION,警戒,WARN_BREADTH_MISSING,62.0,REALIZED_VOL|DRAWDOWN|BREADTH|TURNOVER
2022-03-28,60.0,HIGH_RISK,高风险,WARN_BREADTH_MISSING,62.0,REALIZED_VOL|DRAWDOWN|BREADTH|TURNOVER
2022-03-29,61.0,HIGH_RISK,高风险,WARN_BREADTH_MISSING,62.0,REALIZED_VOL|DRAWDOWN|BREADTH|TURNOVER
2022-03-30,59.8,CAUTION,警戒,WARN_BREADTH_MISSING,62.0,REALIZED_VOL|DRAWDOWN|BREADTH|TURNOVER
2022-03-31,57.4,CAUTION,警戒,WARN_BREADTH_MISSING,62.0,REALIZED_VOL|DRAWDOWN|BREADTH|TURNOVER
2022-04-01,58.1,CAUTION,警戒,WARN_BREADTH_MISSING,62.0,REALIZED_VOL|DRAWDOWN|BREADTH|TURNOVER
2022-04-06,57.5,CAUTION,警戒,WARN_BREADTH_MISSING,62.0,REALIZED_VOL|DRAWDOWN|BREADTH|TURNOVER
2022-04-07,60.5,HIGH_RISK,高风险,WARN_BREADTH_MISSING,62.0,REALIZED_VOL|DRAWDOWN|BREADTH|TURNOVER
2022-04-08,57.9,CAUTION,警戒,WARN_BREADTH_MISSING,62.0,REALIZED_VOL|DRAWDOWN|BREADTH|TURNOVER
2022-04-11,68.6,HIGH_RISK,高风险,WARN_BREADTH_MISSING|WARN_NOT_BRACKET_30D,62.0,REALIZED_VOL|DRAWDOWN|BREADTH|TURNOVER
2022-04-12,58.4,CAUTION,警戒,WARN_BREADTH_MISSING|WARN_NOT_BRACKET_30D,62.0,REALIZED_VOL|DRAWDOWN|BREADTH|TURNOVER
2022-04-13,59.3,CAUTION,警戒,WARN_BREADTH_MISSING|WARN_NOT_BRACKET_30D,62.0,REALIZED_VOL|DRAWDOWN|BREADTH|TURNOVER
2022-04-14,55.3,CAUTION,警戒,WARN_BREADTH_MISSING|WARN_NOT_BRACKET_30D,62.0,REALIZED_VOL|DRAWDOWN|BREADTH|TURNOVER
2022-04-15,55.2,CAUTION,警戒,WARN_BREADTH_MISSING|WARN_NOT_BRACKET_30D,62.0,REALIZED_VOL|DRAWDOWN|BREADTH|TURNOVER
2022-04-18,60.0,HIGH_RISK,高风险,WARN_BREADTH_MISSING|WARN_NOT_BRACKET_30D,62.0,REALIZED_VOL|DRAWDOWN|BREADTH|TURNOVER
2022-04-19,57.8,CAUTION,警戒,WARN_BREADTH_MISSING|WARN_NOT_BRACKET_30D,62.0,REALIZED_VOL|DRAWDOWN|BREADTH|TURNOVER
2022-04-20,64.9,HIGH_RISK,高风险,WARN_BREADTH_MISSING,62.0,REALIZED_VOL|DRAWDOWN|BREADTH|TURNOVER
2022-04-21,71.0,HIGH_RISK,高风险,WARN_BREADTH_MISSING,62.0,REALIZED_VOL|DRAWDOWN|BREADTH|TURNOVER
2022-04-22,70.0,HIGH_RISK,高风险,WARN_BREADTH_MISSING,62.0,REALIZED_VOL|DRAWDOWN|BREADTH|TURNOVER
2022-04-25,74.5,HIGH_RISK,高风险,WARN_BREADTH_MISSING,62.0,REALIZED_VOL|DRAWDOWN|BREADTH|TURNOVER
2022-04-26,74.5,HIGH_RISK,高风险,WARN_BREADTH_MISSING,62.0,REALIZED_VOL|DRAWDOWN|BREADTH|TURNOVER
2022-04-27,69.0,HIGH_RISK,高风险,WARN_BREADTH_MISSING,62.0,REALIZED_VOL|DRAWDOWN|BREADTH|TURNOVER
2022-04-28,63.2,HIGH_RISK,高风险,WARN_BREADTH_MISSING,62.0,REALIZED_VOL|DRAWDOWN|BREADTH|TURNOVER
2022-04-29,59.2,CAUTION,警戒,WARN_BREADTH_MISSING,62.0,REALIZED_VOL|DRAWDOWN|BREADTH|TURNOVER
2022-05-05,57.6,CAUTION,警戒,WARN_BREADTH_MISSING,62.0,REALIZED_VOL|DRAWDOWN|BREADTH|TURNOVER
2022-05-06,61.3,HIGH_RISK,高风险,WARN_BREADTH_MISSING,62.0,REALIZED_VOL|DRAWDOWN|BREADTH|TURNOVER
2022-05-09,64.1,HIGH_RISK,高风险,WARN_BREADTH_MISSING,62.0,REALIZED_VOL|DRAWDOWN|BREADTH|TURNOVER
2022-05-10,64.6,HIGH_RISK,高风险,WARN_BREADTH_MISSING,62.0,REALIZED_VOL|DRAWDOWN|BREADTH|TURNOVER
2022-05-11,63.9,HIGH_RISK,高风险,WARN_BREADTH_MISSING,62.0,REALIZED_VOL|DRAWDOWN|BREADTH|TURNOVER
2022-05-12,64.5,HIGH_RISK,高风险,WARN_BREADTH_MISSING,62.0,REALIZED_VOL|DRAWDOWN|BREADTH|TURNOVER
2022-05-13,61.0,HIGH_RISK,高风险,WARN_BREADTH_MISSING,62.0,REALIZED_VOL|DRAWDOWN|BREADTH|TURNOVER
2022-05-16,61.7,HIGH_RISK,高风险,WARN_BREADTH_MISSING|WARN_NOT_BRACKET_30D,62.0,REALIZED_VOL|DRAWDOWN|BREADTH|TURNOVER
2022-05-17,57.1,CAUTION,警戒,WARN_BREADTH_MISSING|WARN_NOT_BRACKET_30D,62.0,REALIZED_VOL|DRAWDOWN|BREADTH|TURNOVER
2022-05-18,57.3,CAUTION,警戒,WARN_BREADTH_MISSING,62.0,REALIZED_VOL|DRAWDOWN|BREADTH|TURNOVER
2022-05-19,55.3,CAUTION,警戒,WARN_BREADTH_MISSING,62.0,REALIZED_VOL|DRAWDOWN|BREADTH|TURNOVER
2022-05-20,52.9,CAUTION,警戒,WARN_BREADTH_MISSING,62.0,REALIZED_VOL|DRAWDOWN|BREADTH|TURNOVER
2022-05-23,51.5,CAUTION,警戒,WARN_BREADTH_MISSING,62.0,REALIZED_VOL|DRAWDOWN|BREADTH|TURNOVER
2022-05-24,55.9,CAUTION,警戒,WARN_BREADTH_MISSING,62.0,REALIZED_VOL|DRAWDOWN|BREADTH|TURNOVER
2022-05-25,53.9,CAUTION,警戒,WARN_BREADTH_MISSING,62.0,REALIZED_VOL|DRAWDOWN|BREADTH|TURNOVER
2022-05-26,50.5,CAUTION,警戒,WARN_BREADTH_MISSING,62.0,REALIZED_VOL|DRAWDOWN|BREADTH|TURNOVER
2022-05-27,50.0,CAUTION,警戒,WARN_BREADTH_MISSING,62.0,REALIZED_VOL|DRAWDOWN|BREADTH|TURNOVER
2022-05-30,52.2,CAUTION,警戒,WARN_BREADTH_MISSING,62.0,REALIZED_VOL|DRAWDOWN|BREADTH|TURNOVER
2022-05-31,51.9,CAUTION,警戒,WARN_BREADTH_MISSING,62.0,REALIZED_VOL|DRAWDOWN|BREADTH|TURNOVER
2022-06-01,51.5,CAUTION,警戒,WARN_BREADTH_MISSING,62.0,REALIZED_VOL|DRAWDOWN|BREADTH|TURNOVER
2022-06-02,51.4,CAUTION,警戒,WARN_BREADTH_MISSING,62.0,REALIZED_VOL|DRAWDOWN|BREADTH|TURNOVER
2022-06-06,54.9,CAUTION,警戒,WARN_BREADTH_MISSING,62.0,REALIZED_VOL|DRAWDOWN|BREADTH|TURNOVER
2022-06-07,54.7,CAUTION,警戒,WARN_BREADTH_MISSING,62.0,REALIZED_VOL|DRAWDOWN|BREADTH|TURNOVER
2022-06-08,56.1,CAUTION,警戒,WARN_BREADTH_MISSING,62.0,REALIZED_VOL|DRAWDOWN|BREADTH|TURNOVER
2022-06-09,54.3,CAUTION,警戒,WARN_BREADTH_MISSING,62.0,REALIZED_VOL|DRAWDOWN|BREADTH|TURNOVER
2022-06-10,53.4,CAUTION,警戒,WARN_BREADTH_MISSING,62.0,REALIZED_VOL|DRAWDOWN|BREADTH|TURNOVER
2022-06-13,55.9,CAUTION,警戒,WARN_BREADTH_MISSING|WARN_NOT_BRACKET_30D,62.0,REALIZED_VOL|DRAWDOWN|BREADTH|TURNOVER
2022-06-14,55.9,CAUTION,警戒,WARN_BREADTH_MISSING|WARN_NOT_BRACKET_30D,62.0,REALIZED_VOL|DRAWDOWN|BREADTH|TURNOVER
2022-06-15,58.7,CAUTION,警戒,WARN_BREADTH_MISSING,62.0,REALIZED_VOL|DRAWDOWN|BREADTH|TURNOVER
2022-06-16,57.4,CAUTION,警戒,WARN_BREADTH_MISSING,62.0,REALIZED_VOL|DRAWDOWN|BREADTH|TURNOVER
2022-06-17,57.6,CAUTION,警戒,WARN_BREADTH_MISSING,62.0,REALIZED_VOL|DRAWDOWN|BREADTH|TURNOVER
2022-06-20,56.1,CAUTION,警戒,WARN_BREADTH_MISSING,62.0,REALIZED_VOL|DRAWDOWN|BREADTH|TURNOVER
2022-06-21,53.8,CAUTION,警戒,WARN_BREADTH_MISSING,62.0,REALIZED_VOL|DRAWDOWN|BREADTH|TURNOVER
2022-06-22,49.9,CAUTION,警戒,WARN_BREADTH_MISSING,62.0,REALIZED_VOL|DRAWDOWN|BREADTH|TURNOVER
2022-06-23,49.2,CAUTION,警戒,WARN_BREADTH_MISSING,62.0,REALIZED_VOL|DRAWDOWN|BREADTH|TURNOVER
2022-06-24,47.6,CAUTION,警戒,WARN_BREADTH_MISSING,62.0,REALIZED_VOL|DRAWDOWN|BREADTH|TURNOVER
2022-06-27,51.1,CAUTION,警戒,WARN_BREADTH_MISSING,62.0,REALIZED_VOL|DRAWDOWN|BREADTH|TURNOVER
2022-06-28,51.5,CAUTION,警戒,WARN_BREADTH_MISSING,62.0,REALIZED_VOL|DRAWDOWN|BREADTH|TURNOVER
2022-06-29,53.7,CAUTION,警戒,WARN_BREADTH_MISSING,62.0,REALIZED_VOL|DRAWDOWN|BREADTH|TURNOVER
2022-06-30,56.1,CAUTION,警戒,WARN_BREADTH_MISSING,62.0,REALIZED_VOL|DRAWDOWN|BREADTH|TURNOVER
2022-07-01,55.1,CAUTION,警戒,WARN_BREADTH_MISSING,62.0,REALIZED_VOL|DRAWDOWN|BREADTH|TURNOVER
2022-07-04,55.8,CAUTION,警戒,WARN_BREADTH_MISSING,62.0,REALIZED_VOL|DRAWDOWN|BREADTH|TURNOVER
2022-07-05,55.5,CAUTION,警戒,WARN_BREADTH_MISSING,62.0,REALIZED_VOL|DRAWDOWN|BREADTH|TURNOVER
2022-07-06,57.7,CAUTION,警戒,WARN_BREADTH_MISSING,62.0,REALIZED_VOL|DRAWDOWN|BREADTH|TURNOVER
2022-07-07,55.6,CAUTION,警戒,WARN_BREADTH_MISSING,62.0,REALIZED_VOL|DRAWDOWN|BREADTH|TURNOVER
2022-07-08,52.2,CAUTION,警戒,WARN_BREADTH_MISSING,62.0,REALIZED_VOL|DRAWDOWN|BREADTH|TURNOVER
2022-07-11,56.2,CAUTION,警戒,WARN_BREADTH_MISSING|WARN_NOT_BRACKET_30D,62.0,REALIZED_VOL|DRAWDOWN|BREADTH|TURNOVER
2022-07-12,51.8,CAUTION,警戒,WARN_BREADTH_MISSING|WARN_NOT_BRACKET_30D,62.0,REALIZED_VOL|DRAWDOWN|BREADTH|TURNOVER
2022-07-13,49.9,CAUTION,警戒,WARN_BREADTH_MISSING|WARN_NOT_BRACKET_30D,62.0,REALIZED_VOL|DRAWDOWN|BREADTH|TURNOVER
2022-07-14,47.5,CAUTION,警戒,WARN_BREADTH_MISSING|WARN_NOT_BRACKET_30D,62.0,REALIZED_VOL|DRAWDOWN|BREADTH|TURNOVER
2022-07-15,50.4,CAUTION,警戒,WARN_BREADTH_MISSING|WARN_NOT_BRACKET_30D,62.0,REALIZED_VOL|DRAWDOWN|BREADTH|TURNOVER
2022-07-18,49.0,CAUTION,警戒,WARN_BREADTH_MISSING|WARN_NOT_BRACKET_30D,62.0,REALIZED_VOL|DRAWDOWN|BREADTH|TURNOVER
2022-07-19,49.8,CAUTION,警戒,WARN_BREADTH_MISSING|WARN_NOT_BRACKET_30D,62.0,REALIZED_VOL|DRAWDOWN|BREADTH|TURNOVER
2022-07-20,44.8,CAUTION,警戒,WARN_BREADTH_MISSING,62.0,REALIZED_VOL|DRAWDOWN|BREADTH|TURNOVER
2022-07-21,47.1,CAUTION,警戒,WARN_BREADTH_MISSING,62.0,REALIZED_VOL|DRAWDOWN|BREADTH|TURNOVER
2022-07-22,44.9,CAUTION,警戒,WARN_BREADTH_MISSING,62.0,REALIZED_VOL|DRAWDOWN|BREADTH|TURNOVER
2022-07-25,49.3,CAUTION,警戒,WARN_BREADTH_MISSING,62.0,REALIZED_VOL|DRAWDOWN|BREADTH|TURNOVER
2022-07-26,43.9,CAUTION,警戒,WARN_BREADTH_MISSING,62.0,REALIZED_VOL|DRAWDOWN|BREADTH|TURNOVER
2022-07-27,45.7,CAUTION,警戒,WARN_BREADTH_MISSING,62.0,REALIZED_VOL|DRAWDOWN|BREADTH|TURNOVER
2022-07-28,44.9,CAUTION,警戒,WARN_BREADTH_MISSING,62.0,REALIZED_VOL|DRAWDOWN|BREADTH|TURNOVER
2022-07-29,51.2,CAUTION,警戒,WARN_BREADTH_MISSING,62.0,REALIZED_VOL|DRAWDOWN|BREADTH|TURNOVER
2022-08-01,51.6,CAUTION,警戒,WARN_BREADTH_MISSING,62.0,REALIZED_VOL|DRAWDOWN|BREADTH|TURNOVER
2022-08-02,67.1,HIGH_RISK,高风险,WARN_BREADTH_MISSING,62.0,REALIZED_VOL|DRAWDOWN|BREADTH|TURNOVER
2022-08-03,63.1,HIGH_RISK,高风险,WARN_BREADTH_MISSING,62.0,REALIZED_VOL|DRAWDOWN|BREADTH|TURNOVER
2022-08-04,53.6,CAUTION,警戒,WARN_BREADTH_MISSING,62.0,REALIZED_VOL|DRAWDOWN|BREADTH|TURNOVER
2022-08-05,45.2,CAUTION,警戒,WARN_BREADTH_MISSING,62.0,REALIZED_VOL|DRAWDOWN|BREADTH|TURNOVER
2022-08-08,47.7,CAUTION,警戒,WARN_BREADTH_MISSING,62.0,REALIZED_VOL|DRAWDOWN|BREADTH|TURNOVER
2022-08-09,44.6,CAUTION,警戒,WARN_BREADTH_MISSING,62.0,REALIZED_VOL|DRAWDOWN|BREADTH|TURNOVER
2022-08-10,47.7,CAUTION,警戒,WARN_BREADTH_MISSING,62.0,REALIZED_VOL|DRAWDOWN|BREADTH|TURNOVER
2022-08-11,45.7,CAUTION,警戒,WARN_BREADTH_MISSING,62.0,REALIZED_VOL|DRAWDOWN|BREADTH|TURNOVER
2022-08-12,43.4,CAUTION,警戒,WARN_BREADTH_MISSING,62.0,REALIZED_VOL|DRAWDOWN|BREADTH|TURNOVER
2022-08-15,42.6,CAUTION,警戒,WARN_BREADTH_MISSING|WARN_NOT_BRACKET_30D,62.0,REALIZED_VOL|DRAWDOWN|BREADTH|TURNOVER
2022-08-16,40.8,CAUTION,警戒,WARN_BREADTH_MISSING|WARN_NOT_BRACKET_30D,62.0,REALIZED_VOL|DRAWDOWN|BREADTH|TURNOVER
2022-08-17,37.7,NORMAL,正常,WARN_BREADTH_MISSING,62.0,REALIZED_VOL|DRAWDOWN|BREADTH|TURNOVER
2022-08-18,39.7,NORMAL,正常,WARN_BREADTH_MISSING,62.0,REALIZED_VOL|DRAWDOWN|BREADTH|TURNOVER
2022-08-19,37.4,NORMAL,正常,WARN_BREADTH_MISSING,62.0,REALIZED_VOL|DRAWDOWN|BREADTH|TURNOVER
2022-08-22,34.1,NORMAL,正常,WARN_BREADTH_MISSING,62.0,REALIZED_VOL|DRAWDOWN|BREADTH|TURNOVER
2022-08-23,34.1,NORMAL,正常,WARN_BREADTH_MISSING,62.0,REALIZED_VOL|DRAWDOWN|BREADTH|TURNOVER
2022-08-24,41.8,CAUTION,警戒,WARN_BREADTH_MISSING,62.0,REALIZED_VOL|DRAWDOWN|BREADTH|TURNOVER
2022-08-25,33.9,NORMAL,正常,WARN_BREADTH_MISSING,62.0,REALIZED_VOL|DRAWDOWN|BREADTH|TURNOVER
2022-08-26,32.1,NORMAL,正常,WARN_BREADTH_MISSING,62.0,REALIZED_VOL|DRAWDOWN|BREADTH|TURNOVER
2022-08-29,35.9,NORMAL,正常,WARN_BREADTH_MISSING,62.0,REALIZED_VOL|DRAWDOWN|BREADTH|TURNOVER
2022-08-30,35.5,NORMAL,正常,WARN_BREADTH_MISSING,62.0,REALIZED_VOL|DRAWDOWN|BREADTH|TURNOVER
2022-08-31,35.3,NORMAL,正常,WARN_BREADTH_MISSING,62.0,REALIZED_VOL|DRAWDOWN|BREADTH|TURNOVER
2022-09-01,37.8,NORMAL,正常,WARN_BREADTH_MISSING,62.0,REALIZED_VOL|DRAWDOWN|BREADTH|TURNOVER
2022-09-02,40.3,CAUTION,警戒,WARN_BREADTH_MISSING,62.0,REALIZED_VOL|DRAWDOWN|BREADTH|TURNOVER
2022-09-05,42.8,CAUTION,警戒,WARN_BREADTH_MISSING,62.0,REALIZED_VOL|DRAWDOWN|BREADTH|TURNOVER
2022-09-06,36.1,NORMAL,正常,WARN_BREADTH_MISSING,62.0,REALIZED_VOL|DRAWDOWN|BREADTH|TURNOVER
2022-09-07,34.5,NORMAL,正常,WARN_BREADTH_MISSING,62.0,REALIZED_VOL|DRAWDOWN|BREADTH|TURNOVER
2022-09-08,32.9,NORMAL,正常,WARN_BREADTH_MISSING,62.0,REALIZED_VOL|DRAWDOWN|BREADTH|TURNOVER
2022-09-09,30.1,NORMAL,正常,WARN_BREADTH_MISSING,62.0,REALIZED_VOL|DRAWDOWN|BREADTH|TURNOVER
2022-09-13,38.6,NORMAL,正常,WARN_BREADTH_MISSING|WARN_NOT_BRACKET_30D,62.0,REALIZED_VOL|DRAWDOWN|BREADTH|TURNOVER
2022-09-14,39.7,NORMAL,正常,WARN_BREADTH_MISSING|WARN_NOT_BRACKET_30D,62.0,REALIZED_VOL|DRAWDOWN|BREADTH|TURNOVER
2022-09-15,41.8,CAUTION,警戒,WARN_BREADTH_MISSING|WARN_NOT_BRACKET_30D,62.0,REALIZED_VOL|DRAWDOWN|BREADTH|TURNOVER
2022-09-16,48.0,CAUTION,警戒,WARN_BREADTH_MISSING|WARN_NOT_BRACKET_30D,62.0,REALIZED_VOL|DRAWDOWN|BREADTH|TURNOVER
2022-09-19,45.8,CAUTION,警戒,WARN_BREADTH_MISSING|WARN_NOT_BRACKET_30D,62.0,REALIZED_VOL|DRAWDOWN|BREADTH|TURNOVER
2022-09-20,47.2,CAUTION,警戒,WARN_BREADTH_MISSING|WARN_NOT_BRACKET_30D,62.0,REALIZED_VOL|DRAWDOWN|BREADTH|TURNOVER
2022-09-21,52.8,CAUTION,警戒,WARN_BREADTH_MISSING,62.0,REALIZED_VOL|DRAWDOWN|BREADTH|TURNOVER
2022-09-22,54.7,CAUTION,警戒,WARN_BREADTH_MISSING,62.0,REALIZED_VOL|DRAWDOWN|BREADTH|TURNOVER
2022-09-23,51.6,CAUTION,警戒,WARN_BREADTH_MISSING,62.0,REALIZED_VOL|DRAWDOWN|BREADTH|TURNOVER
2022-09-26,59.5,CAUTION,警戒,WARN_BREADTH_MISSING,62.0,REALIZED_VOL|DRAWDOWN|BREADTH|TURNOVER
2022-09-27,53.9,CAUTION,警戒,WARN_BREADTH_MISSING,62.0,REALIZED_VOL|DRAWDOWN|BREADTH|TURNOVER
2022-09-28,55.3,CAUTION,警戒,WARN_BREADTH_MISSING,62.0,REALIZED_VOL|DRAWDOWN|BREADTH|TURNOVER
2022-09-29,53.7,CAUTION,警戒,WARN_BREADTH_MISSING,62.0,REALIZED_VOL|DRAWDOWN|BREADTH|TURNOVER
2022-09-30,53.9,CAUTION,警戒,WARN_BREADTH_MISSING,62.0,REALIZED_VOL|DRAWDOWN|BREADTH|TURNOVER
2022-10-10,60.9,HIGH_RISK,高风险,WARN_BREADTH_MISSING,62.0,REALIZED_VOL|DRAWDOWN|BREADTH|TURNOVER
2022-10-11,60.8,HIGH_RISK,高风险,WARN_BREADTH_MISSING,62.0,REALIZED_VOL|DRAWDOWN|BREADTH|TURNOVER
2022-10-12,57.4,CAUTION,警戒,WARN_BREADTH_MISSING,62.0,REALIZED_VOL|DRAWDOWN|BREADTH|TURNOVER
2022-10-13,61.1,HIGH_RISK,高风险,WARN_BREADTH_MISSING,62.0,REALIZED_VOL|DRAWDOWN|BREADTH|TURNOVER
2022-10-14,54.8,CAUTION,警戒,WARN_BREADTH_MISSING,62.0,REALIZED_VOL|DRAWDOWN|BREADTH|TURNOVER
2022-10-17,53.8,CAUTION,警戒,WARN_BREADTH_MISSING|WARN_NOT_BRACKET_30D,62.0,REALIZED_VOL|DRAWDOWN|BREADTH|TURNOVER
2022-10-18,45.5,CAUTION,警戒,WARN_BREADTH_MISSING|WARN_NOT_BRACKET_30D,62.0,REALIZED_VOL|DRAWDOWN|BREADTH|TURNOVER
2022-10-19,49.2,CAUTION,警戒,WARN_BREADTH_MISSING,62.0,REALIZED_VOL|DRAWDOWN|BREADTH|TURNOVER
2022-10-20,58.0,CAUTION,警戒,WARN_BREADTH_MISSING,62.0,REALIZED_VOL|DRAWDOWN|BREADTH|TURNOVER
2022-10-21,61.3,HIGH_RISK,高风险,WARN_BREADTH_MISSING,62.0,REALIZED_VOL|DRAWDOWN|BREADTH|TURNOVER
2022-10-24,77.7,PANIC,恐慌区,WARN_BREADTH_MISSING,62.0,REALIZED_VOL|DRAWDOWN|BREADTH|TURNOVER
2022-10-25,75.5,PANIC,恐慌区,WARN_BREADTH_MISSING,62.0,REALIZED_VOL|DRAWDOWN|BREADTH|TURNOVER
2022-10-26,67.4,HIGH_RISK,高风险,WARN_BREADTH_MISSING,62.0,REALIZED_VOL|DRAWDOWN|BREADTH|TURNOVER
2022-10-27,63.3,HIGH_RISK,高风险,WARN_BREADTH_MISSING,62.0,REALIZED_VOL|DRAWDOWN|BREADTH|TURNOVER
2022-10-28,71.4,HIGH_RISK,高风险,WARN_BREADTH_MISSING,62.0,REALIZED_VOL|DRAWDOWN|BREADTH|TURNOVER
2022-10-31,75.2,PANIC,恐慌区,WARN_BREADTH_MISSING,62.0,REALIZED_VOL|DRAWDOWN|BREADTH|TURNOVER
2022-11-01,67.8,HIGH_RISK,高风险,WARN_BREADTH_MISSING,62.0,REALIZED_VOL|DRAWDOWN|BREADTH|TURNOVER
2022-11-02,62.3,HIGH_RISK,高风险,WARN_BREADTH_MISSING,62.0,REALIZED_VOL|DRAWDOWN|BREADTH|TURNOVER
2022-11-03,65.0,HIGH_RISK,高风险,WARN_BREADTH_MISSING,62.0,REALIZED_VOL|DRAWDOWN|BREADTH|TURNOVER
2022-11-04,65.5,HIGH_RISK,高风险,WARN_BREADTH_MISSING,62.0,REALIZED_VOL|DRAWDOWN|BREADTH|TURNOVER
2022-11-07,61.7,HIGH_RISK,高风险,WARN_BREADTH_MISSING,62.0,REALIZED_VOL|DRAWDOWN|BREADTH|TURNOVER
2022-11-08,64.4,HIGH_RISK,高风险,WARN_BREADTH_MISSING,62.0,REALIZED_VOL|DRAWDOWN|BREADTH|TURNOVER
2022-11-09,69.5,HIGH_RISK,高风险,WARN_BREADTH_MISSING,62.0,REALIZED_VOL|DRAWDOWN|BREADTH|TURNOVER
2022-11-10,64.5,HIGH_RISK,高风险,WARN_BREADTH_MISSING,62.0,REALIZED_VOL|DRAWDOWN|BREADTH|TURNOVER
2022-11-11,64.0,HIGH_RISK,高风险,WARN_BREADTH_MISSING,62.0,REALIZED_VOL|DRAWDOWN|BREADTH|TURNOVER
2022-11-14,68.2,HIGH_RISK,高风险,WARN_BREADTH_MISSING|WARN_NOT_BRACKET_30D,62.0,REALIZED_VOL|DRAWDOWN|BREADTH|TURNOVER
2022-11-15,70.1,HIGH_RISK,高风险,WARN_BREADTH_MISSING|WARN_NOT_BRACKET_30D,62.0,REALIZED_VOL|DRAWDOWN|BREADTH|TURNOVER
2022-11-16,66.7,HIGH_RISK,高风险,WARN_BREADTH_MISSING,62.0,REALIZED_VOL|DRAWDOWN|BREADTH|TURNOVER
2022-11-17,63.7,HIGH_RISK,高风险,WARN_BREADTH_MISSING,62.0,REALIZED_VOL|DRAWDOWN|BREADTH|TURNOVER
2022-11-18,61.4,HIGH_RISK,高风险,WARN_BREADTH_MISSING,62.0,REALIZED_VOL|DRAWDOWN|BREADTH|TURNOVER
2022-11-21,62.9,HIGH_RISK,高风险,WARN_BREADTH_MISSING,62.0,REALIZED_VOL|DRAWDOWN|BREADTH|TURNOVER
2022-11-22,58.2,CAUTION,警戒,WARN_BREADTH_MISSING,62.0,REALIZED_VOL|DRAWDOWN|BREADTH|TURNOVER
2022-11-23,62.9,HIGH_RISK,高风险,WARN_BREADTH_MISSING,62.0,REALIZED_VOL|DRAWDOWN|BREADTH|TURNOVER
2022-11-24,64.5,HIGH_RISK,高风险,WARN_BREADTH_MISSING,62.0,REALIZED_VOL|DRAWDOWN|BREADTH|TURNOVER
2022-11-25,62.1,HIGH_RISK,高风险,WARN_BREADTH_MISSING,62.0,REALIZED_VOL|DRAWDOWN|BREADTH|TURNOVER
2022-11-28,66.6,HIGH_RISK,高风险,WARN_BREADTH_MISSING,62.0,REALIZED_VOL|DRAWDOWN|BREADTH|TURNOVER
2022-11-29,61.6,HIGH_RISK,高风险,WARN_BREADTH_MISSING,62.0,REALIZED_VOL|DRAWDOWN|BREADTH|TURNOVER
2022-11-30,64.2,HIGH_RISK,高风险,WARN_BREADTH_MISSING,62.0,REALIZED_VOL|DRAWDOWN|BREADTH|TURNOVER
2022-12-01,60.4,HIGH_RISK,高风险,WARN_BREADTH_MISSING,62.0,REALIZED_VOL|DRAWDOWN|BREADTH|TURNOVER
2022-12-02,57.7,CAUTION,警戒,WARN_BREADTH_MISSING,62.0,REALIZED_VOL|DRAWDOWN|BREADTH|TURNOVER
2022-12-05,57.9,CAUTION,警戒,WARN_BREADTH_MISSING,62.0,REALIZED_VOL|DRAWDOWN|BREADTH|TURNOVER
2022-12-06,54.5,CAUTION,警戒,WARN_BREADTH_MISSING,62.0,REALIZED_VOL|DRAWDOWN|BREADTH|TURNOVER
2022-12-07,54.4,CAUTION,警戒,WARN_BREADTH_MISSING,62.0,REALIZED_VOL|DRAWDOWN|BREADTH|TURNOVER
2022-12-08,52.9,CAUTION,警戒,WARN_BREADTH_MISSING,62.0,REALIZED_VOL|DRAWDOWN|BREADTH|TURNOVER
2022-12-09,49.4,CAUTION,警戒,WARN_BREADTH_MISSING,62.0,REALIZED_VOL|DRAWDOWN|BREADTH|TURNOVER
2022-12-12,51.4,CAUTION,警戒,WARN_BREADTH_MISSING|WARN_NOT_BRACKET_30D,62.0,REALIZED_VOL|DRAWDOWN|BREADTH|TURNOVER
2022-12-13,51.6,CAUTION,警戒,WARN_BREADTH_MISSING|WARN_NOT_BRACKET_30D,62.0,REALIZED_VOL|DRAWDOWN|BREADTH|TURNOVER
2022-12-14,51.5,CAUTION,警戒,WARN_BREADTH_MISSING|WARN_NOT_BRACKET_30D,62.0,REALIZED_VOL|DRAWDOWN|BREADTH|TURNOVER
2022-12-15,48.6,CAUTION,警戒,WARN_BREADTH_MISSING|WARN_NOT_BRACKET_30D,62.0,REALIZED_VOL|DRAWDOWN|BREADTH|TURNOVER
2022-12-16,44.4,CAUTION,警戒,WARN_BREADTH_MISSING|WARN_NOT_BRACKET_30D,62.0,REALIZED_VOL|DRAWDOWN|BREADTH|TURNOVER
2022-12-19,41.3,CAUTION,警戒,WARN_BREADTH_MISSING|WARN_NOT_BRACKET_30D,62.0,REALIZED_VOL|DRAWDOWN|BREADTH|TURNOVER
2022-12-20,54.6,CAUTION,警戒,WARN_BREADTH_MISSING|WARN_NOT_BRACKET_30D,62.0,REALIZED_VOL|DRAWDOWN|BREADTH|TURNOVER
2022-12-21,51.6,CAUTION,警戒,WARN_BREADTH_MISSING,62.0,REALIZED_VOL|DRAWDOWN|BREADTH|TURNOVER
2022-12-22,49.7,CAUTION,警戒,WARN_BREADTH_MISSING,62.0,REALIZED_VOL|DRAWDOWN|BREADTH|TURNOVER
2022-12-23,53.4,CAUTION,警戒,WARN_BREADTH_MISSING,62.0,REALIZED_VOL|DRAWDOWN|BREADTH|TURNOVER
2022-12-26,46.8,CAUTION,警戒,WARN_BREADTH_MISSING,62.0,REALIZED_VOL|DRAWDOWN|BREADTH|TURNOVER
2022-12-27,44.6,CAUTION,警戒,WARN_BREADTH_MISSING,62.0,REALIZED_VOL|DRAWDOWN|BREADTH|TURNOVER
2022-12-28,43.6,CAUTION,警戒,WARN_BREADTH_MISSING,62.0,REALIZED_VOL|DRAWDOWN|BREADTH|TURNOVER
2022-12-29,43.4,CAUTION,警戒,WARN_BREADTH_MISSING,62.0,REALIZED_VOL|DRAWDOWN|BREADTH|TURNOVER
2022-12-30,40.1,CAUTION,警戒,WARN_BREADTH_MISSING,62.0,REALIZED_VOL|DRAWDOWN|BREADTH|TURNOVER
2023-01-03,41.0,CAUTION,警戒,WARN_BREADTH_MISSING,62.0,REALIZED_VOL|DRAWDOWN|BREADTH|TURNOVER
2023-01-04,41.0,CAUTION,警戒,WARN_BREADTH_MISSING,62.0,REALIZED_VOL|DRAWDOWN|BREADTH|TURNOVER
2023-01-05,35.6,NORMAL,正常,WARN_BREADTH_MISSING,62.0,REALIZED_VOL|DRAWDOWN|BREADTH|TURNOVER
2023-01-06,41.0,CAUTION,警戒,WARN_BREADTH_MISSING,62.0,REALIZED_VOL|DRAWDOWN|BREADTH|TURNOVER
2023-01-09,47.8,CAUTION,警戒,WARN_BREADTH_MISSING,62.0,REALIZED_VOL|DRAWDOWN|BREADTH|TURNOVER
2023-01-10,46.1,CAUTION,警戒,WARN_BREADTH_MISSING,62.0,REALIZED_VOL|DRAWDOWN|BREADTH|TURNOVER
2023-01-11,38.3,NORMAL,正常,WARN_BREADTH_MISSING,62.0,REALIZED_VOL|DRAWDOWN|BREADTH|TURNOVER
2023-01-12,43.1,CAUTION,警戒,WARN_BREADTH_MISSING,62.0,REALIZED_VOL|DRAWDOWN|BREADTH|TURNOVER
2023-01-13,40.5,CAUTION,警戒,WARN_BREADTH_MISSING,62.0,REALIZED_VOL|DRAWDOWN|BREADTH|TURNOVER
2023-01-16,47.4,CAUTION,警戒,WARN_BREADTH_MISSING|WARN_NOT_BRACKET_30D,62.0,REALIZED_VOL|DRAWDOWN|BREADTH|TURNOVER
2023-01-17,45.8,CAUTION,警戒,WARN_BREADTH_MISSING|WARN_NOT_BRACKET_30D,62.0,REALIZED_VOL|DRAWDOWN|BREADTH|TURNOVER
2023-01-18,53.3,CAUTION,警戒,WARN_BREADTH_MISSING,62.0,REALIZED_VOL|DRAWDOWN|BREADTH|TURNOVER
2023-01-19,56.5,CAUTION,警戒,WARN_BREADTH_MISSING,62.0,REALIZED_VOL|DRAWDOWN|BREADTH|TURNOVER
2023-01-20,51.8,CAUTION,警戒,WARN_BREADTH_MISSING,62.0,REALIZED_VOL|DRAWDOWN|BREADTH|TURNOVER
2023-01-30,44.9,CAUTION,警戒,WARN_BREADTH_MISSING,62.0,REALIZED_VOL|DRAWDOWN|BREADTH|TURNOVER
2023-01-31,45.9,CAUTION,警戒,WARN_BREADTH_MISSING,62.0,REALIZED_VOL|DRAWDOWN|BREADTH|TURNOVER
2023-02-01,47.3,CAUTION,警戒,WARN_BREADTH_MISSING,62.0,REALIZED_VOL|DRAWDOWN|BREADTH|TURNOVER
2023-02-02,47.3,CAUTION,警戒,WARN_BREADTH_MISSING,62.0,REALIZED_VOL|DRAWDOWN|BREADTH|TURNOVER
2023-02-03,49.7,CAUTION,警戒,WARN_BREADTH_MISSING,62.0,REALIZED_VOL|DRAWDOWN|BREADTH|TURNOVER
2023-02-06,51.7,CAUTION,警戒,WARN_BREADTH_MISSING,62.0,REALIZED_VOL|DRAWDOWN|BREADTH|TURNOVER
2023-02-07,49.1,CAUTION,警戒,WARN_BREADTH_MISSING,62.0,REALIZED_VOL|DRAWDOWN|BREADTH|TURNOVER
2023-02-08,44.3,CAUTION,警戒,WARN_BREADTH_MISSING,62.0,REALIZED_VOL|DRAWDOWN|BREADTH|TURNOVER
2023-02-09,38.0,NORMAL,正常,WARN_BREADTH_MISSING,62.0,REALIZED_VOL|DRAWDOWN|BREADTH|TURNOVER
2023-02-10,41.0,CAUTION,警戒,WARN_BREADTH_MISSING,62.0,REALIZED_VOL|DRAWDOWN|BREADTH|TURNOVER
2023-02-13,38.8,NORMAL,正常,WARN_BREADTH_MISSING|WARN_NOT_BRACKET_30D,62.0,REALIZED_VOL|DRAWDOWN|BREADTH|TURNOVER
2023-02-14,35.2,NORMAL,正常,WARN_BREADTH_MISSING|WARN_NOT_BRACKET_30D,62.0,REALIZED_VOL|DRAWDOWN|BREADTH|TURNOVER
2023-02-15,34.0,NORMAL,正常,WARN_BREADTH_MISSING,62.0,REALIZED_VOL|DRAWDOWN|BREADTH|TURNOVER
2023-02-16,38.0,NORMAL,正常,WARN_BREADTH_MISSING,62.0,REALIZED_VOL|DRAWDOWN|BREADTH|TURNOVER
2023-02-17,37.5,NORMAL,正常,WARN_BREADTH_MISSING,62.0,REALIZED_VOL|DRAWDOWN|BREADTH|TURNOVER
2023-02-20,36.7,NORMAL,正常,WARN_BREADTH_MISSING,62.0,REALIZED_VOL|DRAWDOWN|BREADTH|TURNOVER
2023-02-21,37.2,NORMAL,正常,WARN_BREADTH_MISSING,62.0,REALIZED_VOL|DRAWDOWN|BREADTH|TURNOVER
2023-02-22,35.7,NORMAL,正常,WARN_BREADTH_MISSING,62.0,REALIZED_VOL|DRAWDOWN|BREADTH|TURNOVER
2023-02-23,33.4,NORMAL,正常,WARN_BREADTH_MISSING,62.0,REALIZED_VOL|DRAWDOWN|BREADTH|TURNOVER
2023-02-24,34.1,NORMAL,正常,WARN_BREADTH_MISSING,62.0,REALIZED_VOL|DRAWDOWN|BREADTH|TURNOVER
2023-02-27,38.0,NORMAL,正常,WARN_BREADTH_MISSING,62.0,REALIZED_VOL|DRAWDOWN|BREADTH|TURNOVER
2023-02-28,33.1,NORMAL,正常,WARN_BREADTH_MISSING,62.0,REALIZED_VOL|DRAWDOWN|BREADTH|TURNOVER
2023-03-01,32.9,NORMAL,正常,WARN_BREADTH_MISSING,62.0,REALIZED_VOL|DRAWDOWN|BREADTH|TURNOVER
2023-03-02,33.0,NORMAL,正常,WARN_BREADTH_MISSING,62.0,REALIZED_VOL|DRAWDOWN|BREADTH|TURNOVER
2023-03-03,32.2,NORMAL,正常,WARN_BREADTH_MISSING,62.0,REALIZED_VOL|DRAWDOWN|BREADTH|TURNOVER
2023-03-06,31.7,NORMAL,正常,WARN_BREADTH_MISSING,62.0,REALIZED_VOL|DRAWDOWN|BREADTH|TURNOVER
2023-03-07,33.8,NORMAL,正常,WARN_BREADTH_MISSING,62.0,REALIZED_VOL|DRAWDOWN|BREADTH|TURNOVER
2023-03-08,32.7,NORMAL,正常,WARN_BREADTH_MISSING,62.0,REALIZED_VOL|DRAWDOWN|BREADTH|TURNOVER
2023-03-09,31.8,NORMAL,正常,WARN_BREADTH_MISSING,62.0,REALIZED_VOL|DRAWDOWN|BREADTH|TURNOVER
2023-03-10,35.0,NORMAL,正常,WARN_BREADTH_MISSING,62.0,REALIZED_VOL|DRAWDOWN|BREADTH|TURNOVER
2023-03-13,34.5,NORMAL,正常,WARN_BREADTH_MISSING|WARN_NOT_BRACKET_30D,62.0,REALIZED_VOL|DRAWDOWN|BREADTH|TURNOVER
2023-03-14,35.9,NORMAL,正常,WARN_BREADTH_MISSING|WARN_NOT_BRACKET_30D,62.0,REALIZED_VOL|DRAWDOWN|BREADTH|TURNOVER
2023-03-15,31.5,NORMAL,正常,WARN_BREADTH_MISSING|WARN_NOT_BRACKET_30D,62.0,REALIZED_VOL|DRAWDOWN|BREADTH|TURNOVER
2023-03-16,36.2,NORMAL,正常,WARN_BREADTH_MISSING|WARN_NOT_BRACKET_30D,62.0,REALIZED_VOL|DRAWDOWN|BREADTH|TURNOVER
2023-03-17,30.4,NORMAL,正常,WARN_BREADTH_MISSING|WARN_NOT_BRACKET_30D,62.0,REALIZED_VOL|DRAWDOWN|BREADTH|TURNOVER
2023-03-20,35.8,NORMAL,正常,WARN_BREADTH_MISSING|WARN_NOT_BRACKET_30D,62.0,REALIZED_VOL|DRAWDOWN|BREADTH|TURNOVER
2023-03-21,38.8,NORMAL,正常,WARN_BREADTH_MISSING|WARN_NOT_BRACKET_30D,62.0,REALIZED_VOL|DRAWDOWN|BREADTH|TURNOVER
2023-03-22,33.4,NORMAL,正常,WARN_BREADTH_MISSING,62.0,REALIZED_VOL|DRAWDOWN|BREADTH|TURNOVER
2023-03-23,34.7,NORMAL,正常,WARN_BREADTH_MISSING,62.0,REALIZED_VOL|DRAWDOWN|BREADTH|TURNOVER
2023-03-24,35.0,NORMAL,正常,WARN_BREADTH_MISSING,62.0,REALIZED_VOL|DRAWDOWN|BREADTH|TURNOVER
2023-03-27,35.8,NORMAL,正常,WARN_BREADTH_MISSING,62.0,REALIZED_VOL|DRAWDOWN|BREADTH|TURNOVER
2023-03-28,31.4,NORMAL,正常,WARN_BREADTH_MISSING,62.0,REALIZED_VOL|DRAWDOWN|BREADTH|TURNOVER
2023-03-29,36.9,NORMAL,正常,WARN_BREADTH_MISSING,62.0,REALIZED_VOL|DRAWDOWN|BREADTH|TURNOVER
2023-03-30,37.5,NORMAL,正常,WARN_BREADTH_MISSING,62.0,REALIZED_VOL|DRAWDOWN|BREADTH|TURNOVER
2023-03-31,37.3,NORMAL,正常,WARN_BREADTH_MISSING,62.0,REALIZED_VOL|DRAWDOWN|BREADTH|TURNOVER
2023-04-03,38.0,NORMAL,正常,WARN_BREADTH_MISSING,62.0,REALIZED_VOL|DRAWDOWN|BREADTH|TURNOVER
2023-04-04,39.0,NORMAL,正常,WARN_BREADTH_MISSING,62.0,REALIZED_VOL|DRAWDOWN|BREADTH|TURNOVER
2023-04-06,39.7,NORMAL,正常,WARN_BREADTH_MISSING,62.0,REALIZED_VOL|DRAWDOWN|BREADTH|TURNOVER
2023-04-07,37.8,NORMAL,正常,WARN_BREADTH_MISSING,62.0,REALIZED_VOL|DRAWDOWN|BREADTH|TURNOVER
2023-04-10,33.5,NORMAL,正常,WARN_BREADTH_MISSING,62.0,REALIZED_VOL|DRAWDOWN|BREADTH|TURNOVER
2023-04-11,36.4,NORMAL,正常,WARN_BREADTH_MISSING,62.0,REALIZED_VOL|DRAWDOWN|BREADTH|TURNOVER
2023-04-12,35.4,NORMAL,正常,WARN_BREADTH_MISSING,62.0,REALIZED_VOL|DRAWDOWN|BREADTH|TURNOVER
2023-04-13,34.6,NORMAL,正常,WARN_BREADTH_MISSING,62.0,REALIZED_VOL|DRAWDOWN|BREADTH|TURNOVER
2023-04-14,34.2,NORMAL,正常,WARN_BREADTH_MISSING,62.0,REALIZED_VOL|DRAWDOWN|BREADTH|TURNOVER
2023-04-17,36.6,NORMAL,正常,WARN_BREADTH_MISSING|WARN_NOT_BRACKET_30D,62.0,REALIZED_VOL|DRAWDOWN|BREADTH|TURNOVER
2023-04-18,35.9,NORMAL,正常,WARN_BREADTH_MISSING|WARN_NOT_BRACKET_30D,62.0,REALIZED_VOL|DRAWDOWN|BREADTH|TURNOVER
2023-04-19,35.5,NORMAL,正常,WARN_BREADTH_MISSING,62.0,REALIZED_VOL|DRAWDOWN|BREADTH|TURNOVER
2023-04-20,30.9,NORMAL,正常,WARN_BREADTH_MISSING,62.0,REALIZED_VOL|DRAWDOWN|BREADTH|TURNOVER
2023-04-21,34.1,NORMAL,正常,WARN_BREADTH_MISSING,62.0,REALIZED_VOL|DRAWDOWN|BREADTH|TURNOVER
2023-04-24,42.5,CAUTION,警戒,WARN_BREADTH_MISSING,62.0,REALIZED_VOL|DRAWDOWN|BREADTH|TURNOVER
2023-04-25,46.3,CAUTION,警戒,WARN_BREADTH_MISSING,62.0,REALIZED_VOL|DRAWDOWN|BREADTH|TURNOVER
2023-04-26,45.5,CAUTION,警戒,WARN_BREADTH_MISSING,62.0,REALIZED_VOL|DRAWDOWN|BREADTH|TURNOVER
2023-04-27,41.4,CAUTION,警戒,WARN_BREADTH_MISSING,62.0,REALIZED_VOL|DRAWDOWN|BREADTH|TURNOVER
2023-04-28,37.1,NORMAL,正常,WARN_BREADTH_MISSING,62.0,REALIZED_VOL|DRAWDOWN|BREADTH|TURNOVER
2023-05-04,37.8,NORMAL,正常,WARN_BREADTH_MISSING,62.0,REALIZED_VOL|DRAWDOWN|BREADTH|TURNOVER
2023-05-05,35.5,NORMAL,正常,WARN_BREADTH_MISSING,62.0,REALIZED_VOL|DRAWDOWN|BREADTH|TURNOVER
2023-05-08,37.7,NORMAL,正常,WARN_BREADTH_MISSING,62.0,REALIZED_VOL|DRAWDOWN|BREADTH|TURNOVER
2023-05-09,41.6,CAUTION,警戒,WARN_BREADTH_MISSING,62.0,REALIZED_VOL|DRAWDOWN|BREADTH|TURNOVER
2023-05-10,38.0,NORMAL,正常,WARN_BREADTH_MISSING,62.0,REALIZED_VOL|DRAWDOWN|BREADTH|TURNOVER
2023-05-11,40.4,CAUTION,警戒,WARN_BREADTH_MISSING,62.0,REALIZED_VOL|DRAWDOWN|BREADTH|TURNOVER
2023-05-12,43.7,CAUTION,警戒,WARN_BREADTH_MISSING,62.0,REALIZED_VOL|DRAWDOWN|BREADTH|TURNOVER
2023-05-15,40.8,CAUTION,警戒,WARN_BREADTH_MISSING|WARN_NOT_BRACKET_30D,62.0,REALIZED_VOL|DRAWDOWN|BREADTH|TURNOVER
2023-05-16,41.2,CAUTION,警戒,WARN_BREADTH_MISSING|WARN_NOT_BRACKET_30D,62.0,REALIZED_VOL|DRAWDOWN|BREADTH|TURNOVER
2023-05-17,43.5,CAUTION,警戒,WARN_BREADTH_MISSING,62.0,REALIZED_VOL|DRAWDOWN|BREADTH|TURNOVER
2023-05-18,41.8,CAUTION,警戒,WARN_BREADTH_MISSING,62.0,REALIZED_VOL|DRAWDOWN|BREADTH|TURNOVER
2023-05-19,38.3,NORMAL,正常,WARN_BREADTH_MISSING,62.0,REALIZED_VOL|DRAWDOWN|BREADTH|TURNOVER
2023-05-22,36.6,NORMAL,正常,WARN_BREADTH_MISSING,62.0,REALIZED_VOL|DRAWDOWN|BREADTH|TURNOVER
2023-05-23,39.9,NORMAL,正常,WARN_BREADTH_MISSING,62.0,REALIZED_VOL|DRAWDOWN|BREADTH|TURNOVER
2023-05-24,42.8,CAUTION,警戒,WARN_BREADTH_MISSING,62.0,REALIZED_VOL|DRAWDOWN|BREADTH|TURNOVER
2023-05-25,43.7,CAUTION,警戒,WARN_BREADTH_MISSING,62.0,REALIZED_VOL|DRAWDOWN|BREADTH|TURNOVER
2023-05-26,39.5,NORMAL,正常,WARN_BREADTH_MISSING,62.0,REALIZED_VOL|DRAWDOWN|BREADTH|TURNOVER
2023-05-29,42.0,CAUTION,警戒,WARN_BREADTH_MISSING,62.0,REALIZED_VOL|DRAWDOWN|BREADTH|TURNOVER
2023-05-30,40.0,CAUTION,警戒,WARN_BREADTH_MISSING,62.0,REALIZED_VOL|DRAWDOWN|BREADTH|TURNOVER
2023-05-31,43.3,CAUTION,警戒,WARN_BREADTH_MISSING,62.0,REALIZED_VOL|DRAWDOWN|BREADTH|TURNOVER
2023-06-01,42.2,CAUTION,警戒,WARN_BREADTH_MISSING,62.0,REALIZED_VOL|DRAWDOWN|BREADTH|TURNOVER
2023-06-02,39.5,NORMAL,正常,WARN_BREADTH_MISSING,62.0,REALIZED_VOL|DRAWDOWN|BREADTH|TURNOVER
2023-06-05,35.6,NORMAL,正常,WARN_BREADTH_MISSING,62.0,REALIZED_VOL|DRAWDOWN|BREADTH|TURNOVER
2023-06-06,42.6,CAUTION,警戒,WARN_BREADTH_MISSING,62.0,REALIZED_VOL|DRAWDOWN|BREADTH|TURNOVER
2023-06-07,43.5,CAUTION,警戒,WARN_BREADTH_MISSING,62.0,REALIZED_VOL|DRAWDOWN|BREADTH|TURNOVER
2023-06-08,41.2,CAUTION,警戒,WARN_BREADTH_MISSING,62.0,REALIZED_VOL|DRAWDOWN|BREADTH|TURNOVER
2023-06-09,39.6,NORMAL,正常,WARN_BREADTH_MISSING,62.0,REALIZED_VOL|DRAWDOWN|BREADTH|TURNOVER
2023-06-12,33.9,NORMAL,正常,WARN_BREADTH_MISSING|WARN_NOT_BRACKET_30D,62.0,REALIZED_VOL|DRAWDOWN|BREADTH|TURNOVER
2023-06-13,36.5,NORMAL,正常,WARN_BREADTH_MISSING|WARN_NOT_BRACKET_30D,62.0,REALIZED_VOL|DRAWDOWN|BREADTH|TURNOVER
2023-06-14,31.3,NORMAL,正常,WARN_BREADTH_MISSING|WARN_NOT_BRACKET_30D,62.0,REALIZED_VOL|DRAWDOWN|BREADTH|TURNOVER
2023-06-15,35.3,NORMAL,正常,WARN_BREADTH_MISSING|WARN_NOT_BRACKET_30D,62.0,REALIZED_VOL|DRAWDOWN|BREADTH|TURNOVER
2023-06-16,31.3,NORMAL,正常,WARN_BREADTH_MISSING|WARN_NOT_BRACKET_30D,62.0,REALIZED_VOL|DRAWDOWN|BREADTH|TURNOVER
2023-06-19,38.4,NORMAL,正常,WARN_BREADTH_MISSING|WARN_NOT_BRACKET_30D,62.0,REALIZED_VOL|DRAWDOWN|BREADTH|TURNOVER
2023-06-20,37.6,NORMAL,正常,WARN_BREADTH_MISSING|WARN_NOT_BRACKET_30D,62.0,REALIZED_VOL|DRAWDOWN|BREADTH|TURNOVER
2023-06-21,39.8,NORMAL,正常,WARN_BREADTH_MISSING,62.0,REALIZED_VOL|DRAWDOWN|BREADTH|TURNOVER
2023-06-26,48.3,CAUTION,警戒,WARN_BREADTH_MISSING,62.0,REALIZED_VOL|DRAWDOWN|BREADTH|TURNOVER
2023-06-27,42.9,CAUTION,警戒,WARN_BREADTH_MISSING,62.0,REALIZED_VOL|DRAWDOWN|BREADTH|TURNOVER
2023-06-28,36.9,NORMAL,正常,WARN_BREADTH_MISSING,62.0,REALIZED_VOL|DRAWDOWN|BREADTH|TURNOVER
2023-06-29,36.5,NORMAL,正常,WARN_BREADTH_MISSING,62.0,REALIZED_VOL|DRAWDOWN|BREADTH|TURNOVER
2023-06-30,39.1,NORMAL,正常,WARN_BREADTH_MISSING,62.0,REALIZED_VOL|DRAWDOWN|BREADTH|TURNOVER
2023-07-03,33.1,NORMAL,正常,WARN_BREADTH_MISSING,62.0,REALIZED_VOL|DRAWDOWN|BREADTH|TURNOVER
2023-07-04,38.2,NORMAL,正常,WARN_BREADTH_MISSING,62.0,REALIZED_VOL|DRAWDOWN|BREADTH|TURNOVER
2023-07-05,39.3,NORMAL,正常,WARN_BREADTH_MISSING,62.0,REALIZED_VOL|DRAWDOWN|BREADTH|TURNOVER
2023-07-06,41.3,CAUTION,警戒,WARN_BREADTH_MISSING,62.0,REALIZED_VOL|DRAWDOWN|BREADTH|TURNOVER
2023-07-07,43.5,CAUTION,警戒,WARN_BREADTH_MISSING,62.0,REALIZED_VOL|DRAWDOWN|BREADTH|TURNOVER
2023-07-10,43.2,CAUTION,警戒,WARN_BREADTH_MISSING,62.0,REALIZED_VOL|DRAWDOWN|BREADTH|TURNOVER
2023-07-11,40.4,CAUTION,警戒,WARN_BREADTH_MISSING,62.0,REALIZED_VOL|DRAWDOWN|BREADTH|TURNOVER
2023-07-12,35.9,NORMAL,正常,WARN_BREADTH_MISSING,62.0,REALIZED_VOL|DRAWDOWN|BREADTH|TURNOVER
2023-07-13,38.6,NORMAL,正常,WARN_BREADTH_MISSING,62.0,REALIZED_VOL|DRAWDOWN|BREADTH|TURNOVER
2023-07-14,37.5,NORMAL,正常,WARN_BREADTH_MISSING,62.0,REALIZED_VOL|DRAWDOWN|BREADTH|TURNOVER
2023-07-17,38.3,NORMAL,正常,WARN_BREADTH_MISSING|WARN_NOT_BRACKET_30D,62.0,REALIZED_VOL|DRAWDOWN|BREADTH|TURNOVER
2023-07-18,34.4,NORMAL,正常,WARN_BREADTH_MISSING|WARN_NOT_BRACKET_30D,62.0,REALIZED_VOL|DRAWDOWN|BREADTH|TURNOVER
2023-07-19,41.7,CAUTION,警戒,WARN_BREADTH_MISSING,62.0,REALIZED_VOL|DRAWDOWN|BREADTH|TURNOVER
2023-07-20,38.7,NORMAL,正常,WARN_BREADTH_MISSING,62.0,REALIZED_VOL|DRAWDOWN|BREADTH|TURNOVER
2023-07-21,41.2,CAUTION,警戒,WARN_BREADTH_MISSING,62.0,REALIZED_VOL|DRAWDOWN|BREADTH|TURNOVER
2023-07-24,44.3,CAUTION,警戒,WARN_BREADTH_MISSING,62.0,REALIZED_VOL|DRAWDOWN|BREADTH|TURNOVER
2023-07-25,41.4,CAUTION,警戒,WARN_BREADTH_MISSING,62.0,REALIZED_VOL|DRAWDOWN|BREADTH|TURNOVER
2023-07-26,41.8,CAUTION,警戒,WARN_BREADTH_MISSING,62.0,REALIZED_VOL|DRAWDOWN|BREADTH|TURNOVER
2023-07-27,39.9,NORMAL,正常,WARN_BREADTH_MISSING,62.0,REALIZED_VOL|DRAWDOWN|BREADTH|TURNOVER
2023-07-28,48.3,CAUTION,警戒,WARN_BREADTH_MISSING,62.0,REALIZED_VOL|DRAWDOWN|BREADTH|TURNOVER
2023-07-31,57.6,CAUTION,警戒,WARN_BREADTH_MISSING,62.0,REALIZED_VOL|DRAWDOWN|BREADTH|TURNOVER
2023-08-01,50.3,CAUTION,警戒,WARN_BREADTH_MISSING,62.0,REALIZED_VOL|DRAWDOWN|BREADTH|TURNOVER
2023-08-02,52.3,CAUTION,警戒,WARN_BREADTH_MISSING,62.0,REALIZED_VOL|DRAWDOWN|BREADTH|TURNOVER
2023-08-03,53.2,CAUTION,警戒,WARN_BREADTH_MISSING,62.0,REALIZED_VOL|DRAWDOWN|BREADTH|TURNOVER
2023-08-04,52.0,CAUTION,警戒,WARN_BREADTH_MISSING,62.0,REALIZED_VOL|DRAWDOWN|BREADTH|TURNOVER
2023-08-07,59.3,CAUTION,警戒,WARN_BREADTH_MISSING,62.0,REALIZED_VOL|DRAWDOWN|BREADTH|TURNOVER
2023-08-08,53.5,CAUTION,警戒,WARN_BREADTH_MISSING,62.0,REALIZED_VOL|DRAWDOWN|BREADTH|TURNOVER
2023-08-09,60.3,HIGH_RISK,高风险,WARN_BREADTH_MISSING,62.0,REALIZED_VOL|DRAWDOWN|BREADTH|TURNOVER
2023-08-10,60.6,HIGH_RISK,高风险,WARN_BREADTH_MISSING,62.0,REALIZED_VOL|DRAWDOWN|BREADTH|TURNOVER
2023-08-11,60.6,HIGH_RISK,高风险,WARN_BREADTH_MISSING,62.0,REALIZED_VOL|DRAWDOWN|BREADTH|TURNOVER
2023-08-14,57.2,CAUTION,警戒,WARN_BREADTH_MISSING|WARN_NOT_BRACKET_30D,62.0,REALIZED_VOL|DRAWDOWN|BREADTH|TURNOVER
2023-08-15,55.2,CAUTION,警戒,WARN_BREADTH_MISSING|WARN_NOT_BRACKET_30D,62.0,REALIZED_VOL|DRAWDOWN|BREADTH|TURNOVER
2023-08-16,59.7,CAUTION,警戒,WARN_BREADTH_MISSING,62.0,REALIZED_VOL|DRAWDOWN|BREADTH|TURNOVER
2023-08-17,59.9,CAUTION,警戒,WARN_BREADTH_MISSING,62.0,REALIZED_VOL|DRAWDOWN|BREADTH|TURNOVER
2023-08-18,62.3,HIGH_RISK,高风险,WARN_BREADTH_MISSING,62.0,REALIZED_VOL|DRAWDOWN|BREADTH|TURNOVER
2023-08-21,69.0,HIGH_RISK,高风险,WARN_BREADTH_MISSING,62.0,REALIZED_VOL|DRAWDOWN|BREADTH|TURNOVER
2023-08-22,63.7,HIGH_RISK,高风险,WARN_BREADTH_MISSING,62.0,REALIZED_VOL|DRAWDOWN|BREADTH|TURNOVER
2023-08-23,66.7,HIGH_RISK,高风险,WARN_BREADTH_MISSING,62.0,REALIZED_VOL|DRAWDOWN|BREADTH|TURNOVER
2023-08-24,62.8,HIGH_RISK,高风险,WARN_BREADTH_MISSING,62.0,REALIZED_VOL|DRAWDOWN|BREADTH|TURNOVER
2023-08-25,65.5,HIGH_RISK,高风险,WARN_BREADTH_MISSING,62.0,REALIZED_VOL|DRAWDOWN|BREADTH|TURNOVER
2023-08-28,51.2,CAUTION,警戒,LOW_NO_CHAIN,12.0,AVIX|REALIZED_VOL|DRAWDOWN|BREADTH|TURNOVER
2023-08-29,59.4,CAUTION,警戒,WARN_BREADTH_MISSING,62.0,REALIZED_VOL|DRAWDOWN|BREADTH|TURNOVER
2023-08-30,50.3,CAUTION,警戒,WARN_BREADTH_MISSING,62.0,REALIZED_VOL|DRAWDOWN|BREADTH|TURNOVER
2023-08-31,52.0,CAUTION,警戒,WARN_BREADTH_MISSING,62.0,REALIZED_VOL|DRAWDOWN|BREADTH|TURNOVER
2023-09-01,48.8,CAUTION,警戒,WARN_BREADTH_MISSING,62.0,REALIZED_VOL|DRAWDOWN|BREADTH|TURNOVER
2023-09-04,49.3,CAUTION,警戒,WARN_BREADTH_MISSING,62.0,REALIZED_VOL|DRAWDOWN|BREADTH|TURNOVER
2023-09-05,45.3,CAUTION,警戒,WARN_BREADTH_MISSING,62.0,REALIZED_VOL|DRAWDOWN|BREADTH|TURNOVER
2023-09-06,45.8,CAUTION,警戒,WARN_BREADTH_MISSING,62.0,REALIZED_VOL|DRAWDOWN|BREADTH|TURNOVER
2023-09-07,49.2,CAUTION,警戒,WARN_BREADTH_MISSING,62.0,REALIZED_VOL|DRAWDOWN|BREADTH|TURNOVER
2023-09-08,52.6,CAUTION,警戒,WARN_BREADTH_MISSING,62.0,REALIZED_VOL|DRAWDOWN|BREADTH|TURNOVER
2023-09-11,48.4,CAUTION,警戒,WARN_BREADTH_MISSING|WARN_NOT_BRACKET_30D,62.0,REALIZED_VOL|DRAWDOWN|BREADTH|TURNOVER
2023-09-12,46.4,CAUTION,警戒,WARN_BREADTH_MISSING|WARN_NOT_BRACKET_30D,62.0,REALIZED_VOL|DRAWDOWN|BREADTH|TURNOVER
2023-09-13,46.5,CAUTION,警戒,WARN_BREADTH_MISSING|WARN_NOT_BRACKET_30D,62.0,REALIZED_VOL|DRAWDOWN|BREADTH|TURNOVER
2023-09-14,39.2,NORMAL,正常,WARN_BREADTH_MISSING|WARN_NOT_BRACKET_30D,62.0,REALIZED_VOL|DRAWDOWN|BREADTH|TURNOVER
2023-09-15,39.2,NORMAL,正常,WARN_BREADTH_MISSING|WARN_NOT_BRACKET_30D,62.0,REALIZED_VOL|DRAWDOWN|BREADTH|TURNOVER
2023-09-18,38.7,NORMAL,正常,WARN_BREADTH_MISSING|WARN_NOT_BRACKET_30D,62.0,REALIZED_VOL|DRAWDOWN|BREADTH|TURNOVER
2023-09-19,38.9,NORMAL,正常,WARN_BREADTH_MISSING|WARN_NOT_BRACKET_30D,62.0,REALIZED_VOL|DRAWDOWN|BREADTH|TURNOVER
2023-09-20,39.9,NORMAL,正常,WARN_BREADTH_MISSING,62.0,REALIZED_VOL|DRAWDOWN|BREADTH|TURNOVER
2023-09-21,42.8,CAUTION,警戒,WARN_BREADTH_MISSING,62.0,REALIZED_VOL|DRAWDOWN|BREADTH|TURNOVER
2023-09-22,43.0,CAUTION,警戒,WARN_BREADTH_MISSING,62.0,REALIZED_VOL|DRAWDOWN|BREADTH|TURNOVER
2023-09-25,44.3,CAUTION,警戒,WARN_BREADTH_MISSING,62.0,REALIZED_VOL|DRAWDOWN|BREADTH|TURNOVER
2023-09-26,41.7,CAUTION,警戒,WARN_BREADTH_MISSING,62.0,REALIZED_VOL|DRAWDOWN|BREADTH|TURNOVER
2023-09-27,41.1,CAUTION,警戒,WARN_BREADTH_MISSING,62.0,REALIZED_VOL|DRAWDOWN|BREADTH|TURNOVER
2023-09-28,41.0,CAUTION,警戒,WARN_BREADTH_MISSING,62.0,REALIZED_VOL|DRAWDOWN|BREADTH|TURNOVER
2023-10-09,37.2,NORMAL,正常,WARN_BREADTH_MISSING,62.0,REALIZED_VOL|DRAWDOWN|BREADTH|TURNOVER
2023-10-10,36.2,NORMAL,正常,WARN_BREADTH_MISSING,62.0,REALIZED_VOL|DRAWDOWN|BREADTH|TURNOVER
2023-10-11,33.2,NORMAL,正常,WARN_BREADTH_MISSING,62.0,REALIZED_VOL|DRAWDOWN|BREADTH|TURNOVER
2023-10-12,33.6,NORMAL,正常,WARN_BREADTH_MISSING,62.0,REALIZED_VOL|DRAWDOWN|BREADTH|TURNOVER
2023-10-13,35.2,NORMAL,正常,WARN_BREADTH_MISSING,62.0,REALIZED_VOL|DRAWDOWN|BREADTH|TURNOVER
2023-10-16,44.8,CAUTION,警戒,WARN_BREADTH_MISSING|WARN_NOT_BRACKET_30D,62.0,REALIZED_VOL|DRAWDOWN|BREADTH|TURNOVER
2023-10-17,41.6,CAUTION,警戒,WARN_BREADTH_MISSING|WARN_NOT_BRACKET_30D,62.0,REALIZED_VOL|DRAWDOWN|BREADTH|TURNOVER
2023-10-18,42.3,CAUTION,警戒,WARN_BREADTH_MISSING,62.0,REALIZED_VOL|DRAWDOWN|BREADTH|TURNOVER
2023-10-19,54.3,CAUTION,警戒,WARN_BREADTH_MISSING,62.0,REALIZED_VOL|DRAWDOWN|BREADTH|TURNOVER
2023-10-20,57.8,CAUTION,警戒,WARN_BREADTH_MISSING,62.0,REALIZED_VOL|DRAWDOWN|BREADTH|TURNOVER
2023-10-23,60.4,HIGH_RISK,高风险,WARN_BREADTH_MISSING,62.0,REALIZED_VOL|DRAWDOWN|BREADTH|TURNOVER
2023-10-24,65.6,HIGH_RISK,高风险,WARN_BREADTH_MISSING,62.0,REALIZED_VOL|DRAWDOWN|BREADTH|TURNOVER
2023-10-25,55.9,CAUTION,警戒,WARN_BREADTH_MISSING,62.0,REALIZED_VOL|DRAWDOWN|BREADTH|TURNOVER
2023-10-26,49.7,CAUTION,警戒,WARN_BREADTH_MISSING,62.0,REALIZED_VOL|DRAWDOWN|BREADTH|TURNOVER
2023-10-27,43.6,CAUTION,警戒,WARN_BREADTH_MISSING,62.0,REALIZED_VOL|DRAWDOWN|BREADTH|TURNOVER
2023-10-30,44.8,CAUTION,警戒,WARN_BREADTH_MISSING,62.0,REALIZED_VOL|DRAWDOWN|BREADTH|TURNOVER
2023-10-31,40.6,CAUTION,警戒,WARN_BREADTH_MISSING,62.0,REALIZED_VOL|DRAWDOWN|BREADTH|TURNOVER
2023-11-01,46.4,CAUTION,警戒,WARN_BREADTH_MISSING,62.0,REALIZED_VOL|DRAWDOWN|BREADTH|TURNOVER
2023-11-02,44.5,CAUTION,警戒,WARN_BREADTH_MISSING,62.0,REALIZED_VOL|DRAWDOWN|BREADTH|TURNOVER
2023-11-03,43.6,CAUTION,警戒,WARN_BREADTH_MISSING,62.0,REALIZED_VOL|DRAWDOWN|BREADTH|TURNOVER
2023-11-06,47.4,CAUTION,警戒,WARN_BREADTH_MISSING,62.0,REALIZED_VOL|DRAWDOWN|BREADTH|TURNOVER
2023-11-07,47.6,CAUTION,警戒,WARN_BREADTH_MISSING,62.0,REALIZED_VOL|DRAWDOWN|BREADTH|TURNOVER
2023-11-08,42.5,CAUTION,警戒,WARN_BREADTH_MISSING,62.0,REALIZED_VOL|DRAWDOWN|BREADTH|TURNOVER
2023-11-09,50.0,CAUTION,警戒,WARN_BREADTH_MISSING,62.0,REALIZED_VOL|DRAWDOWN|BREADTH|TURNOVER
2023-11-10,51.4,CAUTION,警戒,WARN_BREADTH_MISSING,62.0,REALIZED_VOL|DRAWDOWN|BREADTH|TURNOVER
2023-11-13,51.2,CAUTION,警戒,WARN_BREADTH_MISSING|WARN_NOT_BRACKET_30D,62.0,REALIZED_VOL|DRAWDOWN|BREADTH|TURNOVER
2023-11-14,50.1,CAUTION,警戒,WARN_BREADTH_MISSING|WARN_NOT_BRACKET_30D,62.0,REALIZED_VOL|DRAWDOWN|BREADTH|TURNOVER
2023-11-15,49.3,CAUTION,警戒,WARN_BREADTH_MISSING,62.0,REALIZED_VOL|DRAWDOWN|BREADTH|TURNOVER
2023-11-16,47.2,CAUTION,警戒,WARN_BREADTH_MISSING,62.0,REALIZED_VOL|DRAWDOWN|BREADTH|TURNOVER
2023-11-17,42.9,CAUTION,警戒,WARN_BREADTH_MISSING,62.0,REALIZED_VOL|DRAWDOWN|BREADTH|TURNOVER
2023-11-20,39.4,NORMAL,正常,WARN_BREADTH_MISSING,62.0,REALIZED_VOL|DRAWDOWN|BREADTH|TURNOVER
2023-11-21,33.0,NORMAL,正常,WARN_BREADTH_MISSING,62.0,REALIZED_VOL|DRAWDOWN|BREADTH|TURNOVER
2023-11-22,40.3,CAUTION,警戒,WARN_BREADTH_MISSING,62.0,REALIZED_VOL|DRAWDOWN|BREADTH|TURNOVER
2023-11-23,39.3,NORMAL,正常,WARN_BREADTH_MISSING,62.0,REALIZED_VOL|DRAWDOWN|BREADTH|TURNOVER
2023-11-24,34.8,NORMAL,正常,WARN_BREADTH_MISSING,62.0,REALIZED_VOL|DRAWDOWN|BREADTH|TURNOVER
2023-11-27,44.1,CAUTION,警戒,WARN_BREADTH_MISSING,62.0,REALIZED_VOL|DRAWDOWN|BREADTH|TURNOVER
2023-11-28,43.9,CAUTION,警戒,WARN_BREADTH_MISSING,62.0,REALIZED_VOL|DRAWDOWN|BREADTH|TURNOVER
2023-11-29,38.3,NORMAL,正常,WARN_BREADTH_MISSING,62.0,REALIZED_VOL|DRAWDOWN|BREADTH|TURNOVER
2023-11-30,42.3,CAUTION,警戒,WARN_BREADTH_MISSING,62.0,REALIZED_VOL|DRAWDOWN|BREADTH|TURNOVER
2023-12-01,44.0,CAUTION,警戒,WARN_BREADTH_MISSING,62.0,REALIZED_VOL|DRAWDOWN|BREADTH|TURNOVER
2023-12-04,47.9,CAUTION,警戒,WARN_BREADTH_MISSING,62.0,REALIZED_VOL|DRAWDOWN|BREADTH|TURNOVER
2023-12-05,62.0,HIGH_RISK,高风险,WARN_BREADTH_MISSING,62.0,REALIZED_VOL|DRAWDOWN|BREADTH|TURNOVER
2023-12-06,56.7,CAUTION,警戒,WARN_BREADTH_MISSING,62.0,REALIZED_VOL|DRAWDOWN|BREADTH|TURNOVER
2023-12-07,53.3,CAUTION,警戒,WARN_BREADTH_MISSING,62.0,REALIZED_VOL|DRAWDOWN|BREADTH|TURNOVER
2023-12-08,57.1,CAUTION,警戒,WARN_BREADTH_MISSING,62.0,REALIZED_VOL|DRAWDOWN|BREADTH|TURNOVER
2023-12-11,57.5,CAUTION,警戒,WARN_BREADTH_MISSING|WARN_NOT_BRACKET_30D,62.0,REALIZED_VOL|DRAWDOWN|BREADTH|TURNOVER
2023-12-12,52.1,CAUTION,警戒,WARN_BREADTH_MISSING|WARN_NOT_BRACKET_30D,62.0,REALIZED_VOL|DRAWDOWN|BREADTH|TURNOVER
2023-12-13,57.4,CAUTION,警戒,WARN_BREADTH_MISSING|WARN_NOT_BRACKET_30D,62.0,REALIZED_VOL|DRAWDOWN|BREADTH|TURNOVER
2023-12-14,53.0,CAUTION,警戒,WARN_BREADTH_MISSING|WARN_NOT_BRACKET_30D,62.0,REALIZED_VOL|DRAWDOWN|BREADTH|TURNOVER
2023-12-15,52.9,CAUTION,警戒,WARN_BREADTH_MISSING|WARN_NOT_BRACKET_30D,62.0,REALIZED_VOL|DRAWDOWN|BREADTH|TURNOVER
2023-12-18,52.9,CAUTION,警戒,WARN_BREADTH_MISSING|WARN_NOT_BRACKET_30D|WARN_QVIX_REALTIME_PROXY,57.2,QVIX_PROXY|REALIZED_VOL|DRAWDOWN|BREADTH|TURNOVER
2023-12-19,59.9,CAUTION,警戒,WARN_BREADTH_MISSING|WARN_NOT_BRACKET_30D,62.0,REALIZED_VOL|DRAWDOWN|BREADTH|TURNOVER
2023-12-20,63.2,HIGH_RISK,高风险,WARN_BREADTH_MISSING,62.0,REALIZED_VOL|DRAWDOWN|BREADTH|TURNOVER
2023-12-21,52.7,CAUTION,警戒,WARN_BREADTH_MISSING,62.0,REALIZED_VOL|DRAWDOWN|BREADTH|TURNOVER
2023-12-22,53.4,CAUTION,警戒,WARN_BREADTH_MISSING,62.0,REALIZED_VOL|DRAWDOWN|BREADTH|TURNOVER
2023-12-25,52.3,CAUTION,警戒,WARN_BREADTH_MISSING,62.0,REALIZED_VOL|DRAWDOWN|BREADTH|TURNOVER
2023-12-26,55.1,CAUTION,警戒,WARN_BREADTH_MISSING,62.0,REALIZED_VOL|DRAWDOWN|BREADTH|TURNOVER
2023-12-27,55.8,CAUTION,警戒,WARN_BREADTH_MISSING,62.0,REALIZED_VOL|DRAWDOWN|BREADTH|TURNOVER
2023-12-28,48.4,CAUTION,警戒,WARN_BREADTH_MISSING,62.0,REALIZED_VOL|DRAWDOWN|BREADTH|TURNOVER
2023-12-29,48.3,CAUTION,警戒,WARN_BREADTH_MISSING,62.0,REALIZED_VOL|DRAWDOWN|BREADTH|TURNOVER
2024-01-02,52.3,CAUTION,警戒,WARN_BREADTH_MISSING,62.0,REALIZED_VOL|DRAWDOWN|BREADTH|TURNOVER
2024-01-03,51.0,CAUTION,警戒,WARN_BREADTH_MISSING,62.0,REALIZED_VOL|DRAWDOWN|BREADTH|TURNOVER
2024-01-04,53.2,CAUTION,警戒,WARN_BREADTH_MISSING,62.0,REALIZED_VOL|DRAWDOWN|BREADTH|TURNOVER
2024-01-05,54.9,CAUTION,警戒,WARN_BREADTH_MISSING,62.0,REALIZED_VOL|DRAWDOWN|BREADTH|TURNOVER
2024-01-08,68.3,HIGH_RISK,高风险,WARN_BREADTH_MISSING,62.0,REALIZED_VOL|DRAWDOWN|BREADTH|TURNOVER
2024-01-09,55.2,CAUTION,警戒,WARN_BREADTH_MISSING,62.0,REALIZED_VOL|DRAWDOWN|BREADTH|TURNOVER
2024-01-10,56.5,CAUTION,警戒,WARN_BREADTH_MISSING,62.0,REALIZED_VOL|DRAWDOWN|BREADTH|TURNOVER
2024-01-11,54.6,CAUTION,警戒,WARN_BREADTH_MISSING,62.0,REALIZED_VOL|DRAWDOWN|BREADTH|TURNOVER
2024-01-12,62.1,HIGH_RISK,高风险,WARN_BREADTH_MISSING,62.0,REALIZED_VOL|DRAWDOWN|BREADTH|TURNOVER
2024-01-15,53.7,CAUTION,警戒,WARN_BREADTH_MISSING|WARN_NOT_BRACKET_30D,62.0,REALIZED_VOL|DRAWDOWN|BREADTH|TURNOVER
2024-01-16,46.9,CAUTION,警戒,WARN_BREADTH_MISSING|WARN_NOT_BRACKET_30D,62.0,REALIZED_VOL|DRAWDOWN|BREADTH|TURNOVER
2024-01-17,68.7,HIGH_RISK,高风险,WARN_BREADTH_MISSING|WARN_NOT_BRACKET_30D,62.0,REALIZED_VOL|DRAWDOWN|BREADTH|TURNOVER
2024-01-18,66.2,HIGH_RISK,高风险,WARN_BREADTH_MISSING|WARN_NOT_BRACKET_30D,62.0,REALIZED_VOL|DRAWDOWN|BREADTH|TURNOVER
2024-01-19,62.7,HIGH_RISK,高风险,WARN_BREADTH_MISSING|WARN_NOT_BRACKET_30D,62.0,REALIZED_VOL|DRAWDOWN|BREADTH|TURNOVER
2024-01-22,68.4,HIGH_RISK,高风险,WARN_BREADTH_MISSING,62.0,REALIZED_VOL|DRAWDOWN|BREADTH|TURNOVER
2024-01-23,64.0,HIGH_RISK,高风险,WARN_BREADTH_MISSING,62.0,REALIZED_VOL|DRAWDOWN|BREADTH|TURNOVER
2024-01-24,55.7,CAUTION,警戒,WARN_BREADTH_MISSING,62.0,REALIZED_VOL|DRAWDOWN|BREADTH|TURNOVER
2024-01-25,49.7,CAUTION,警戒,WARN_BREADTH_MISSING,62.0,REALIZED_VOL|DRAWDOWN|BREADTH|TURNOVER
2024-01-26,48.3,CAUTION,警戒,WARN_BREADTH_MISSING,62.0,REALIZED_VOL|DRAWDOWN|BREADTH|TURNOVER
2024-01-29,53.9,CAUTION,警戒,WARN_BREADTH_MISSING,62.0,REALIZED_VOL|DRAWDOWN|BREADTH|TURNOVER
2024-01-30,60.1,HIGH_RISK,高风险,WARN_BREADTH_MISSING,62.0,REALIZED_VOL|DRAWDOWN|BREADTH|TURNOVER
2024-01-31,67.2,HIGH_RISK,高风险,WARN_BREADTH_MISSING,62.0,REALIZED_VOL|DRAWDOWN|BREADTH|TURNOVER
2024-02-01,67.7,HIGH_RISK,高风险,WARN_BREADTH_MISSING,62.0,REALIZED_VOL|DRAWDOWN|BREADTH|TURNOVER
2024-02-02,71.2,HIGH_RISK,高风险,WARN_BREADTH_MISSING,62.0,REALIZED_VOL|DRAWDOWN|BREADTH|TURNOVER
2024-02-05,72.3,HIGH_RISK,高风险,WARN_BREADTH_MISSING,62.0,REALIZED_VOL|DRAWDOWN|BREADTH|TURNOVER
2024-02-06,66.7,HIGH_RISK,高风险,WARN_BREADTH_MISSING,62.0,REALIZED_VOL|DRAWDOWN|BREADTH|TURNOVER
2024-02-07,63.9,HIGH_RISK,高风险,WARN_BREADTH_MISSING,62.0,REALIZED_VOL|DRAWDOWN|BREADTH|TURNOVER
2024-02-08,61.7,HIGH_RISK,高风险,WARN_BREADTH_MISSING,62.0,REALIZED_VOL|DRAWDOWN|BREADTH|TURNOVER
2024-02-19,60.0,HIGH_RISK,高风险,WARN_BREADTH_MISSING,62.0,REALIZED_VOL|DRAWDOWN|BREADTH|TURNOVER
2024-02-20,50.5,CAUTION,警戒,WARN_BREADTH_MISSING,62.0,REALIZED_VOL|DRAWDOWN|BREADTH|TURNOVER
2024-02-21,49.7,CAUTION,警戒,WARN_BREADTH_MISSING,62.0,REALIZED_VOL|DRAWDOWN|BREADTH|TURNOVER
2024-02-22,53.9,CAUTION,警戒,WARN_BREADTH_MISSING,62.0,REALIZED_VOL|DRAWDOWN|BREADTH|TURNOVER
2024-02-23,55.4,CAUTION,警戒,WARN_BREADTH_MISSING,62.0,REALIZED_VOL|DRAWDOWN|BREADTH|TURNOVER
2024-02-26,55.8,CAUTION,警戒,WARN_BREADTH_MISSING,62.0,REALIZED_VOL|DRAWDOWN|BREADTH|TURNOVER
2024-02-27,57.3,CAUTION,警戒,WARN_BREADTH_MISSING,62.0,REALIZED_VOL|DRAWDOWN|BREADTH|TURNOVER
2024-02-28,57.0,CAUTION,警戒,WARN_BREADTH_MISSING,62.0,REALIZED_VOL|DRAWDOWN|BREADTH|TURNOVER
2024-02-29,55.8,CAUTION,警戒,WARN_BREADTH_MISSING,62.0,REALIZED_VOL|DRAWDOWN|BREADTH|TURNOVER
2024-03-01,55.4,CAUTION,警戒,WARN_BREADTH_MISSING,62.0,REALIZED_VOL|DRAWDOWN|BREADTH|TURNOVER
2024-03-04,56.5,CAUTION,警戒,WARN_BREADTH_MISSING,62.0,REALIZED_VOL|DRAWDOWN|BREADTH|TURNOVER
2024-03-05,51.2,CAUTION,警戒,WARN_BREADTH_MISSING,62.0,REALIZED_VOL|DRAWDOWN|BREADTH|TURNOVER
2024-03-06,47.2,CAUTION,警戒,WARN_BREADTH_MISSING,62.0,REALIZED_VOL|DRAWDOWN|BREADTH|TURNOVER
2024-03-07,42.8,CAUTION,警戒,WARN_BREADTH_MISSING,62.0,REALIZED_VOL|DRAWDOWN|BREADTH|TURNOVER
2024-03-08,39.9,NORMAL,正常,WARN_BREADTH_MISSING,62.0,REALIZED_VOL|DRAWDOWN|BREADTH|TURNOVER
2024-03-11,39.1,NORMAL,正常,WARN_BREADTH_MISSING|WARN_NOT_BRACKET_30D,62.0,REALIZED_VOL|DRAWDOWN|BREADTH|TURNOVER
2024-03-12,40.6,CAUTION,警戒,WARN_BREADTH_MISSING|WARN_NOT_BRACKET_30D,62.0,REALIZED_VOL|DRAWDOWN|BREADTH|TURNOVER
2024-03-13,41.8,CAUTION,警戒,WARN_BREADTH_MISSING|WARN_NOT_BRACKET_30D,62.0,REALIZED_VOL|DRAWDOWN|BREADTH|TURNOVER
2024-03-14,40.3,CAUTION,警戒,WARN_BREADTH_MISSING|WARN_NOT_BRACKET_30D,62.0,REALIZED_VOL|DRAWDOWN|BREADTH|TURNOVER
2024-03-15,37.3,NORMAL,正常,WARN_BREADTH_MISSING|WARN_NOT_BRACKET_30D,62.0,REALIZED_VOL|DRAWDOWN|BREADTH|TURNOVER
2024-03-18,36.4,NORMAL,正常,WARN_BREADTH_MISSING|WARN_NOT_BRACKET_30D,62.0,REALIZED_VOL|DRAWDOWN|BREADTH|TURNOVER
2024-03-19,36.3,NORMAL,正常,WARN_BREADTH_MISSING|WARN_NOT_BRACKET_30D,62.0,REALIZED_VOL|DRAWDOWN|BREADTH|TURNOVER
2024-03-20,36.0,NORMAL,正常,WARN_BREADTH_MISSING,62.0,REALIZED_VOL|DRAWDOWN|BREADTH|TURNOVER
2024-03-21,36.7,NORMAL,正常,WARN_BREADTH_MISSING,62.0,REALIZED_VOL|DRAWDOWN|BREADTH|TURNOVER
2024-03-22,42.1,CAUTION,警戒,WARN_BREADTH_MISSING,62.0,REALIZED_VOL|DRAWDOWN|BREADTH|TURNOVER
2024-03-25,42.4,CAUTION,警戒,WARN_BREADTH_MISSING,62.0,REALIZED_VOL|DRAWDOWN|BREADTH|TURNOVER
2024-03-26,38.2,NORMAL,正常,WARN_BREADTH_MISSING,62.0,REALIZED_VOL|DRAWDOWN|BREADTH|TURNOVER
2024-03-27,43.1,CAUTION,警戒,WARN_BREADTH_MISSING,62.0,REALIZED_VOL|DRAWDOWN|BREADTH|TURNOVER
2024-03-28,37.7,NORMAL,正常,WARN_BREADTH_MISSING,62.0,REALIZED_VOL|DRAWDOWN|BREADTH|TURNOVER
2024-03-29,34.7,NORMAL,正常,WARN_BREADTH_MISSING,62.0,REALIZED_VOL|DRAWDOWN|BREADTH|TURNOVER
2024-04-01,32.3,NORMAL,正常,WARN_BREADTH_MISSING,62.0,REALIZED_VOL|DRAWDOWN|BREADTH|TURNOVER
2024-04-02,33.7,NORMAL,正常,WARN_BREADTH_MISSING,62.0,REALIZED_VOL|DRAWDOWN|BREADTH|TURNOVER
2024-04-03,31.7,NORMAL,正常,WARN_BREADTH_MISSING,62.0,REALIZED_VOL|DRAWDOWN|BREADTH|TURNOVER
2024-04-08,37.1,NORMAL,正常,WARN_BREADTH_MISSING,62.0,REALIZED_VOL|DRAWDOWN|BREADTH|TURNOVER
2024-04-09,36.7,NORMAL,正常,WARN_BREADTH_MISSING,62.0,REALIZED_VOL|DRAWDOWN|BREADTH|TURNOVER
2024-04-10,33.1,NORMAL,正常,WARN_BREADTH_MISSING,62.0,REALIZED_VOL|DRAWDOWN|BREADTH|TURNOVER
2024-04-11,30.8,NORMAL,正常,WARN_BREADTH_MISSING,62.0,REALIZED_VOL|DRAWDOWN|BREADTH|TURNOVER
2024-04-12,33.0,NORMAL,正常,WARN_BREADTH_MISSING,62.0,REALIZED_VOL|DRAWDOWN|BREADTH|TURNOVER
2024-04-15,36.6,NORMAL,正常,WARN_BREADTH_MISSING|WARN_NOT_BRACKET_30D,62.0,REALIZED_VOL|DRAWDOWN|BREADTH|TURNOVER
2024-04-16,46.1,CAUTION,警戒,WARN_BREADTH_MISSING|WARN_NOT_BRACKET_30D,62.0,REALIZED_VOL|DRAWDOWN|BREADTH|TURNOVER
2024-04-17,38.5,NORMAL,正常,WARN_BREADTH_MISSING,62.0,REALIZED_VOL|DRAWDOWN|BREADTH|TURNOVER
2024-04-18,39.3,NORMAL,正常,WARN_BREADTH_MISSING,62.0,REALIZED_VOL|DRAWDOWN|BREADTH|TURNOVER
2024-04-19,42.5,CAUTION,警戒,WARN_BREADTH_MISSING,62.0,REALIZED_VOL|DRAWDOWN|BREADTH|TURNOVER
2024-04-22,40.7,CAUTION,警戒,WARN_BREADTH_MISSING,62.0,REALIZED_VOL|DRAWDOWN|BREADTH|TURNOVER
2024-04-23,38.5,NORMAL,正常,WARN_BREADTH_MISSING,62.0,REALIZED_VOL|DRAWDOWN|BREADTH|TURNOVER
2024-04-24,38.1,NORMAL,正常,WARN_BREADTH_MISSING,62.0,REALIZED_VOL|DRAWDOWN|BREADTH|TURNOVER
2024-04-25,32.4,NORMAL,正常,WARN_BREADTH_MISSING,62.0,REALIZED_VOL|DRAWDOWN|BREADTH|TURNOVER
2024-04-26,32.2,NORMAL,正常,WARN_BREADTH_MISSING,62.0,REALIZED_VOL|DRAWDOWN|BREADTH|TURNOVER
2024-04-29,44.5,CAUTION,警戒,WARN_BREADTH_MISSING,62.0,REALIZED_VOL|DRAWDOWN|BREADTH|TURNOVER
2024-04-30,37.4,NORMAL,正常,WARN_BREADTH_MISSING,62.0,REALIZED_VOL|DRAWDOWN|BREADTH|TURNOVER
2024-05-06,44.9,CAUTION,警戒,WARN_BREADTH_MISSING,62.0,REALIZED_VOL|DRAWDOWN|BREADTH|TURNOVER
2024-05-07,44.9,CAUTION,警戒,WARN_BREADTH_MISSING,62.0,REALIZED_VOL|DRAWDOWN|BREADTH|TURNOVER
2024-05-08,41.0,CAUTION,警戒,WARN_BREADTH_MISSING,62.0,REALIZED_VOL|DRAWDOWN|BREADTH|TURNOVER
2024-05-09,39.3,NORMAL,正常,WARN_BREADTH_MISSING,62.0,REALIZED_VOL|DRAWDOWN|BREADTH|TURNOVER
2024-05-10,39.2,NORMAL,正常,WARN_BREADTH_MISSING,62.0,REALIZED_VOL|DRAWDOWN|BREADTH|TURNOVER
2024-05-13,37.6,NORMAL,正常,WARN_BREADTH_MISSING|WARN_NOT_BRACKET_30D,62.0,REALIZED_VOL|DRAWDOWN|BREADTH|TURNOVER
2024-05-14,37.1,NORMAL,正常,WARN_BREADTH_MISSING|WARN_NOT_BRACKET_30D,62.0,REALIZED_VOL|DRAWDOWN|BREADTH|TURNOVER
2024-05-15,36.6,NORMAL,正常,WARN_BREADTH_MISSING|WARN_NOT_BRACKET_30D,62.0,REALIZED_VOL|DRAWDOWN|BREADTH|TURNOVER
2024-05-16,35.6,NORMAL,正常,WARN_BREADTH_MISSING|WARN_NOT_BRACKET_30D,62.0,REALIZED_VOL|DRAWDOWN|BREADTH|TURNOVER
2024-05-17,34.7,NORMAL,正常,WARN_BREADTH_MISSING|WARN_NOT_BRACKET_30D,62.0,REALIZED_VOL|DRAWDOWN|BREADTH|TURNOVER
2024-05-20,32.5,NORMAL,正常,WARN_BREADTH_MISSING|WARN_NOT_BRACKET_30D|WARN_QVIX_REALTIME_PROXY,57.2,QVIX_PROXY|REALIZED_VOL|DRAWDOWN|BREADTH|TURNOVER
2024-05-21,31.8,NORMAL,正常,WARN_BREADTH_MISSING|WARN_NOT_BRACKET_30D,62.0,REALIZED_VOL|DRAWDOWN|BREADTH|TURNOVER
2024-05-22,34.9,NORMAL,正常,WARN_BREADTH_MISSING|WARN_QVIX_MISSING,50.0,QVIX|REALIZED_VOL|DRAWDOWN|BREADTH|TURNOVER
2024-05-23,35.0,NORMAL,正常,WARN_BREADTH_MISSING|WARN_QVIX_MISSING,50.0,QVIX|REALIZED_VOL|DRAWDOWN|BREADTH|TURNOVER
2024-05-24,41.7,CAUTION,警戒,WARN_BREADTH_MISSING|WARN_QVIX_MISSING,50.0,QVIX|REALIZED_VOL|DRAWDOWN|BREADTH|TURNOVER
2024-05-27,38.7,NORMAL,正常,WARN_BREADTH_MISSING|WARN_QVIX_MISSING,50.0,QVIX|REALIZED_VOL|DRAWDOWN|BREADTH|TURNOVER
2024-05-28,32.8,NORMAL,正常,WARN_BREADTH_MISSING,62.0,REALIZED_VOL|DRAWDOWN|BREADTH|TURNOVER
2024-05-29,34.0,NORMAL,正常,WARN_BREADTH_MISSING|WARN_QVIX_MISSING,50.0,QVIX|REALIZED_VOL|DRAWDOWN|BREADTH|TURNOVER
2024-05-30,35.4,NORMAL,正常,WARN_BREADTH_MISSING|WARN_QVIX_MISSING,50.0,QVIX|REALIZED_VOL|DRAWDOWN|BREADTH|TURNOVER
2024-05-31,34.9,NORMAL,正常,WARN_BREADTH_MISSING|WARN_QVIX_MISSING,50.0,QVIX|REALIZED_VOL|DRAWDOWN|BREADTH|TURNOVER
2024-06-03,32.2,NORMAL,正常,WARN_BREADTH_MISSING,62.0,REALIZED_VOL|DRAWDOWN|BREADTH|TURNOVER
2024-06-04,30.7,NORMAL,正常,WARN_BREADTH_MISSING,62.0,REALIZED_VOL|DRAWDOWN|BREADTH|TURNOVER
2024-06-05,31.1,NORMAL,正常,WARN_BREADTH_MISSING,62.0,REALIZED_VOL|DRAWDOWN|BREADTH|TURNOVER
2024-06-06,34.6,NORMAL,正常,WARN_BREADTH_MISSING,62.0,REALIZED_VOL|DRAWDOWN|BREADTH|TURNOVER
2024-06-07,37.7,NORMAL,正常,WARN_BREADTH_MISSING,62.0,REALIZED_VOL|DRAWDOWN|BREADTH|TURNOVER
2024-06-11,39.6,NORMAL,正常,WARN_BREADTH_MISSING,62.0,REALIZED_VOL|DRAWDOWN|BREADTH|TURNOVER
2024-06-12,35.9,NORMAL,正常,WARN_BREADTH_MISSING,62.0,REALIZED_VOL|DRAWDOWN|BREADTH|TURNOVER
2024-06-13,32.2,NORMAL,正常,WARN_BREADTH_MISSING,62.0,REALIZED_VOL|DRAWDOWN|BREADTH|TURNOVER
2024-06-14,30.2,NORMAL,正常,WARN_BREADTH_MISSING,62.0,REALIZED_VOL|DRAWDOWN|BREADTH|TURNOVER
2024-06-17,30.3,NORMAL,正常,WARN_BREADTH_MISSING|WARN_NOT_BRACKET_30D|WARN_QVIX_REALTIME_PROXY,57.2,QVIX_PROXY|REALIZED_VOL|DRAWDOWN|BREADTH|TURNOVER
2024-06-18,28.7,NORMAL,正常,WARN_BREADTH_MISSING|WARN_NOT_BRACKET_30D,62.0,REALIZED_VOL|DRAWDOWN|BREADTH|TURNOVER
2024-06-19,29.0,NORMAL,正常,WARN_BREADTH_MISSING,62.0,REALIZED_VOL|DRAWDOWN|BREADTH|TURNOVER
2024-06-20,30.4,NORMAL,正常,WARN_BREADTH_MISSING,62.0,REALIZED_VOL|DRAWDOWN|BREADTH|TURNOVER
2024-06-21,30.4,NORMAL,正常,WARN_BREADTH_MISSING,62.0,REALIZED_VOL|DRAWDOWN|BREADTH|TURNOVER
2024-06-24,30.1,NORMAL,正常,WARN_BREADTH_MISSING,62.0,REALIZED_VOL|DRAWDOWN|BREADTH|TURNOVER
2024-06-25,34.5,NORMAL,正常,WARN_BREADTH_MISSING,62.0,REALIZED_VOL|DRAWDOWN|BREADTH|TURNOVER
2024-06-26,31.5,NORMAL,正常,WARN_BREADTH_MISSING,62.0,REALIZED_VOL|DRAWDOWN|BREADTH|TURNOVER
2024-06-27,31.4,NORMAL,正常,WARN_BREADTH_MISSING,62.0,REALIZED_VOL|DRAWDOWN|BREADTH|TURNOVER
2024-06-28,29.8,NORMAL,正常,WARN_BREADTH_MISSING,62.0,REALIZED_VOL|DRAWDOWN|BREADTH|TURNOVER
2024-07-01,28.6,NORMAL,正常,WARN_BREADTH_MISSING,62.0,REALIZED_VOL|DRAWDOWN|BREADTH|TURNOVER
2024-07-02,26.5,NORMAL,正常,WARN_BREADTH_MISSING,62.0,REALIZED_VOL|DRAWDOWN|BREADTH|TURNOVER
2024-07-03,26.9,NORMAL,正常,WARN_BREADTH_MISSING,62.0,REALIZED_VOL|DRAWDOWN|BREADTH|TURNOVER
2024-07-04,27.7,NORMAL,正常,WARN_BREADTH_MISSING,62.0,REALIZED_VOL|DRAWDOWN|BREADTH|TURNOVER
2024-07-05,29.2,NORMAL,正常,WARN_BREADTH_MISSING,62.0,REALIZED_VOL|DRAWDOWN|BREADTH|TURNOVER
2024-07-08,36.3,NORMAL,正常,WARN_BREADTH_MISSING,62.0,REALIZED_VOL|DRAWDOWN|BREADTH|TURNOVER
2024-07-09,34.1,NORMAL,正常,WARN_BREADTH_MISSING,62.0,REALIZED_VOL|DRAWDOWN|BREADTH|TURNOVER
2024-07-10,33.6,NORMAL,正常,WARN_BREADTH_MISSING,62.0,REALIZED_VOL|DRAWDOWN|BREADTH|TURNOVER
2024-07-11,40.9,CAUTION,警戒,WARN_BREADTH_MISSING,62.0,REALIZED_VOL|DRAWDOWN|BREADTH|TURNOVER
2024-07-12,37.8,NORMAL,正常,WARN_BREADTH_MISSING,62.0,REALIZED_VOL|DRAWDOWN|BREADTH|TURNOVER
2024-07-15,27.2,NORMAL,正常,WARN_BREADTH_MISSING|WARN_NOT_BRACKET_30D,62.0,REALIZED_VOL|DRAWDOWN|BREADTH|TURNOVER
2024-07-16,26.4,NORMAL,正常,WARN_BREADTH_MISSING|WARN_NOT_BRACKET_30D,62.0,REALIZED_VOL|DRAWDOWN|BREADTH|TURNOVER
2024-07-17,27.2,NORMAL,正常,WARN_BREADTH_MISSING,62.0,REALIZED_VOL|DRAWDOWN|BREADTH|TURNOVER
2024-07-18,30.6,NORMAL,正常,WARN_BREADTH_MISSING,62.0,REALIZED_VOL|DRAWDOWN|BREADTH|TURNOVER
2024-07-19,39.0,NORMAL,正常,WARN_BREADTH_MISSING,62.0,REALIZED_VOL|DRAWDOWN|BREADTH|TURNOVER
2024-07-22,35.0,NORMAL,正常,WARN_BREADTH_MISSING,62.0,REALIZED_VOL|DRAWDOWN|BREADTH|TURNOVER
2024-07-23,44.5,CAUTION,警戒,WARN_BREADTH_MISSING,62.0,REALIZED_VOL|DRAWDOWN|BREADTH|TURNOVER
2024-07-24,51.0,CAUTION,警戒,WARN_BREADTH_MISSING,62.0,REALIZED_VOL|DRAWDOWN|BREADTH|TURNOVER
2024-07-25,51.7,CAUTION,警戒,WARN_BREADTH_MISSING,62.0,REALIZED_VOL|DRAWDOWN|BREADTH|TURNOVER
2024-07-26,46.6,CAUTION,警戒,WARN_BREADTH_MISSING,62.0,REALIZED_VOL|DRAWDOWN|BREADTH|TURNOVER
2024-07-29,48.0,CAUTION,警戒,WARN_BREADTH_MISSING,62.0,REALIZED_VOL|DRAWDOWN|BREADTH|TURNOVER
2024-07-30,41.4,CAUTION,警戒,WARN_BREADTH_MISSING,62.0,REALIZED_VOL|DRAWDOWN|BREADTH|TURNOVER
2024-07-31,36.6,NORMAL,正常,WARN_BREADTH_MISSING,62.0,REALIZED_VOL|DRAWDOWN|BREADTH|TURNOVER
2024-08-01,36.8,NORMAL,正常,WARN_BREADTH_MISSING,62.0,REALIZED_VOL|DRAWDOWN|BREADTH|TURNOVER
2024-08-02,42.4,CAUTION,警戒,WARN_BREADTH_MISSING,62.0,REALIZED_VOL|DRAWDOWN|BREADTH|TURNOVER
2024-08-05,67.4,HIGH_RISK,高风险,WARN_BREADTH_MISSING,62.0,REALIZED_VOL|DRAWDOWN|BREADTH|TURNOVER
2024-08-06,64.1,HIGH_RISK,高风险,WARN_BREADTH_MISSING,62.0,REALIZED_VOL|DRAWDOWN|BREADTH|TURNOVER
2024-08-07,53.4,CAUTION,警戒,WARN_BREADTH_MISSING,62.0,REALIZED_VOL|DRAWDOWN|BREADTH|TURNOVER
2024-08-08,45.2,CAUTION,警戒,WARN_BREADTH_MISSING,62.0,REALIZED_VOL|DRAWDOWN|BREADTH|TURNOVER
2024-08-09,42.9,CAUTION,警戒,WARN_BREADTH_MISSING,62.0,REALIZED_VOL|DRAWDOWN|BREADTH|TURNOVER
2024-08-12,37.9,NORMAL,正常,WARN_BREADTH_MISSING|WARN_NOT_BRACKET_30D,62.0,REALIZED_VOL|DRAWDOWN|BREADTH|TURNOVER
2024-08-13,34.8,NORMAL,正常,WARN_BREADTH_MISSING|WARN_NOT_BRACKET_30D,62.0,REALIZED_VOL|DRAWDOWN|BREADTH|TURNOVER
2024-08-14,41.8,CAUTION,警戒,WARN_BREADTH_MISSING|WARN_NOT_BRACKET_30D,62.0,REALIZED_VOL|DRAWDOWN|BREADTH|TURNOVER
2024-08-15,39.7,NORMAL,正常,WARN_BREADTH_MISSING|WARN_NOT_BRACKET_30D,62.0,REALIZED_VOL|DRAWDOWN|BREADTH|TURNOVER
2024-08-16,37.8,NORMAL,正常,WARN_BREADTH_MISSING|WARN_NOT_BRACKET_30D|WARN_QVIX_REALTIME_PROXY,57.2,QVIX_PROXY|REALIZED_VOL|DRAWDOWN|BREADTH|TURNOVER
2024-08-19,37.8,NORMAL,正常,WARN_BREADTH_MISSING|WARN_NOT_BRACKET_30D|WARN_QVIX_REALTIME_PROXY,57.2,QVIX_PROXY|REALIZED_VOL|DRAWDOWN|BREADTH|TURNOVER
2024-08-20,32.8,NORMAL,正常,WARN_BREADTH_MISSING|WARN_NOT_BRACKET_30D,62.0,REALIZED_VOL|DRAWDOWN|BREADTH|TURNOVER
2024-08-21,37.6,NORMAL,正常,WARN_BREADTH_MISSING,62.0,REALIZED_VOL|DRAWDOWN|BREADTH|TURNOVER
2024-08-22,33.1,NORMAL,正常,WARN_BREADTH_MISSING,62.0,REALIZED_VOL|DRAWDOWN|BREADTH|TURNOVER
2024-08-23,37.9,NORMAL,正常,WARN_BREADTH_MISSING,62.0,REALIZED_VOL|DRAWDOWN|BREADTH|TURNOVER
2024-08-26,33.2,NORMAL,正常,WARN_BREADTH_MISSING,62.0,REALIZED_VOL|DRAWDOWN|BREADTH|TURNOVER
2024-08-27,33.0,NORMAL,正常,WARN_BREADTH_MISSING,62.0,REALIZED_VOL|DRAWDOWN|BREADTH|TURNOVER
2024-08-28,38.2,NORMAL,正常,WARN_BREADTH_MISSING,62.0,REALIZED_VOL|DRAWDOWN|BREADTH|TURNOVER
2024-08-29,39.4,NORMAL,正常,WARN_BREADTH_MISSING,62.0,REALIZED_VOL|DRAWDOWN|BREADTH|TURNOVER
2024-08-30,37.4,NORMAL,正常,WARN_BREADTH_MISSING,62.0,REALIZED_VOL|DRAWDOWN|BREADTH|TURNOVER
2024-09-02,41.4,CAUTION,警戒,WARN_BREADTH_MISSING,62.0,REALIZED_VOL|DRAWDOWN|BREADTH|TURNOVER
2024-09-03,40.6,CAUTION,警戒,WARN_BREADTH_MISSING|WARN_QVIX_REALTIME_PROXY,57.2,QVIX_PROXY|REALIZED_VOL|DRAWDOWN|BREADTH|TURNOVER
2024-09-04,42.3,CAUTION,警戒,WARN_BREADTH_MISSING,62.0,REALIZED_VOL|DRAWDOWN|BREADTH|TURNOVER
2024-09-05,41.1,CAUTION,警戒,WARN_BREADTH_MISSING,62.0,REALIZED_VOL|DRAWDOWN|BREADTH|TURNOVER
2024-09-06,41.9,CAUTION,警戒,WARN_BREADTH_MISSING,62.0,REALIZED_VOL|DRAWDOWN|BREADTH|TURNOVER
2024-09-09,43.1,CAUTION,警戒,WARN_BREADTH_MISSING|WARN_QVIX_REALTIME_PROXY,57.2,QVIX_PROXY|REALIZED_VOL|DRAWDOWN|BREADTH|TURNOVER
2024-09-10,43.1,CAUTION,警戒,WARN_BREADTH_MISSING,62.0,REALIZED_VOL|DRAWDOWN|BREADTH|TURNOVER
2024-09-11,41.4,CAUTION,警戒,WARN_BREADTH_MISSING,62.0,REALIZED_VOL|DRAWDOWN|BREADTH|TURNOVER
2024-09-12,35.5,NORMAL,正常,WARN_BREADTH_MISSING,62.0,REALIZED_VOL|DRAWDOWN|BREADTH|TURNOVER
2024-09-13,31.9,NORMAL,正常,WARN_BREADTH_MISSING,62.0,REALIZED_VOL|DRAWDOWN|BREADTH|TURNOVER
2024-09-18,36.7,NORMAL,正常,WARN_BREADTH_MISSING,62.0,REALIZED_VOL|DRAWDOWN|BREADTH|TURNOVER
2024-09-19,33.0,NORMAL,正常,WARN_BREADTH_MISSING,62.0,REALIZED_VOL|DRAWDOWN|BREADTH|TURNOVER
2024-09-20,31.2,NORMAL,正常,WARN_BREADTH_MISSING,62.0,REALIZED_VOL|DRAWDOWN|BREADTH|TURNOVER
2024-09-23,30.8,NORMAL,正常,WARN_BREADTH_MISSING|WARN_QVIX_REALTIME_PROXY,57.2,QVIX_PROXY|REALIZED_VOL|DRAWDOWN|BREADTH|TURNOVER
2024-09-24,58.4,CAUTION,警戒,WARN_BREADTH_MISSING,62.0,REALIZED_VOL|DRAWDOWN|BREADTH|TURNOVER
2024-09-25,47.6,CAUTION,警戒,LOW_NO_CHAIN,12.0,AVIX|REALIZED_VOL|DRAWDOWN|BREADTH|TURNOVER
2024-09-26,72.3,HIGH_RISK,高风险,WARN_BREADTH_MISSING,62.0,REALIZED_VOL|DRAWDOWN|BREADTH|TURNOVER
2024-09-27,72.4,HIGH_RISK,高风险,WARN_BREADTH_MISSING,62.0,REALIZED_VOL|DRAWDOWN|BREADTH|TURNOVER
2024-09-30,72.6,HIGH_RISK,高风险,WARN_BREADTH_MISSING,62.0,REALIZED_VOL|DRAWDOWN|BREADTH|TURNOVER
2024-10-08,72.6,HIGH_RISK,高风险,WARN_BREADTH_MISSING,62.0,REALIZED_VOL|DRAWDOWN|BREADTH|TURNOVER
2024-10-09,68.5,HIGH_RISK,高风险,WARN_BREADTH_MISSING,62.0,REALIZED_VOL|DRAWDOWN|BREADTH|TURNOVER
2024-10-10,72.5,HIGH_RISK,高风险,WARN_BREADTH_MISSING,62.0,REALIZED_VOL|DRAWDOWN|BREADTH|TURNOVER
2024-10-11,72.5,HIGH_RISK,高风险,WARN_BREADTH_MISSING,62.0,REALIZED_VOL|DRAWDOWN|BREADTH|TURNOVER
2024-10-14,70.8,HIGH_RISK,高风险,WARN_BREADTH_MISSING|WARN_NOT_BRACKET_30D,62.0,REALIZED_VOL|DRAWDOWN|BREADTH|TURNOVER
2024-10-15,63.8,HIGH_RISK,高风险,WARN_BREADTH_MISSING|WARN_NOT_BRACKET_30D,62.0,REALIZED_VOL|DRAWDOWN|BREADTH|TURNOVER
2024-10-16,64.3,HIGH_RISK,高风险,WARN_BREADTH_MISSING,62.0,REALIZED_VOL|DRAWDOWN|BREADTH|TURNOVER
2024-10-17,63.5,HIGH_RISK,高风险,WARN_BREADTH_MISSING,62.0,REALIZED_VOL|DRAWDOWN|BREADTH|TURNOVER
2024-10-18,65.3,HIGH_RISK,高风险,WARN_BREADTH_MISSING,62.0,REALIZED_VOL|DRAWDOWN|BREADTH|TURNOVER
2024-10-21,68.1,HIGH_RISK,高风险,WARN_BREADTH_MISSING,62.0,REALIZED_VOL|DRAWDOWN|BREADTH|TURNOVER
2024-10-22,70.9,HIGH_RISK,高风险,WARN_BREADTH_MISSING,62.0,REALIZED_VOL|DRAWDOWN|BREADTH|TURNOVER
2024-10-23,68.8,HIGH_RISK,高风险,WARN_BREADTH_MISSING,62.0,REALIZED_VOL|DRAWDOWN|BREADTH|TURNOVER
2024-10-24,69.2,HIGH_RISK,高风险,WARN_BREADTH_MISSING,62.0,REALIZED_VOL|DRAWDOWN|BREADTH|TURNOVER
2024-10-25,66.1,HIGH_RISK,高风险,WARN_BREADTH_MISSING,62.0,REALIZED_VOL|DRAWDOWN|BREADTH|TURNOVER
2024-10-28,66.7,HIGH_RISK,高风险,WARN_BREADTH_MISSING,62.0,REALIZED_VOL|DRAWDOWN|BREADTH|TURNOVER
2024-10-29,67.5,HIGH_RISK,高风险,WARN_BREADTH_MISSING,62.0,REALIZED_VOL|DRAWDOWN|BREADTH|TURNOVER
2024-10-30,69.0,HIGH_RISK,高风险,WARN_BREADTH_MISSING,62.0,REALIZED_VOL|DRAWDOWN|BREADTH|TURNOVER
2024-10-31,69.7,HIGH_RISK,高风险,WARN_BREADTH_MISSING,62.0,REALIZED_VOL|DRAWDOWN|BREADTH|TURNOVER
2024-11-01,69.7,HIGH_RISK,高风险,WARN_BREADTH_MISSING,62.0,REALIZED_VOL|DRAWDOWN|BREADTH|TURNOVER
2024-11-04,69.9,HIGH_RISK,高风险,WARN_BREADTH_MISSING,62.0,REALIZED_VOL|DRAWDOWN|BREADTH|TURNOVER
2024-11-05,70.0,HIGH_RISK,高风险,WARN_BREADTH_MISSING,62.0,REALIZED_VOL|DRAWDOWN|BREADTH|TURNOVER
2024-11-06,68.7,HIGH_RISK,高风险,WARN_BREADTH_MISSING,62.0,REALIZED_VOL|DRAWDOWN|BREADTH|TURNOVER
2024-11-07,67.9,HIGH_RISK,高风险,WARN_BREADTH_MISSING,62.0,REALIZED_VOL|DRAWDOWN|BREADTH|TURNOVER
2024-11-08,66.7,HIGH_RISK,高风险,WARN_BREADTH_MISSING,62.0,REALIZED_VOL|DRAWDOWN|BREADTH|TURNOVER
2024-11-11,61.9,HIGH_RISK,高风险,WARN_BREADTH_MISSING|WARN_NOT_BRACKET_30D,62.0,REALIZED_VOL|DRAWDOWN|BREADTH|TURNOVER
2024-11-12,61.1,HIGH_RISK,高风险,WARN_BREADTH_MISSING|WARN_NOT_BRACKET_30D,62.0,REALIZED_VOL|DRAWDOWN|BREADTH|TURNOVER
2024-11-13,59.9,CAUTION,警戒,WARN_BREADTH_MISSING|WARN_NOT_BRACKET_30D,62.0,REALIZED_VOL|DRAWDOWN|BREADTH|TURNOVER
2024-11-14,60.4,HIGH_RISK,高风险,WARN_BREADTH_MISSING|WARN_NOT_BRACKET_30D,62.0,REALIZED_VOL|DRAWDOWN|BREADTH|TURNOVER
2024-11-15,60.9,HIGH_RISK,高风险,WARN_BREADTH_MISSING|WARN_NOT_BRACKET_30D,62.0,REALIZED_VOL|DRAWDOWN|BREADTH|TURNOVER
2024-11-18,63.2,HIGH_RISK,高风险,WARN_BREADTH_MISSING|WARN_NOT_BRACKET_30D,62.0,REALIZED_VOL|DRAWDOWN|BREADTH|TURNOVER
2024-11-19,63.8,HIGH_RISK,高风险,WARN_BREADTH_MISSING|WARN_NOT_BRACKET_30D,62.0,REALIZED_VOL|DRAWDOWN|BREADTH|TURNOVER
2024-11-20,62.0,HIGH_RISK,高风险,WARN_BREADTH_MISSING,62.0,REALIZED_VOL|DRAWDOWN|BREADTH|TURNOVER
2024-11-21,59.8,CAUTION,警戒,WARN_BREADTH_MISSING,62.0,REALIZED_VOL|DRAWDOWN|BREADTH|TURNOVER
2024-11-22,62.2,HIGH_RISK,高风险,WARN_BREADTH_MISSING,62.0,REALIZED_VOL|DRAWDOWN|BREADTH|TURNOVER
2024-11-25,61.0,HIGH_RISK,高风险,WARN_BREADTH_MISSING,62.0,REALIZED_VOL|DRAWDOWN|BREADTH|TURNOVER
2024-11-26,59.9,CAUTION,警戒,WARN_BREADTH_MISSING,62.0,REALIZED_VOL|DRAWDOWN|BREADTH|TURNOVER
2024-11-27,61.3,HIGH_RISK,高风险,WARN_BREADTH_MISSING,62.0,REALIZED_VOL|DRAWDOWN|BREADTH|TURNOVER
2024-11-28,62.2,HIGH_RISK,高风险,WARN_BREADTH_MISSING,62.0,REALIZED_VOL|DRAWDOWN|BREADTH|TURNOVER
2024-11-29,61.9,HIGH_RISK,高风险,WARN_BREADTH_MISSING,62.0,REALIZED_VOL|DRAWDOWN|BREADTH|TURNOVER
2024-12-02,64.0,HIGH_RISK,高风险,WARN_BREADTH_MISSING,62.0,REALIZED_VOL|DRAWDOWN|BREADTH|TURNOVER
2024-12-03,64.8,HIGH_RISK,高风险,WARN_BREADTH_MISSING,62.0,REALIZED_VOL|DRAWDOWN|BREADTH|TURNOVER
2024-12-04,64.2,HIGH_RISK,高风险,WARN_BREADTH_MISSING,62.0,REALIZED_VOL|DRAWDOWN|BREADTH|TURNOVER
2024-12-05,63.2,HIGH_RISK,高风险,WARN_BREADTH_MISSING,62.0,REALIZED_VOL|DRAWDOWN|BREADTH|TURNOVER
2024-12-06,63.2,HIGH_RISK,高风险,WARN_BREADTH_MISSING,62.0,REALIZED_VOL|DRAWDOWN|BREADTH|TURNOVER
2024-12-09,62.6,HIGH_RISK,高风险,WARN_BREADTH_MISSING,62.0,REALIZED_VOL|DRAWDOWN|BREADTH|TURNOVER
2024-12-10,63.2,HIGH_RISK,高风险,WARN_BREADTH_MISSING,62.0,REALIZED_VOL|DRAWDOWN|BREADTH|TURNOVER
2024-12-11,62.6,HIGH_RISK,高风险,WARN_BREADTH_MISSING,62.0,REALIZED_VOL|DRAWDOWN|BREADTH|TURNOVER
2024-12-12,63.9,HIGH_RISK,高风险,WARN_BREADTH_MISSING,62.0,REALIZED_VOL|DRAWDOWN|BREADTH|TURNOVER
2024-12-13,60.4,HIGH_RISK,高风险,WARN_BREADTH_MISSING,62.0,REALIZED_VOL|DRAWDOWN|BREADTH|TURNOVER
2024-12-16,58.1,CAUTION,警戒,WARN_BREADTH_MISSING|WARN_NOT_BRACKET_30D,62.0,REALIZED_VOL|DRAWDOWN|BREADTH|TURNOVER
2024-12-17,58.8,CAUTION,警戒,WARN_BREADTH_MISSING|WARN_NOT_BRACKET_30D,62.0,REALIZED_VOL|DRAWDOWN|BREADTH|TURNOVER
2024-12-18,57.2,CAUTION,警戒,WARN_BREADTH_MISSING,62.0,REALIZED_VOL|DRAWDOWN|BREADTH|TURNOVER
2024-12-19,57.3,CAUTION,警戒,WARN_BREADTH_MISSING,62.0,REALIZED_VOL|DRAWDOWN|BREADTH|TURNOVER
2024-12-20,57.1,CAUTION,警戒,WARN_BREADTH_MISSING,62.0,REALIZED_VOL|DRAWDOWN|BREADTH|TURNOVER
2024-12-23,57.5,CAUTION,警戒,WARN_BREADTH_MISSING,62.0,REALIZED_VOL|DRAWDOWN|BREADTH|TURNOVER
2024-12-24,56.8,CAUTION,警戒,WARN_BREADTH_MISSING,62.0,REALIZED_VOL|DRAWDOWN|BREADTH|TURNOVER
2024-12-25,56.9,CAUTION,警戒,WARN_BREADTH_MISSING,62.0,REALIZED_VOL|DRAWDOWN|BREADTH|TURNOVER
2024-12-26,54.5,CAUTION,警戒,WARN_BREADTH_MISSING,62.0,REALIZED_VOL|DRAWDOWN|BREADTH|TURNOVER
2024-12-27,53.4,CAUTION,警戒,WARN_BREADTH_MISSING,62.0,REALIZED_VOL|DRAWDOWN|BREADTH|TURNOVER
2024-12-30,53.0,CAUTION,警戒,WARN_BREADTH_MISSING,62.0,REALIZED_VOL|DRAWDOWN|BREADTH|TURNOVER
2024-12-31,52.8,CAUTION,警戒,WARN_BREADTH_MISSING,62.0,REALIZED_VOL|DRAWDOWN|BREADTH|TURNOVER
2025-01-02,66.6,HIGH_RISK,高风险,WARN_BREADTH_MISSING,62.0,REALIZED_VOL|DRAWDOWN|BREADTH|TURNOVER
2025-01-03,62.9,HIGH_RISK,高风险,WARN_BREADTH_MISSING,62.0,REALIZED_VOL|DRAWDOWN|BREADTH|TURNOVER
2025-01-06,62.8,HIGH_RISK,高风险,WARN_BREADTH_MISSING,62.0,REALIZED_VOL|DRAWDOWN|BREADTH|TURNOVER
2025-01-07,57.6,CAUTION,警戒,WARN_BREADTH_MISSING,62.0,REALIZED_VOL|DRAWDOWN|BREADTH|TURNOVER
2025-01-08,54.8,CAUTION,警戒,WARN_BREADTH_MISSING,62.0,REALIZED_VOL|DRAWDOWN|BREADTH|TURNOVER
2025-01-09,52.9,CAUTION,警戒,WARN_BREADTH_MISSING,62.0,REALIZED_VOL|DRAWDOWN|BREADTH|TURNOVER
2025-01-10,54.5,CAUTION,警戒,WARN_BREADTH_MISSING,62.0,REALIZED_VOL|DRAWDOWN|BREADTH|TURNOVER
2025-01-13,53.4,CAUTION,警戒,WARN_BREADTH_MISSING|WARN_NOT_BRACKET_30D,62.0,REALIZED_VOL|DRAWDOWN|BREADTH|TURNOVER
2025-01-14,58.0,CAUTION,警戒,WARN_BREADTH_MISSING|WARN_NOT_BRACKET_30D,62.0,REALIZED_VOL|DRAWDOWN|BREADTH|TURNOVER
2025-01-15,56.9,CAUTION,警戒,WARN_BREADTH_MISSING|WARN_NOT_BRACKET_30D,62.0,REALIZED_VOL|DRAWDOWN|BREADTH|TURNOVER
2025-01-16,56.9,CAUTION,警戒,WARN_BREADTH_MISSING|WARN_NOT_BRACKET_30D,62.0,REALIZED_VOL|DRAWDOWN|BREADTH|TURNOVER
2025-01-17,58.5,CAUTION,警戒,WARN_BREADTH_MISSING|WARN_NOT_BRACKET_30D,62.0,REALIZED_VOL|DRAWDOWN|BREADTH|TURNOVER
2025-01-20,57.6,CAUTION,警戒,WARN_BREADTH_MISSING|WARN_NOT_BRACKET_30D|WARN_QVIX_REALTIME_PROXY,57.2,QVIX_PROXY|REALIZED_VOL|DRAWDOWN|BREADTH|TURNOVER
2025-01-21,54.3,CAUTION,警戒,WARN_BREADTH_MISSING|WARN_NOT_BRACKET_30D,62.0,REALIZED_VOL|DRAWDOWN|BREADTH|TURNOVER
2025-01-22,55.9,CAUTION,警戒,WARN_BREADTH_MISSING,62.0,REALIZED_VOL|DRAWDOWN|BREADTH|TURNOVER
2025-01-23,56.9,CAUTION,警戒,WARN_BREADTH_MISSING,62.0,REALIZED_VOL|DRAWDOWN|BREADTH|TURNOVER
2025-01-24,55.5,CAUTION,警戒,WARN_BREADTH_MISSING,62.0,REALIZED_VOL|DRAWDOWN|BREADTH|TURNOVER
2025-01-27,55.2,CAUTION,警戒,WARN_BREADTH_MISSING,62.0,REALIZED_VOL|DRAWDOWN|BREADTH|TURNOVER
2025-02-05,57.7,CAUTION,警戒,WARN_BREADTH_MISSING,62.0,REALIZED_VOL|DRAWDOWN|BREADTH|TURNOVER
2025-02-06,66.1,HIGH_RISK,高风险,WARN_BREADTH_MISSING,62.0,REALIZED_VOL|DRAWDOWN|BREADTH|TURNOVER
2025-02-07,61.7,HIGH_RISK,高风险,WARN_BREADTH_MISSING,62.0,REALIZED_VOL|DRAWDOWN|BREADTH|TURNOVER
2025-02-10,68.0,HIGH_RISK,高风险,WARN_BREADTH_MISSING,62.0,REALIZED_VOL|DRAWDOWN|BREADTH|TURNOVER
2025-02-11,66.6,HIGH_RISK,高风险,WARN_BREADTH_MISSING|WARN_QVIX_REALTIME_PROXY,57.2,QVIX_PROXY|REALIZED_VOL|DRAWDOWN|BREADTH|TURNOVER
2025-02-12,60.1,HIGH_RISK,高风险,WARN_BREADTH_MISSING,62.0,REALIZED_VOL|DRAWDOWN|BREADTH|TURNOVER
2025-02-13,61.9,HIGH_RISK,高风险,WARN_BREADTH_MISSING,62.0,REALIZED_VOL|DRAWDOWN|BREADTH|TURNOVER
2025-02-14,57.0,CAUTION,警戒,WARN_BREADTH_MISSING,62.0,REALIZED_VOL|DRAWDOWN|BREADTH|TURNOVER
2025-02-17,64.1,HIGH_RISK,高风险,WARN_BREADTH_MISSING|WARN_NOT_BRACKET_30D,62.0,REALIZED_VOL|DRAWDOWN|BREADTH|TURNOVER
2025-02-18,61.7,HIGH_RISK,高风险,WARN_BREADTH_MISSING|WARN_NOT_BRACKET_30D,62.0,REALIZED_VOL|DRAWDOWN|BREADTH|TURNOVER
2025-02-19,61.1,HIGH_RISK,高风险,WARN_BREADTH_MISSING,62.0,REALIZED_VOL|DRAWDOWN|BREADTH|TURNOVER
2025-02-20,59.2,CAUTION,警戒,WARN_BREADTH_MISSING,62.0,REALIZED_VOL|DRAWDOWN|BREADTH|TURNOVER
2025-02-21,52.0,CAUTION,警戒,WARN_BREADTH_MISSING,62.0,REALIZED_VOL|DRAWDOWN|BREADTH|TURNOVER
2025-02-24,49.6,CAUTION,警戒,WARN_BREADTH_MISSING|WARN_QVIX_REALTIME_PROXY,57.2,QVIX_PROXY|REALIZED_VOL|DRAWDOWN|BREADTH|TURNOVER
2025-02-25,49.9,CAUTION,警戒,WARN_BREADTH_MISSING,62.0,REALIZED_VOL|DRAWDOWN|BREADTH|TURNOVER
2025-02-26,50.9,CAUTION,警戒,WARN_BREADTH_MISSING,62.0,REALIZED_VOL|DRAWDOWN|BREADTH|TURNOVER
2025-02-27,51.6,CAUTION,警戒,WARN_BREADTH_MISSING,62.0,REALIZED_VOL|DRAWDOWN|BREADTH|TURNOVER
2025-02-28,53.7,CAUTION,警戒,WARN_BREADTH_MISSING,62.0,REALIZED_VOL|DRAWDOWN|BREADTH|TURNOVER
2025-03-03,49.2,CAUTION,警戒,WARN_BREADTH_MISSING,62.0,REALIZED_VOL|DRAWDOWN|BREADTH|TURNOVER
2025-03-04,47.3,CAUTION,警戒,WARN_BREADTH_MISSING,62.0,REALIZED_VOL|DRAWDOWN|BREADTH|TURNOVER
2025-03-05,43.1,CAUTION,警戒,WARN_BREADTH_MISSING,62.0,REALIZED_VOL|DRAWDOWN|BREADTH|TURNOVER
2025-03-06,45.6,CAUTION,警戒,WARN_BREADTH_MISSING,62.0,REALIZED_VOL|DRAWDOWN|BREADTH|TURNOVER
2025-03-07,41.3,CAUTION,警戒,WARN_BREADTH_MISSING,62.0,REALIZED_VOL|DRAWDOWN|BREADTH|TURNOVER
2025-03-10,41.5,CAUTION,警戒,WARN_BREADTH_MISSING,62.0,REALIZED_VOL|DRAWDOWN|BREADTH|TURNOVER
2025-03-11,42.6,CAUTION,警戒,WARN_BREADTH_MISSING,62.0,REALIZED_VOL|DRAWDOWN|BREADTH|TURNOVER
2025-03-12,46.3,CAUTION,警戒,WARN_BREADTH_MISSING,62.0,REALIZED_VOL|DRAWDOWN|BREADTH|TURNOVER
2025-03-13,47.1,CAUTION,警戒,WARN_BREADTH_MISSING,62.0,REALIZED_VOL|DRAWDOWN|BREADTH|TURNOVER
2025-03-14,55.3,CAUTION,警戒,WARN_BREADTH_MISSING,62.0,REALIZED_VOL|DRAWDOWN|BREADTH|TURNOVER
2025-03-17,54.9,CAUTION,警戒,WARN_BREADTH_MISSING|WARN_NOT_BRACKET_30D,62.0,REALIZED_VOL|DRAWDOWN|BREADTH|TURNOVER
2025-03-18,53.3,CAUTION,警戒,WARN_BREADTH_MISSING|WARN_NOT_BRACKET_30D,62.0,REALIZED_VOL|DRAWDOWN|BREADTH|TURNOVER
2025-03-19,53.6,CAUTION,警戒,WARN_BREADTH_MISSING,62.0,REALIZED_VOL|DRAWDOWN|BREADTH|TURNOVER
2025-03-20,48.8,CAUTION,警戒,WARN_BREADTH_MISSING|WARN_QVIX_REALTIME_PROXY,57.2,QVIX_PROXY|REALIZED_VOL|DRAWDOWN|BREADTH|TURNOVER
2025-03-21,46.9,CAUTION,警戒,WARN_BREADTH_MISSING,62.0,REALIZED_VOL|DRAWDOWN|BREADTH|TURNOVER
2025-03-24,40.2,CAUTION,警戒,WARN_BREADTH_MISSING,62.0,REALIZED_VOL|DRAWDOWN|BREADTH|TURNOVER
2025-03-25,37.3,NORMAL,正常,WARN_BREADTH_MISSING,62.0,REALIZED_VOL|DRAWDOWN|BREADTH|TURNOVER
2025-03-26,35.0,NORMAL,正常,WARN_BREADTH_MISSING,62.0,REALIZED_VOL|DRAWDOWN|BREADTH|TURNOVER
2025-03-27,33.6,NORMAL,正常,WARN_BREADTH_MISSING,62.0,REALIZED_VOL|DRAWDOWN|BREADTH|TURNOVER
2025-03-28,35.5,NORMAL,正常,WARN_BREADTH_MISSING,62.0,REALIZED_VOL|DRAWDOWN|BREADTH|TURNOVER
2025-03-31,42.5,CAUTION,警戒,WARN_BREADTH_MISSING,62.0,REALIZED_VOL|DRAWDOWN|BREADTH|TURNOVER
2025-04-01,40.3,CAUTION,警戒,WARN_BREADTH_MISSING,62.0,REALIZED_VOL|DRAWDOWN|BREADTH|TURNOVER
2025-04-02,41.6,CAUTION,警戒,WARN_BREADTH_MISSING,62.0,REALIZED_VOL|DRAWDOWN|BREADTH|TURNOVER
2025-04-03,46.6,CAUTION,警戒,WARN_BREADTH_MISSING,62.0,REALIZED_VOL|DRAWDOWN|BREADTH|TURNOVER
2025-04-07,69.6,HIGH_RISK,高风险,WARN_BREADTH_MISSING,62.0,REALIZED_VOL|DRAWDOWN|BREADTH|TURNOVER
2025-04-08,68.3,HIGH_RISK,高风险,WARN_BREADTH_MISSING,62.0,REALIZED_VOL|DRAWDOWN|BREADTH|TURNOVER
2025-04-09,66.9,HIGH_RISK,高风险,WARN_BREADTH_MISSING,62.0,REALIZED_VOL|DRAWDOWN|BREADTH|TURNOVER
2025-04-10,63.5,HIGH_RISK,高风险,WARN_BREADTH_MISSING,62.0,REALIZED_VOL|DRAWDOWN|BREADTH|TURNOVER
2025-04-11,63.0,HIGH_RISK,高风险,WARN_BREADTH_MISSING,62.0,REALIZED_VOL|DRAWDOWN|BREADTH|TURNOVER
2025-04-14,50.4,CAUTION,警戒,WARN_BREADTH_MISSING|WARN_NOT_BRACKET_30D,62.0,REALIZED_VOL|DRAWDOWN|BREADTH|TURNOVER
2025-04-15,48.7,CAUTION,警戒,WARN_BREADTH_MISSING|WARN_NOT_BRACKET_30D,62.0,REALIZED_VOL|DRAWDOWN|BREADTH|TURNOVER
2025-04-16,49.1,CAUTION,警戒,WARN_BREADTH_MISSING,62.0,REALIZED_VOL|DRAWDOWN|BREADTH|TURNOVER
2025-04-17,50.9,CAUTION,警戒,WARN_BREADTH_MISSING,62.0,REALIZED_VOL|DRAWDOWN|BREADTH|TURNOVER
2025-04-18,50.6,CAUTION,警戒,WARN_BREADTH_MISSING,62.0,REALIZED_VOL|DRAWDOWN|BREADTH|TURNOVER
2025-04-21,52.2,CAUTION,警戒,WARN_BREADTH_MISSING,62.0,REALIZED_VOL|DRAWDOWN|BREADTH|TURNOVER
2025-04-22,52.5,CAUTION,警戒,WARN_BREADTH_MISSING,62.0,REALIZED_VOL|DRAWDOWN|BREADTH|TURNOVER
2025-04-23,51.6,CAUTION,警戒,WARN_BREADTH_MISSING,62.0,REALIZED_VOL|DRAWDOWN|BREADTH|TURNOVER
2025-04-24,51.1,CAUTION,警戒,WARN_BREADTH_MISSING|WARN_QVIX_REALTIME_PROXY,57.2,QVIX_PROXY|REALIZED_VOL|DRAWDOWN|BREADTH|TURNOVER
2025-04-25,51.9,CAUTION,警戒,WARN_BREADTH_MISSING,62.0,REALIZED_VOL|DRAWDOWN|BREADTH|TURNOVER
2025-04-28,53.4,CAUTION,警戒,WARN_BREADTH_MISSING|WARN_QVIX_REALTIME_PROXY,57.2,QVIX_PROXY|REALIZED_VOL|DRAWDOWN|BREADTH|TURNOVER
2025-04-29,55.2,CAUTION,警戒,WARN_BREADTH_MISSING,62.0,REALIZED_VOL|DRAWDOWN|BREADTH|TURNOVER
2025-04-30,58.3,CAUTION,警戒,WARN_BREADTH_MISSING,62.0,REALIZED_VOL|DRAWDOWN|BREADTH|TURNOVER
2025-05-06,48.8,CAUTION,警戒,WARN_BREADTH_MISSING,62.0,REALIZED_VOL|DRAWDOWN|BREADTH|TURNOVER
2025-05-07,46.6,CAUTION,警戒,WARN_BREADTH_MISSING,62.0,REALIZED_VOL|DRAWDOWN|BREADTH|TURNOVER
2025-05-08,46.2,CAUTION,警戒,WARN_BREADTH_MISSING,62.0,REALIZED_VOL|DRAWDOWN|BREADTH|TURNOVER
2025-05-09,46.5,CAUTION,警戒,WARN_BREADTH_MISSING,62.0,REALIZED_VOL|DRAWDOWN|BREADTH|TURNOVER
2025-05-12,48.7,CAUTION,警戒,WARN_BREADTH_MISSING|WARN_NOT_BRACKET_30D,62.0,REALIZED_VOL|DRAWDOWN|BREADTH|TURNOVER
2025-05-13,41.0,CAUTION,警戒,WARN_BREADTH_MISSING|WARN_NOT_BRACKET_30D,62.0,REALIZED_VOL|DRAWDOWN|BREADTH|TURNOVER
2025-05-14,50.6,CAUTION,警戒,WARN_BREADTH_MISSING|WARN_NOT_BRACKET_30D,62.0,REALIZED_VOL|DRAWDOWN|BREADTH|TURNOVER
2025-05-15,46.8,CAUTION,警戒,WARN_BREADTH_MISSING|WARN_NOT_BRACKET_30D,62.0,REALIZED_VOL|DRAWDOWN|BREADTH|TURNOVER
2025-05-16,41.3,CAUTION,警戒,WARN_BREADTH_MISSING|WARN_NOT_BRACKET_30D,62.0,REALIZED_VOL|DRAWDOWN|BREADTH|TURNOVER
2025-05-19,38.7,NORMAL,正常,WARN_BREADTH_MISSING|WARN_NOT_BRACKET_30D,62.0,REALIZED_VOL|DRAWDOWN|BREADTH|TURNOVER
2025-05-20,43.6,CAUTION,警戒,WARN_BREADTH_MISSING|WARN_NOT_BRACKET_30D,62.0,REALIZED_VOL|DRAWDOWN|BREADTH|TURNOVER
2025-05-21,40.6,CAUTION,警戒,WARN_BREADTH_MISSING,62.0,REALIZED_VOL|DRAWDOWN|BREADTH|TURNOVER
2025-05-22,45.7,CAUTION,警戒,WARN_BREADTH_MISSING,62.0,REALIZED_VOL|DRAWDOWN|BREADTH|TURNOVER
2025-05-23,42.8,CAUTION,警戒,WARN_BREADTH_MISSING,62.0,REALIZED_VOL|DRAWDOWN|BREADTH|TURNOVER
2025-05-26,45.5,CAUTION,警戒,WARN_BREADTH_MISSING,62.0,REALIZED_VOL|DRAWDOWN|BREADTH|TURNOVER
2025-05-27,44.3,CAUTION,警戒,WARN_BREADTH_MISSING,62.0,REALIZED_VOL|DRAWDOWN|BREADTH|TURNOVER
2025-05-28,46.2,CAUTION,警戒,WARN_BREADTH_MISSING,62.0,REALIZED_VOL|DRAWDOWN|BREADTH|TURNOVER
2025-05-29,40.0,CAUTION,警戒,WARN_BREADTH_MISSING,62.0,REALIZED_VOL|DRAWDOWN|BREADTH|TURNOVER
2025-05-30,39.7,NORMAL,正常,WARN_BREADTH_MISSING,62.0,REALIZED_VOL|DRAWDOWN|BREADTH|TURNOVER
2025-06-03,35.0,NORMAL,正常,WARN_BREADTH_MISSING,62.0,REALIZED_VOL|DRAWDOWN|BREADTH|TURNOVER
2025-06-04,35.1,NORMAL,正常,WARN_BREADTH_MISSING,62.0,REALIZED_VOL|DRAWDOWN|BREADTH|TURNOVER
2025-06-05,36.2,NORMAL,正常,WARN_BREADTH_MISSING,62.0,REALIZED_VOL|DRAWDOWN|BREADTH|TURNOVER
2025-06-06,35.3,NORMAL,正常,WARN_BREADTH_MISSING,62.0,REALIZED_VOL|DRAWDOWN|BREADTH|TURNOVER
2025-06-09,36.6,NORMAL,正常,WARN_BREADTH_MISSING,62.0,REALIZED_VOL|DRAWDOWN|BREADTH|TURNOVER
2025-06-10,38.9,NORMAL,正常,WARN_BREADTH_MISSING,62.0,REALIZED_VOL|DRAWDOWN|BREADTH|TURNOVER
2025-06-11,40.2,CAUTION,警戒,WARN_BREADTH_MISSING,62.0,REALIZED_VOL|DRAWDOWN|BREADTH|TURNOVER
2025-06-12,40.3,CAUTION,警戒,WARN_BREADTH_MISSING,62.0,REALIZED_VOL|DRAWDOWN|BREADTH|TURNOVER
2025-06-13,45.5,CAUTION,警戒,WARN_BREADTH_MISSING,62.0,REALIZED_VOL|DRAWDOWN|BREADTH|TURNOVER
2025-06-16,42.1,CAUTION,警戒,WARN_BREADTH_MISSING|WARN_NOT_BRACKET_30D,62.0,REALIZED_VOL|DRAWDOWN|BREADTH|TURNOVER
2025-06-17,40.4,CAUTION,警戒,WARN_BREADTH_MISSING|WARN_NOT_BRACKET_30D,62.0,REALIZED_VOL|DRAWDOWN|BREADTH|TURNOVER
2025-06-18,44.4,CAUTION,警戒,WARN_BREADTH_MISSING,62.0,REALIZED_VOL|DRAWDOWN|BREADTH|TURNOVER
2025-06-19,44.4,CAUTION,警戒,WARN_BREADTH_MISSING,62.0,REALIZED_VOL|DRAWDOWN|BREADTH|TURNOVER
2025-06-20,38.5,NORMAL,正常,WARN_BREADTH_MISSING,62.0,REALIZED_VOL|DRAWDOWN|BREADTH|TURNOVER
2025-06-23,32.9,NORMAL,正常,WARN_BREADTH_MISSING,62.0,REALIZED_VOL|DRAWDOWN|BREADTH|TURNOVER
2025-06-24,37.6,NORMAL,正常,WARN_BREADTH_MISSING,62.0,REALIZED_VOL|DRAWDOWN|BREADTH|TURNOVER
2025-06-25,54.1,CAUTION,警戒,WARN_BREADTH_MISSING,62.0,REALIZED_VOL|DRAWDOWN|BREADTH|TURNOVER
2025-06-26,44.9,CAUTION,警戒,WARN_BREADTH_MISSING,62.0,REALIZED_VOL|DRAWDOWN|BREADTH|TURNOVER
2025-06-27,39.7,NORMAL,正常,WARN_BREADTH_MISSING,62.0,REALIZED_VOL|DRAWDOWN|BREADTH|TURNOVER
2025-06-30,40.1,CAUTION,警戒,WARN_BREADTH_MISSING,62.0,REALIZED_VOL|DRAWDOWN|BREADTH|TURNOVER
2025-07-01,34.3,NORMAL,正常,WARN_BREADTH_MISSING,62.0,REALIZED_VOL|DRAWDOWN|BREADTH|TURNOVER
2025-07-02,30.4,NORMAL,正常,WARN_BREADTH_MISSING,62.0,REALIZED_VOL|DRAWDOWN|BREADTH|TURNOVER
2025-07-03,33.8,NORMAL,正常,WARN_BREADTH_MISSING,62.0,REALIZED_VOL|DRAWDOWN|BREADTH|TURNOVER
2025-07-04,33.2,NORMAL,正常,WARN_BREADTH_MISSING,62.0,REALIZED_VOL|DRAWDOWN|BREADTH|TURNOVER
2025-07-07,39.2,NORMAL,正常,WARN_BREADTH_MISSING,62.0,REALIZED_VOL|DRAWDOWN|BREADTH|TURNOVER
2025-07-08,46.4,CAUTION,警戒,WARN_BREADTH_MISSING,62.0,REALIZED_VOL|DRAWDOWN|BREADTH|TURNOVER
2025-07-09,46.0,CAUTION,警戒,WARN_BREADTH_MISSING,62.0,REALIZED_VOL|DRAWDOWN|BREADTH|TURNOVER
2025-07-10,48.7,CAUTION,警戒,WARN_BREADTH_MISSING,62.0,REALIZED_VOL|DRAWDOWN|BREADTH|TURNOVER
2025-07-11,52.7,CAUTION,警戒,WARN_BREADTH_MISSING,62.0,REALIZED_VOL|DRAWDOWN|BREADTH|TURNOVER
2025-07-14,51.6,CAUTION,警戒,WARN_BREADTH_MISSING|WARN_NOT_BRACKET_30D,62.0,REALIZED_VOL|DRAWDOWN|BREADTH|TURNOVER
2025-07-15,46.4,CAUTION,警戒,WARN_BREADTH_MISSING|WARN_NOT_BRACKET_30D,62.0,REALIZED_VOL|DRAWDOWN|BREADTH|TURNOVER
2025-07-16,45.2,CAUTION,警戒,WARN_BREADTH_MISSING,62.0,REALIZED_VOL|DRAWDOWN|BREADTH|TURNOVER
2025-07-17,46.2,CAUTION,警戒,WARN_BREADTH_MISSING,62.0,REALIZED_VOL|DRAWDOWN|BREADTH|TURNOVER
2025-07-18,45.0,CAUTION,警戒,WARN_BREADTH_MISSING,62.0,REALIZED_VOL|DRAWDOWN|BREADTH|TURNOVER
2025-07-21,48.9,CAUTION,警戒,WARN_BREADTH_MISSING|WARN_QVIX_REALTIME_PROXY,57.2,QVIX_PROXY|REALIZED_VOL|DRAWDOWN|BREADTH|TURNOVER
2025-07-22,51.3,CAUTION,警戒,WARN_BREADTH_MISSING,62.0,REALIZED_VOL|DRAWDOWN|BREADTH|TURNOVER
2025-07-23,56.5,CAUTION,警戒,WARN_BREADTH_MISSING,62.0,REALIZED_VOL|DRAWDOWN|BREADTH|TURNOVER
2025-07-24,57.1,CAUTION,警戒,WARN_BREADTH_MISSING,62.0,REALIZED_VOL|DRAWDOWN|BREADTH|TURNOVER
2025-07-25,56.7,CAUTION,警戒,WARN_BREADTH_MISSING,62.0,REALIZED_VOL|DRAWDOWN|BREADTH|TURNOVER
2025-07-28,55.9,CAUTION,警戒,WARN_BREADTH_MISSING,62.0,REALIZED_VOL|DRAWDOWN|BREADTH|TURNOVER
2025-07-29,55.6,CAUTION,警戒,WARN_BREADTH_MISSING,62.0,REALIZED_VOL|DRAWDOWN|BREADTH|TURNOVER
2025-07-30,50.6,CAUTION,警戒,WARN_BREADTH_MISSING,62.0,REALIZED_VOL|DRAWDOWN|BREADTH|TURNOVER
2025-07-31,51.0,CAUTION,警戒,WARN_BREADTH_MISSING,62.0,REALIZED_VOL|DRAWDOWN|BREADTH|TURNOVER
2025-08-01,47.4,CAUTION,警戒,WARN_BREADTH_MISSING,62.0,REALIZED_VOL|DRAWDOWN|BREADTH|TURNOVER
2025-08-04,46.2,CAUTION,警戒,WARN_BREADTH_MISSING,62.0,REALIZED_VOL|DRAWDOWN|BREADTH|TURNOVER
2025-08-05,45.0,CAUTION,警戒,WARN_BREADTH_MISSING,62.0,REALIZED_VOL|DRAWDOWN|BREADTH|TURNOVER
2025-08-06,46.8,CAUTION,警戒,WARN_BREADTH_MISSING,62.0,REALIZED_VOL|DRAWDOWN|BREADTH|TURNOVER
2025-08-07,46.7,CAUTION,警戒,WARN_BREADTH_MISSING,62.0,REALIZED_VOL|DRAWDOWN|BREADTH|TURNOVER
2025-08-08,44.1,CAUTION,警戒,WARN_BREADTH_MISSING,62.0,REALIZED_VOL|DRAWDOWN|BREADTH|TURNOVER
2025-08-11,46.0,CAUTION,警戒,WARN_BREADTH_MISSING|WARN_NOT_BRACKET_30D,62.0,REALIZED_VOL|DRAWDOWN|BREADTH|TURNOVER
2025-08-12,47.7,CAUTION,警戒,WARN_BREADTH_MISSING|WARN_NOT_BRACKET_30D,62.0,REALIZED_VOL|DRAWDOWN|BREADTH|TURNOVER
2025-08-13,53.6,CAUTION,警戒,WARN_BREADTH_MISSING|WARN_NOT_BRACKET_30D,62.0,REALIZED_VOL|DRAWDOWN|BREADTH|TURNOVER
2025-08-14,52.4,CAUTION,警戒,WARN_BREADTH_MISSING|WARN_NOT_BRACKET_30D,62.0,REALIZED_VOL|DRAWDOWN|BREADTH|TURNOVER
2025-08-15,60.7,HIGH_RISK,高风险,WARN_BREADTH_MISSING|WARN_NOT_BRACKET_30D,62.0,REALIZED_VOL|DRAWDOWN|BREADTH|TURNOVER
2025-08-18,62.8,HIGH_RISK,高风险,WARN_BREADTH_MISSING|WARN_NOT_BRACKET_30D|WARN_QVIX_REALTIME_PROXY,57.2,QVIX_PROXY|REALIZED_VOL|DRAWDOWN|BREADTH|TURNOVER
2025-08-19,59.5,CAUTION,警戒,WARN_BREADTH_MISSING|WARN_NOT_BRACKET_30D|WARN_QVIX_REALTIME_PROXY,57.2,QVIX_PROXY|REALIZED_VOL|DRAWDOWN|BREADTH|TURNOVER
2025-08-20,59.8,CAUTION,警戒,WARN_BREADTH_MISSING|WARN_QVIX_REALTIME_PROXY,57.2,QVIX_PROXY|REALIZED_VOL|DRAWDOWN|BREADTH|TURNOVER
2025-08-21,57.9,CAUTION,警戒,WARN_BREADTH_MISSING,62.0,REALIZED_VOL|DRAWDOWN|BREADTH|TURNOVER
2025-08-22,58.6,CAUTION,警戒,WARN_BREADTH_MISSING,62.0,REALIZED_VOL|DRAWDOWN|BREADTH|TURNOVER
2025-08-25,63.3,HIGH_RISK,高风险,WARN_BREADTH_MISSING,62.0,REALIZED_VOL|DRAWDOWN|BREADTH|TURNOVER
2025-08-26,64.3,HIGH_RISK,高风险,WARN_BREADTH_MISSING,62.0,REALIZED_VOL|DRAWDOWN|BREADTH|TURNOVER
2025-08-27,61.2,HIGH_RISK,高风险,WARN_BREADTH_MISSING,62.0,REALIZED_VOL|DRAWDOWN|BREADTH|TURNOVER
2025-08-28,64.5,HIGH_RISK,高风险,WARN_BREADTH_MISSING,62.0,REALIZED_VOL|DRAWDOWN|BREADTH|TURNOVER
2025-08-29,62.7,HIGH_RISK,高风险,WARN_BREADTH_MISSING,62.0,REALIZED_VOL|DRAWDOWN|BREADTH|TURNOVER
2025-09-01,58.1,CAUTION,警戒,WARN_BREADTH_MISSING,62.0,REALIZED_VOL|DRAWDOWN|BREADTH|TURNOVER
2025-09-02,58.4,CAUTION,警戒,WARN_BREADTH_MISSING,62.0,REALIZED_VOL|DRAWDOWN|BREADTH|TURNOVER
2025-09-03,57.6,CAUTION,警戒,WARN_BREADTH_MISSING,62.0,REALIZED_VOL|DRAWDOWN|BREADTH|TURNOVER
2025-09-04,57.0,CAUTION,警戒,WARN_BREADTH_MISSING,62.0,REALIZED_VOL|DRAWDOWN|BREADTH|TURNOVER
2025-09-05,54.6,CAUTION,警戒,WARN_BREADTH_MISSING,62.0,REALIZED_VOL|DRAWDOWN|BREADTH|TURNOVER
2025-09-08,55.7,CAUTION,警戒,WARN_BREADTH_MISSING,62.0,REALIZED_VOL|DRAWDOWN|BREADTH|TURNOVER
2025-09-09,52.9,CAUTION,警戒,WARN_BREADTH_MISSING,62.0,REALIZED_VOL|DRAWDOWN|BREADTH|TURNOVER
2025-09-10,48.8,CAUTION,警戒,WARN_BREADTH_MISSING,62.0,REALIZED_VOL|DRAWDOWN|BREADTH|TURNOVER
2025-09-11,53.8,CAUTION,警戒,WARN_BREADTH_MISSING,62.0,REALIZED_VOL|DRAWDOWN|BREADTH|TURNOVER
2025-09-12,54.5,CAUTION,警戒,WARN_BREADTH_MISSING,62.0,REALIZED_VOL|DRAWDOWN|BREADTH|TURNOVER
2025-09-15,56.6,CAUTION,警戒,WARN_BREADTH_MISSING|WARN_NOT_BRACKET_30D,62.0,REALIZED_VOL|DRAWDOWN|BREADTH|TURNOVER
2025-09-16,59.6,CAUTION,警戒,WARN_BREADTH_MISSING|WARN_NOT_BRACKET_30D,62.0,REALIZED_VOL|DRAWDOWN|BREADTH|TURNOVER
2025-09-17,62.2,HIGH_RISK,高风险,WARN_BREADTH_MISSING|WARN_QVIX_REALTIME_PROXY,57.2,QVIX_PROXY|REALIZED_VOL|DRAWDOWN|BREADTH|TURNOVER
2025-09-18,58.4,CAUTION,警戒,WARN_BREADTH_MISSING,62.0,REALIZED_VOL|DRAWDOWN|BREADTH|TURNOVER
2025-09-19,55.8,CAUTION,警戒,WARN_BREADTH_MISSING,62.0,REALIZED_VOL|DRAWDOWN|BREADTH|TURNOVER
2025-09-22,55.6,CAUTION,警戒,WARN_BREADTH_MISSING|WARN_QVIX_REALTIME_PROXY,57.2,QVIX_PROXY|REALIZED_VOL|DRAWDOWN|BREADTH|TURNOVER
2025-09-23,53.5,CAUTION,警戒,WARN_BREADTH_MISSING,62.0,REALIZED_VOL|DRAWDOWN|BREADTH|TURNOVER
2025-09-24,50.1,CAUTION,警戒,WARN_BREADTH_MISSING|WARN_QVIX_REALTIME_PROXY,57.2,QVIX_PROXY|REALIZED_VOL|DRAWDOWN|BREADTH|TURNOVER
2025-09-25,46.4,CAUTION,警戒,WARN_BREADTH_MISSING,62.0,REALIZED_VOL|DRAWDOWN|BREADTH|TURNOVER
2025-09-26,47.7,CAUTION,警戒,WARN_BREADTH_MISSING,62.0,REALIZED_VOL|DRAWDOWN|BREADTH|TURNOVER
2025-09-29,51.0,CAUTION,警戒,WARN_BREADTH_MISSING,62.0,REALIZED_VOL|DRAWDOWN|BREADTH|TURNOVER
2025-09-30,49.7,CAUTION,警戒,WARN_BREADTH_MISSING,62.0,REALIZED_VOL|DRAWDOWN|BREADTH|TURNOVER
2025-10-09,48.0,CAUTION,警戒,WARN_BREADTH_MISSING,62.0,REALIZED_VOL|DRAWDOWN|BREADTH|TURNOVER
2025-10-10,54.1,CAUTION,警戒,WARN_BREADTH_MISSING,62.0,REALIZED_VOL|DRAWDOWN|BREADTH|TURNOVER
2025-10-13,59.3,CAUTION,警戒,WARN_BREADTH_MISSING|WARN_NOT_BRACKET_30D|WARN_QVIX_REALTIME_PROXY,57.2,QVIX_PROXY|REALIZED_VOL|DRAWDOWN|BREADTH|TURNOVER
2025-10-14,60.4,HIGH_RISK,高风险,WARN_BREADTH_MISSING|WARN_NOT_BRACKET_30D,62.0,REALIZED_VOL|DRAWDOWN|BREADTH|TURNOVER
2025-10-15,55.3,CAUTION,警戒,WARN_BREADTH_MISSING|WARN_NOT_BRACKET_30D,62.0,REALIZED_VOL|DRAWDOWN|BREADTH|TURNOVER
2025-10-16,55.5,CAUTION,警戒,WARN_BREADTH_MISSING|WARN_NOT_BRACKET_30D,62.0,REALIZED_VOL|DRAWDOWN|BREADTH|TURNOVER
2025-10-17,52.0,CAUTION,警戒,WARN_BREADTH_MISSING|WARN_NOT_BRACKET_30D|WARN_QVIX_REALTIME_PROXY,73.2,QVIX_PROXY|REALIZED_VOL|BREADTH
2025-10-20,42.9,CAUTION,警戒,WARN_BREADTH_PROXY|WARN_NOT_BRACKET_30D|WARN_QVIX_REALTIME_PROXY,83.2,QVIX_PROXY|REALIZED_VOL|STOCK_BREADTH
2025-10-21,37.0,NORMAL,正常,WARN_BREADTH_PROXY|WARN_NOT_BRACKET_30D,88.0,REALIZED_VOL|STOCK_BREADTH
2025-10-22,43.0,CAUTION,警戒,WARN_BREADTH_PROXY,88.0,REALIZED_VOL|STOCK_BREADTH
2025-10-23,39.6,NORMAL,正常,WARN_BREADTH_PROXY,88.0,REALIZED_VOL|STOCK_BREADTH
2025-10-24,34.6,NORMAL,正常,WARN_BREADTH_PROXY,88.0,REALIZED_VOL|STOCK_BREADTH
2025-10-27,37.3,NORMAL,正常,WARN_BREADTH_PROXY,88.0,REALIZED_VOL|STOCK_BREADTH
2025-10-28,41.1,CAUTION,警戒,WARN_BREADTH_PROXY,88.0,REALIZED_VOL|STOCK_BREADTH
2025-10-29,38.1,NORMAL,正常,WARN_BREADTH_PROXY,88.0,REALIZED_VOL|STOCK_BREADTH
2025-10-30,40.9,CAUTION,警戒,WARN_BREADTH_PROXY|WARN_QVIX_REALTIME_PROXY,83.2,QVIX_PROXY|REALIZED_VOL|STOCK_BREADTH
2025-10-31,44.7,CAUTION,警戒,WARN_BREADTH_PROXY,88.0,REALIZED_VOL|STOCK_BREADTH
2025-11-03,41.0,CAUTION,警戒,WARN_BREADTH_PROXY,88.0,REALIZED_VOL|STOCK_BREADTH
2025-11-04,46.3,CAUTION,警戒,WARN_BREADTH_PROXY,88.0,REALIZED_VOL|STOCK_BREADTH
2025-11-05,40.9,CAUTION,警戒,WARN_BREADTH_PROXY,88.0,REALIZED_VOL|STOCK_BREADTH
2025-11-06,36.7,NORMAL,正常,WARN_BREADTH_PROXY|WARN_QVIX_REALTIME_PROXY,83.2,QVIX_PROXY|REALIZED_VOL|STOCK_BREADTH
2025-11-07,41.2,CAUTION,警戒,WARN_BREADTH_PROXY,88.0,REALIZED_VOL|STOCK_BREADTH
2025-11-10,42.9,CAUTION,警戒,WARN_BREADTH_PROXY|WARN_QVIX_MISSING,76.0,QVIX|REALIZED_VOL|STOCK_BREADTH
2025-11-11,47.5,CAUTION,警戒,WARN_BREADTH_PROXY,88.0,REALIZED_VOL|STOCK_BREADTH
2025-11-12,45.6,CAUTION,警戒,WARN_BREADTH_PROXY,88.0,REALIZED_VOL|STOCK_BREADTH
2025-11-13,38.6,NORMAL,正常,WARN_BREADTH_PROXY,88.0,REALIZED_VOL|STOCK_BREADTH
2025-11-14,44.5,CAUTION,警戒,WARN_BREADTH_PROXY,88.0,REALIZED_VOL|STOCK_BREADTH
2025-11-17,46.9,CAUTION,警戒,WARN_BREADTH_PROXY|WARN_NOT_BRACKET_30D,88.0,REALIZED_VOL|STOCK_BREADTH
2025-11-18,52.6,CAUTION,警戒,WARN_BREADTH_PROXY|WARN_NOT_BRACKET_30D,88.0,REALIZED_VOL|STOCK_BREADTH
2025-11-19,46.0,CAUTION,警戒,WARN_BREADTH_PROXY,88.0,REALIZED_VOL|STOCK_BREADTH
2025-11-20,45.6,CAUTION,警戒,WARN_BREADTH_PROXY,88.0,REALIZED_VOL|STOCK_BREADTH
2025-11-21,58.7,CAUTION,警戒,WARN_BREADTH_PROXY,88.0,REALIZED_VOL|STOCK_BREADTH
2025-11-24,44.9,CAUTION,警戒,WARN_BREADTH_PROXY,88.0,REALIZED_VOL|STOCK_BREADTH
2025-11-25,34.6,NORMAL,正常,WARN_BREADTH_PROXY,88.0,REALIZED_VOL|STOCK_BREADTH
2025-11-26,30.9,NORMAL,正常,WARN_BREADTH_PROXY,88.0,REALIZED_VOL|STOCK_BREADTH
2025-11-27,31.0,NORMAL,正常,WARN_BREADTH_PROXY|WARN_QVIX_REALTIME_PROXY,83.2,QVIX_PROXY|REALIZED_VOL|STOCK_BREADTH
2025-11-28,24.0,NORMAL,正常,WARN_BREADTH_PROXY|WARN_QVIX_REALTIME_PROXY,83.2,QVIX_PROXY|REALIZED_VOL|STOCK_BREADTH
2025-12-01,26.9,NORMAL,正常,WARN_BREADTH_PROXY|WARN_QVIX_REALTIME_PROXY,83.2,QVIX_PROXY|REALIZED_VOL|STOCK_BREADTH
2025-12-02,31.4,NORMAL,正常,WARN_BREADTH_PROXY|WARN_QVIX_REALTIME_PROXY,83.2,QVIX_PROXY|REALIZED_VOL|STOCK_BREADTH
2025-12-03,34.6,NORMAL,正常,WARN_BREADTH_PROXY|WARN_QVIX_REALTIME_PROXY,83.2,QVIX_PROXY|REALIZED_VOL|STOCK_BREADTH
2025-12-04,28.6,NORMAL,正常,WARN_BREADTH_PROXY,88.0,REALIZED_VOL|STOCK_BREADTH
2025-12-05,27.4,NORMAL,正常,WARN_BREADTH_PROXY,88.0,REALIZED_VOL|STOCK_BREADTH
2025-12-08,32.4,NORMAL,正常,WARN_BREADTH_PROXY,88.0,REALIZED_VOL|STOCK_BREADTH
2025-12-09,32.0,NORMAL,正常,WARN_BREADTH_PROXY,88.0,REALIZED_VOL|STOCK_BREADTH
2025-12-10,35.4,NORMAL,正常,WARN_BREADTH_PROXY,88.0,REALIZED_VOL|STOCK_BREADTH
2025-12-11,38.9,NORMAL,正常,WARN_BREADTH_PROXY,88.0,REALIZED_VOL|STOCK_BREADTH
2025-12-12,30.8,NORMAL,正常,WARN_BREADTH_PROXY,88.0,REALIZED_VOL|STOCK_BREADTH
2025-12-15,35.0,NORMAL,正常,WARN_BREADTH_PROXY|WARN_NOT_BRACKET_30D,88.0,REALIZED_VOL|STOCK_BREADTH
2025-12-16,40.5,CAUTION,警戒,WARN_BREADTH_PROXY|WARN_NOT_BRACKET_30D,88.0,REALIZED_VOL|STOCK_BREADTH
2025-12-17,34.1,NORMAL,正常,WARN_BREADTH_PROXY,88.0,REALIZED_VOL|STOCK_BREADTH
2025-12-18,39.4,NORMAL,正常,WARN_BREADTH_PROXY,88.0,REALIZED_VOL|STOCK_BREADTH
2025-12-19,29.3,NORMAL,正常,WARN_BREADTH_PROXY,88.0,REALIZED_VOL|STOCK_BREADTH
2025-12-22,25.7,NORMAL,正常,WARN_BREADTH_PROXY,88.0,REALIZED_VOL|STOCK_BREADTH
2025-12-23,24.8,NORMAL,正常,WARN_BREADTH_PROXY,88.0,REALIZED_VOL|STOCK_BREADTH
2025-12-24,29.7,NORMAL,正常,WARN_BREADTH_PROXY,88.0,REALIZED_VOL|STOCK_BREADTH
2025-12-25,25.9,NORMAL,正常,WARN_BREADTH_PROXY,88.0,REALIZED_VOL|STOCK_BREADTH
2025-12-26,28.3,NORMAL,正常,WARN_BREADTH_PROXY,88.0,REALIZED_VOL|STOCK_BREADTH
2025-12-29,37.0,NORMAL,正常,WARN_BREADTH_PROXY,88.0,REALIZED_VOL|STOCK_BREADTH
2025-12-30,35.0,NORMAL,正常,WARN_BREADTH_PROXY,88.0,REALIZED_VOL|STOCK_BREADTH
2025-12-31,35.9,NORMAL,正常,WARN_BREADTH_PROXY,88.0,REALIZED_VOL|STOCK_BREADTH
2026-01-05,32.6,NORMAL,正常,WARN_BREADTH_PROXY,88.0,REALIZED_VOL|STOCK_BREADTH
2026-01-06,38.2,NORMAL,正常,WARN_BREADTH_PROXY,88.0,REALIZED_VOL|STOCK_BREADTH
2026-01-07,39.3,NORMAL,正常,WARN_BREADTH_PROXY,88.0,REALIZED_VOL|STOCK_BREADTH
2026-01-08,41.7,CAUTION,警戒,WARN_BREADTH_PROXY,88.0,REALIZED_VOL|STOCK_BREADTH
2026-01-09,41.7,CAUTION,警戒,WARN_BREADTH_PROXY,88.0,REALIZED_VOL|STOCK_BREADTH
2026-01-12,53.7,CAUTION,警戒,WARN_BREADTH_PROXY|WARN_NOT_BRACKET_30D,88.0,REALIZED_VOL|STOCK_BREADTH
2026-01-13,56.8,CAUTION,警戒,WARN_BREADTH_PROXY|WARN_NOT_BRACKET_30D,88.0,REALIZED_VOL|STOCK_BREADTH
2026-01-14,53.1,CAUTION,警戒,WARN_BREADTH_PROXY|WARN_NOT_BRACKET_30D,88.0,REALIZED_VOL|STOCK_BREADTH
2026-01-15,43.3,CAUTION,警戒,WARN_BREADTH_PROXY|WARN_NOT_BRACKET_30D,88.0,REALIZED_VOL|STOCK_BREADTH
2026-01-16,42.9,CAUTION,警戒,WARN_BREADTH_PROXY|WARN_NOT_BRACKET_30D,88.0,REALIZED_VOL|STOCK_BREADTH
2026-01-19,25.6,NORMAL,正常,WARN_BREADTH_PROXY|WARN_NOT_BRACKET_30D|WARN_QVIX_REALTIME_PROXY,83.2,QVIX_PROXY|REALIZED_VOL|STOCK_BREADTH
2026-01-20,24.6,NORMAL,正常,WARN_BREADTH_PROXY|WARN_NOT_BRACKET_30D|WARN_QVIX_REALTIME_PROXY,83.2,QVIX_PROXY|REALIZED_VOL|STOCK_BREADTH
2026-01-21,19.5,CALM,平静,WARN_BREADTH_PROXY|WARN_NOT_BRACKET_30D|WARN_QVIX_REALTIME_PROXY,83.2,QVIX_PROXY|REALIZED_VOL|STOCK_BREADTH
2026-01-22,20.9,NORMAL,正常,WARN_BREADTH_PROXY|WARN_NOT_BRACKET_30D|WARN_QVIX_REALTIME_PROXY,83.2,QVIX_PROXY|REALIZED_VOL|STOCK_BREADTH
2026-01-23,36.1,NORMAL,正常,WARN_BREADTH_PROXY|WARN_NOT_BRACKET_30D|WARN_QVIX_REALTIME_PROXY,83.2,QVIX_PROXY|REALIZED_VOL|STOCK_BREADTH
2026-01-26,48.8,CAUTION,警戒,WARN_BREADTH_PROXY|WARN_QVIX_REALTIME_PROXY,83.2,QVIX_PROXY|REALIZED_VOL|STOCK_BREADTH
2026-01-27,42.7,CAUTION,警戒,WARN_BREADTH_PROXY|WARN_QVIX_REALTIME_PROXY,83.2,QVIX_PROXY|REALIZED_VOL|STOCK_BREADTH
2026-01-28,46.2,CAUTION,警戒,WARN_BREADTH_PROXY|WARN_QVIX_REALTIME_PROXY,83.2,QVIX_PROXY|REALIZED_VOL|STOCK_BREADTH
2026-01-29,48.7,CAUTION,警戒,WARN_BREADTH_PROXY|WARN_QVIX_REALTIME_PROXY,83.2,QVIX_PROXY|REALIZED_VOL|STOCK_BREADTH
2026-01-30,49.6,CAUTION,警戒,WARN_BREADTH_PROXY|WARN_QVIX_REALTIME_PROXY,83.2,QVIX_PROXY|REALIZED_VOL|STOCK_BREADTH
2026-02-02,68.8,HIGH_RISK,高风险,WARN_BREADTH_PROXY|WARN_QVIX_REALTIME_PROXY,83.2,QVIX_PROXY|REALIZED_VOL|STOCK_BREADTH
2026-02-03,51.7,CAUTION,警戒,WARN_BREADTH_PROXY|WARN_QVIX_REALTIME_PROXY,83.2,QVIX_PROXY|REALIZED_VOL|STOCK_BREADTH
2026-02-04,44.2,CAUTION,警戒,WARN_BREADTH_PROXY|WARN_QVIX_REALTIME_PROXY,83.2,QVIX_PROXY|REALIZED_VOL|STOCK_BREADTH
2026-02-05,45.9,CAUTION,警戒,WARN_BREADTH_PROXY|WARN_QVIX_REALTIME_PROXY,83.2,QVIX_PROXY|REALIZED_VOL|STOCK_BREADTH
2026-02-06,45.7,CAUTION,警戒,WARN_BREADTH_PROXY|WARN_QVIX_REALTIME_PROXY,83.2,QVIX_PROXY|REALIZED_VOL|STOCK_BREADTH
2026-02-09,35.5,NORMAL,正常,WARN_BREADTH_PROXY|WARN_QVIX_REALTIME_PROXY,83.2,QVIX_PROXY|REALIZED_VOL|STOCK_BREADTH
2026-02-10,34.5,NORMAL,正常,WARN_BREADTH_PROXY,88.0,REALIZED_VOL|STOCK_BREADTH
2026-02-11,36.2,NORMAL,正常,WARN_BREADTH_PROXY,88.0,REALIZED_VOL|STOCK_BREADTH
2026-02-12,33.5,NORMAL,正常,WARN_BREADTH_PROXY|WARN_QVIX_REALTIME_PROXY,83.2,QVIX_PROXY|REALIZED_VOL|STOCK_BREADTH
2026-02-13,49.8,CAUTION,警戒,WARN_BREADTH_PROXY|WARN_QVIX_REALTIME_PROXY,83.2,QVIX_PROXY|REALIZED_VOL|STOCK_BREADTH
2026-02-24,34.6,NORMAL,正常,WARN_BREADTH_PROXY,88.0,REALIZED_VOL|STOCK_BREADTH
2026-02-25,30.1,NORMAL,正常,WARN_BREADTH_PROXY|WARN_QVIX_REALTIME_PROXY,83.2,QVIX_PROXY|REALIZED_VOL|STOCK_BREADTH
2026-02-26,26.0,NORMAL,正常,WARN_BREADTH_PROXY,88.0,REALIZED_VOL|STOCK_BREADTH
2026-02-27,25.4,NORMAL,正常,WARN_BREADTH_PROXY|WARN_QVIX_REALTIME_PROXY,83.2,QVIX_PROXY|REALIZED_VOL|STOCK_BREADTH
2026-03-02,30.5,NORMAL,正常,WARN_BREADTH_PROXY|WARN_QVIX_REALTIME_PROXY,83.2,QVIX_PROXY|REALIZED_VOL|STOCK_BREADTH
2026-03-03,48.6,CAUTION,警戒,WARN_BREADTH_PROXY|WARN_QVIX_REALTIME_PROXY,83.2,QVIX_PROXY|REALIZED_VOL|STOCK_BREADTH
2026-03-04,52.3,CAUTION,警戒,WARN_BREADTH_PROXY|WARN_QVIX_REALTIME_PROXY,83.2,QVIX_PROXY|REALIZED_VOL|STOCK_BREADTH
2026-03-05,35.5,NORMAL,正常,WARN_BREADTH_PROXY|WARN_QVIX_REALTIME_PROXY,83.2,QVIX_PROXY|REALIZED_VOL|STOCK_BREADTH
2026-03-06,31.0,NORMAL,正常,WARN_BREADTH_PROXY|WARN_QVIX_REALTIME_PROXY,83.2,QVIX_PROXY|REALIZED_VOL|STOCK_BREADTH
2026-03-09,49.3,CAUTION,警戒,WARN_BREADTH_PROXY|WARN_QVIX_REALTIME_PROXY,83.2,QVIX_PROXY|REALIZED_VOL|STOCK_BREADTH
2026-03-10,35.6,NORMAL,正常,WARN_BREADTH_PROXY|WARN_QVIX_REALTIME_PROXY,83.2,QVIX_PROXY|REALIZED_VOL|STOCK_BREADTH
2026-03-11,34.7,NORMAL,正常,WARN_BREADTH_PROXY,88.0,REALIZED_VOL|STOCK_BREADTH
2026-03-12,44.0,CAUTION,警戒,WARN_BREADTH_PROXY|WARN_QVIX_REALTIME_PROXY,83.2,QVIX_PROXY|REALIZED_VOL|STOCK_BREADTH
2026-03-13,51.0,CAUTION,警戒,WARN_BREADTH_PROXY,88.0,REALIZED_VOL|STOCK_BREADTH
2026-03-16,43.1,CAUTION,警戒,WARN_BREADTH_PROXY|WARN_NOT_BRACKET_30D|WARN_QVIX_REALTIME_PROXY,83.2,QVIX_PROXY|REALIZED_VOL|STOCK_BREADTH
2026-03-17,45.6,CAUTION,警戒,WARN_BREADTH_PROXY|WARN_NOT_BRACKET_30D|WARN_QVIX_REALTIME_PROXY,83.2,QVIX_PROXY|REALIZED_VOL|STOCK_BREADTH
2026-03-18,38.0,NORMAL,正常,WARN_BREADTH_PROXY|WARN_QVIX_REALTIME_PROXY,83.2,QVIX_PROXY|REALIZED_VOL|STOCK_BREADTH
2026-03-19,52.3,CAUTION,警戒,WARN_BREADTH_PROXY|WARN_QVIX_REALTIME_PROXY,83.2,QVIX_PROXY|REALIZED_VOL|STOCK_BREADTH
2026-03-20,53.8,CAUTION,警戒,WARN_BREADTH_PROXY|WARN_QVIX_REALTIME_PROXY,83.2,QVIX_PROXY|REALIZED_VOL|STOCK_BREADTH
2026-03-23,78.7,PANIC,恐慌区,WARN_BREADTH_PROXY|WARN_QVIX_REALTIME_PROXY,83.2,QVIX_PROXY|REALIZED_VOL|STOCK_BREADTH
2026-03-24,60.3,HIGH_RISK,高风险,WARN_BREADTH_PROXY|WARN_QVIX_REALTIME_PROXY,83.2,QVIX_PROXY|REALIZED_VOL|STOCK_BREADTH
2026-03-25,53.8,CAUTION,警戒,WARN_BREADTH_PROXY|WARN_QVIX_REALTIME_PROXY,83.2,QVIX_PROXY|REALIZED_VOL|STOCK_BREADTH
2026-03-26,63.9,HIGH_RISK,高风险,WARN_BREADTH_PROXY|WARN_QVIX_REALTIME_PROXY,83.2,QVIX_PROXY|REALIZED_VOL|STOCK_BREADTH
2026-03-27,55.5,CAUTION,警戒,WARN_BREADTH_PROXY|WARN_QVIX_REALTIME_PROXY,83.2,QVIX_PROXY|REALIZED_VOL|STOCK_BREADTH
2026-03-30,58.3,CAUTION,警戒,WARN_BREADTH_PROXY|WARN_QVIX_REALTIME_PROXY,83.2,QVIX_PROXY|REALIZED_VOL|STOCK_BREADTH
2026-03-31,63.6,HIGH_RISK,高风险,WARN_BREADTH_PROXY|WARN_QVIX_REALTIME_PROXY,83.2,QVIX_PROXY|REALIZED_VOL|STOCK_BREADTH
2026-04-01,45.8,CAUTION,警戒,WARN_BREADTH_PROXY|WARN_QVIX_REALTIME_PROXY,83.2,QVIX_PROXY|REALIZED_VOL|STOCK_BREADTH
2026-04-02,60.6,HIGH_RISK,高风险,WARN_BREADTH_PROXY|WARN_QVIX_REALTIME_PROXY,83.2,QVIX_PROXY|REALIZED_VOL|STOCK_BREADTH
2026-04-03,65.0,HIGH_RISK,高风险,WARN_BREADTH_PROXY|WARN_QVIX_REALTIME_PROXY,83.2,QVIX_PROXY|REALIZED_VOL|STOCK_BREADTH
2026-04-07,57.7,CAUTION,警戒,WARN_BREADTH_PROXY|WARN_QVIX_REALTIME_PROXY,83.2,QVIX_PROXY|REALIZED_VOL|STOCK_BREADTH
2026-04-08,46.5,CAUTION,警戒,WARN_BREADTH_PROXY|WARN_QVIX_REALTIME_PROXY,83.2,QVIX_PROXY|REALIZED_VOL|STOCK_BREADTH
2026-04-09,48.2,CAUTION,警戒,WARN_BREADTH_PROXY|WARN_QVIX_REALTIME_PROXY,83.2,QVIX_PROXY|REALIZED_VOL|STOCK_BREADTH
2026-04-10,44.6,CAUTION,警戒,WARN_BREADTH_PROXY|WARN_QVIX_REALTIME_PROXY,83.2,QVIX_PROXY|REALIZED_VOL|STOCK_BREADTH
2026-04-13,45.6,CAUTION,警戒,WARN_BREADTH_PROXY|WARN_NOT_BRACKET_30D|WARN_QVIX_REALTIME_PROXY,83.2,QVIX_PROXY|REALIZED_VOL|STOCK_BREADTH
2026-04-14,45.8,CAUTION,警戒,WARN_BREADTH_PROXY|WARN_NOT_BRACKET_30D|WARN_QVIX_REALTIME_PROXY,83.2,QVIX_PROXY|REALIZED_VOL|STOCK_BREADTH
2026-04-15,49.8,CAUTION,警戒,WARN_BREADTH_PROXY|WARN_QVIX_REALTIME_PROXY,83.2,QVIX_PROXY|REALIZED_VOL|STOCK_BREADTH
2026-04-16,40.9,CAUTION,警戒,WARN_BREADTH_PROXY|WARN_QVIX_REALTIME_PROXY,83.2,QVIX_PROXY|REALIZED_VOL|STOCK_BREADTH
2026-04-17,46.2,CAUTION,警戒,WARN_BREADTH_PROXY|WARN_QVIX_REALTIME_PROXY,83.2,QVIX_PROXY|REALIZED_VOL|STOCK_BREADTH
2026-04-20,40.3,CAUTION,警戒,WARN_BREADTH_PROXY|WARN_QVIX_REALTIME_PROXY,83.2,QVIX_PROXY|REALIZED_VOL|STOCK_BREADTH
2026-04-21,44.4,CAUTION,警戒,WARN_BREADTH_PROXY|WARN_QVIX_REALTIME_PROXY,83.2,QVIX_PROXY|REALIZED_VOL|STOCK_BREADTH
2026-04-22,37.4,NORMAL,正常,WARN_BREADTH_PROXY|WARN_QVIX_REALTIME_PROXY,83.2,QVIX_PROXY|REALIZED_VOL|STOCK_BREADTH
2026-04-23,46.8,CAUTION,警戒,WARN_BREADTH_PROXY|WARN_QVIX_REALTIME_PROXY,83.2,QVIX_PROXY|REALIZED_VOL|STOCK_BREADTH
2026-04-24,40.7,CAUTION,警戒,WARN_BREADTH_PROXY|WARN_QVIX_REALTIME_PROXY,83.2,QVIX_PROXY|REALIZED_VOL|STOCK_BREADTH
2026-04-27,35.9,NORMAL,正常,WARN_BREADTH_PROXY|WARN_QVIX_REALTIME_PROXY,83.2,QVIX_PROXY|REALIZED_VOL|STOCK_BREADTH
2026-04-28,44.1,CAUTION,警戒,WARN_BREADTH_PROXY|WARN_QVIX_REALTIME_PROXY,83.2,QVIX_PROXY|REALIZED_VOL|STOCK_BREADTH
2026-04-29,36.5,NORMAL,正常,WARN_BREADTH_PROXY|WARN_QVIX_REALTIME_PROXY,83.2,QVIX_PROXY|REALIZED_VOL|STOCK_BREADTH
2026-04-30,43.1,CAUTION,警戒,WARN_BREADTH_PROXY|WARN_QVIX_REALTIME_PROXY,83.2,QVIX_PROXY|REALIZED_VOL|STOCK_BREADTH
2026-05-06,40.4,CAUTION,警戒,WARN_BREADTH_PROXY|WARN_QVIX_REALTIME_PROXY,83.2,QVIX_PROXY|REALIZED_VOL|STOCK_BREADTH
2026-05-07,50.6,CAUTION,警戒,WARN_QVIX_REALTIME_PROXY,83.2,QVIX_PROXY|REALIZED_VOL
2026-05-08,44.1,CAUTION,警戒,WARN_QVIX_REALTIME_PROXY,83.2,QVIX_PROXY|REALIZED_VOL
2026-05-11,55.1,CAUTION,警戒,WARN_NOT_BRACKET_30D|WARN_QVIX_REALTIME_PROXY,83.2,QVIX_PROXY|REALIZED_VOL
2026-05-12,61.4,HIGH_RISK,高风险,WARN_NOT_BRACKET_30D|WARN_QVIX_REALTIME_PROXY,83.2,QVIX_PROXY|REALIZED_VOL
2026-05-13,57.1,CAUTION,警戒,WARN_NOT_BRACKET_30D|WARN_QVIX_REALTIME_PROXY,83.2,QVIX_PROXY|REALIZED_VOL
2026-05-14,55.5,CAUTION,警戒,WARN_NOT_BRACKET_30D|WARN_QVIX_REALTIME_PROXY,83.2,QVIX_PROXY|REALIZED_VOL
2026-05-15,59.5,CAUTION,警戒,WARN_NOT_BRACKET_30D|WARN_QVIX_REALTIME_PROXY,83.2,QVIX_PROXY|REALIZED_VOL
2026-05-18,54.9,CAUTION,警戒,WARN_NOT_BRACKET_30D|WARN_QVIX_REALTIME_PROXY,95.2,QVIX_PROXY
2026-05-19,48.4,CAUTION,警戒,WARN_NOT_BRACKET_30D|WARN_QVIX_REALTIME_PROXY,95.2,QVIX_PROXY
2026-05-20,45.8,CAUTION,警戒,WARN_NOT_BRACKET_30D|WARN_QVIX_REALTIME_PROXY,95.2,QVIX_PROXY
2026-05-21,55.9,CAUTION,警戒,WARN_NOT_BRACKET_30D|WARN_QVIX_REALTIME_PROXY,95.2,QVIX_PROXY
2026-05-22,49.1,CAUTION,警戒,WARN_NOT_BRACKET_30D|WARN_QVIX_REALTIME_PROXY,95.2,QVIX_PROXY
2026-05-25,52.9,CAUTION,警戒,WARN_QVIX_REALTIME_PROXY,95.2,QVIX_PROXY
2026-05-26,58.6,CAUTION,警戒,WARN_QVIX_REALTIME_PROXY,95.2,QVIX_PROXY
2026-05-27,64.5,HIGH_RISK,高风险,WARN_QVIX_REALTIME_PROXY,95.2,QVIX_PROXY
2026-05-28,56.3,CAUTION,警戒,WARN_QVIX_REALTIME_PROXY,95.2,QVIX_PROXY
2026-05-29,64.9,HIGH_RISK,高风险,OK,100.0,
2026-06-01,57.7,CAUTION,警戒,WARN_QVIX_REALTIME_PROXY,95.2,QVIX_PROXY
2026-06-02,61.5,HIGH_RISK,高风险,WARN_QVIX_REALTIME_PROXY,95.2,QVIX_PROXY
2026-06-03,53.7,CAUTION,警戒,WARN_QVIX_REALTIME_PROXY,95.2,QVIX_PROXY
2026-06-04,56.3,CAUTION,警戒,WARN_QVIX_REALTIME_PROXY,95.2,QVIX_PROXY
2026-06-05,63.3,HIGH_RISK,高风险,WARN_QVIX_REALTIME_PROXY,95.2,QVIX_PROXY
2026-06-08,75.6,PANIC,恐慌区,WARN_QVIX_REALTIME_PROXY,95.2,QVIX_PROXY
2026-06-09,65.1,HIGH_RISK,高风险,WARN_QVIX_REALTIME_PROXY,95.2,QVIX_PROXY
2026-06-10,65.1,HIGH_RISK,高风险,WARN_QVIX_REALTIME_PROXY,95.2,QVIX_PROXY
2026-06-11,62.7,HIGH_RISK,高风险,WARN_QVIX_REALTIME_PROXY,95.2,QVIX_PROXY
2026-06-12,61.2,HIGH_RISK,高风险,WARN_QVIX_REALTIME_PROXY,95.2,QVIX_PROXY
2026-06-15,58.6,CAUTION,警戒,WARN_QVIX_REALTIME_PROXY,95.2,QVIX_PROXY
2026-06-16,64.3,HIGH_RISK,高风险,WARN_NOT_BRACKET_30D|WARN_QVIX_REALTIME_PROXY,95.2,QVIX_PROXY
2026-06-17,67.4,HIGH_RISK,高风险,WARN_QVIX_REALTIME_PROXY,95.2,QVIX_PROXY
2026-06-18,70.1,HIGH_RISK,高风险,WARN_QVIX_REALTIME_PROXY,95.2,QVIX_PROXY
2026-06-22,72.6,HIGH_RISK,高风险,WARN_QVIX_REALTIME_PROXY,95.2,QVIX_PROXY
2026-06-23,68.7,HIGH_RISK,高风险,WARN_QVIX_REALTIME_PROXY,95.2,QVIX_PROXY
2026-06-24,66.7,HIGH_RISK,高风险,WARN_QVIX_REALTIME_PROXY,95.2,QVIX_PROXY
2026-06-25,64.8,HIGH_RISK,高风险,WARN_QVIX_REALTIME_PROXY,95.2,QVIX_PROXY
2026-06-26,70.6,HIGH_RISK,高风险,WARN_QVIX_REALTIME_PROXY,95.2,QVIX_PROXY
2026-06-29,67.4,HIGH_RISK,高风险,WARN_QVIX_REALTIME_PROXY,95.2,QVIX_PROXY
2026-06-30,63.2,HIGH_RISK,高风险,WARN_QVIX_REALTIME_PROXY,95.2,QVIX_PROXY
2026-07-01,61.1,HIGH_RISK,高风险,WARN_QVIX_REALTIME_PROXY,95.2,QVIX_PROXY
2026-07-02,70.8,HIGH_RISK,高风险,WARN_QVIX_REALTIME_PROXY,95.2,QVIX_PROXY
2026-07-03,62.1,HIGH_RISK,高风险,WARN_QVIX_REALTIME_PROXY,95.2,QVIX_PROXY
2026-07-06,63.8,HIGH_RISK,高风险,WARN_QVIX_REALTIME_PROXY,95.2,QVIX_PROXY
2026-07-07,65.0,HIGH_RISK,高风险,WARN_QVIX_REALTIME_PROXY,95.2,QVIX_PROXY
2026-07-08,63.7,HIGH_RISK,高风险,WARN_QVIX_REALTIME_PROXY,95.2,QVIX_PROXY
2026-07-09,57.7,CAUTION,警戒,WARN_QVIX_REALTIME_PROXY,95.2,QVIX_PROXY
2026-07-10,65.6,HIGH_RISK,高风险,WARN_QVIX_REALTIME_PROXY,95.2,QVIX_PROXY
2026-07-13,72.3,HIGH_RISK,高风险,WARN_NOT_BRACKET_30D|WARN_QVIX_REALTIME_PROXY,95.2,QVIX_PROXY
2026-07-14,61.0,HIGH_RISK,高风险,WARN_NOT_BRACKET_30D|WARN_QVIX_REALTIME_PROXY,95.2,QVIX_PROXY
2026-07-15,64.4,HIGH_RISK,高风险,WARN_NOT_BRACKET_30D|WARN_QVIX_REALTIME_PROXY,95.2,QVIX_PROXY
2026-07-16,68.6,HIGH_RISK,高风险,WARN_NOT_BRACKET_30D|WARN_QVIX_REALTIME_PROXY,95.2,QVIX_PROXY
2026-07-17,83.0,PANIC,恐慌区,WARN_NOT_BRACKET_30D|WARN_QVIX_REALTIME_PROXY,95.2,QVIX_PROXY
2026-07-20,78.8,PANIC,恐慌区,WARN_NOT_BRACKET_30D|WARN_QVIX_REALTIME_PROXY,95.2,QVIX_PROXY
2026-07-21,67.6,HIGH_RISK,高风险,WARN_NOT_BRACKET_30D|WARN_QVIX_REALTIME_PROXY,95.2,QVIX_PROXY
2026-07-22,64.0,HIGH_RISK,高风险,WARN_QVIX_REALTIME_PROXY,95.2,QVIX_PROXY
2026-07-23,52.4,CAUTION,警戒,WARN_QVIX_REALTIME_PROXY,95.2,QVIX_PROXY
2026-07-24,62.8,HIGH_RISK,高风险,WARN_QVIX_REALTIME_PROXY,95.2,QVIX_PROXY
2026-07-27,54.2,CAUTION,警戒,WARN_QVIX_REALTIME_PROXY,95.2,QVIX_PROXY
2026-07-28,81.2,PANIC,恐慌区,WARN_QVIX_REALTIME_PROXY,95.2,QVIX_PROXY
2026-07-29,77.8,PANIC,恐慌区,WARN_QVIX_REALTIME_PROXY,95.2,QVIX_PROXY
2026-07-30,90.1,EXTREME_PANIC,极端恐慌,WARN_QVIX_REALTIME_PROXY,93.7,QVIX_PROXY
2026-07-31,76.3,PANIC,恐慌区,WARN_QVIX_REALTIME_PROXY,93.7,QVIX_PROXY
2026-08-03,74.5,HIGH_RISK,高风险,WARN_QVIX_REALTIME_PROXY,95.2,QVIX_PROXY
2026-08-04,65.5,HIGH_RISK,高风险,WARN_QVIX_REALTIME_PROXY,93.7,QVIX_PROXY
2026-08-05,66.6,HIGH_RISK,高风险,WARN_QVIX_REALTIME_PROXY,93.7,QVIX_PROXY
2026-08-06,64.9,HIGH_RISK,高风险,WARN_QVIX_REALTIME_PROXY,93.7,QVIX_PROXY
2026-08-07,59.7,CAUTION,警戒,WARN_QVIX_REALTIME_PROXY,93.7,QVIX_PROXY
2026-08-10,57.8,CAUTION,警戒,WARN_QVIX_REALTIME_PROXY,93.7,QVIX_PROXY
2026-08-11,55.4,CAUTION,警戒,WARN_QVIX_MISSING,86.5,QVIX
