trade_date,avix_clean,avix_quality,avix_percentile_2y,avix_zscore_1y,avix_5d_change,qvix_confirmation,qvix_close,qvix_quality,qvix_source,qvix_quote_time,qvix_delay_minutes,age_seconds,is_proxy,is_delayed,sample_size,observed,quality_flags,is_final,qvix_secondary_source,qvix_source_agreement,qvix_source_value_delta,qvix_secondary_close,qvix_replica,qvix_replica_quality,qvix_replica_method,rv20,rv60,realized_vol_percentile,sh000300_close,sh000300_dd60,sh000001_close,sh000001_dd60,hs300_dd_score,sse_dd_score,drawdown_pressure,advancing_ratio,decline_ratio,big_down_ratio,limit_down_ratio,breadth_pressure,breadth_quality,source,source_quote_time,fetch_time,age_seconds_extra,is_proxy_extra,is_delayed_extra,sample_size_extra,observed_extra,quality_flags_extra,secondary_source,secondary_valid_count,secondary_breadth_score,source_score_delta,source_agreement,volume_ratio_20,turnover_stress,session_progress,full_day_volume_estimate,volume_mean_20_baseline,avix_observed,qvix_observed,realized_vol_observed,drawdown_observed,breadth_observed,turnover_observed,qvix_quality_flags,qvix_age_seconds,breadth_source_agreement,breadth_quality_flags,breadth_age_seconds,market_breadth_pressure,risk_temperature,regime,regime_cn,quality,model_confidence,model_coverage_score,model_data_quality_score,model_missing_components
2019-12-23,15.985252291885004,WARN_NOT_BRACKET_30D,50.0,50.0,50.0,30.0,15.78,OK,OPTBBS_PARSE_300INDEX_QVIX,,,,False,False,1.0,True,OK,True,,,,,15.985252291885004,WARN_REPLICA_UNCALIBRATED,AVIX_CLEAN_MINUS_PRIOR_252D_MEDIAN_AVIX_QVIX_SPREAD,,,50.0,,,,,,,50.0,,,,,,,,,,,,,,,,,,,,,,50.0,,,,True,True,False,False,False,False,OK,,,,,50.0,47.6,CAUTION,警戒,WARN_BREADTH_MISSING|WARN_NOT_BRACKET_30D,62.0,62.0,100.0,REALIZED_VOL|DRAWDOWN|BREADTH|TURNOVER
2019-12-24,15.314159289699822,WARN_NOT_BRACKET_30D,50.0,50.0,50.0,100.0,15.2,OK,OPTBBS_PARSE_300INDEX_QVIX,,,,False,False,1.0,True,OK,True,,,,,15.314159289699822,WARN_REPLICA_UNCALIBRATED,AVIX_CLEAN_MINUS_PRIOR_252D_MEDIAN_AVIX_QVIX_SPREAD,,,50.0,,,,,,,50.0,,,,,,,,,,,,,,,,,,,,,,50.0,,,,True,True,False,False,False,False,OK,,,,,50.0,56.0,CAUTION,警戒,WARN_BREADTH_MISSING|WARN_NOT_BRACKET_30D,62.0,62.0,100.0,REALIZED_VOL|DRAWDOWN|BREADTH|TURNOVER
2019-12-25,14.908624072503116,WARN_NOT_BRACKET_30D,50.0,50.0,50.0,100.0,14.93,OK,OPTBBS_PARSE_300INDEX_QVIX,,,,False,False,1.0,True,OK,True,,,,,14.908624072503116,WARN_REPLICA_UNCALIBRATED,AVIX_CLEAN_MINUS_PRIOR_252D_MEDIAN_AVIX_QVIX_SPREAD,,,50.0,,,,,,,50.0,,,,,,,,,,,,,,,,,,,,,,50.0,,,,True,True,False,False,False,False,OK,,,,,50.0,56.0,CAUTION,警戒,WARN_BREADTH_MISSING|WARN_NOT_BRACKET_30D,62.0,62.0,100.0,REALIZED_VOL|DRAWDOWN|BREADTH|TURNOVER
2019-12-26,14.65375738780603,WARN_NOT_BRACKET_30D,50.0,50.0,50.0,100.0,14.71,OK,OPTBBS_PARSE_300INDEX_QVIX,,,,False,False,1.0,True,OK,True,,,,,14.65375738780603,WARN_REPLICA_UNCALIBRATED,AVIX_CLEAN_MINUS_PRIOR_252D_MEDIAN_AVIX_QVIX_SPREAD,,,50.0,,,,,,,50.0,,,,,,,,,,,,,,,,,,,,,,50.0,,,,True,True,False,False,False,False,OK,,,,,50.0,56.0,CAUTION,警戒,WARN_BREADTH_MISSING|WARN_NOT_BRACKET_30D,62.0,62.0,100.0,REALIZED_VOL|DRAWDOWN|BREADTH|TURNOVER
2019-12-27,15.025494893121945,WARN_NOT_BRACKET_30D,50.0,50.0,50.0,100.0,15.15,OK,OPTBBS_PARSE_300INDEX_QVIX,,,,False,False,1.0,True,OK,True,,,,,15.025494893121945,WARN_REPLICA_UNCALIBRATED,AVIX_CLEAN_MINUS_PRIOR_252D_MEDIAN_AVIX_QVIX_SPREAD,,,50.0,,,,,,,50.0,,,,,,,,,,,,,,,,,,,,,,50.0,,,,True,True,False,False,False,False,OK,,,,,50.0,56.0,CAUTION,警戒,WARN_BREADTH_MISSING|WARN_NOT_BRACKET_30D,62.0,62.0,100.0,REALIZED_VOL|DRAWDOWN|BREADTH|TURNOVER
2019-12-30,16.265988630567662,WARN_NOT_BRACKET_30D,50.0,50.0,53.51244176265113,100.0,16.47,OK,OPTBBS_PARSE_300INDEX_QVIX,,,,False,False,1.0,True,OK,True,,,,,16.287364558064546,WARN_REPLICA_LOW_CALIBRATION,AVIX_CLEAN_MINUS_PRIOR_252D_MEDIAN_AVIX_QVIX_SPREAD,,,50.0,,,,,,,50.0,,,,,,,,,,,,,,,,,,,,,,50.0,,,,True,True,False,False,False,False,OK,,,,,50.0,56.3,CAUTION,警戒,WARN_BREADTH_MISSING|WARN_NOT_BRACKET_30D,62.0,62.0,100.0,REALIZED_VOL|DRAWDOWN|BREADTH|TURNOVER
2019-12-31,17.44079795011284,WARN_NOT_BRACKET_30D,50.0,50.0,77.77349536704085,100.0,17.69,OK,OPTBBS_PARSE_300INDEX_QVIX,,,,False,False,1.0,True,OK,True,,,,,17.479607219958268,WARN_REPLICA_LOW_CALIBRATION,AVIX_CLEAN_MINUS_PRIOR_252D_MEDIAN_AVIX_QVIX_SPREAD,,,50.0,,,,,,,50.0,,,,,,,,,,,,,,,,,,,,,,50.0,,,,True,True,False,False,False,False,OK,,,,,50.0,58.2,CAUTION,警戒,WARN_BREADTH_MISSING|WARN_NOT_BRACKET_30D,62.0,62.0,100.0,REALIZED_VOL|DRAWDOWN|BREADTH|TURNOVER
2020-01-02,19.08771648372733,WARN_NOT_BRACKET_30D,50.0,50.0,100.0,100.0,19.22,OK,OPTBBS_PARSE_300INDEX_QVIX,,,,False,False,1.0,True,OK,True,,,,,19.143959095921304,WARN_REPLICA_LOW_CALIBRATION,AVIX_CLEAN_MINUS_PRIOR_252D_MEDIAN_AVIX_QVIX_SPREAD,,,50.0,,,,,,,50.0,,,,,,,,,,,,,,,,,,,,,,50.0,,,,True,True,False,False,False,False,OK,,,,,50.0,60.0,HIGH_RISK,高风险,WARN_BREADTH_MISSING|WARN_NOT_BRACKET_30D,62.0,62.0,100.0,REALIZED_VOL|DRAWDOWN|BREADTH|TURNOVER
2020-01-03,18.80510589020697,WARN_NOT_BRACKET_30D,50.0,50.0,100.0,100.0,18.76,OK,OPTBBS_PARSE_300INDEX_QVIX,,,,False,False,1.0,True,OK,True,,,,,18.895479749742982,WARN_REPLICA_LOW_CALIBRATION,AVIX_CLEAN_MINUS_PRIOR_252D_MEDIAN_AVIX_QVIX_SPREAD,,,50.0,,,,,,,50.0,,,,,,,,,,,,,,,,,,,,,,50.0,,,,True,True,False,False,False,False,OK,,,,,50.0,60.0,HIGH_RISK,高风险,WARN_BREADTH_MISSING|WARN_NOT_BRACKET_30D,62.0,62.0,100.0,REALIZED_VOL|DRAWDOWN|BREADTH|TURNOVER
2020-01-06,19.583319362361497,WARN_NOT_BRACKET_30D,50.0,50.0,100.0,30.0,18.76,OK,OPTBBS_PARSE_300INDEX_QVIX,,,,False,False,1.0,True,OK,True,,,,,19.63956197455547,WARN_REPLICA_LOW_CALIBRATION,AVIX_CLEAN_MINUS_PRIOR_252D_MEDIAN_AVIX_QVIX_SPREAD,,,50.0,,,,,,,50.0,,,,,,,,,,,,,,,,,,,,,,50.0,,,,True,True,False,False,False,False,OK,,,,,50.0,51.6,CAUTION,警戒,WARN_BREADTH_MISSING|WARN_NOT_BRACKET_30D,62.0,62.0,100.0,REALIZED_VOL|DRAWDOWN|BREADTH|TURNOVER
2020-01-07,19.812871639927067,WARN_NOT_BRACKET_30D,50.0,50.0,93.61103514721472,100.0,19.54,OK,OPTBBS_PARSE_300INDEX_QVIX,,,,False,False,1.0,True,OK,True,,,,,19.851680909772494,WARN_REPLICA_LOW_CALIBRATION,AVIX_CLEAN_MINUS_PRIOR_252D_MEDIAN_AVIX_QVIX_SPREAD,,,50.0,,,,,,,50.0,,,,,,,,,,,,,,,,,,,,,,50.0,,,,True,True,False,False,False,False,OK,,,,,50.0,59.5,CAUTION,警戒,WARN_BREADTH_MISSING|WARN_NOT_BRACKET_30D,62.0,62.0,100.0,REALIZED_VOL|DRAWDOWN|BREADTH|TURNOVER
2020-01-08,19.724531660187854,WARN_NOT_BRACKET_30D,50.0,50.0,76.188408541941,30.0,19.7,OK,OPTBBS_PARSE_300INDEX_QVIX,,,,False,False,1.0,True,OK,True,,,,,19.745907587684737,WARN_REPLICA_LOW_CALIBRATION,AVIX_CLEAN_MINUS_PRIOR_252D_MEDIAN_AVIX_QVIX_SPREAD,,,50.0,,,,,,,50.0,,,,,,,,,,,,,,,,,,,,,,50.0,,,,True,True,False,False,False,False,OK,,,,,50.0,49.7,CAUTION,警戒,WARN_BREADTH_MISSING|WARN_NOT_BRACKET_30D,62.0,62.0,100.0,REALIZED_VOL|DRAWDOWN|BREADTH|TURNOVER
2020-01-09,19.05320717617261,WARN_NOT_BRACKET_30D,50.0,50.0,49.63841345208431,100.0,19.65163311,OK,OPTBBS_PARSE_300INDEX_QVIX,,,,False,False,1.0,True,OK,True,,,,,19.051629309827124,WARN_REPLICA_LOW_CALIBRATION,AVIX_CLEAN_MINUS_PRIOR_252D_MEDIAN_AVIX_QVIX_SPREAD,,,50.0,,,,,,,50.0,,,,,,,,,,,,,,,,,,,,,,50.0,,,,True,True,False,False,False,False,OK,,,,,50.0,56.0,CAUTION,警戒,WARN_BREADTH_MISSING|WARN_NOT_BRACKET_30D,62.0,62.0,100.0,REALIZED_VOL|DRAWDOWN|BREADTH|TURNOVER
2020-01-10,18.369114971925995,WARN_NOT_BRACKET_30D,50.0,50.0,45.3630580883033,100.0,18.94,OK,OPTBBS_PARSE_300INDEX_QVIX,,,,False,False,1.0,True,OK,True,,,,,18.39049089942288,WARN_REPLICA_LOW_CALIBRATION,AVIX_CLEAN_MINUS_PRIOR_252D_MEDIAN_AVIX_QVIX_SPREAD,,,50.0,,,,,,,50.0,,,,,,,,,,,,,,,,,,,,,,50.0,,,,True,True,False,False,False,False,OK,,,,,50.0,55.6,CAUTION,警戒,WARN_BREADTH_MISSING|WARN_NOT_BRACKET_30D,62.0,62.0,100.0,REALIZED_VOL|DRAWDOWN|BREADTH|TURNOVER
2020-01-13,17.785408946824237,WARN_NOT_BRACKET_30D,50.0,50.0,31.638348614251942,100.0,18.26018311,OK,OPTBBS_PARSE_300INDEX_QVIX,,,,False,False,1.0,True,OK,True,,,,,17.824218216669664,WARN_REPLICA_LOW_CALIBRATION,AVIX_CLEAN_MINUS_PRIOR_252D_MEDIAN_AVIX_QVIX_SPREAD,,,50.0,,,,,,,50.0,,,,,,,,,,,,,,,,,,,,,,50.0,,,,True,True,False,False,False,False,OK,,,,,50.0,54.5,CAUTION,警戒,WARN_BREADTH_MISSING|WARN_NOT_BRACKET_30D,62.0,62.0,100.0,REALIZED_VOL|DRAWDOWN|BREADTH|TURNOVER
2020-01-14,17.316200402981966,WARN_NOT_BRACKET_30D,50.0,50.0,24.79748234058321,100.0,17.94,OK,OPTBBS_PARSE_300INDEX_QVIX,,,,False,False,1.0,True,OK,True,,,,,17.37244301517594,WARN_REPLICA_LOW_CALIBRATION,AVIX_CLEAN_MINUS_PRIOR_252D_MEDIAN_AVIX_QVIX_SPREAD,,,50.0,,,,,,,50.0,,,,,,,,,,,,,,,,,,,,,,50.0,,,,True,True,False,False,False,False,OK,,,,,50.0,54.0,CAUTION,警戒,WARN_BREADTH_MISSING|WARN_NOT_BRACKET_30D,62.0,62.0,100.0,REALIZED_VOL|DRAWDOWN|BREADTH|TURNOVER
2020-01-15,17.215506083638456,WARN_NOT_BRACKET_30D,50.0,50.0,24.559339407651095,100.0,17.03205578,OK,OPTBBS_PARSE_300INDEX_QVIX,,,,False,False,1.0,True,OK,True,,,,,17.305879943174467,WARN_REPLICA_LOW_CALIBRATION,AVIX_CLEAN_MINUS_PRIOR_252D_MEDIAN_AVIX_QVIX_SPREAD,,,50.0,,,,,,,50.0,,,,,,,,,,,,,,,,,,,,,,50.0,,,,True,True,False,False,False,False,OK,,,,,50.0,54.0,CAUTION,警戒,WARN_BREADTH_MISSING|WARN_NOT_BRACKET_30D,62.0,62.0,100.0,REALIZED_VOL|DRAWDOWN|BREADTH|TURNOVER
2020-01-16,16.457177809640072,WARN_NOT_BRACKET_30D,50.0,50.0,22.749686259864355,100.0,16.91580135,OK,OPTBBS_PARSE_300INDEX_QVIX,,,,False,False,1.0,True,OK,True,,,,,16.51342042183404,WARN_REPLICA_LOW_CALIBRATION,AVIX_CLEAN_MINUS_PRIOR_252D_MEDIAN_AVIX_QVIX_SPREAD,,,50.0,,,,,,,50.0,,,,,,,,,,,,,,,,,,,,,,50.0,,,,True,True,False,False,False,False,OK,,,,,50.0,53.8,CAUTION,警戒,WARN_BREADTH_MISSING|WARN_NOT_BRACKET_30D,62.0,62.0,100.0,REALIZED_VOL|DRAWDOWN|BREADTH|TURNOVER
2020-01-17,15.345842281185268,WARN_NOT_BRACKET_30D,50.0,50.0,17.08308815790771,100.0,16.19884093,OK,OPTBBS_PARSE_300INDEX_QVIX,,,,False,False,1.0,True,OK,True,,,,,15.436216140721282,WARN_REPLICA_LOW_CALIBRATION,AVIX_CLEAN_MINUS_PRIOR_252D_MEDIAN_AVIX_QVIX_SPREAD,,,50.0,,,,,,,50.0,,,,,,,,,,,,,,,,,,,,,,50.0,,,,True,True,False,False,False,False,OK,,,,,50.0,53.4,CAUTION,警戒,WARN_BREADTH_MISSING|WARN_NOT_BRACKET_30D,62.0,62.0,100.0,REALIZED_VOL|DRAWDOWN|BREADTH|TURNOVER
2020-01-20,15.64333376474846,WARN_NOT_BRACKET_30D,50.0,50.0,25.911994056698195,30.0,15.98,OK,OPTBBS_PARSE_300INDEX_QVIX,,,,False,False,1.0,True,OK,True,,,,,15.767838871626516,WARN_REPLICA_LOW_CALIBRATION,AVIX_CLEAN_MINUS_PRIOR_252D_MEDIAN_AVIX_QVIX_SPREAD,,,50.0,,,,,,,50.0,,,,,,,,,,,,,,,,,,,,,,50.0,,,,True,True,False,False,False,False,OK,,,,,50.0,45.7,CAUTION,警戒,WARN_BREADTH_MISSING|WARN_NOT_BRACKET_30D,62.0,62.0,100.0,REALIZED_VOL|DRAWDOWN|BREADTH|TURNOVER
2020-01-21,17.363629798034687,WARN_NOT_BRACKET_30D,50.0,50.0,50.54780372078107,60.0,15.34095042,OK,OPTBBS_PARSE_300INDEX_QVIX,,,,False,False,1.0,True,OK,True,,,,,17.49202410961005,OK_REPLICA_ROLLING_MEDIAN_BASIS,AVIX_CLEAN_MINUS_PRIOR_252D_MEDIAN_AVIX_QVIX_SPREAD,,,50.0,,,,,,,50.0,,,,,,,,,,,,,,,,,,,,,,50.0,,,,True,True,False,False,False,False,OK,,,,,50.0,51.2,CAUTION,警戒,WARN_BREADTH_MISSING|WARN_NOT_BRACKET_30D,62.0,62.0,100.0,REALIZED_VOL|DRAWDOWN|BREADTH|TURNOVER
2020-01-22,17.24583890632801,OK,50.0,50.0,50.35238955558077,30.0,17.11731365,OK,OPTBBS_PARSE_300INDEX_QVIX,,,,False,False,1.0,True,OK,True,,,,,17.370344013206065,OK_REPLICA_ROLLING_MEDIAN_BASIS,AVIX_CLEAN_MINUS_PRIOR_252D_MEDIAN_AVIX_QVIX_SPREAD,,,50.0,,,,,,,50.0,,,,,,,,,,,,,,,,,,,,,,50.0,,,,True,True,False,False,False,False,OK,,,,,50.0,47.6,CAUTION,警戒,WARN_BREADTH_MISSING,62.0,62.0,100.0,REALIZED_VOL|DRAWDOWN|BREADTH|TURNOVER
2020-01-23,20.79640414817112,OK,50.0,50.0,100.0,30.0,16.90749804,OK,OPTBBS_PARSE_300INDEX_QVIX,,,,False,False,1.0,True,OK,True,,,,,20.886778007707136,OK_REPLICA_ROLLING_MEDIAN_BASIS,AVIX_CLEAN_MINUS_PRIOR_252D_MEDIAN_AVIX_QVIX_SPREAD,,,50.0,,,,,,,50.0,,,,,,,,,,,,,,,,,,,,,,50.0,,,,True,True,False,False,False,False,OK,,,,,50.0,51.6,CAUTION,警戒,WARN_BREADTH_MISSING,62.0,62.0,100.0,REALIZED_VOL|DRAWDOWN|BREADTH|TURNOVER
2020-02-03,28.12080736357792,OK,50.0,50.0,100.0,60.0,36.89,OK,OPTBBS_PARSE_300INDEX_QVIX,,,,False,False,1.0,True,OK,True,,,,,28.177049975771894,OK_REPLICA_ROLLING_MEDIAN_BASIS,AVIX_CLEAN_MINUS_PRIOR_252D_MEDIAN_AVIX_QVIX_SPREAD,,,50.0,,,,,,,50.0,,,,,,,,,,,,,,,,,,,,,,50.0,,,,True,True,False,False,False,False,OK,,,,,50.0,55.2,CAUTION,警戒,WARN_BREADTH_MISSING,62.0,62.0,100.0,REALIZED_VOL|DRAWDOWN|BREADTH|TURNOVER
2020-02-04,27.21070453062798,OK,50.0,50.0,100.0,100.0,27.68482035,OK,OPTBBS_PARSE_300INDEX_QVIX,,,,False,False,1.0,True,OK,True,,,,,27.301078390163994,OK_REPLICA_ROLLING_MEDIAN_BASIS,AVIX_CLEAN_MINUS_PRIOR_252D_MEDIAN_AVIX_QVIX_SPREAD,,,50.0,,,,,,,50.0,,,,,,,,,,,,,,,,,,,,,,50.0,,,,True,True,False,False,False,False,OK,,,,,50.0,60.0,HIGH_RISK,高风险,WARN_BREADTH_MISSING,62.0,62.0,100.0,REALIZED_VOL|DRAWDOWN|BREADTH|TURNOVER
2020-02-05,25.239353729224856,OK,50.0,50.0,100.0,100.0,25.03281046,OK,OPTBBS_PARSE_300INDEX_QVIX,,,,False,False,1.0,True,OK,True,,,,,25.363858836102914,OK_REPLICA_ROLLING_MEDIAN_BASIS,AVIX_CLEAN_MINUS_PRIOR_252D_MEDIAN_AVIX_QVIX_SPREAD,,,50.0,,,,,,,50.0,,,,,,,,,,,,,,,,,,,,,,50.0,,,,True,True,False,False,False,False,OK,,,,,50.0,60.0,HIGH_RISK,高风险,WARN_BREADTH_MISSING,62.0,62.0,100.0,REALIZED_VOL|DRAWDOWN|BREADTH|TURNOVER
2020-02-06,25.14895166752793,OK,50.0,50.0,100.0,60.0,25.23258904,OK,OPTBBS_PARSE_300INDEX_QVIX,,,,False,False,1.0,True,OK,True,,,,,25.23932552706394,OK_REPLICA_ROLLING_MEDIAN_BASIS,AVIX_CLEAN_MINUS_PRIOR_252D_MEDIAN_AVIX_QVIX_SPREAD,,,50.0,,,,,,,50.0,,,,,,,,,,,,,,,,,,,,,,50.0,,,,True,True,False,False,False,False,OK,,,,,50.0,55.2,CAUTION,警戒,WARN_BREADTH_MISSING,62.0,62.0,100.0,REALIZED_VOL|DRAWDOWN|BREADTH|TURNOVER
2020-02-07,26.45531858511861,OK,50.0,50.0,100.0,100.0,26.77,OK,OPTBBS_PARSE_300INDEX_QVIX,,,,False,False,1.0,True,OK,True,,,,,26.538955957590684,OK_REPLICA_ROLLING_MEDIAN_BASIS,AVIX_CLEAN_MINUS_PRIOR_252D_MEDIAN_AVIX_QVIX_SPREAD,,,50.0,,,,,,,50.0,,,,,,,,,,,,,,,,,,,,,,50.0,,,,True,True,False,False,False,False,OK,,,,,50.0,60.0,HIGH_RISK,高风险,WARN_BREADTH_MISSING,62.0,62.0,100.0,REALIZED_VOL|DRAWDOWN|BREADTH|TURNOVER
2020-02-10,25.210511423653344,OK,50.0,50.0,29.301476644699797,100.0,25.18354673,OK,OPTBBS_PARSE_300INDEX_QVIX,,,,False,False,1.0,True,OK,True,,,,,25.31458266332841,OK_REPLICA_ROLLING_MEDIAN_BASIS,AVIX_CLEAN_MINUS_PRIOR_252D_MEDIAN_AVIX_QVIX_SPREAD,,,50.0,,,,,,,50.0,,,,,,,,,,,,,,,,,,,,,,50.0,,,,True,True,False,False,False,False,OK,,,,,50.0,54.3,CAUTION,警戒,WARN_BREADTH_MISSING,62.0,62.0,100.0,REALIZED_VOL|DRAWDOWN|BREADTH|TURNOVER
2020-02-11,23.23750364546551,OK,50.0,50.0,20.7967805045967,100.0,22.26448179,OK,OPTBBS_PARSE_300INDEX_QVIX,,,,False,False,1.0,True,OK,True,,,,,23.32114101793758,OK_REPLICA_ROLLING_MEDIAN_BASIS,AVIX_CLEAN_MINUS_PRIOR_252D_MEDIAN_AVIX_QVIX_SPREAD,,,50.0,,,,,,,50.0,,,,,,,,,,,,,,,,,,,,,,50.0,,,,True,True,False,False,False,False,OK,,,,,50.0,53.7,CAUTION,警戒,WARN_BREADTH_MISSING,62.0,62.0,100.0,REALIZED_VOL|DRAWDOWN|BREADTH|TURNOVER
2020-02-12,21.39061979548984,OK,50.0,50.0,19.50211978463985,100.0,19.94,OK,OPTBBS_PARSE_300INDEX_QVIX,,,,False,False,1.0,True,OK,True,,,,,21.460559787822863,OK_REPLICA_ROLLING_MEDIAN_BASIS,AVIX_CLEAN_MINUS_PRIOR_252D_MEDIAN_AVIX_QVIX_SPREAD,,,50.0,,,,,,,50.0,,,,,,,,,,,,,,,,,,,,,,50.0,,,,True,True,False,False,False,False,OK,,,,,50.0,53.6,CAUTION,警戒,WARN_BREADTH_MISSING,62.0,62.0,100.0,REALIZED_VOL|DRAWDOWN|BREADTH|TURNOVER
2020-02-13,22.13480938190305,OK,50.0,50.0,26.029678489408315,100.0,20.70834075,OK,OPTBBS_PARSE_300INDEX_QVIX,,,,False,False,1.0,True,OK,True,,,,,22.191051994097023,OK_REPLICA_ROLLING_MEDIAN_BASIS,AVIX_CLEAN_MINUS_PRIOR_252D_MEDIAN_AVIX_QVIX_SPREAD,,,50.0,,,,,,,50.0,,,,,,,,,,,,,,,,,,,,,,50.0,,,,True,True,False,False,False,False,OK,,,,,50.0,54.1,CAUTION,警戒,WARN_BREADTH_MISSING,62.0,62.0,100.0,REALIZED_VOL|DRAWDOWN|BREADTH|TURNOVER
2020-02-14,21.37217933046216,OK,50.0,50.0,11.571891577856341,100.0,18.9583493,OK,OPTBBS_PARSE_300INDEX_QVIX,,,,False,False,1.0,True,OK,True,,,,,21.410988600307586,OK_REPLICA_ROLLING_MEDIAN_BASIS,AVIX_CLEAN_MINUS_PRIOR_252D_MEDIAN_AVIX_QVIX_SPREAD,,,50.0,,,,,,,50.0,,,,,,,,,,,,,,,,,,,,,,50.0,,,,True,True,False,False,False,False,OK,,,,,50.0,52.9,CAUTION,警戒,WARN_BREADTH_MISSING,62.0,62.0,100.0,REALIZED_VOL|DRAWDOWN|BREADTH|TURNOVER
2020-02-17,21.78734231049276,WARN_NOT_BRACKET_30D,50.0,50.0,22.843318759897492,100.0,20.35666656,OK,OPTBBS_PARSE_300INDEX_QVIX,,,,False,False,1.0,True,OK,True,,,,,21.808718237989645,OK_REPLICA_ROLLING_MEDIAN_BASIS,AVIX_CLEAN_MINUS_PRIOR_252D_MEDIAN_AVIX_QVIX_SPREAD,,,50.0,,,,,,,50.0,,,,,,,,,,,,,,,,,,,,,,50.0,,,,True,True,False,False,False,False,OK,,,,,50.0,53.8,CAUTION,警戒,WARN_BREADTH_MISSING|WARN_NOT_BRACKET_30D,62.0,62.0,100.0,REALIZED_VOL|DRAWDOWN|BREADTH|TURNOVER
2020-02-18,22.649040861017195,WARN_NOT_BRACKET_30D,50.0,50.0,44.935232343142474,60.0,20.02350918,OK,OPTBBS_PARSE_300INDEX_QVIX,,,,False,False,1.0,True,OK,True,,,,,22.64746299467171,OK_REPLICA_ROLLING_MEDIAN_BASIS,AVIX_CLEAN_MINUS_PRIOR_252D_MEDIAN_AVIX_QVIX_SPREAD,,,50.0,,,,,,,50.0,,,,,,,,,,,,,,,,,,,,,,50.0,,,,True,True,False,False,False,False,OK,,,,,50.0,50.8,CAUTION,警戒,WARN_BREADTH_MISSING|WARN_NOT_BRACKET_30D,62.0,62.0,100.0,REALIZED_VOL|DRAWDOWN|BREADTH|TURNOVER
2020-02-19,22.949670508004218,OK,50.0,50.0,64.57695688502771,100.0,23.0,OK,OPTBBS_PARSE_300INDEX_QVIX,,,,False,False,1.0,True,OK,True,,,,,22.925138847816363,OK_REPLICA_ROLLING_MEDIAN_BASIS,AVIX_CLEAN_MINUS_PRIOR_252D_MEDIAN_AVIX_QVIX_SPREAD,,,50.0,,,,,,,50.0,,,,,,,,,,,,,,,,,,,,,,50.0,,,,True,True,False,False,False,False,OK,,,,,50.0,57.2,CAUTION,警戒,WARN_BREADTH_MISSING,62.0,62.0,100.0,REALIZED_VOL|DRAWDOWN|BREADTH|TURNOVER
2020-02-20,23.23474686960824,OK,50.0,50.0,59.93853137587419,100.0,23.1,OK,OPTBBS_PARSE_300INDEX_QVIX,,,,False,False,1.0,True,OK,True,,,,,23.233169003262756,OK_REPLICA_ROLLING_MEDIAN_BASIS,AVIX_CLEAN_MINUS_PRIOR_252D_MEDIAN_AVIX_QVIX_SPREAD,,,50.0,,,,,,,50.0,,,,,,,,,,,,,,,,,,,,,,50.0,,,,True,True,False,False,False,False,OK,,,,,50.0,56.8,CAUTION,警戒,WARN_BREADTH_MISSING,62.0,62.0,100.0,REALIZED_VOL|DRAWDOWN|BREADTH|TURNOVER
2020-02-21,25.917031455641546,OK,50.0,50.0,92.53054454490304,100.0,25.99031331,OK,OPTBBS_PARSE_300INDEX_QVIX,,,,False,False,1.0,True,OK,True,,,,,25.89249979545369,OK_REPLICA_ROLLING_MEDIAN_BASIS,AVIX_CLEAN_MINUS_PRIOR_252D_MEDIAN_AVIX_QVIX_SPREAD,,,50.0,,,,,,,50.0,,,,,,,,,,,,,,,,,,,,,,50.0,,,,True,True,False,False,False,False,OK,,,,,50.0,59.4,CAUTION,警戒,WARN_BREADTH_MISSING,62.0,62.0,100.0,REALIZED_VOL|DRAWDOWN|BREADTH|TURNOVER
2020-02-24,27.19482047634241,OK,50.0,50.0,99.63871305446386,100.0,27.64381885,OK,OPTBBS_PARSE_300INDEX_QVIX,,,,False,False,1.0,True,OK,True,,,,,27.193242609996926,OK_REPLICA_ROLLING_MEDIAN_BASIS,AVIX_CLEAN_MINUS_PRIOR_252D_MEDIAN_AVIX_QVIX_SPREAD,,,50.0,,,,,,,50.0,,,,,,,,,,,,,,,,,,,,,,50.0,,,,True,True,False,False,False,False,OK,,,,,50.0,60.0,HIGH_RISK,高风险,WARN_BREADTH_MISSING,62.0,62.0,100.0,REALIZED_VOL|DRAWDOWN|BREADTH|TURNOVER
2020-02-25,27.13791379542316,OK,50.0,50.0,89.63852563957415,100.0,27.52583748,OK,OPTBBS_PARSE_300INDEX_QVIX,,,,False,False,1.0,True,OK,True,,,,,27.159289722920043,OK_REPLICA_ROLLING_MEDIAN_BASIS,AVIX_CLEAN_MINUS_PRIOR_252D_MEDIAN_AVIX_QVIX_SPREAD,,,50.0,,,,,,,50.0,,,,,,,,,,,,,,,,,,,,,,50.0,,,,True,True,False,False,False,False,OK,,,,,50.0,59.2,CAUTION,警戒,WARN_BREADTH_MISSING,62.0,62.0,100.0,REALIZED_VOL|DRAWDOWN|BREADTH|TURNOVER
2020-02-26,27.75795570376708,OK,50.0,50.0,91.90286909858565,100.0,28.19150333,OK,OPTBBS_PARSE_300INDEX_QVIX,,,,False,False,1.0,True,OK,True,,,,,27.793808413513414,OK_REPLICA_ROLLING_MEDIAN_BASIS,AVIX_CLEAN_MINUS_PRIOR_252D_MEDIAN_AVIX_QVIX_SPREAD,,,50.0,,,,,,,50.0,,,,,,,,,,,,,,,,,,,,,,50.0,,,,True,True,False,False,False,False,OK,,,,,50.0,59.4,CAUTION,警戒,WARN_BREADTH_MISSING,62.0,62.0,100.0,REALIZED_VOL|DRAWDOWN|BREADTH|TURNOVER
2020-02-27,25.980527894610685,OK,50.0,50.0,73.63512751321606,100.0,26.25842506,OK,OPTBBS_PARSE_300INDEX_QVIX,,,,False,False,1.0,True,OK,True,,,,,26.030857386606467,OK_REPLICA_ROLLING_MEDIAN_BASIS,AVIX_CLEAN_MINUS_PRIOR_252D_MEDIAN_AVIX_QVIX_SPREAD,,,50.0,,,,,,,50.0,,,,,,,,,,,,,,,,,,,,,,50.0,,,,True,True,False,False,False,False,OK,,,,,50.0,57.9,CAUTION,警戒,WARN_BREADTH_MISSING,62.0,62.0,100.0,REALIZED_VOL|DRAWDOWN|BREADTH|TURNOVER
2020-02-28,29.05075514298382,OK,50.0,50.0,74.18273630377632,100.0,29.66510166,OK,OPTBBS_PARSE_300INDEX_QVIX,,,,False,False,1.0,True,OK,True,,,,,29.104041195078697,OK_REPLICA_ROLLING_MEDIAN_BASIS,AVIX_CLEAN_MINUS_PRIOR_252D_MEDIAN_AVIX_QVIX_SPREAD,,,50.0,,,,,,,50.0,,,,,,,,,,,,,,,,,,,,,,50.0,,,,True,True,False,False,False,False,OK,,,,,50.0,57.9,CAUTION,警戒,WARN_BREADTH_MISSING,62.0,62.0,100.0,REALIZED_VOL|DRAWDOWN|BREADTH|TURNOVER
2020-03-02,27.13921835374109,OK,50.0,50.0,49.591082995751414,100.0,28.06812513,OK,OPTBBS_PARSE_300INDEX_QVIX,,,,False,False,1.0,True,OK,True,,,,,27.195460965935062,OK_REPLICA_ROLLING_MEDIAN_BASIS,AVIX_CLEAN_MINUS_PRIOR_252D_MEDIAN_AVIX_QVIX_SPREAD,,,50.0,,,,,,,50.0,,,,,,,,,,,,,,,,,,,,,,50.0,,,,True,True,False,False,False,False,OK,,,,,50.0,56.0,CAUTION,警戒,WARN_BREADTH_MISSING,62.0,62.0,100.0,REALIZED_VOL|DRAWDOWN|BREADTH|TURNOVER
2020-03-03,26.27322860392151,OK,50.0,50.0,43.62747484556104,100.0,26.82158934,OK,OPTBBS_PARSE_300INDEX_QVIX,,,,False,False,1.0,True,OK,True,,,,,26.337990837197722,OK_REPLICA_ROLLING_MEDIAN_BASIS,AVIX_CLEAN_MINUS_PRIOR_252D_MEDIAN_AVIX_QVIX_SPREAD,,,50.0,,,,,,,50.0,,,,,,,,,,,,,,,,,,,,,,50.0,,,,True,True,False,False,False,False,OK,,,,,50.0,55.5,CAUTION,警戒,WARN_BREADTH_MISSING,62.0,62.0,100.0,REALIZED_VOL|DRAWDOWN|BREADTH|TURNOVER
2020-03-04,26.44545994647593,OK,50.0,50.0,40.5432822841991,60.0,26.61790095,OK,OPTBBS_PARSE_300INDEX_QVIX,,,,False,False,1.0,True,OK,True,,,,,26.518741800834384,OK_REPLICA_ROLLING_MEDIAN_BASIS,AVIX_CLEAN_MINUS_PRIOR_252D_MEDIAN_AVIX_QVIX_SPREAD,,,50.0,,,,,,,50.0,,,,,,,,,,,,,,,,,,,,,,50.0,,,,True,True,False,False,False,False,OK,,,,,50.0,50.4,CAUTION,警戒,WARN_BREADTH_MISSING,62.0,62.0,100.0,REALIZED_VOL|DRAWDOWN|BREADTH|TURNOVER
2020-03-05,25.99714604439001,OK,50.0,50.0,50.127927729927094,60.0,28.0362605,OK,OPTBBS_PARSE_300INDEX_QVIX,,,,False,False,1.0,True,OK,True,,,,,26.075605657805276,OK_REPLICA_ROLLING_MEDIAN_BASIS,AVIX_CLEAN_MINUS_PRIOR_252D_MEDIAN_AVIX_QVIX_SPREAD,,,50.0,,,,,,,50.0,,,,,,,,,,,,,,,,,,,,,,50.0,,,,True,True,False,False,False,False,OK,,,,,50.0,51.2,CAUTION,警戒,WARN_BREADTH_MISSING,62.0,62.0,100.0,REALIZED_VOL|DRAWDOWN|BREADTH|TURNOVER
2020-03-06,27.48741955049136,OK,50.0,50.0,39.237212011887905,60.0,35.66377367,OK,OPTBBS_PARSE_300INDEX_QVIX,,,,False,False,1.0,True,OK,True,,,,,27.571056922963432,OK_REPLICA_ROLLING_MEDIAN_BASIS,AVIX_CLEAN_MINUS_PRIOR_252D_MEDIAN_AVIX_QVIX_SPREAD,,,50.0,,,,,,,50.0,,,,,,,,,,,,,,,,,,,,,,50.0,,,,True,True,False,False,False,False,OK,,,,,50.0,50.3,CAUTION,警戒,WARN_BREADTH_MISSING,62.0,62.0,100.0,REALIZED_VOL|DRAWDOWN|BREADTH|TURNOVER
2020-03-09,32.729316059249406,OK,50.0,50.0,91.19571634411301,60.0,33.8497431,OK,OPTBBS_PARSE_300INDEX_QVIX,,,,False,False,1.0,True,OK,True,,,,,32.83338729892447,OK_REPLICA_ROLLING_MEDIAN_BASIS,AVIX_CLEAN_MINUS_PRIOR_252D_MEDIAN_AVIX_QVIX_SPREAD,,,50.0,,,,,,,50.0,,,,,,,,,,,,,,,,,,,,,,50.0,,,,True,True,False,False,False,False,OK,,,,,50.0,54.5,CAUTION,警戒,WARN_BREADTH_MISSING,62.0,62.0,100.0,REALIZED_VOL|DRAWDOWN|BREADTH|TURNOVER
2020-03-10,31.420673471422184,OK,50.0,50.0,89.18395371273382,100.0,33.27138492,OK,OPTBBS_PARSE_300INDEX_QVIX,,,,False,False,1.0,True,OK,True,,,,,31.545178578300238,OK_REPLICA_ROLLING_MEDIAN_BASIS,AVIX_CLEAN_MINUS_PRIOR_252D_MEDIAN_AVIX_QVIX_SPREAD,,,50.0,,,,,,,50.0,,,,,,,,,,,,,,,,,,,,,,50.0,,,,True,True,False,False,False,False,OK,,,,,50.0,59.1,CAUTION,警戒,WARN_BREADTH_MISSING,62.0,62.0,100.0,REALIZED_VOL|DRAWDOWN|BREADTH|TURNOVER
2020-03-11,31.52031490842201,OK,50.0,50.0,88.37978217975632,100.0,35.46,OK,OPTBBS_PARSE_300INDEX_QVIX,,,,False,False,1.0,True,OK,True,,,,,31.64870921999737,OK_REPLICA_ROLLING_MEDIAN_BASIS,AVIX_CLEAN_MINUS_PRIOR_252D_MEDIAN_AVIX_QVIX_SPREAD,,,50.0,,,,,,,50.0,,,,,,,,,,,,,,,,,,,,,,50.0,,,,True,True,False,False,False,False,OK,,,,,50.0,59.1,CAUTION,警戒,WARN_BREADTH_MISSING,62.0,62.0,100.0,REALIZED_VOL|DRAWDOWN|BREADTH|TURNOVER
2020-03-12,33.80583992431137,OK,50.0,50.0,100.0,60.0,43.37870746,OK,OPTBBS_PARSE_300INDEX_QVIX,,,,False,False,1.0,True,OK,True,,,,,33.938123440584036,OK_REPLICA_ROLLING_MEDIAN_BASIS,AVIX_CLEAN_MINUS_PRIOR_252D_MEDIAN_AVIX_QVIX_SPREAD,,,50.0,,,,,,,50.0,,,,,,,,,,,,,,,,,,,,,,50.0,,,,True,True,False,False,False,False,OK,,,,,50.0,55.2,CAUTION,警戒,WARN_BREADTH_MISSING,62.0,62.0,100.0,REALIZED_VOL|DRAWDOWN|BREADTH|TURNOVER
2020-03-13,39.39963926631804,OK,50.0,50.0,100.0,60.0,52.112735,OK,OPTBBS_PARSE_300INDEX_QVIX,,,,False,False,1.0,True,OK,True,,,,,39.55200152621641,OK_REPLICA_ROLLING_MEDIAN_BASIS,AVIX_CLEAN_MINUS_PRIOR_252D_MEDIAN_AVIX_QVIX_SPREAD,,,50.0,,,,,,,50.0,,,,,,,,,,,,,,,,,,,,,,50.0,,,,True,True,False,False,False,False,OK,,,,,50.0,55.2,CAUTION,警戒,WARN_BREADTH_MISSING,62.0,62.0,100.0,REALIZED_VOL|DRAWDOWN|BREADTH|TURNOVER
2020-03-16,42.53515246323343,WARN_NOT_BRACKET_30D,50.0,50.0,100.0,60.0,49.10843955,OK,OPTBBS_PARSE_300INDEX_QVIX,,,,False,False,1.0,True,OK,True,,,,,42.7075934667575,OK_REPLICA_ROLLING_MEDIAN_BASIS,AVIX_CLEAN_MINUS_PRIOR_252D_MEDIAN_AVIX_QVIX_SPREAD,,,50.0,,,,,,,50.0,,,,,,,,,,,,,,,,,,,,,,50.0,,,,True,True,False,False,False,False,OK,,,,,50.0,55.2,CAUTION,警戒,WARN_BREADTH_MISSING|WARN_NOT_BRACKET_30D,62.0,62.0,100.0,REALIZED_VOL|DRAWDOWN|BREADTH|TURNOVER
2020-03-17,43.4979395193567,WARN_NOT_BRACKET_30D,50.0,50.0,100.0,60.0,44.84857175,OK,OPTBBS_PARSE_300INDEX_QVIX,,,,False,False,1.0,True,OK,True,,,,,43.6861657058349,OK_REPLICA_ROLLING_MEDIAN_BASIS,AVIX_CLEAN_MINUS_PRIOR_252D_MEDIAN_AVIX_QVIX_SPREAD,,,50.0,,,,,,,50.0,,,,,,,,,,,,,,,,,,,,,,50.0,,,,True,True,False,False,False,False,OK,,,,,50.0,55.2,CAUTION,警戒,WARN_BREADTH_MISSING|WARN_NOT_BRACKET_30D,62.0,62.0,100.0,REALIZED_VOL|DRAWDOWN|BREADTH|TURNOVER
2020-03-18,38.61384448891143,OK,50.0,50.0,95.00925578376176,100.0,41.76435767,OK,OPTBBS_PARSE_300INDEX_QVIX,,,,False,False,1.0,True,OK,True,,,,,38.81785585834377,OK_REPLICA_ROLLING_MEDIAN_BASIS,AVIX_CLEAN_MINUS_PRIOR_252D_MEDIAN_AVIX_QVIX_SPREAD,,,50.0,,,,,,,50.0,,,,,,,,,,,,,,,,,,,,,,50.0,,,,True,True,False,False,False,False,OK,,,,,50.0,59.6,CAUTION,警戒,WARN_BREADTH_MISSING,62.0,62.0,100.0,REALIZED_VOL|DRAWDOWN|BREADTH|TURNOVER
2020-03-19,40.139953847005806,OK,50.0,50.0,87.47348941411319,60.0,38.30740021,OK,OPTBBS_PARSE_300INDEX_QVIX,,,,False,False,1.0,True,OK,True,,,,,40.366560556665554,OK_REPLICA_ROLLING_MEDIAN_BASIS,AVIX_CLEAN_MINUS_PRIOR_252D_MEDIAN_AVIX_QVIX_SPREAD,,,50.0,,,,,,,50.0,,,,,,,,,,,,,,,,,,,,,,50.0,,,,True,True,False,False,False,False,OK,,,,,50.0,54.2,CAUTION,警戒,WARN_BREADTH_MISSING,62.0,62.0,100.0,REALIZED_VOL|DRAWDOWN|BREADTH|TURNOVER
2020-03-20,37.36663182820746,OK,50.0,50.0,39.680070802838245,30.0,42.16945292,OK,OPTBBS_PARSE_300INDEX_QVIX,,,,False,False,1.0,True,OK,True,,,,,37.5706431976398,OK_REPLICA_ROLLING_MEDIAN_BASIS,AVIX_CLEAN_MINUS_PRIOR_252D_MEDIAN_AVIX_QVIX_SPREAD,,,50.0,,,,,,,50.0,,,,,,,,,,,,,,,,,,,,,,50.0,,,,True,True,False,False,False,False,OK,,,,,50.0,46.8,CAUTION,警戒,WARN_BREADTH_MISSING,62.0,62.0,100.0,REALIZED_VOL|DRAWDOWN|BREADTH|TURNOVER
2020-03-23,39.27479081350463,OK,50.0,50.0,34.669801512774654,30.0,40.42033295,OK,OPTBBS_PARSE_300INDEX_QVIX,,,,False,False,1.0,True,OK,True,,,,,39.50139752316438,OK_REPLICA_ROLLING_MEDIAN_BASIS,AVIX_CLEAN_MINUS_PRIOR_252D_MEDIAN_AVIX_QVIX_SPREAD,,,50.0,,,,,,,50.0,,,,,,,,,,,,,,,,,,,,,,50.0,,,,True,True,False,False,False,False,OK,,,,,50.0,46.4,CAUTION,警戒,WARN_BREADTH_MISSING,62.0,62.0,100.0,REALIZED_VOL|DRAWDOWN|BREADTH|TURNOVER
2020-03-24,38.75376423918628,OK,50.0,50.0,28.186666621028134,30.0,39.0085309,OK,OPTBBS_PARSE_300INDEX_QVIX,,,,False,False,1.0,True,OK,True,,,,,39.00296628907344,OK_REPLICA_ROLLING_MEDIAN_BASIS,AVIX_CLEAN_MINUS_PRIOR_252D_MEDIAN_AVIX_QVIX_SPREAD,,,50.0,,,,,,,50.0,,,,,,,,,,,,,,,,,,,,,,50.0,,,,True,True,False,False,False,False,OK,,,,,50.0,45.9,CAUTION,警戒,WARN_BREADTH_MISSING,62.0,62.0,100.0,REALIZED_VOL|DRAWDOWN|BREADTH|TURNOVER
2020-03-25,37.48588088497794,OK,50.0,50.0,44.157724417948565,30.0,37.69832909,OK,OPTBBS_PARSE_300INDEX_QVIX,,,,False,False,1.0,True,OK,True,,,,,37.737865240328375,OK_REPLICA_ROLLING_MEDIAN_BASIS,AVIX_CLEAN_MINUS_PRIOR_252D_MEDIAN_AVIX_QVIX_SPREAD,,,50.0,,,,,,,50.0,,,,,,,,,,,,,,,,,,,,,,50.0,,,,True,True,False,False,False,False,OK,,,,,50.0,47.1,CAUTION,警戒,WARN_BREADTH_MISSING,62.0,62.0,100.0,REALIZED_VOL|DRAWDOWN|BREADTH|TURNOVER
2020-03-26,36.2507210165429,OK,50.0,50.0,30.6216377563024,30.0,37.69894431,OK,OPTBBS_PARSE_300INDEX_QVIX,,,,False,False,1.0,True,OK,True,,,,,36.49992306643006,OK_REPLICA_ROLLING_MEDIAN_BASIS,AVIX_CLEAN_MINUS_PRIOR_252D_MEDIAN_AVIX_QVIX_SPREAD,,,50.0,,,,,,,50.0,,,,,,,,,,,,,,,,,,,,,,50.0,,,,True,True,False,False,False,False,OK,,,,,50.0,46.0,CAUTION,警戒,WARN_BREADTH_MISSING,62.0,62.0,100.0,REALIZED_VOL|DRAWDOWN|BREADTH|TURNOVER
2020-03-27,36.103163021222194,OK,50.0,50.0,43.23744878696027,30.0,36.65860857,OK,OPTBBS_PARSE_300INDEX_QVIX,,,,False,False,1.0,True,OK,True,,,,,36.35514737657263,OK_REPLICA_ROLLING_MEDIAN_BASIS,AVIX_CLEAN_MINUS_PRIOR_252D_MEDIAN_AVIX_QVIX_SPREAD,,,50.0,,,,,,,50.0,,,,,,,,,,,,,,,,,,,,,,50.0,,,,True,True,False,False,False,False,OK,,,,,50.0,47.1,CAUTION,警戒,WARN_BREADTH_MISSING,62.0,62.0,100.0,REALIZED_VOL|DRAWDOWN|BREADTH|TURNOVER
2020-03-30,34.82958414013529,OK,50.0,50.0,27.36356282849579,30.0,33.96896626,OK,OPTBBS_PARSE_300INDEX_QVIX,,,,False,False,1.0,True,OK,True,,,,,35.084350800949004,OK_REPLICA_ROLLING_MEDIAN_BASIS,AVIX_CLEAN_MINUS_PRIOR_252D_MEDIAN_AVIX_QVIX_SPREAD,,,50.0,,,,,,,50.0,,,,,,,,,,,,,,,,,,,,,,50.0,,,,True,True,False,False,False,False,OK,,,,,50.0,45.8,CAUTION,警戒,WARN_BREADTH_MISSING,62.0,62.0,100.0,REALIZED_VOL|DRAWDOWN|BREADTH|TURNOVER
2020-03-31,32.508174367198194,OK,50.0,50.0,17.767828521427646,30.0,31.85335797,OK,OPTBBS_PARSE_300INDEX_QVIX,,,,False,False,1.0,True,OK,True,,,,,32.76015872254863,OK_REPLICA_ROLLING_MEDIAN_BASIS,AVIX_CLEAN_MINUS_PRIOR_252D_MEDIAN_AVIX_QVIX_SPREAD,,,50.0,,,,,,,50.0,,,,,,,,,,,,,,,,,,,,,,50.0,,,,True,True,False,False,False,False,OK,,,,,50.0,45.0,CAUTION,警戒,WARN_BREADTH_MISSING,62.0,62.0,100.0,REALIZED_VOL|DRAWDOWN|BREADTH|TURNOVER
2020-04-01,30.720481609290097,OK,50.0,50.0,13.904280139784575,30.0,30.69158368,OK,OPTBBS_PARSE_300INDEX_QVIX,,,,False,False,1.0,True,OK,True,,,,,30.969683659177257,OK_REPLICA_ROLLING_MEDIAN_BASIS,AVIX_CLEAN_MINUS_PRIOR_252D_MEDIAN_AVIX_QVIX_SPREAD,,,50.0,,,,,,,50.0,,,,,,,,,,,,,,,,,,,,,,50.0,,,,True,True,False,False,False,False,OK,,,,,50.0,44.7,CAUTION,警戒,WARN_BREADTH_MISSING,62.0,62.0,100.0,REALIZED_VOL|DRAWDOWN|BREADTH|TURNOVER
2020-04-02,29.981017199003595,OK,50.0,50.0,15.409218676350498,30.0,32.54561708,OK,OPTBBS_PARSE_300INDEX_QVIX,,,,False,False,1.0,True,OK,True,,,,,30.211842326458207,OK_REPLICA_ROLLING_MEDIAN_BASIS,AVIX_CLEAN_MINUS_PRIOR_252D_MEDIAN_AVIX_QVIX_SPREAD,,,50.0,,,,,,,50.0,,,,,,,,,,,,,,,,,,,,,,50.0,,,,True,True,False,False,False,False,OK,,,,,50.0,44.8,CAUTION,警戒,WARN_BREADTH_MISSING,62.0,62.0,100.0,REALIZED_VOL|DRAWDOWN|BREADTH|TURNOVER
2020-04-03,31.07788077496956,OK,50.0,50.0,22.161540287765558,30.0,30.7812404,OK,OPTBBS_PARSE_300INDEX_QVIX,,,,False,False,1.0,True,OK,True,,,,,31.32708282485672,OK_REPLICA_ROLLING_MEDIAN_BASIS,AVIX_CLEAN_MINUS_PRIOR_252D_MEDIAN_AVIX_QVIX_SPREAD,,,50.0,,,,,,,50.0,,,,,,,,,,,,,,,,,,,,,,50.0,,,,True,True,False,False,False,False,OK,,,,,50.0,45.4,CAUTION,警戒,WARN_BREADTH_MISSING,62.0,62.0,100.0,REALIZED_VOL|DRAWDOWN|BREADTH|TURNOVER
2020-04-07,29.234043834748263,OK,50.0,50.0,17.869037523539653,30.0,28.00079421,OK,OPTBBS_PARSE_300INDEX_QVIX,,,,False,False,1.0,True,OK,True,,,,,29.464868962202875,OK_REPLICA_ROLLING_MEDIAN_BASIS,AVIX_CLEAN_MINUS_PRIOR_252D_MEDIAN_AVIX_QVIX_SPREAD,,,50.0,,,,,,,50.0,,,,,,,,,,,,,,,,,,,,,,50.0,,,,True,True,False,False,False,False,OK,,,,,50.0,45.0,CAUTION,警戒,WARN_BREADTH_MISSING,62.0,62.0,100.0,REALIZED_VOL|DRAWDOWN|BREADTH|TURNOVER
2020-04-08,27.33814430706192,OK,50.0,50.0,18.192430606912204,30.0,25.69881474,OK,OPTBBS_PARSE_300INDEX_QVIX,,,,False,False,1.0,True,OK,True,,,,,27.550592512083984,OK_REPLICA_ROLLING_MEDIAN_BASIS,AVIX_CLEAN_MINUS_PRIOR_252D_MEDIAN_AVIX_QVIX_SPREAD,,,50.0,,,,,,,50.0,,,,,,,,,,,,,,,,,,,,,,50.0,,,,True,True,False,False,False,False,OK,,,,,50.0,45.1,CAUTION,警戒,WARN_BREADTH_MISSING,62.0,62.0,100.0,REALIZED_VOL|DRAWDOWN|BREADTH|TURNOVER
2020-04-09,25.649178230444043,OK,50.0,50.0,16.984219561763283,30.0,24.15,OK,OPTBBS_PARSE_300INDEX_QVIX,,,,False,False,1.0,True,OK,True,,,,,25.857408017671244,OK_REPLICA_ROLLING_MEDIAN_BASIS,AVIX_CLEAN_MINUS_PRIOR_252D_MEDIAN_AVIX_QVIX_SPREAD,,,50.0,,,,,,,50.0,,,,,,,,,,,,,,,,,,,,,,50.0,,,,True,True,False,False,False,False,OK,,,,,50.0,45.0,CAUTION,警戒,WARN_BREADTH_MISSING,62.0,62.0,100.0,REALIZED_VOL|DRAWDOWN|BREADTH|TURNOVER
2020-04-10,25.124670890864063,OK,50.0,50.0,17.60385896245755,30.0,23.30400658,OK,OPTBBS_PARSE_300INDEX_QVIX,,,,False,False,1.0,True,OK,True,,,,,25.3286822602964,OK_REPLICA_ROLLING_MEDIAN_BASIS,AVIX_CLEAN_MINUS_PRIOR_252D_MEDIAN_AVIX_QVIX_SPREAD,,,50.0,,,,,,,50.0,,,,,,,,,,,,,,,,,,,,,,50.0,,,,True,True,False,False,False,False,OK,,,,,50.0,45.0,CAUTION,警戒,WARN_BREADTH_MISSING,62.0,62.0,100.0,REALIZED_VOL|DRAWDOWN|BREADTH|TURNOVER
2020-04-13,22.551842353343943,WARN_NOT_BRACKET_30D,50.0,50.0,0.0,30.0,22.84133455,OK,OPTBBS_PARSE_300INDEX_QVIX,,,,False,False,1.0,True,OK,True,,,,,22.740068539822147,OK_REPLICA_ROLLING_MEDIAN_BASIS,AVIX_CLEAN_MINUS_PRIOR_252D_MEDIAN_AVIX_QVIX_SPREAD,,,50.0,,,,,,,50.0,,,,,,,,,,,,,,,,,,,,,,50.0,,,,True,True,False,False,False,False,OK,,,,,50.0,43.6,CAUTION,警戒,WARN_BREADTH_MISSING|WARN_NOT_BRACKET_30D,62.0,62.0,100.0,REALIZED_VOL|DRAWDOWN|BREADTH|TURNOVER
2020-04-14,21.68254785830306,WARN_NOT_BRACKET_30D,50.0,50.0,0.0,30.0,22.55727644,OK,OPTBBS_PARSE_300INDEX_QVIX,,,,False,False,1.0,True,OK,True,,,,,21.886559227735397,OK_REPLICA_ROLLING_MEDIAN_BASIS,AVIX_CLEAN_MINUS_PRIOR_252D_MEDIAN_AVIX_QVIX_SPREAD,,,50.0,,,,,,,50.0,,,,,,,,,,,,,,,,,,,,,,50.0,,,,True,True,False,False,False,False,OK,,,,,50.0,43.6,CAUTION,警戒,WARN_BREADTH_MISSING|WARN_NOT_BRACKET_30D,62.0,62.0,100.0,REALIZED_VOL|DRAWDOWN|BREADTH|TURNOVER
2020-04-15,22.35036430694084,OK,50.0,50.0,13.510471346567222,30.0,21.88303936,OK,OPTBBS_PARSE_300INDEX_QVIX,,,,False,False,1.0,True,OK,True,,,,,22.55859409416804,OK_REPLICA_ROLLING_MEDIAN_BASIS,AVIX_CLEAN_MINUS_PRIOR_252D_MEDIAN_AVIX_QVIX_SPREAD,,,50.0,,,,,,,50.0,,,,,,,,,,,,,,,,,,,,,,50.0,,,,True,True,False,False,False,False,OK,,,,,50.0,44.7,CAUTION,警戒,WARN_BREADTH_MISSING,62.0,62.0,100.0,REALIZED_VOL|DRAWDOWN|BREADTH|TURNOVER
2020-04-16,22.277070797452776,OK,50.0,50.0,23.705922250649138,30.0,21.59775973,OK,OPTBBS_PARSE_300INDEX_QVIX,,,,False,False,1.0,True,OK,True,,,,,22.481082166885113,OK_REPLICA_ROLLING_MEDIAN_BASIS,AVIX_CLEAN_MINUS_PRIOR_252D_MEDIAN_AVIX_QVIX_SPREAD,,,50.0,,,,,,,50.0,,,,,,,,,,,,,,,,,,,,,,50.0,,,,True,True,False,False,False,False,OK,,,,,50.0,45.5,CAUTION,警戒,WARN_BREADTH_MISSING,62.0,62.0,100.0,REALIZED_VOL|DRAWDOWN|BREADTH|TURNOVER
2020-04-17,21.95743128573705,OK,50.0,50.0,24.787812195552416,30.0,22.41045431,OK,OPTBBS_PARSE_300INDEX_QVIX,,,,False,False,1.0,True,OK,True,,,,,22.145657472215255,OK_REPLICA_ROLLING_MEDIAN_BASIS,AVIX_CLEAN_MINUS_PRIOR_252D_MEDIAN_AVIX_QVIX_SPREAD,,,50.0,,,,,,,50.0,,,,,,,,,,,,,,,,,,,,,,50.0,,,,True,True,False,False,False,False,OK,,,,,50.0,45.6,CAUTION,警戒,WARN_BREADTH_MISSING,62.0,62.0,100.0,REALIZED_VOL|DRAWDOWN|BREADTH|TURNOVER
2020-04-20,22.802594790586912,OK,50.0,50.0,52.22378671608432,30.0,21.94663853,OK,OPTBBS_PARSE_300INDEX_QVIX,,,,False,False,1.0,True,OK,True,,,,,23.00660616001925,OK_REPLICA_ROLLING_MEDIAN_BASIS,AVIX_CLEAN_MINUS_PRIOR_252D_MEDIAN_AVIX_QVIX_SPREAD,,,50.0,,,,,,,50.0,,,,,,,,,,,,,,,,,,,,,,50.0,,,,True,True,False,False,False,False,OK,,,,,50.0,47.8,CAUTION,警戒,WARN_BREADTH_MISSING,62.0,62.0,100.0,REALIZED_VOL|DRAWDOWN|BREADTH|TURNOVER
2020-04-21,22.314650162011507,OK,50.0,50.0,55.83051685474678,30.0,22.11122372,OK,OPTBBS_PARSE_300INDEX_QVIX,,,,False,False,1.0,True,OK,True,,,,,22.50287634848971,OK_REPLICA_ROLLING_MEDIAN_BASIS,AVIX_CLEAN_MINUS_PRIOR_252D_MEDIAN_AVIX_QVIX_SPREAD,,,50.0,,,,,,,50.0,,,,,,,,,,,,,,,,,,,,,,50.0,,,,True,True,False,False,False,False,OK,,,,,50.0,48.1,CAUTION,警戒,WARN_BREADTH_MISSING,62.0,62.0,100.0,REALIZED_VOL|DRAWDOWN|BREADTH|TURNOVER
2020-04-22,22.56623064161601,OK,50.0,50.0,51.93165830955277,30.0,21.14218588,OK,OPTBBS_PARSE_300INDEX_QVIX,,,,False,False,1.0,True,OK,True,,,,,22.73867164514008,OK_REPLICA_ROLLING_MEDIAN_BASIS,AVIX_CLEAN_MINUS_PRIOR_252D_MEDIAN_AVIX_QVIX_SPREAD,,,50.0,,,,,,,50.0,,,,,,,,,,,,,,,,,,,,,,50.0,,,,True,True,False,False,False,False,OK,,,,,50.0,47.8,CAUTION,警戒,WARN_BREADTH_MISSING,62.0,62.0,100.0,REALIZED_VOL|DRAWDOWN|BREADTH|TURNOVER
2020-04-23,21.81277402397776,OK,50.0,50.0,45.83161738186776,30.0,20.43137233,OK,OPTBBS_PARSE_300INDEX_QVIX,,,,False,False,1.0,True,OK,True,,,,,21.965136283876127,OK_REPLICA_ROLLING_MEDIAN_BASIS,AVIX_CLEAN_MINUS_PRIOR_252D_MEDIAN_AVIX_QVIX_SPREAD,,,50.0,,,,,,,50.0,,,,,,,,,,,,,,,,,,,,,,50.0,,,,True,True,False,False,False,False,OK,,,,,50.0,47.3,CAUTION,警戒,WARN_BREADTH_MISSING,62.0,62.0,100.0,REALIZED_VOL|DRAWDOWN|BREADTH|TURNOVER
2020-04-24,21.058652911871427,OK,50.0,50.0,41.81344700871776,30.0,19.8516111,OK,OPTBBS_PARSE_300INDEX_QVIX,,,,False,False,1.0,True,OK,True,,,,,21.190936428144095,OK_REPLICA_ROLLING_MEDIAN_BASIS,AVIX_CLEAN_MINUS_PRIOR_252D_MEDIAN_AVIX_QVIX_SPREAD,,,50.0,,,,,,,50.0,,,,,,,,,,,,,,,,,,,,,,50.0,,,,True,True,False,False,False,False,OK,,,,,50.0,46.9,CAUTION,警戒,WARN_BREADTH_MISSING,62.0,62.0,100.0,REALIZED_VOL|DRAWDOWN|BREADTH|TURNOVER
2020-04-27,20.734224519273013,OK,50.0,50.0,31.858465755241696,30.0,19.82439837,OK,OPTBBS_PARSE_300INDEX_QVIX,,,,False,False,1.0,True,OK,True,,,,,20.862618830848376,OK_REPLICA_ROLLING_MEDIAN_BASIS,AVIX_CLEAN_MINUS_PRIOR_252D_MEDIAN_AVIX_QVIX_SPREAD,,,50.0,,,,,,,50.0,,,,,,,,,,,,,,,,,,,,,,50.0,,,,True,True,False,False,False,False,OK,,,,,50.0,46.1,CAUTION,警戒,WARN_BREADTH_MISSING,62.0,62.0,100.0,REALIZED_VOL|DRAWDOWN|BREADTH|TURNOVER
2020-04-28,20.9505682008226,OK,50.0,50.0,37.77411295910773,30.0,20.42477779,OK,OPTBBS_PARSE_300INDEX_QVIX,,,,False,False,1.0,True,OK,True,,,,,21.075073307700656,OK_REPLICA_ROLLING_MEDIAN_BASIS,AVIX_CLEAN_MINUS_PRIOR_252D_MEDIAN_AVIX_QVIX_SPREAD,,,50.0,,,,,,,50.0,,,,,,,,,,,,,,,,,,,,,,50.0,,,,True,True,False,False,False,False,OK,,,,,50.0,46.6,CAUTION,警戒,WARN_BREADTH_MISSING,62.0,62.0,100.0,REALIZED_VOL|DRAWDOWN|BREADTH|TURNOVER
2020-04-29,21.28453152398256,OK,50.0,50.0,38.640556431522285,30.0,23.45335321,OK,OPTBBS_PARSE_300INDEX_QVIX,,,,False,False,1.0,True,OK,True,,,,,21.388602763657627,OK_REPLICA_ROLLING_MEDIAN_BASIS,AVIX_CLEAN_MINUS_PRIOR_252D_MEDIAN_AVIX_QVIX_SPREAD,,,50.0,,,,,,,50.0,,,,,,,,,,,,,,,,,,,,,,50.0,,,,True,True,False,False,False,False,OK,,,,,50.0,46.7,CAUTION,警戒,WARN_BREADTH_MISSING,62.0,62.0,100.0,REALIZED_VOL|DRAWDOWN|BREADTH|TURNOVER
2020-04-30,23.30982204753347,OK,50.0,50.0,63.7263423891897,30.0,22.75764491,OK,OPTBBS_PARSE_300INDEX_QVIX,,,,False,False,1.0,True,OK,True,,,,,23.434327154411527,OK_REPLICA_ROLLING_MEDIAN_BASIS,AVIX_CLEAN_MINUS_PRIOR_252D_MEDIAN_AVIX_QVIX_SPREAD,,,50.0,,,,,,,50.0,,,,,,,,,,,,,,,,,,,,,,50.0,,,,True,True,False,False,False,False,OK,,,,,50.0,48.7,CAUTION,警戒,WARN_BREADTH_MISSING,62.0,62.0,100.0,REALIZED_VOL|DRAWDOWN|BREADTH|TURNOVER
2020-05-06,22.778000680978824,OK,50.0,50.0,66.32913345694726,30.0,19.11652547,OK,OPTBBS_PARSE_300INDEX_QVIX,,,,False,False,1.0,True,OK,True,,,,,22.88207192065389,OK_REPLICA_ROLLING_MEDIAN_BASIS,AVIX_CLEAN_MINUS_PRIOR_252D_MEDIAN_AVIX_QVIX_SPREAD,,,50.0,,,,,,,50.0,,,,,,,,,,,,,,,,,,,,,,50.0,,,,True,True,False,False,False,False,OK,,,,,50.0,48.9,CAUTION,警戒,WARN_BREADTH_MISSING,62.0,62.0,100.0,REALIZED_VOL|DRAWDOWN|BREADTH|TURNOVER
2020-05-07,20.690210966773577,OK,50.0,50.0,49.575450217985974,30.0,18.4402992,OK,OPTBBS_PARSE_300INDEX_QVIX,,,,False,False,1.0,True,OK,True,,,,,20.77384833924565,OK_REPLICA_ROLLING_MEDIAN_BASIS,AVIX_CLEAN_MINUS_PRIOR_252D_MEDIAN_AVIX_QVIX_SPREAD,,,50.0,,,,,,,50.0,,,,,,,,,,,,,,,,,,,,,,50.0,,,,True,True,False,False,False,False,OK,,,,,50.0,47.6,CAUTION,警戒,WARN_BREADTH_MISSING,62.0,62.0,100.0,REALIZED_VOL|DRAWDOWN|BREADTH|TURNOVER
2020-05-08,20.10816502983725,OK,50.0,50.0,41.958183063003744,30.0,18.49168866,OK,OPTBBS_PARSE_300INDEX_QVIX,,,,False,False,1.0,True,OK,True,,,,,20.186624643252514,OK_REPLICA_ROLLING_MEDIAN_BASIS,AVIX_CLEAN_MINUS_PRIOR_252D_MEDIAN_AVIX_QVIX_SPREAD,,,50.0,,,,,,,50.0,,,,,,,,,,,,,,,,,,,,,,50.0,,,,True,True,False,False,False,False,OK,,,,,50.0,47.0,CAUTION,警戒,WARN_BREADTH_MISSING,62.0,62.0,100.0,REALIZED_VOL|DRAWDOWN|BREADTH|TURNOVER
2020-05-11,20.30582540022649,WARN_NOT_BRACKET_30D,50.0,50.0,40.80359252771615,30.0,18.2442634,OK,OPTBBS_PARSE_300INDEX_QVIX,,,,False,False,1.0,True,OK,True,,,,,20.379107254584945,OK_REPLICA_ROLLING_MEDIAN_BASIS,AVIX_CLEAN_MINUS_PRIOR_252D_MEDIAN_AVIX_QVIX_SPREAD,,,50.0,,,,,,,50.0,,,,,,,,,,,,,,,,,,,,,,50.0,,,,True,True,False,False,False,False,OK,,,,,50.0,46.9,CAUTION,警戒,WARN_BREADTH_MISSING|WARN_NOT_BRACKET_30D,62.0,62.0,100.0,REALIZED_VOL|DRAWDOWN|BREADTH|TURNOVER
2020-05-12,20.064730888047087,WARN_NOT_BRACKET_30D,50.0,50.0,22.15687744960917,30.0,19.41042419,OK,OPTBBS_PARSE_300INDEX_QVIX,,,,False,False,1.0,True,OK,True,,,,,20.1294931213233,OK_REPLICA_ROLLING_MEDIAN_BASIS,AVIX_CLEAN_MINUS_PRIOR_252D_MEDIAN_AVIX_QVIX_SPREAD,,,50.0,,,,,,,50.0,,,,,,,,,,,,,,,,,,,,,,50.0,,,,True,True,False,False,False,False,OK,,,,,50.0,45.4,CAUTION,警戒,WARN_BREADTH_MISSING|WARN_NOT_BRACKET_30D,62.0,62.0,100.0,REALIZED_VOL|DRAWDOWN|BREADTH|TURNOVER
2020-05-13,19.93612624314591,WARN_NOT_BRACKET_30D,50.0,50.0,25.047200343565954,30.0,20.0,OK,OPTBBS_PARSE_300INDEX_QVIX,,,,False,False,1.0,True,OK,True,,,,,19.992368855339883,OK_REPLICA_ROLLING_MEDIAN_BASIS,AVIX_CLEAN_MINUS_PRIOR_252D_MEDIAN_AVIX_QVIX_SPREAD,,,50.0,,,,,,,50.0,,,,,,,,,,,,,,,,,,,,,,50.0,,,,True,True,False,False,False,False,OK,,,,,50.0,45.6,CAUTION,警戒,WARN_BREADTH_MISSING|WARN_NOT_BRACKET_30D,62.0,62.0,100.0,REALIZED_VOL|DRAWDOWN|BREADTH|TURNOVER
2020-05-14,19.259372843549816,WARN_NOT_BRACKET_30D,50.0,50.0,36.16893635814979,30.0,16.95437739,OK,OPTBBS_PARSE_300INDEX_QVIX,,,,False,False,1.0,True,OK,True,,,,,19.319431028073847,OK_REPLICA_ROLLING_MEDIAN_BASIS,AVIX_CLEAN_MINUS_PRIOR_252D_MEDIAN_AVIX_QVIX_SPREAD,,,50.0,,,,,,,50.0,,,,,,,,,,,,,,,,,,,,,,50.0,,,,True,True,False,False,False,False,OK,,,,,50.0,46.5,CAUTION,警戒,WARN_BREADTH_MISSING|WARN_NOT_BRACKET_30D,62.0,62.0,100.0,REALIZED_VOL|DRAWDOWN|BREADTH|TURNOVER
2020-05-15,19.125488512216936,WARN_NOT_BRACKET_30D,50.0,50.0,40.22609456246078,30.0,18.35386527,OK,OPTBBS_PARSE_300INDEX_QVIX,,,,False,False,1.0,True,OK,True,,,,,19.18173112441091,OK_REPLICA_ROLLING_MEDIAN_BASIS,AVIX_CLEAN_MINUS_PRIOR_252D_MEDIAN_AVIX_QVIX_SPREAD,,,50.0,,,,,,,50.0,,,,,,,,,,,,,,,,,,,,,,50.0,,,,True,True,False,False,False,False,OK,,,,,50.0,46.8,CAUTION,警戒,WARN_BREADTH_MISSING|WARN_NOT_BRACKET_30D,62.0,62.0,100.0,REALIZED_VOL|DRAWDOWN|BREADTH|TURNOVER
2020-05-18,18.716896725255648,WARN_NOT_BRACKET_30D,50.0,50.0,34.35002130026077,30.0,17.70761063,OK,OPTBBS_PARSE_300INDEX_QVIX,,,,False,False,1.0,True,OK,True,,,,,18.770182777350524,OK_REPLICA_ROLLING_MEDIAN_BASIS,AVIX_CLEAN_MINUS_PRIOR_252D_MEDIAN_AVIX_QVIX_SPREAD,,,50.0,,,,,,,50.0,,,,,,,,,,,,,,,,,,,,,,50.0,,,,True,True,False,False,False,False,OK,,,,,50.0,46.3,CAUTION,警戒,WARN_BREADTH_MISSING|WARN_NOT_BRACKET_30D,62.0,62.0,100.0,REALIZED_VOL|DRAWDOWN|BREADTH|TURNOVER
2020-05-19,17.904210833519603,WARN_NOT_BRACKET_30D,50.0,50.0,28.464500056519128,30.0,16.8667388,OK,OPTBBS_PARSE_300INDEX_QVIX,,,,False,False,1.0,True,OK,True,,,,,17.954540325515385,OK_REPLICA_ROLLING_MEDIAN_BASIS,AVIX_CLEAN_MINUS_PRIOR_252D_MEDIAN_AVIX_QVIX_SPREAD,,,50.0,,,,,,,50.0,,,,,,,,,,,,,,,,,,,,,,50.0,,,,True,True,False,False,False,False,OK,,,,,50.0,45.9,CAUTION,警戒,WARN_BREADTH_MISSING|WARN_NOT_BRACKET_30D,62.0,62.0,100.0,REALIZED_VOL|DRAWDOWN|BREADTH|TURNOVER
2020-05-20,17.13606416557537,OK,50.0,50.0,21.909667470798567,30.0,18.55113937,OK,OPTBBS_PARSE_300INDEX_QVIX,,,,False,False,1.0,True,OK,True,,,,,17.171916875321703,OK_REPLICA_ROLLING_MEDIAN_BASIS,AVIX_CLEAN_MINUS_PRIOR_252D_MEDIAN_AVIX_QVIX_SPREAD,,,50.0,,,,,,,50.0,,,,,,,,,,,,,,,,,,,,,,50.0,,,,True,True,False,False,False,False,OK,,,,,50.0,45.4,CAUTION,警戒,WARN_BREADTH_MISSING,62.0,62.0,100.0,REALIZED_VOL|DRAWDOWN|BREADTH|TURNOVER
2020-05-21,18.653846640111475,OK,50.0,50.0,43.711880357089214,30.0,20.0,OK,OPTBBS_PARSE_300INDEX_QVIX,,,,False,False,1.0,True,OK,True,,,,,18.704176132107257,OK_REPLICA_ROLLING_MEDIAN_BASIS,AVIX_CLEAN_MINUS_PRIOR_252D_MEDIAN_AVIX_QVIX_SPREAD,,,50.0,,,,,,,50.0,,,,,,,,,,,,,,,,,,,,,,50.0,,,,True,True,False,False,False,False,OK,,,,,50.0,47.1,CAUTION,警戒,WARN_BREADTH_MISSING,62.0,62.0,100.0,REALIZED_VOL|DRAWDOWN|BREADTH|TURNOVER
2020-05-22,21.60464009996592,OK,50.0,50.0,75.9251060297399,30.0,20.37441267,OK,OPTBBS_PARSE_300INDEX_QVIX,,,,False,False,1.0,True,OK,True,,,,,21.657926152060796,OK_REPLICA_ROLLING_MEDIAN_BASIS,AVIX_CLEAN_MINUS_PRIOR_252D_MEDIAN_AVIX_QVIX_SPREAD,,,50.0,,,,,,,50.0,,,,,,,,,,,,,,,,,,,,,,50.0,,,,True,True,False,False,False,False,OK,,,,,50.0,49.7,CAUTION,警戒,WARN_BREADTH_MISSING,62.0,62.0,100.0,REALIZED_VOL|DRAWDOWN|BREADTH|TURNOVER
2020-05-25,20.00470205239248,OK,50.0,50.0,63.76088510868505,30.0,19.24684012,OK,OPTBBS_PARSE_300INDEX_QVIX,,,,False,False,1.0,True,OK,True,,,,,20.055031544388264,OK_REPLICA_ROLLING_MEDIAN_BASIS,AVIX_CLEAN_MINUS_PRIOR_252D_MEDIAN_AVIX_QVIX_SPREAD,,,50.0,,,,,,,50.0,,,,,,,,,,,,,,,,,,,,,,50.0,,,,True,True,False,False,False,False,OK,,,,,50.0,48.7,CAUTION,警戒,WARN_BREADTH_MISSING,62.0,62.0,100.0,REALIZED_VOL|DRAWDOWN|BREADTH|TURNOVER
2020-05-26,19.085384637801628,OK,50.0,50.0,63.19436880256877,30.0,20.69808215,OK,OPTBBS_PARSE_300INDEX_QVIX,,,,False,False,1.0,True,OK,True,,,,,19.12123734754796,OK_REPLICA_ROLLING_MEDIAN_BASIS,AVIX_CLEAN_MINUS_PRIOR_252D_MEDIAN_AVIX_QVIX_SPREAD,,,50.0,,,,,,,50.0,,,,,,,,,,,,,,,,,,,,,,50.0,,,,True,True,False,False,False,False,OK,,,,,50.0,48.7,CAUTION,警戒,WARN_BREADTH_MISSING,62.0,62.0,100.0,REALIZED_VOL|DRAWDOWN|BREADTH|TURNOVER
2020-05-27,20.305436598145626,OK,50.0,50.0,86.9906695253535,30.0,21.00106309,OK,OPTBBS_PARSE_300INDEX_QVIX,,,,False,False,1.0,True,OK,True,,,,,20.355766090141408,OK_REPLICA_ROLLING_MEDIAN_BASIS,AVIX_CLEAN_MINUS_PRIOR_252D_MEDIAN_AVIX_QVIX_SPREAD,,,50.0,,,,,,,50.0,,,,,,,,,,,,,,,,,,,,,,50.0,,,,True,True,False,False,False,False,OK,,,,,50.0,50.6,CAUTION,警戒,WARN_BREADTH_MISSING,62.0,62.0,100.0,REALIZED_VOL|DRAWDOWN|BREADTH|TURNOVER
2020-05-28,20.608972738125605,OK,50.0,50.0,70.96217617453777,30.0,21.11297996,OK,OPTBBS_PARSE_300INDEX_QVIX,,,,False,False,1.0,True,OK,True,,,,,20.66225879022048,OK_REPLICA_ROLLING_MEDIAN_BASIS,AVIX_CLEAN_MINUS_PRIOR_252D_MEDIAN_AVIX_QVIX_SPREAD,,,50.0,,,,,,,50.0,,,,,,,,,,,,,,,,,,,,,,50.0,,,,True,True,False,False,False,False,OK,,,,,50.0,49.3,CAUTION,警戒,WARN_BREADTH_MISSING,62.0,62.0,100.0,REALIZED_VOL|DRAWDOWN|BREADTH|TURNOVER
2020-05-29,20.69606420047175,OK,50.0,50.0,41.589067021805164,30.0,19.60976543,OK,OPTBBS_PARSE_300INDEX_QVIX,,,,False,False,1.0,True,OK,True,,,,,20.752306812665722,OK_REPLICA_ROLLING_MEDIAN_BASIS,AVIX_CLEAN_MINUS_PRIOR_252D_MEDIAN_AVIX_QVIX_SPREAD,,,50.0,,,,,,,50.0,,,,,,,,,,,,,,,,,,,,,,50.0,,,,True,True,False,False,False,False,OK,,,,,50.0,46.9,CAUTION,警戒,WARN_BREADTH_MISSING,62.0,62.0,100.0,REALIZED_VOL|DRAWDOWN|BREADTH|TURNOVER
2020-06-01,19.483499089807683,OK,50.0,50.0,44.789195447952544,30.0,19.18254229,OK,OPTBBS_PARSE_300INDEX_QVIX,,,,False,False,1.0,True,OK,True,,,,,19.53678514190256,OK_REPLICA_ROLLING_MEDIAN_BASIS,AVIX_CLEAN_MINUS_PRIOR_252D_MEDIAN_AVIX_QVIX_SPREAD,,,50.0,,,,,,,50.0,,,,,,,,,,,,,,,,,,,,,,50.0,,,,True,True,False,False,False,False,OK,,,,,50.0,47.2,CAUTION,警戒,WARN_BREADTH_MISSING,62.0,62.0,100.0,REALIZED_VOL|DRAWDOWN|BREADTH|TURNOVER
2020-06-02,18.96325104152833,OK,50.0,50.0,48.72013481948494,30.0,19.5641673,OK,OPTBBS_PARSE_300INDEX_QVIX,,,,False,False,1.0,True,OK,True,,,,,19.013580533524113,OK_REPLICA_ROLLING_MEDIAN_BASIS,AVIX_CLEAN_MINUS_PRIOR_252D_MEDIAN_AVIX_QVIX_SPREAD,,,50.0,,,,,,,50.0,,,,,,,,,,,,,,,,,,,,,,50.0,,,,True,True,False,False,False,False,OK,,,,,50.0,47.5,CAUTION,警戒,WARN_BREADTH_MISSING,62.0,62.0,100.0,REALIZED_VOL|DRAWDOWN|BREADTH|TURNOVER
2020-06-03,19.33077431114997,OK,50.0,50.0,40.39998689725621,30.0,19.74432925,OK,OPTBBS_PARSE_300INDEX_QVIX,,,,False,False,1.0,True,OK,True,,,,,19.384060363244846,OK_REPLICA_ROLLING_MEDIAN_BASIS,AVIX_CLEAN_MINUS_PRIOR_252D_MEDIAN_AVIX_QVIX_SPREAD,,,50.0,,,,,,,50.0,,,,,,,,,,,,,,,,,,,,,,50.0,,,,True,True,False,False,False,False,OK,,,,,50.0,46.8,CAUTION,警戒,WARN_BREADTH_MISSING,62.0,62.0,100.0,REALIZED_VOL|DRAWDOWN|BREADTH|TURNOVER
2020-06-04,19.45524013398641,OK,50.0,50.0,38.80358939963229,30.0,19.08710973,OK,OPTBBS_PARSE_300INDEX_QVIX,,,,False,False,1.0,True,OK,True,,,,,19.511482746180384,OK_REPLICA_ROLLING_MEDIAN_BASIS,AVIX_CLEAN_MINUS_PRIOR_252D_MEDIAN_AVIX_QVIX_SPREAD,,,50.0,,,,,,,50.0,,,,,,,,,,,,,,,,,,,,,,50.0,,,,True,True,False,False,False,False,OK,,,,,50.0,46.7,CAUTION,警戒,WARN_BREADTH_MISSING,62.0,62.0,100.0,REALIZED_VOL|DRAWDOWN|BREADTH|TURNOVER
2020-06-05,19.14376759542925,OK,50.0,50.0,34.99911297137244,30.0,18.16964746,OK,OPTBBS_PARSE_300INDEX_QVIX,,,,False,False,1.0,True,OK,True,,,,,19.197053647524125,OK_REPLICA_ROLLING_MEDIAN_BASIS,AVIX_CLEAN_MINUS_PRIOR_252D_MEDIAN_AVIX_QVIX_SPREAD,,,50.0,,,,,,,50.0,,,,,,,,,,,,,,,,,,,,,,50.0,,,,True,True,False,False,False,False,OK,,,,,50.0,46.4,CAUTION,警戒,WARN_BREADTH_MISSING,62.0,62.0,100.0,REALIZED_VOL|DRAWDOWN|BREADTH|TURNOVER
2020-06-08,18.60951582661654,OK,50.0,50.0,41.02847738835223,30.0,18.44193976,OK,OPTBBS_PARSE_300INDEX_QVIX,,,,False,False,1.0,True,OK,True,,,,,18.659845318612323,OK_REPLICA_ROLLING_MEDIAN_BASIS,AVIX_CLEAN_MINUS_PRIOR_252D_MEDIAN_AVIX_QVIX_SPREAD,,,50.0,,,,,,,50.0,,,,,,,,,,,,,,,,,,,,,,50.0,,,,True,True,False,False,False,False,OK,,,,,50.0,46.9,CAUTION,警戒,WARN_BREADTH_MISSING,62.0,62.0,100.0,REALIZED_VOL|DRAWDOWN|BREADTH|TURNOVER
2020-06-09,19.130486841667587,OK,50.0,50.0,51.76378828475161,30.0,18.92363269,OK,OPTBBS_PARSE_300INDEX_QVIX,,,,False,False,1.0,True,OK,True,,,,,19.16633955141392,OK_REPLICA_ROLLING_MEDIAN_BASIS,AVIX_CLEAN_MINUS_PRIOR_252D_MEDIAN_AVIX_QVIX_SPREAD,,,50.0,,,,,,,50.0,,,,,,,,,,,,,,,,,,,,,,50.0,,,,True,True,False,False,False,False,OK,,,,,50.0,47.7,CAUTION,警戒,WARN_BREADTH_MISSING,62.0,62.0,100.0,REALIZED_VOL|DRAWDOWN|BREADTH|TURNOVER
2020-06-10,19.19988014648876,OK,50.0,50.0,48.64574318075079,30.0,18.77010242,OK,OPTBBS_PARSE_300INDEX_QVIX,,,,False,False,1.0,True,OK,True,,,,,19.221256073985643,OK_REPLICA_ROLLING_MEDIAN_BASIS,AVIX_CLEAN_MINUS_PRIOR_252D_MEDIAN_AVIX_QVIX_SPREAD,,,50.0,,,,,,,50.0,,,,,,,,,,,,,,,,,,,,,,50.0,,,,True,True,False,False,False,False,OK,,,,,50.0,47.5,CAUTION,警戒,WARN_BREADTH_MISSING,62.0,62.0,100.0,REALIZED_VOL|DRAWDOWN|BREADTH|TURNOVER
2020-06-11,20.076153373904923,OK,50.0,50.0,56.38299230071016,30.0,18.30135148,OK,OPTBBS_PARSE_300INDEX_QVIX,,,,False,False,1.0,True,OK,True,,,,,20.074575507559437,OK_REPLICA_ROLLING_MEDIAN_BASIS,AVIX_CLEAN_MINUS_PRIOR_252D_MEDIAN_AVIX_QVIX_SPREAD,,,50.0,,,,,,,50.0,,,,,,,,,,,,,,,,,,,,,,50.0,,,,True,True,False,False,False,False,OK,,,,,50.0,48.1,CAUTION,警戒,WARN_BREADTH_MISSING,62.0,62.0,100.0,REALIZED_VOL|DRAWDOWN|BREADTH|TURNOVER
2020-06-12,19.53624007050726,OK,50.0,50.0,54.100263682387336,30.0,21.39271572,OK,OPTBBS_PARSE_300INDEX_QVIX,,,,False,False,1.0,True,OK,True,,,,,19.511708410319407,OK_REPLICA_ROLLING_MEDIAN_BASIS,AVIX_CLEAN_MINUS_PRIOR_252D_MEDIAN_AVIX_QVIX_SPREAD,,,50.0,,,,,,,50.0,,,,,,,,,,,,,,,,,,,,,,50.0,,,,True,True,False,False,False,False,OK,,,,,50.0,47.9,CAUTION,警戒,WARN_BREADTH_MISSING,62.0,62.0,100.0,REALIZED_VOL|DRAWDOWN|BREADTH|TURNOVER
2020-06-15,20.07515392024146,WARN_NOT_BRACKET_30D,50.0,50.0,65.75149087467031,30.0,18.45430287,OK,OPTBBS_PARSE_300INDEX_QVIX,,,,False,False,1.0,True,OK,True,,,,,20.073576053895973,OK_REPLICA_ROLLING_MEDIAN_BASIS,AVIX_CLEAN_MINUS_PRIOR_252D_MEDIAN_AVIX_QVIX_SPREAD,,,50.0,,,,,,,50.0,,,,,,,,,,,,,,,,,,,,,,50.0,,,,True,True,False,False,False,False,OK,,,,,50.0,48.9,CAUTION,警戒,WARN_BREADTH_MISSING|WARN_NOT_BRACKET_30D,62.0,62.0,100.0,REALIZED_VOL|DRAWDOWN|BREADTH|TURNOVER
2020-06-16,18.94567336005019,WARN_NOT_BRACKET_30D,50.0,50.0,48.067864313679046,30.0,18.34290125,OK,OPTBBS_PARSE_300INDEX_QVIX,,,,False,False,1.0,True,OK,True,,,,,18.921141699862336,OK_REPLICA_ROLLING_MEDIAN_BASIS,AVIX_CLEAN_MINUS_PRIOR_252D_MEDIAN_AVIX_QVIX_SPREAD,,,50.0,,,,,,,50.0,,,,,,,,,,,,,,,,,,,,,,50.0,,,,True,True,False,False,False,False,OK,,,,,50.0,47.4,CAUTION,警戒,WARN_BREADTH_MISSING|WARN_NOT_BRACKET_30D,62.0,62.0,100.0,REALIZED_VOL|DRAWDOWN|BREADTH|TURNOVER
2020-06-17,19.48458364424201,OK,50.0,50.0,52.96567994780234,30.0,19.06002798,OK,OPTBBS_PARSE_300INDEX_QVIX,,,,False,False,1.0,True,OK,True,,,,,19.458835467321414,OK_REPLICA_ROLLING_MEDIAN_BASIS,AVIX_CLEAN_MINUS_PRIOR_252D_MEDIAN_AVIX_QVIX_SPREAD,,,50.0,,,,,,,50.0,,,,,,,,,,,,,,,,,,,,,,50.0,,,,True,True,False,False,False,False,OK,,,,,50.0,47.8,CAUTION,警戒,WARN_BREADTH_MISSING,62.0,62.0,100.0,REALIZED_VOL|DRAWDOWN|BREADTH|TURNOVER
2020-06-18,19.08164338117809,OK,50.0,50.0,40.09262407788235,30.0,20.1775585,OK,OPTBBS_PARSE_300INDEX_QVIX,,,,False,False,1.0,True,OK,True,,,,,19.054678687524746,OK_REPLICA_ROLLING_MEDIAN_BASIS,AVIX_CLEAN_MINUS_PRIOR_252D_MEDIAN_AVIX_QVIX_SPREAD,,,50.0,,,,,,,50.0,,,,,,,,,,,,,,,,,,,,,,50.0,,,,True,True,False,False,False,False,OK,,,,,50.0,46.8,CAUTION,警戒,WARN_BREADTH_MISSING,62.0,62.0,100.0,REALIZED_VOL|DRAWDOWN|BREADTH|TURNOVER
2020-06-19,20.256773211591405,OK,50.0,50.0,57.3763747628377,30.0,21.5293856,OK,OPTBBS_PARSE_300INDEX_QVIX,,,,False,False,1.0,True,OK,True,,,,,20.231025034670807,OK_REPLICA_ROLLING_MEDIAN_BASIS,AVIX_CLEAN_MINUS_PRIOR_252D_MEDIAN_AVIX_QVIX_SPREAD,,,50.0,,,,,,,50.0,,,,,,,,,,,,,,,,,,,,,,50.0,,,,True,True,False,False,False,False,OK,,,,,50.0,48.2,CAUTION,警戒,WARN_BREADTH_MISSING,62.0,62.0,100.0,REALIZED_VOL|DRAWDOWN|BREADTH|TURNOVER
2020-06-22,21.39256131748276,OK,50.83333333333333,43.25015618159459,63.12475513239257,30.0,22.13810109,OK,OPTBBS_PARSE_300INDEX_QVIX,,,,False,False,1.0,True,OK,True,,,,,21.368029657294905,OK_REPLICA_ROLLING_MEDIAN_BASIS,AVIX_CLEAN_MINUS_PRIOR_252D_MEDIAN_AVIX_QVIX_SPREAD,,,50.0,,,,,,,50.0,,,,,,,,,,,,,,,,,,,,,,50.0,,,,True,True,False,False,False,False,OK,,,,,50.0,47.9,CAUTION,警戒,WARN_BREADTH_MISSING,62.0,62.0,100.0,REALIZED_VOL|DRAWDOWN|BREADTH|TURNOVER
2020-06-23,22.073414893120816,OK,55.371900826446286,45.33762783118481,83.01800335759975,30.0,22.0,OK,OPTBBS_PARSE_300INDEX_QVIX,,,,False,False,1.0,True,OK,True,,,,,22.07183702677533,OK_REPLICA_ROLLING_MEDIAN_BASIS,AVIX_CLEAN_MINUS_PRIOR_252D_MEDIAN_AVIX_QVIX_SPREAD,,,50.0,,,,,,,50.0,,,,,,,,,,,,,,,,,,,,,,50.0,,,,True,True,False,False,False,False,OK,,,,,50.0,51.1,CAUTION,警戒,WARN_BREADTH_MISSING,62.0,62.0,100.0,REALIZED_VOL|DRAWDOWN|BREADTH|TURNOVER
2020-06-24,22.192457168630227,OK,56.557377049180324,45.71881999961696,77.79503605342302,30.0,20.92634815,OK,OPTBBS_PARSE_300INDEX_QVIX,,,,False,False,1.0,True,OK,True,,,,,22.167925508442373,OK_REPLICA_ROLLING_MEDIAN_BASIS,AVIX_CLEAN_MINUS_PRIOR_252D_MEDIAN_AVIX_QVIX_SPREAD,,,50.0,,,,,,,50.0,,,,,,,,,,,,,,,,,,,,,,50.0,,,,True,True,False,False,False,False,OK,,,,,50.0,51.1,CAUTION,警戒,WARN_BREADTH_MISSING,62.0,62.0,100.0,REALIZED_VOL|DRAWDOWN|BREADTH|TURNOVER
2020-06-29,20.80161564425082,OK,45.52845528455284,41.50328748155576,68.0275066325712,30.0,19.19014614,OK,OPTBBS_PARSE_300INDEX_QVIX,,,,False,False,1.0,True,OK,True,,,,,20.775867467330222,OK_REPLICA_ROLLING_MEDIAN_BASIS,AVIX_CLEAN_MINUS_PRIOR_252D_MEDIAN_AVIX_QVIX_SPREAD,,,50.0,,,,,,,50.0,,,,,,,,,,,,,,,,,,,,,,50.0,,,,True,True,False,False,False,False,OK,,,,,50.0,46.6,CAUTION,警戒,WARN_BREADTH_MISSING,62.0,62.0,100.0,REALIZED_VOL|DRAWDOWN|BREADTH|TURNOVER
2020-06-30,19.37663066863392,OK,28.225806451612907,37.20083746701215,41.31014072415198,30.0,20.64314682,OK,OPTBBS_PARSE_300INDEX_QVIX,,,,False,False,1.0,True,OK,True,,,,,19.349665974980574,OK_REPLICA_ROLLING_MEDIAN_BASIS,AVIX_CLEAN_MINUS_PRIOR_252D_MEDIAN_AVIX_QVIX_SPREAD,,,50.0,,,,,,,50.0,,,,,,,,,,,,,,,,,,,,,,50.0,,,,True,True,False,False,False,False,OK,,,,,50.0,39.0,NORMAL,正常,WARN_BREADTH_MISSING,62.0,62.0,100.0,REALIZED_VOL|DRAWDOWN|BREADTH|TURNOVER
2020-07-01,20.30872390661672,OK,41.6,40.119106534749385,39.86715620648671,30.0,23.55460633,OK,OPTBBS_PARSE_300INDEX_QVIX,,,,False,False,1.0,True,OK,True,,,,,20.28297572969612,OK_REPLICA_ROLLING_MEDIAN_BASIS,AVIX_CLEAN_MINUS_PRIOR_252D_MEDIAN_AVIX_QVIX_SPREAD,,,50.0,,,,,,,50.0,,,,,,,,,,,,,,,,,,,,,,50.0,,,,True,True,False,False,False,False,OK,,,,,50.0,43.1,CAUTION,警戒,WARN_BREADTH_MISSING,62.0,62.0,100.0,REALIZED_VOL|DRAWDOWN|BREADTH|TURNOVER
2020-07-02,23.00295416179585,OK,65.07936507936508,48.44349583492043,58.42225159247762,30.0,25.01501989,OK,OPTBBS_PARSE_300INDEX_QVIX,,,,False,False,1.0,True,OK,True,,,,,22.978422501607994,OK_REPLICA_ROLLING_MEDIAN_BASIS,AVIX_CLEAN_MINUS_PRIOR_252D_MEDIAN_AVIX_QVIX_SPREAD,,,50.0,,,,,,,50.0,,,,,,,,,,,,,,,,,,,,,,50.0,,,,True,True,False,False,False,False,OK,,,,,50.0,52.3,CAUTION,警戒,WARN_BREADTH_MISSING,62.0,62.0,100.0,REALIZED_VOL|DRAWDOWN|BREADTH|TURNOVER
2020-07-03,24.920584505191893,OK,67.71653543307087,54.36967727026432,74.5860772949285,30.0,29.31293212,OK,OPTBBS_PARSE_300INDEX_QVIX,,,,False,False,1.0,True,OK,True,,,,,24.919006638846408,OK_REPLICA_ROLLING_MEDIAN_BASIS,AVIX_CLEAN_MINUS_PRIOR_252D_MEDIAN_AVIX_QVIX_SPREAD,,,50.0,,,,,,,50.0,,,,,,,,,,,,,,,,,,,,,,50.0,,,,True,True,False,False,False,False,OK,,,,,50.0,55.1,CAUTION,警戒,WARN_BREADTH_MISSING,62.0,62.0,100.0,REALIZED_VOL|DRAWDOWN|BREADTH|TURNOVER
2020-07-06,31.265706976587776,OK,86.71875,73.88283275429205,100.0,30.0,25.89307517,OK,OPTBBS_PARSE_300INDEX_QVIX,,,,False,False,1.0,True,OK,True,,,,,31.28708290408466,OK_REPLICA_ROLLING_MEDIAN_BASIS,AVIX_CLEAN_MINUS_PRIOR_252D_MEDIAN_AVIX_QVIX_SPREAD,,,50.0,,,,,,,50.0,,,,,,,,,,,,,,,,,,,,,,50.0,,,,True,True,False,False,False,False,OK,,,,,50.0,65.2,HIGH_RISK,高风险,WARN_BREADTH_MISSING,62.0,62.0,100.0,REALIZED_VOL|DRAWDOWN|BREADTH|TURNOVER
2020-07-07,32.17733780135993,OK,88.37209302325581,76.42798574988716,100.0,30.0,36.53236959,OK,OPTBBS_PARSE_300INDEX_QVIX,,,,False,False,1.0,True,OK,True,,,,,32.17575993501445,OK_REPLICA_ROLLING_MEDIAN_BASIS,AVIX_CLEAN_MINUS_PRIOR_252D_MEDIAN_AVIX_QVIX_SPREAD,,,50.0,,,,,,,50.0,,,,,,,,,,,,,,,,,,,,,,50.0,,,,True,True,False,False,False,False,OK,,,,,50.0,66.0,HIGH_RISK,高风险,WARN_BREADTH_MISSING,62.0,62.0,100.0,REALIZED_VOL|DRAWDOWN|BREADTH|TURNOVER
2020-07-08,32.33048329494749,OK,88.46153846153845,76.6133881622975,100.0,30.0,35.91138513,OK,OPTBBS_PARSE_300INDEX_QVIX,,,,False,False,1.0,True,OK,True,,,,,32.351859222444375,OK_REPLICA_ROLLING_MEDIAN_BASIS,AVIX_CLEAN_MINUS_PRIOR_252D_MEDIAN_AVIX_QVIX_SPREAD,,,50.0,,,,,,,50.0,,,,,,,,,,,,,,,,,,,,,,50.0,,,,True,True,False,False,False,False,OK,,,,,50.0,66.1,HIGH_RISK,高风险,WARN_BREADTH_MISSING,62.0,62.0,100.0,REALIZED_VOL|DRAWDOWN|BREADTH|TURNOVER
2020-07-09,32.14204334333102,OK,87.02290076335878,75.76548276222209,100.0,30.0,31.91188055,OK,OPTBBS_PARSE_300INDEX_QVIX,,,,False,False,1.0,True,OK,True,,,,,32.17789605307735,OK_REPLICA_ROLLING_MEDIAN_BASIS,AVIX_CLEAN_MINUS_PRIOR_252D_MEDIAN_AVIX_QVIX_SPREAD,,,50.0,,,,,,,50.0,,,,,,,,,,,,,,,,,,,,,,50.0,,,,True,True,False,False,False,False,OK,,,,,50.0,65.6,HIGH_RISK,高风险,WARN_BREADTH_MISSING,62.0,62.0,100.0,REALIZED_VOL|DRAWDOWN|BREADTH|TURNOVER
2020-07-10,32.307183055724714,OK,87.87878787878788,76.00430193669314,100.0,30.0,31.50852614,OK,OPTBBS_PARSE_300INDEX_QVIX,,,,False,False,1.0,True,OK,True,,,,,32.3285589832216,OK_REPLICA_ROLLING_MEDIAN_BASIS,AVIX_CLEAN_MINUS_PRIOR_252D_MEDIAN_AVIX_QVIX_SPREAD,,,50.0,,,,,,,50.0,,,,,,,,,,,,,,,,,,,,,,50.0,,,,True,True,False,False,False,False,OK,,,,,50.0,65.8,HIGH_RISK,高风险,WARN_BREADTH_MISSING,62.0,62.0,100.0,REALIZED_VOL|DRAWDOWN|BREADTH|TURNOVER
2020-07-13,29.255692504700537,WARN_NOT_BRACKET_30D,81.203007518797,66.5279784638403,37.14236992374829,30.0,30.35606833,OK,OPTBBS_PARSE_300INDEX_QVIX,,,,False,False,1.0,True,OK,True,,,,,29.254114638355052,OK_REPLICA_ROLLING_MEDIAN_BASIS,AVIX_CLEAN_MINUS_PRIOR_252D_MEDIAN_AVIX_QVIX_SPREAD,,,50.0,,,,,,,50.0,,,,,,,,,,,,,,,,,,,,,,50.0,,,,True,True,False,False,False,False,OK,,,,,50.0,57.6,CAUTION,警戒,WARN_BREADTH_MISSING|WARN_NOT_BRACKET_30D,62.0,62.0,100.0,REALIZED_VOL|DRAWDOWN|BREADTH|TURNOVER
2020-07-14,30.21363031617418,WARN_NOT_BRACKET_30D,82.08955223880598,69.33220408858469,37.794468906605694,30.0,30.46791281,OK,OPTBBS_PARSE_300INDEX_QVIX,,,,False,False,1.0,True,OK,True,,,,,30.235006243671062,OK_REPLICA_ROLLING_MEDIAN_BASIS,AVIX_CLEAN_MINUS_PRIOR_252D_MEDIAN_AVIX_QVIX_SPREAD,,,50.0,,,,,,,50.0,,,,,,,,,,,,,,,,,,,,,,50.0,,,,True,True,False,False,False,False,OK,,,,,50.0,58.3,CAUTION,警戒,WARN_BREADTH_MISSING|WARN_NOT_BRACKET_30D,62.0,62.0,100.0,REALIZED_VOL|DRAWDOWN|BREADTH|TURNOVER
2020-07-15,30.37210570243881,WARN_NOT_BRACKET_30D,82.22222222222221,69.67459870521338,37.88525630970241,30.0,33.75565864,OK,OPTBBS_PARSE_300INDEX_QVIX,,,,False,False,1.0,True,OK,True,,,,,30.407958412185142,OK_REPLICA_ROLLING_MEDIAN_BASIS,AVIX_CLEAN_MINUS_PRIOR_252D_MEDIAN_AVIX_QVIX_SPREAD,,,50.0,,,,,,,50.0,,,,,,,,,,,,,,,,,,,,,,50.0,,,,True,True,False,False,False,False,OK,,,,,50.0,58.4,CAUTION,警戒,WARN_BREADTH_MISSING|WARN_NOT_BRACKET_30D,62.0,62.0,100.0,REALIZED_VOL|DRAWDOWN|BREADTH|TURNOVER
2020-07-16,33.70546420753829,WARN_NOT_BRACKET_30D,90.44117647058823,79.57286642377758,59.72819834450047,30.0,28.44915415,OK,OPTBBS_PARSE_300INDEX_QVIX,,,,False,False,1.0,True,OK,True,,,,,33.755793699534074,OK_REPLICA_ROLLING_MEDIAN_BASIS,AVIX_CLEAN_MINUS_PRIOR_252D_MEDIAN_AVIX_QVIX_SPREAD,,,50.0,,,,,,,50.0,,,,,,,,,,,,,,,,,,,,,,50.0,,,,True,True,False,False,False,False,OK,,,,,50.0,63.8,HIGH_RISK,高风险,WARN_BREADTH_MISSING|WARN_NOT_BRACKET_30D,62.0,62.0,100.0,REALIZED_VOL|DRAWDOWN|BREADTH|TURNOVER
2020-07-17,28.51069577418614,WARN_NOT_BRACKET_30D,77.37226277372264,63.59501064485995,26.49756541763333,30.0,29.3,OK,OPTBBS_PARSE_300INDEX_QVIX,,,,False,False,1.0,True,OK,True,,,,,28.546548483932472,OK_REPLICA_ROLLING_MEDIAN_BASIS,AVIX_CLEAN_MINUS_PRIOR_252D_MEDIAN_AVIX_QVIX_SPREAD,,,50.0,,,,,,,50.0,,,,,,,,,,,,,,,,,,,,,,50.0,,,,True,True,False,False,False,False,OK,,,,,50.0,55.3,CAUTION,警戒,WARN_BREADTH_MISSING|WARN_NOT_BRACKET_30D,62.0,62.0,100.0,REALIZED_VOL|DRAWDOWN|BREADTH|TURNOVER
2020-07-20,29.45724437190902,WARN_NOT_BRACKET_30D,79.71014492753623,66.39867936782909,51.37786427155056,30.0,28.21365048,OK,OPTBBS_PARSE_300INDEX_QVIX,,,,False,False,1.0,True,OK,True,,,,,29.507573863904803,OK_REPLICA_ROLLING_MEDIAN_BASIS,AVIX_CLEAN_MINUS_PRIOR_252D_MEDIAN_AVIX_QVIX_SPREAD,,,50.0,,,,,,,50.0,,,,,,,,,,,,,,,,,,,,,,50.0,,,,True,True,False,False,False,False,OK,,,,,50.0,58.3,CAUTION,警戒,WARN_BREADTH_MISSING|WARN_NOT_BRACKET_30D,62.0,62.0,100.0,REALIZED_VOL|DRAWDOWN|BREADTH|TURNOVER
2020-07-21,28.373683787797937,WARN_NOT_BRACKET_30D,76.2589928057554,63.003748316108535,37.820420723217296,30.0,27.58089971,OK,OPTBBS_PARSE_300INDEX_QVIX,,,,False,False,1.0,True,OK,True,,,,,28.40953649754427,OK_REPLICA_ROLLING_MEDIAN_BASIS,AVIX_CLEAN_MINUS_PRIOR_252D_MEDIAN_AVIX_QVIX_SPREAD,,,50.0,,,,,,,50.0,,,,,,,,,,,,,,,,,,,,,,50.0,,,,True,True,False,False,False,False,OK,,,,,50.0,55.8,CAUTION,警戒,WARN_BREADTH_MISSING|WARN_NOT_BRACKET_30D,62.0,62.0,100.0,REALIZED_VOL|DRAWDOWN|BREADTH|TURNOVER
2020-07-22,27.85760024559552,OK,75.0,61.36146933719173,33.44200773250054,30.0,28.50494653,OK,OPTBBS_PARSE_300INDEX_QVIX,,,,False,False,1.0,True,OK,True,,,,,27.878976173092404,OK_REPLICA_ROLLING_MEDIAN_BASIS,AVIX_CLEAN_MINUS_PRIOR_252D_MEDIAN_AVIX_QVIX_SPREAD,,,50.0,,,,,,,50.0,,,,,,,,,,,,,,,,,,,,,,50.0,,,,True,True,False,False,False,False,OK,,,,,50.0,54.9,CAUTION,警戒,WARN_BREADTH_MISSING,62.0,62.0,100.0,REALIZED_VOL|DRAWDOWN|BREADTH|TURNOVER
2020-07-23,28.58778252953637,OK,77.30496453900709,63.54393130409662,19.63292570907631,30.0,32.70709274,OK,OPTBBS_PARSE_300INDEX_QVIX,,,,False,False,1.0,True,OK,True,,,,,28.623635239282702,OK_REPLICA_ROLLING_MEDIAN_BASIS,AVIX_CLEAN_MINUS_PRIOR_252D_MEDIAN_AVIX_QVIX_SPREAD,,,50.0,,,,,,,50.0,,,,,,,,,,,,,,,,,,,,,,50.0,,,,True,True,False,False,False,False,OK,,,,,50.0,54.7,CAUTION,警戒,WARN_BREADTH_MISSING,62.0,62.0,100.0,REALIZED_VOL|DRAWDOWN|BREADTH|TURNOVER
2020-07-24,32.5261132117741,OK,89.43661971830986,75.47954843781879,78.16779688150271,30.0,31.41636571,OK,OPTBBS_PARSE_300INDEX_QVIX,,,,False,False,1.0,True,OK,True,,,,,32.576442703769885,OK_REPLICA_ROLLING_MEDIAN_BASIS,AVIX_CLEAN_MINUS_PRIOR_252D_MEDIAN_AVIX_QVIX_SPREAD,,,50.0,,,,,,,50.0,,,,,,,,,,,,,,,,,,,,,,50.0,,,,True,True,False,False,False,False,OK,,,,,50.0,64.5,HIGH_RISK,高风险,WARN_BREADTH_MISSING,62.0,62.0,100.0,REALIZED_VOL|DRAWDOWN|BREADTH|TURNOVER
2020-07-27,31.08334414238694,OK,83.21678321678321,70.87534132474885,61.040406563137985,30.0,31.04436519,OK,OPTBBS_PARSE_300INDEX_QVIX,,,,False,False,1.0,True,OK,True,,,,,31.119196852133275,OK_REPLICA_ROLLING_MEDIAN_BASIS,AVIX_CLEAN_MINUS_PRIOR_252D_MEDIAN_AVIX_QVIX_SPREAD,,,50.0,,,,,,,50.0,,,,,,,,,,,,,,,,,,,,,,50.0,,,,True,True,False,False,False,False,OK,,,,,50.0,60.7,HIGH_RISK,高风险,WARN_BREADTH_MISSING,62.0,62.0,100.0,REALIZED_VOL|DRAWDOWN|BREADTH|TURNOVER
2020-07-28,30.56533049244881,OK,81.25,69.14947695852597,65.44844667362781,30.0,31.54695645,OK,OPTBBS_PARSE_300INDEX_QVIX,,,,False,False,1.0,True,OK,True,,,,,30.586706419945692,OK_REPLICA_ROLLING_MEDIAN_BASIS,AVIX_CLEAN_MINUS_PRIOR_252D_MEDIAN_AVIX_QVIX_SPREAD,,,50.0,,,,,,,50.0,,,,,,,,,,,,,,,,,,,,,,50.0,,,,True,True,False,False,False,False,OK,,,,,50.0,60.3,HIGH_RISK,高风险,WARN_BREADTH_MISSING,62.0,62.0,100.0,REALIZED_VOL|DRAWDOWN|BREADTH|TURNOVER
2020-07-29,30.99909937052377,OK,82.06896551724138,70.34299384195029,72.55398237631714,30.0,31.74772805,OK,OPTBBS_PARSE_300INDEX_QVIX,,,,False,False,1.0,True,OK,True,,,,,31.034952080270102,OK_REPLICA_ROLLING_MEDIAN_BASIS,AVIX_CLEAN_MINUS_PRIOR_252D_MEDIAN_AVIX_QVIX_SPREAD,,,50.0,,,,,,,50.0,,,,,,,,,,,,,,,,,,,,,,50.0,,,,True,True,False,False,False,False,OK,,,,,50.0,61.2,HIGH_RISK,高风险,WARN_BREADTH_MISSING,62.0,62.0,100.0,REALIZED_VOL|DRAWDOWN|BREADTH|TURNOVER
2020-07-30,31.25526448753812,OK,83.56164383561644,70.98029417725724,68.66169196750924,30.0,31.74772805,OK,OPTBBS_PARSE_300INDEX_QVIX,,,,False,False,1.0,True,OK,True,,,,,31.305593979533903,OK_REPLICA_ROLLING_MEDIAN_BASIS,AVIX_CLEAN_MINUS_PRIOR_252D_MEDIAN_AVIX_QVIX_SPREAD,,,50.0,,,,,,,50.0,,,,,,,,,,,,,,,,,,,,,,50.0,,,,True,True,False,False,False,False,OK,,,,,50.0,61.4,HIGH_RISK,高风险,WARN_BREADTH_MISSING,62.0,62.0,100.0,REALIZED_VOL|DRAWDOWN|BREADTH|TURNOVER
2020-07-31,31.856048937781665,OK,85.71428571428571,72.6540491355872,45.879838026574404,30.0,32.43,OK,OPTBBS_PARSE_300INDEX_QVIX,,,,False,False,1.0,True,OK,True,,,,,31.90933498987654,OK_REPLICA_ROLLING_MEDIAN_BASIS,AVIX_CLEAN_MINUS_PRIOR_252D_MEDIAN_AVIX_QVIX_SPREAD,,,50.0,,,,,,,50.0,,,,,,,,,,,,,,,,,,,,,,50.0,,,,True,True,False,False,False,False,OK,,,,,50.0,60.4,HIGH_RISK,高风险,WARN_BREADTH_MISSING,62.0,62.0,100.0,REALIZED_VOL|DRAWDOWN|BREADTH|TURNOVER
2020-08-03,33.01146024124313,OK,90.54054054054053,75.97258588488658,62.406104632911095,30.0,34.46837514,OK,OPTBBS_PARSE_300INDEX_QVIX,,,,False,False,1.0,True,OK,True,,,,,33.0677028534371,OK_REPLICA_ROLLING_MEDIAN_BASIS,AVIX_CLEAN_MINUS_PRIOR_252D_MEDIAN_AVIX_QVIX_SPREAD,,,50.0,,,,,,,50.0,,,,,,,,,,,,,,,,,,,,,,50.0,,,,True,True,False,False,False,False,OK,,,,,50.0,63.6,HIGH_RISK,高风险,WARN_BREADTH_MISSING,62.0,62.0,100.0,REALIZED_VOL|DRAWDOWN|BREADTH|TURNOVER
2020-08-04,31.662374638835683,OK,84.56375838926175,71.6682825385163,57.17835618795548,30.0,33.98,OK,OPTBBS_PARSE_300INDEX_QVIX,,,,False,False,1.0,True,OK,True,,,,,31.722432823359714,OK_REPLICA_ROLLING_MEDIAN_BASIS,AVIX_CLEAN_MINUS_PRIOR_252D_MEDIAN_AVIX_QVIX_SPREAD,,,50.0,,,,,,,50.0,,,,,,,,,,,,,,,,,,,,,,50.0,,,,True,True,False,False,False,False,OK,,,,,50.0,60.9,HIGH_RISK,高风险,WARN_BREADTH_MISSING,62.0,62.0,100.0,REALIZED_VOL|DRAWDOWN|BREADTH|TURNOVER
2020-08-05,31.564652717762,OK,84.0,71.21627990778049,53.64883728058243,30.0,32.23666577,OK,OPTBBS_PARSE_300INDEX_QVIX,,,,False,False,1.0,True,OK,True,,,,,31.62852647461609,OK_REPLICA_ROLLING_MEDIAN_BASIS,AVIX_CLEAN_MINUS_PRIOR_252D_MEDIAN_AVIX_QVIX_SPREAD,,,50.0,,,,,,,50.0,,,,,,,,,,,,,,,,,,,,,,50.0,,,,True,True,False,False,False,False,OK,,,,,50.0,60.4,HIGH_RISK,高风险,WARN_BREADTH_MISSING,62.0,62.0,100.0,REALIZED_VOL|DRAWDOWN|BREADTH|TURNOVER
2020-08-06,34.28864856692392,OK,92.05298013245033,79.26548433349942,69.41038816417787,30.0,32.78456601,OK,OPTBBS_PARSE_300INDEX_QVIX,,,,False,False,1.0,True,OK,True,,,,,34.35722637253019,OK_REPLICA_ROLLING_MEDIAN_BASIS,AVIX_CLEAN_MINUS_PRIOR_252D_MEDIAN_AVIX_QVIX_SPREAD,,,50.0,,,,,,,50.0,,,,,,,,,,,,,,,,,,,,,,50.0,,,,True,True,False,False,False,False,OK,,,,,50.0,65.0,HIGH_RISK,高风险,WARN_BREADTH_MISSING,62.0,62.0,100.0,REALIZED_VOL|DRAWDOWN|BREADTH|TURNOVER
2020-08-07,31.76018535512372,OK,84.21052631578947,71.38401792024789,49.398145182127415,30.0,31.8169569,OK,OPTBBS_PARSE_300INDEX_QVIX,,,,False,False,1.0,True,OK,True,,,,,31.82405911197781,OK_REPLICA_ROLLING_MEDIAN_BASIS,AVIX_CLEAN_MINUS_PRIOR_252D_MEDIAN_AVIX_QVIX_SPREAD,,,50.0,,,,,,,50.0,,,,,,,,,,,,,,,,,,,,,,50.0,,,,True,True,False,False,False,False,OK,,,,,50.0,60.1,HIGH_RISK,高风险,WARN_BREADTH_MISSING,62.0,62.0,100.0,REALIZED_VOL|DRAWDOWN|BREADTH|TURNOVER
2020-08-10,31.535219793271523,OK,82.35294117647058,70.5570953153197,41.05619419932687,30.0,32.01342429,OK,OPTBBS_PARSE_300INDEX_QVIX,,,,False,False,1.0,True,OK,True,,,,,31.595542444136708,OK_REPLICA_ROLLING_MEDIAN_BASIS,AVIX_CLEAN_MINUS_PRIOR_252D_MEDIAN_AVIX_QVIX_SPREAD,,,50.0,,,,,,,50.0,,,,,,,,,,,,,,,,,,,,,,50.0,,,,True,True,False,False,False,False,OK,,,,,50.0,58.8,CAUTION,警戒,WARN_BREADTH_MISSING,62.0,62.0,100.0,REALIZED_VOL|DRAWDOWN|BREADTH|TURNOVER
2020-08-11,29.33261159116419,OK,73.37662337662337,63.762779416231204,35.28371245526287,30.0,29.57048488,OK,OPTBBS_PARSE_300INDEX_QVIX,,,,False,False,1.0,True,OK,True,,,,,29.39648534801828,OK_REPLICA_ROLLING_MEDIAN_BASIS,AVIX_CLEAN_MINUS_PRIOR_252D_MEDIAN_AVIX_QVIX_SPREAD,,,50.0,,,,,,,50.0,,,,,,,,,,,,,,,,,,,,,,50.0,,,,True,True,False,False,False,False,OK,,,,,50.0,54.9,CAUTION,警戒,WARN_BREADTH_MISSING,62.0,62.0,100.0,REALIZED_VOL|DRAWDOWN|BREADTH|TURNOVER
2020-08-12,29.17711133245166,OK,71.61290322580646,63.22537649125961,34.8720566853135,30.0,29.76720277,OK,OPTBBS_PARSE_300INDEX_QVIX,,,,False,False,1.0,True,OK,True,,,,,29.245689138057934,OK_REPLICA_ROLLING_MEDIAN_BASIS,AVIX_CLEAN_MINUS_PRIOR_252D_MEDIAN_AVIX_QVIX_SPREAD,,,50.0,,,,,,,50.0,,,,,,,,,,,,,,,,,,,,,,50.0,,,,True,True,False,False,False,False,OK,,,,,50.0,54.3,CAUTION,警戒,WARN_BREADTH_MISSING,62.0,62.0,100.0,REALIZED_VOL|DRAWDOWN|BREADTH|TURNOVER
2020-08-13,28.30305524651181,OK,68.58974358974359,60.502924655611025,15.087026928287692,30.0,28.03490312,OK,OPTBBS_PARSE_300INDEX_QVIX,,,,False,False,1.0,True,OK,True,,,,,28.376337100870266,OK_REPLICA_ROLLING_MEDIAN_BASIS,AVIX_CLEAN_MINUS_PRIOR_252D_MEDIAN_AVIX_QVIX_SPREAD,,,50.0,,,,,,,50.0,,,,,,,,,,,,,,,,,,,,,,50.0,,,,True,True,False,False,False,False,OK,,,,,50.0,51.5,CAUTION,警戒,WARN_BREADTH_MISSING,62.0,62.0,100.0,REALIZED_VOL|DRAWDOWN|BREADTH|TURNOVER
2020-08-14,28.31054055162401,OK,68.78980891719745,60.48326132469619,28.27692272618807,30.0,27.82019109,OK,OPTBBS_PARSE_300INDEX_QVIX,,,,False,False,1.0,True,OK,True,,,,,28.379118357230283,OK_REPLICA_ROLLING_MEDIAN_BASIS,AVIX_CLEAN_MINUS_PRIOR_252D_MEDIAN_AVIX_QVIX_SPREAD,,,50.0,,,,,,,50.0,,,,,,,,,,,,,,,,,,,,,,50.0,,,,True,True,False,False,False,False,OK,,,,,50.0,52.6,CAUTION,警戒,WARN_BREADTH_MISSING,62.0,62.0,100.0,REALIZED_VOL|DRAWDOWN|BREADTH|TURNOVER
2020-08-17,30.56216515985749,WARN_NOT_BRACKET_30D,76.58227848101265,67.32121806759731,43.82877531983051,30.0,33.09975973,OK,OPTBBS_PARSE_300INDEX_QVIX,,,,False,False,1.0,True,OK,True,,,,,30.62603891671158,OK_REPLICA_ROLLING_MEDIAN_BASIS,AVIX_CLEAN_MINUS_PRIOR_252D_MEDIAN_AVIX_QVIX_SPREAD,,,50.0,,,,,,,50.0,,,,,,,,,,,,,,,,,,,,,,50.0,,,,True,True,False,False,False,False,OK,,,,,50.0,57.0,CAUTION,警戒,WARN_BREADTH_MISSING|WARN_NOT_BRACKET_30D,62.0,62.0,100.0,REALIZED_VOL|DRAWDOWN|BREADTH|TURNOVER
2020-08-18,30.762477190930653,WARN_NOT_BRACKET_30D,77.9874213836478,67.8371316841289,59.749323515381604,30.0,28.41877184,OK,OPTBBS_PARSE_300INDEX_QVIX,,,,False,False,1.0,True,OK,True,,,,,30.831054996536928,OK_REPLICA_ROLLING_MEDIAN_BASIS,AVIX_CLEAN_MINUS_PRIOR_252D_MEDIAN_AVIX_QVIX_SPREAD,,,50.0,,,,,,,50.0,,,,,,,,,,,,,,,,,,,,,,50.0,,,,True,True,False,False,False,False,OK,,,,,50.0,58.7,CAUTION,警戒,WARN_BREADTH_MISSING|WARN_NOT_BRACKET_30D,62.0,62.0,100.0,REALIZED_VOL|DRAWDOWN|BREADTH|TURNOVER
2020-08-19,29.44344910620553,OK,73.125,63.705749442916456,51.825662388021556,30.0,25.38371607,OK,OPTBBS_PARSE_300INDEX_QVIX,,,,False,False,1.0,True,OK,True,,,,,29.50732286305962,OK_REPLICA_ROLLING_MEDIAN_BASIS,AVIX_CLEAN_MINUS_PRIOR_252D_MEDIAN_AVIX_QVIX_SPREAD,,,50.0,,,,,,,50.0,,,,,,,,,,,,,,,,,,,,,,50.0,,,,True,True,False,False,False,False,OK,,,,,50.0,56.1,CAUTION,警戒,WARN_BREADTH_MISSING,62.0,62.0,100.0,REALIZED_VOL|DRAWDOWN|BREADTH|TURNOVER
2020-08-20,28.07806925698627,OK,65.83850931677019,59.45165316523553,48.4101646443045,30.0,28.02985001,OK,OPTBBS_PARSE_300INDEX_QVIX,,,,False,False,1.0,True,OK,True,,,,,28.138391907851457,OK_REPLICA_ROLLING_MEDIAN_BASIS,AVIX_CLEAN_MINUS_PRIOR_252D_MEDIAN_AVIX_QVIX_SPREAD,,,50.0,,,,,,,50.0,,,,,,,,,,,,,,,,,,,,,,50.0,,,,True,True,False,False,False,False,OK,,,,,50.0,53.2,CAUTION,警戒,WARN_BREADTH_MISSING,62.0,62.0,100.0,REALIZED_VOL|DRAWDOWN|BREADTH|TURNOVER
2020-08-21,28.197666431264743,OK,66.66666666666666,59.784530260497775,49.20260003405134,30.0,28.25534997,OK,OPTBBS_PARSE_300INDEX_QVIX,,,,False,False,1.0,True,OK,True,,,,,28.254437976141023,OK_REPLICA_ROLLING_MEDIAN_BASIS,AVIX_CLEAN_MINUS_PRIOR_252D_MEDIAN_AVIX_QVIX_SPREAD,,,50.0,,,,,,,50.0,,,,,,,,,,,,,,,,,,,,,,50.0,,,,True,True,False,False,False,False,OK,,,,,50.0,53.6,CAUTION,警戒,WARN_BREADTH_MISSING,62.0,62.0,100.0,REALIZED_VOL|DRAWDOWN|BREADTH|TURNOVER
2020-08-24,27.387017450777066,OK,63.190184049079754,57.2429682988284,29.221709636914817,30.0,27.82854887,OK,OPTBBS_PARSE_300INDEX_QVIX,,,,False,False,1.0,True,OK,True,,,,,27.444244992582835,OK_REPLICA_ROLLING_MEDIAN_BASIS,AVIX_CLEAN_MINUS_PRIOR_252D_MEDIAN_AVIX_QVIX_SPREAD,,,50.0,,,,,,,50.0,,,,,,,,,,,,,,,,,,,,,,50.0,,,,True,True,False,False,False,False,OK,,,,,50.0,50.6,CAUTION,警戒,WARN_BREADTH_MISSING,62.0,62.0,100.0,REALIZED_VOL|DRAWDOWN|BREADTH|TURNOVER
2020-08-25,26.66180938313134,OK,59.756097560975604,54.969637254298,23.33980756914944,30.0,27.34987403,OK,OPTBBS_PARSE_300INDEX_QVIX,,,,False,False,1.0,True,OK,True,,,,,26.7194929218666,OK_REPLICA_ROLLING_MEDIAN_BASIS,AVIX_CLEAN_MINUS_PRIOR_252D_MEDIAN_AVIX_QVIX_SPREAD,,,50.0,,,,,,,50.0,,,,,,,,,,,,,,,,,,,,,,50.0,,,,True,True,False,False,False,False,OK,,,,,50.0,48.9,CAUTION,警戒,WARN_BREADTH_MISSING,62.0,62.0,100.0,REALIZED_VOL|DRAWDOWN|BREADTH|TURNOVER
2020-08-26,27.247261689850205,OK,62.42424242424243,56.774272035843055,35.08199628084703,30.0,28.02615755,OK,OPTBBS_PARSE_300INDEX_QVIX,,,,False,False,1.0,True,OK,True,,,,,27.30804033764488,OK_REPLICA_ROLLING_MEDIAN_BASIS,AVIX_CLEAN_MINUS_PRIOR_252D_MEDIAN_AVIX_QVIX_SPREAD,,,50.0,,,,,,,50.0,,,,,,,,,,,,,,,,,,,,,,50.0,,,,True,True,False,False,False,False,OK,,,,,50.0,50.8,CAUTION,警戒,WARN_BREADTH_MISSING,62.0,62.0,100.0,REALIZED_VOL|DRAWDOWN|BREADTH|TURNOVER
2020-08-27,26.23027687480304,OK,57.22891566265061,53.579976788874966,36.838180607995525,30.0,27.0783311,OK,OPTBBS_PARSE_300INDEX_QVIX,,,,False,False,1.0,True,OK,True,,,,,26.29415063165713,OK_REPLICA_ROLLING_MEDIAN_BASIS,AVIX_CLEAN_MINUS_PRIOR_252D_MEDIAN_AVIX_QVIX_SPREAD,,,50.0,,,,,,,50.0,,,,,,,,,,,,,,,,,,,,,,50.0,,,,True,True,False,False,False,False,OK,,,,,50.0,49.1,CAUTION,警戒,WARN_BREADTH_MISSING,62.0,62.0,100.0,REALIZED_VOL|DRAWDOWN|BREADTH|TURNOVER
2020-08-28,26.515715028471647,OK,59.2814371257485,54.46202126534006,38.070279454556584,30.0,27.45726489,OK,OPTBBS_PARSE_300INDEX_QVIX,,,,False,False,1.0,True,OK,True,,,,,26.58429283407792,OK_REPLICA_ROLLING_MEDIAN_BASIS,AVIX_CLEAN_MINUS_PRIOR_252D_MEDIAN_AVIX_QVIX_SPREAD,,,50.0,,,,,,,50.0,,,,,,,,,,,,,,,,,,,,,,50.0,,,,True,True,False,False,False,False,OK,,,,,50.0,49.9,CAUTION,警戒,WARN_BREADTH_MISSING,62.0,62.0,100.0,REALIZED_VOL|DRAWDOWN|BREADTH|TURNOVER
2020-08-31,26.71660768611824,OK,60.11904761904761,55.07840351059731,45.104178351193156,30.0,28.1013912,OK,OPTBBS_PARSE_300INDEX_QVIX,,,,False,False,1.0,True,OK,True,,,,,26.789889540476697,OK_REPLICA_ROLLING_MEDIAN_BASIS,AVIX_CLEAN_MINUS_PRIOR_252D_MEDIAN_AVIX_QVIX_SPREAD,,,50.0,,,,,,,50.0,,,,,,,,,,,,,,,,,,,,,,50.0,,,,True,True,False,False,False,False,OK,,,,,50.0,50.8,CAUTION,警戒,WARN_BREADTH_MISSING,62.0,62.0,100.0,REALIZED_VOL|DRAWDOWN|BREADTH|TURNOVER
2020-09-01,26.67197600587911,OK,59.76331360946746,54.922060921077005,50.076263561873624,30.0,28.14927746,OK,OPTBBS_PARSE_300INDEX_QVIX,,,,False,False,1.0,True,OK,True,,,,,26.75043561929437,OK_REPLICA_ROLLING_MEDIAN_BASIS,AVIX_CLEAN_MINUS_PRIOR_252D_MEDIAN_AVIX_QVIX_SPREAD,,,50.0,,,,,,,50.0,,,,,,,,,,,,,,,,,,,,,,50.0,,,,True,True,False,False,False,False,OK,,,,,50.0,51.0,CAUTION,警戒,WARN_BREADTH_MISSING,62.0,62.0,100.0,REALIZED_VOL|DRAWDOWN|BREADTH|TURNOVER
2020-09-02,26.75135552259008,OK,60.588235294117645,55.15720609325784,46.35995592581068,30.0,28.39413837,OK,OPTBBS_PARSE_300INDEX_QVIX,,,,False,False,1.0,True,OK,True,,,,,26.834992895062154,OK_REPLICA_ROLLING_MEDIAN_BASIS,AVIX_CLEAN_MINUS_PRIOR_252D_MEDIAN_AVIX_QVIX_SPREAD,,,50.0,,,,,,,50.0,,,,,,,,,,,,,,,,,,,,,,50.0,,,,True,True,False,False,False,False,OK,,,,,50.0,51.0,CAUTION,警戒,WARN_BREADTH_MISSING,62.0,62.0,100.0,REALIZED_VOL|DRAWDOWN|BREADTH|TURNOVER
2020-09-03,27.118948544197096,OK,60.81871345029239,56.303962154281145,56.77592290493676,30.0,28.38541748,OK,OPTBBS_PARSE_300INDEX_QVIX,,,,False,False,1.0,True,OK,True,,,,,27.22301978387216,OK_REPLICA_ROLLING_MEDIAN_BASIS,AVIX_CLEAN_MINUS_PRIOR_252D_MEDIAN_AVIX_QVIX_SPREAD,,,50.0,,,,,,,50.0,,,,,,,,,,,,,,,,,,,,,,50.0,,,,True,True,False,False,False,False,OK,,,,,50.0,52.1,CAUTION,警戒,WARN_BREADTH_MISSING,62.0,62.0,100.0,REALIZED_VOL|DRAWDOWN|BREADTH|TURNOVER
2020-09-04,27.07204532336032,OK,60.46511627906976,56.13514844103833,54.19623075818478,30.0,27.63865091,OK,OPTBBS_PARSE_300INDEX_QVIX,,,,False,False,1.0,True,OK,True,,,,,27.196550430238375,OK_REPLICA_ROLLING_MEDIAN_BASIS,AVIX_CLEAN_MINUS_PRIOR_252D_MEDIAN_AVIX_QVIX_SPREAD,,,50.0,,,,,,,50.0,,,,,,,,,,,,,,,,,,,,,,50.0,,,,True,True,False,False,False,False,OK,,,,,50.0,51.7,CAUTION,警戒,WARN_BREADTH_MISSING,62.0,62.0,100.0,REALIZED_VOL|DRAWDOWN|BREADTH|TURNOVER
2020-09-07,27.71981568189412,OK,65.89595375722543,58.17501671349142,57.509995337448004,30.0,29.86608376,OK,OPTBBS_PARSE_300INDEX_QVIX,,,,False,False,1.0,True,OK,True,,,,,27.84820999346948,OK_REPLICA_ROLLING_MEDIAN_BASIS,AVIX_CLEAN_MINUS_PRIOR_252D_MEDIAN_AVIX_QVIX_SPREAD,,,50.0,,,,,,,50.0,,,,,,,,,,,,,,,,,,,,,,50.0,,,,True,True,False,False,False,False,OK,,,,,50.0,53.8,CAUTION,警戒,WARN_BREADTH_MISSING,62.0,62.0,100.0,REALIZED_VOL|DRAWDOWN|BREADTH|TURNOVER
2020-09-08,27.59034663890214,OK,65.51724137931035,57.73522090672897,56.88640866218986,30.0,27.86756503,OK,OPTBBS_PARSE_300INDEX_QVIX,,,,False,False,1.0,True,OK,True,,,,,27.72263015517481,OK_REPLICA_ROLLING_MEDIAN_BASIS,AVIX_CLEAN_MINUS_PRIOR_252D_MEDIAN_AVIX_QVIX_SPREAD,,,50.0,,,,,,,50.0,,,,,,,,,,,,,,,,,,,,,,50.0,,,,True,True,False,False,False,False,OK,,,,,50.0,53.6,CAUTION,警戒,WARN_BREADTH_MISSING,62.0,62.0,100.0,REALIZED_VOL|DRAWDOWN|BREADTH|TURNOVER
2020-09-09,28.14462785688509,OK,68.57142857142857,59.4797515846972,60.41646157420671,30.0,27.86756503,OK,OPTBBS_PARSE_300INDEX_QVIX,,,,False,False,1.0,True,OK,True,,,,,28.296990116783462,OK_REPLICA_ROLLING_MEDIAN_BASIS,AVIX_CLEAN_MINUS_PRIOR_252D_MEDIAN_AVIX_QVIX_SPREAD,,,50.0,,,,,,,50.0,,,,,,,,,,,,,,,,,,,,,,50.0,,,,True,True,False,False,False,False,OK,,,,,50.0,55.0,CAUTION,警戒,WARN_BREADTH_MISSING,62.0,62.0,100.0,REALIZED_VOL|DRAWDOWN|BREADTH|TURNOVER
2020-09-10,25.823945340545613,OK,52.27272727272727,52.01418822104718,40.449458602416314,30.0,25.5099116,OK,OPTBBS_PARSE_300INDEX_QVIX,,,,False,False,1.0,True,OK,True,,,,,25.95622885681828,OK_REPLICA_ROLLING_MEDIAN_BASIS,AVIX_CLEAN_MINUS_PRIOR_252D_MEDIAN_AVIX_QVIX_SPREAD,,,50.0,,,,,,,50.0,,,,,,,,,,,,,,,,,,,,,,50.0,,,,True,True,False,False,False,False,OK,,,,,50.0,47.8,CAUTION,警戒,WARN_BREADTH_MISSING,62.0,62.0,100.0,REALIZED_VOL|DRAWDOWN|BREADTH|TURNOVER
2020-09-11,25.0641707373196,OK,49.152542372881356,49.56619447673533,35.16643598917044,30.0,22.21598594,OK,OPTBBS_PARSE_300INDEX_QVIX,,,,False,False,1.0,True,OK,True,,,,,25.192565048894963,OK_REPLICA_ROLLING_MEDIAN_BASIS,AVIX_CLEAN_MINUS_PRIOR_252D_MEDIAN_AVIX_QVIX_SPREAD,,,50.0,,,,,,,50.0,,,,,,,,,,,,,,,,,,,,,,50.0,,,,True,True,False,False,False,False,OK,,,,,50.0,46.1,CAUTION,警戒,WARN_BREADTH_MISSING,62.0,62.0,100.0,REALIZED_VOL|DRAWDOWN|BREADTH|TURNOVER
2020-09-14,23.62467337390648,WARN_NOT_BRACKET_30D,48.31460674157304,44.92773820701423,20.453322237185855,30.0,20.96492063,OK,OPTBBS_PARSE_300INDEX_QVIX,,,,False,False,1.0,True,OK,True,,,,,23.749178480784536,OK_REPLICA_ROLLING_MEDIAN_BASIS,AVIX_CLEAN_MINUS_PRIOR_252D_MEDIAN_AVIX_QVIX_SPREAD,,,50.0,,,,,,,50.0,,,,,,,,,,,,,,,,,,,,,,50.0,,,,True,True,False,False,False,False,OK,,,,,50.0,44.1,CAUTION,警戒,WARN_BREADTH_MISSING|WARN_NOT_BRACKET_30D,62.0,62.0,100.0,REALIZED_VOL|DRAWDOWN|BREADTH|TURNOVER
2020-09-15,22.851532482328945,WARN_NOT_BRACKET_30D,45.2513966480447,42.44581761043301,15.648752307508083,30.0,20.8135259,OK,OPTBBS_PARSE_300INDEX_QVIX,,,,False,False,1.0,True,OK,True,,,,,22.95560372200401,OK_REPLICA_ROLLING_MEDIAN_BASIS,AVIX_CLEAN_MINUS_PRIOR_252D_MEDIAN_AVIX_QVIX_SPREAD,,,50.0,,,,,,,50.0,,,,,,,,,,,,,,,,,,,,,,50.0,,,,True,True,False,False,False,False,OK,,,,,50.0,42.5,CAUTION,警戒,WARN_BREADTH_MISSING|WARN_NOT_BRACKET_30D,62.0,62.0,100.0,REALIZED_VOL|DRAWDOWN|BREADTH|TURNOVER
2020-09-16,21.98467718079791,OK,38.88888888888889,39.665662985323635,6.226454956800879,30.0,19.61360721,OK,OPTBBS_PARSE_300INDEX_QVIX,,,,False,False,1.0,True,OK,True,,,,,22.068314553269982,OK_REPLICA_ROLLING_MEDIAN_BASIS,AVIX_CLEAN_MINUS_PRIOR_252D_MEDIAN_AVIX_QVIX_SPREAD,,,50.0,,,,,,,50.0,,,,,,,,,,,,,,,,,,,,,,50.0,,,,True,True,False,False,False,False,OK,,,,,50.0,39.5,NORMAL,正常,WARN_BREADTH_MISSING,62.0,62.0,100.0,REALIZED_VOL|DRAWDOWN|BREADTH|TURNOVER
2020-09-17,22.667908637147587,OK,44.19889502762431,41.91618698749206,25.55728482399782,30.0,19.5,OK,OPTBBS_PARSE_300INDEX_QVIX,,,,False,False,1.0,True,OK,True,,,,,22.746368250562853,OK_REPLICA_ROLLING_MEDIAN_BASIS,AVIX_CLEAN_MINUS_PRIOR_252D_MEDIAN_AVIX_QVIX_SPREAD,,,50.0,,,,,,,50.0,,,,,,,,,,,,,,,,,,,,,,50.0,,,,True,True,False,False,False,False,OK,,,,,50.0,42.9,CAUTION,警戒,WARN_BREADTH_MISSING,62.0,62.0,100.0,REALIZED_VOL|DRAWDOWN|BREADTH|TURNOVER
2020-09-18,23.05597880151901,OK,47.25274725274725,43.20347747768888,33.97559642529511,30.0,20.8135259,OK,OPTBBS_PARSE_300INDEX_QVIX,,,,False,False,1.0,True,OK,True,,,,,23.129260655877466,OK_REPLICA_ROLLING_MEDIAN_BASIS,AVIX_CLEAN_MINUS_PRIOR_252D_MEDIAN_AVIX_QVIX_SPREAD,,,50.0,,,,,,,50.0,,,,,,,,,,,,,,,,,,,,,,50.0,,,,True,True,False,False,False,False,OK,,,,,50.0,44.6,CAUTION,警戒,WARN_BREADTH_MISSING,62.0,62.0,100.0,REALIZED_VOL|DRAWDOWN|BREADTH|TURNOVER
2020-09-21,23.4559149520392,OK,49.18032786885246,44.5279254578263,48.57133752330584,30.0,24.1,OK,OPTBBS_PARSE_300INDEX_QVIX,,,,False,False,1.0,True,OK,True,,,,,23.524492757645476,OK_REPLICA_ROLLING_MEDIAN_BASIS,AVIX_CLEAN_MINUS_PRIOR_252D_MEDIAN_AVIX_QVIX_SPREAD,,,50.0,,,,,,,50.0,,,,,,,,,,,,,,,,,,,,,,50.0,,,,True,True,False,False,False,False,OK,,,,,50.0,46.5,CAUTION,警戒,WARN_BREADTH_MISSING,62.0,62.0,100.0,REALIZED_VOL|DRAWDOWN|BREADTH|TURNOVER
2020-09-22,23.779082602552325,OK,50.0,45.60038448377476,58.118056160484244,30.0,24.2,OK,OPTBBS_PARSE_300INDEX_QVIX,,,,False,False,1.0,True,OK,True,,,,,23.85236445691078,OK_REPLICA_ROLLING_MEDIAN_BASIS,AVIX_CLEAN_MINUS_PRIOR_252D_MEDIAN_AVIX_QVIX_SPREAD,,,50.0,,,,,,,50.0,,,,,,,,,,,,,,,,,,,,,,50.0,,,,True,True,False,False,False,False,OK,,,,,50.0,47.6,CAUTION,警戒,WARN_BREADTH_MISSING,62.0,62.0,100.0,REALIZED_VOL|DRAWDOWN|BREADTH|TURNOVER
2020-09-23,22.82910509573195,OK,44.86486486486487,42.49962446827142,57.68196783595796,30.0,24.5,OK,OPTBBS_PARSE_300INDEX_QVIX,,,,False,False,1.0,True,OK,True,,,,,22.907564709147216,OK_REPLICA_ROLLING_MEDIAN_BASIS,AVIX_CLEAN_MINUS_PRIOR_252D_MEDIAN_AVIX_QVIX_SPREAD,,,50.0,,,,,,,50.0,,,,,,,,,,,,,,,,,,,,,,50.0,,,,True,True,False,False,False,False,OK,,,,,50.0,45.7,CAUTION,警戒,WARN_BREADTH_MISSING,62.0,62.0,100.0,REALIZED_VOL|DRAWDOWN|BREADTH|TURNOVER
2020-09-24,23.938327028491056,OK,50.53763440860215,46.16639763521708,61.20895987079762,30.0,23.62961582,OK,OPTBBS_PARSE_300INDEX_QVIX,,,,False,False,1.0,True,OK,True,,,,,24.021964400963128,OK_REPLICA_ROLLING_MEDIAN_BASIS,AVIX_CLEAN_MINUS_PRIOR_252D_MEDIAN_AVIX_QVIX_SPREAD,,,50.0,,,,,,,50.0,,,,,,,,,,,,,,,,,,,,,,50.0,,,,True,True,False,False,False,False,OK,,,,,50.0,48.1,CAUTION,警戒,WARN_BREADTH_MISSING,62.0,62.0,100.0,REALIZED_VOL|DRAWDOWN|BREADTH|TURNOVER
2020-09-25,24.398589058626367,OK,50.80213903743316,47.693670169355315,61.64652577680978,30.0,23.49535856,OK,OPTBBS_PARSE_300INDEX_QVIX,,,,False,False,1.0,True,OK,True,,,,,24.477048672041633,OK_REPLICA_ROLLING_MEDIAN_BASIS,AVIX_CLEAN_MINUS_PRIOR_252D_MEDIAN_AVIX_QVIX_SPREAD,,,50.0,,,,,,,50.0,,,,,,,,,,,,,,,,,,,,,,50.0,,,,True,True,False,False,False,False,OK,,,,,50.0,48.4,CAUTION,警戒,WARN_BREADTH_MISSING,62.0,62.0,100.0,REALIZED_VOL|DRAWDOWN|BREADTH|TURNOVER
2020-09-28,25.85619557799256,OK,55.319148936170215,52.51666950214605,70.46631419717593,30.0,25.02109305,OK,OPTBBS_PARSE_300INDEX_QVIX,,,,False,False,1.0,True,OK,True,,,,,25.929477432351014,OK_REPLICA_ROLLING_MEDIAN_BASIS,AVIX_CLEAN_MINUS_PRIOR_252D_MEDIAN_AVIX_QVIX_SPREAD,,,50.0,,,,,,,50.0,,,,,,,,,,,,,,,,,,,,,,50.0,,,,True,True,False,False,False,False,OK,,,,,50.0,51.1,CAUTION,警戒,WARN_BREADTH_MISSING,62.0,62.0,100.0,REALIZED_VOL|DRAWDOWN|BREADTH|TURNOVER
2020-09-29,26.84107575171376,OK,61.904761904761905,55.77216074608951,75.75366930962066,30.0,26.45309996,OK,OPTBBS_PARSE_300INDEX_QVIX,,,,False,False,1.0,True,OK,True,,,,,26.909653557320034,OK_REPLICA_ROLLING_MEDIAN_BASIS,AVIX_CLEAN_MINUS_PRIOR_252D_MEDIAN_AVIX_QVIX_SPREAD,,,50.0,,,,,,,50.0,,,,,,,,,,,,,,,,,,,,,,50.0,,,,True,True,False,False,False,False,OK,,,,,50.0,53.8,CAUTION,警戒,WARN_BREADTH_MISSING,62.0,62.0,100.0,REALIZED_VOL|DRAWDOWN|BREADTH|TURNOVER
2020-09-30,26.986361886102173,OK,62.10526315789474,56.238008273178394,86.42067240863898,30.0,26.48492743,OK,OPTBBS_PARSE_300INDEX_QVIX,,,,False,False,1.0,True,OK,True,,,,,27.050235642956263,OK_REPLICA_ROLLING_MEDIAN_BASIS,AVIX_CLEAN_MINUS_PRIOR_252D_MEDIAN_AVIX_QVIX_SPREAD,,,50.0,,,,,,,50.0,,,,,,,,,,,,,,,,,,,,,,50.0,,,,True,True,False,False,False,False,OK,,,,,50.0,54.8,CAUTION,警戒,WARN_BREADTH_MISSING,62.0,62.0,100.0,REALIZED_VOL|DRAWDOWN|BREADTH|TURNOVER
2020-10-09,22.95789257446747,OK,45.0261780104712,42.810735749218296,41.80866354731734,30.0,20.15749109,OK,OPTBBS_PARSE_300INDEX_QVIX,,,,False,False,1.0,True,OK,True,,,,,23.018671222262142,OK_REPLICA_ROLLING_MEDIAN_BASIS,AVIX_CLEAN_MINUS_PRIOR_252D_MEDIAN_AVIX_QVIX_SPREAD,,,50.0,,,,,,,50.0,,,,,,,,,,,,,,,,,,,,,,50.0,,,,True,True,False,False,False,False,OK,,,,,50.0,44.5,CAUTION,警戒,WARN_BREADTH_MISSING,62.0,62.0,100.0,REALIZED_VOL|DRAWDOWN|BREADTH|TURNOVER
2020-10-12,24.89976551573193,WARN_NOT_BRACKET_30D,50.520833333333336,49.310132882279355,54.10824130773548,30.0,24.25718037,OK,OPTBBS_PARSE_300INDEX_QVIX,,,,False,False,1.0,True,OK,True,,,,,24.957449054467187,OK_REPLICA_ROLLING_MEDIAN_BASIS,AVIX_CLEAN_MINUS_PRIOR_252D_MEDIAN_AVIX_QVIX_SPREAD,,,50.0,,,,,,,50.0,,,,,,,,,,,,,,,,,,,,,,50.0,,,,True,True,False,False,False,False,OK,,,,,50.0,48.0,CAUTION,警戒,WARN_BREADTH_MISSING|WARN_NOT_BRACKET_30D,62.0,62.0,100.0,REALIZED_VOL|DRAWDOWN|BREADTH|TURNOVER
2020-10-13,24.321334622049665,WARN_NOT_BRACKET_30D,49.740932642487046,47.37650052406895,38.12771235959178,30.0,21.04768719,OK,OPTBBS_PARSE_300INDEX_QVIX,,,,False,False,1.0,True,OK,True,,,,,24.378562163855435,OK_REPLICA_ROLLING_MEDIAN_BASIS,AVIX_CLEAN_MINUS_PRIOR_252D_MEDIAN_AVIX_QVIX_SPREAD,,,50.0,,,,,,,50.0,,,,,,,,,,,,,,,,,,,,,,50.0,,,,True,True,False,False,False,False,OK,,,,,50.0,46.2,CAUTION,警戒,WARN_BREADTH_MISSING|WARN_NOT_BRACKET_30D,62.0,62.0,100.0,REALIZED_VOL|DRAWDOWN|BREADTH|TURNOVER
2020-10-14,23.67459522151842,WARN_NOT_BRACKET_30D,48.45360824742268,45.21425766055465,26.405710713787876,30.0,20.8000544,OK,OPTBBS_PARSE_300INDEX_QVIX,,,,False,False,1.0,True,OK,True,,,,,23.7313667663947,OK_REPLICA_ROLLING_MEDIAN_BASIS,AVIX_CLEAN_MINUS_PRIOR_252D_MEDIAN_AVIX_QVIX_SPREAD,,,50.0,,,,,,,50.0,,,,,,,,,,,,,,,,,,,,,,50.0,,,,True,True,False,False,False,False,OK,,,,,50.0,44.6,CAUTION,警戒,WARN_BREADTH_MISSING|WARN_NOT_BRACKET_30D,62.0,62.0,100.0,REALIZED_VOL|DRAWDOWN|BREADTH|TURNOVER
2020-10-15,23.938353619665104,WARN_NOT_BRACKET_30D,49.743589743589745,46.11390294101558,27.41075081330784,30.0,18.37886209,OK,OPTBBS_PARSE_300INDEX_QVIX,,,,False,False,1.0,True,OK,True,,,,,23.99486069820023,OK_REPLICA_ROLLING_MEDIAN_BASIS,AVIX_CLEAN_MINUS_PRIOR_252D_MEDIAN_AVIX_QVIX_SPREAD,,,50.0,,,,,,,50.0,,,,,,,,,,,,,,,,,,,,,,50.0,,,,True,True,False,False,False,False,OK,,,,,50.0,45.2,CAUTION,警戒,WARN_BREADTH_MISSING|WARN_NOT_BRACKET_30D,62.0,62.0,100.0,REALIZED_VOL|DRAWDOWN|BREADTH|TURNOVER
2020-10-16,23.41447047028777,WARN_NOT_BRACKET_30D,46.93877551020408,44.35866351432502,53.97752445560342,30.0,18.37886209,OK,OPTBBS_PARSE_300INDEX_QVIX,,,,False,False,1.0,True,OK,True,,,,,23.470713082481744,OK_REPLICA_ROLLING_MEDIAN_BASIS,AVIX_CLEAN_MINUS_PRIOR_252D_MEDIAN_AVIX_QVIX_SPREAD,,,50.0,,,,,,,50.0,,,,,,,,,,,,,,,,,,,,,,50.0,,,,True,True,False,False,False,False,OK,,,,,50.0,46.3,CAUTION,警戒,WARN_BREADTH_MISSING|WARN_NOT_BRACKET_30D,62.0,62.0,100.0,REALIZED_VOL|DRAWDOWN|BREADTH|TURNOVER
2020-10-19,20.915417526276148,WARN_NOT_BRACKET_30D,29.949238578680205,35.94513773370705,17.996903529565934,30.0,23.051,OK,OPTBBS_PARSE_300INDEX_QVIX,,,,False,False,1.0,True,OK,True,,,,,20.968703578371024,OK_REPLICA_ROLLING_MEDIAN_BASIS,AVIX_CLEAN_MINUS_PRIOR_252D_MEDIAN_AVIX_QVIX_SPREAD,,,50.0,,,,,,,50.0,,,,,,,,,,,,,,,,,,,,,,50.0,,,,True,True,False,False,False,False,OK,,,,,50.0,37.5,NORMAL,正常,WARN_BREADTH_MISSING|WARN_NOT_BRACKET_30D,62.0,62.0,100.0,REALIZED_VOL|DRAWDOWN|BREADTH|TURNOVER
2020-10-20,21.577212136027896,WARN_NOT_BRACKET_30D,33.33333333333333,38.23037383291982,27.43444158254413,30.0,21.0,OK,OPTBBS_PARSE_300INDEX_QVIX,,,,False,False,1.0,True,OK,True,,,,,21.633454748221865,OK_REPLICA_ROLLING_MEDIAN_BASIS,AVIX_CLEAN_MINUS_PRIOR_252D_MEDIAN_AVIX_QVIX_SPREAD,,,50.0,,,,,,,50.0,,,,,,,,,,,,,,,,,,,,,,50.0,,,,True,True,False,False,False,False,OK,,,,,50.0,39.5,NORMAL,正常,WARN_BREADTH_MISSING|WARN_NOT_BRACKET_30D,62.0,62.0,100.0,REALIZED_VOL|DRAWDOWN|BREADTH|TURNOVER
2020-10-21,22.288472081716705,OK,38.69346733668342,40.67586669680063,38.29020621613979,30.0,21.0,OK,OPTBBS_PARSE_300INDEX_QVIX,,,,False,False,1.0,True,OK,True,,,,,22.34175813381158,OK_REPLICA_ROLLING_MEDIAN_BASIS,AVIX_CLEAN_MINUS_PRIOR_252D_MEDIAN_AVIX_QVIX_SPREAD,,,50.0,,,,,,,50.0,,,,,,,,,,,,,,,,,,,,,,50.0,,,,True,True,False,False,False,False,OK,,,,,50.0,42.2,CAUTION,警戒,WARN_BREADTH_MISSING,62.0,62.0,100.0,REALIZED_VOL|DRAWDOWN|BREADTH|TURNOVER
2020-10-22,22.603752643072085,OK,41.0,41.773411481220705,38.84968450381099,30.0,22.27203751,OK,OPTBBS_PARSE_300INDEX_QVIX,,,,False,False,1.0,True,OK,True,,,,,22.654082135067867,OK_REPLICA_ROLLING_MEDIAN_BASIS,AVIX_CLEAN_MINUS_PRIOR_252D_MEDIAN_AVIX_QVIX_SPREAD,,,50.0,,,,,,,50.0,,,,,,,,,,,,,,,,,,,,,,50.0,,,,True,True,False,False,False,False,OK,,,,,50.0,43.0,CAUTION,警戒,WARN_BREADTH_MISSING,62.0,62.0,100.0,REALIZED_VOL|DRAWDOWN|BREADTH|TURNOVER
2020-10-23,22.50008808883162,OK,39.800995024875625,41.444910793832776,42.18959589441518,30.0,22.1,OK,OPTBBS_PARSE_300INDEX_QVIX,,,,False,False,1.0,True,OK,True,,,,,22.535940798577954,OK_REPLICA_ROLLING_MEDIAN_BASIS,AVIX_CLEAN_MINUS_PRIOR_252D_MEDIAN_AVIX_QVIX_SPREAD,,,50.0,,,,,,,50.0,,,,,,,,,,,,,,,,,,,,,,50.0,,,,True,True,False,False,False,False,OK,,,,,50.0,42.9,CAUTION,警戒,WARN_BREADTH_MISSING,62.0,62.0,100.0,REALIZED_VOL|DRAWDOWN|BREADTH|TURNOVER
2020-10-26,22.659285653470203,OK,42.07920792079208,42.01214191329967,66.67543213041981,30.0,22.21,OK,OPTBBS_PARSE_300INDEX_QVIX,,,,False,False,1.0,True,OK,True,,,,,22.680661580967087,OK_REPLICA_ROLLING_MEDIAN_BASIS,AVIX_CLEAN_MINUS_PRIOR_252D_MEDIAN_AVIX_QVIX_SPREAD,,,50.0,,,,,,,50.0,,,,,,,,,,,,,,,,,,,,,,50.0,,,,True,True,False,False,False,False,OK,,,,,50.0,45.6,CAUTION,警戒,WARN_BREADTH_MISSING,62.0,62.0,100.0,REALIZED_VOL|DRAWDOWN|BREADTH|TURNOVER
2020-10-27,22.813417084801603,OK,43.84236453201971,42.56108215008483,61.45843069049306,30.0,23.0,OK,OPTBBS_PARSE_300INDEX_QVIX,,,,False,False,1.0,True,OK,True,,,,,22.811839218456118,OK_REPLICA_ROLLING_MEDIAN_BASIS,AVIX_CLEAN_MINUS_PRIOR_252D_MEDIAN_AVIX_QVIX_SPREAD,,,50.0,,,,,,,50.0,,,,,,,,,,,,,,,,,,,,,,50.0,,,,True,True,False,False,False,False,OK,,,,,50.0,45.8,CAUTION,警戒,WARN_BREADTH_MISSING,62.0,62.0,100.0,REALIZED_VOL|DRAWDOWN|BREADTH|TURNOVER
2020-10-28,22.675205385004936,OK,42.64705882352941,42.1089046008628,53.47025405662929,30.0,22.5,OK,OPTBBS_PARSE_300INDEX_QVIX,,,,False,False,1.0,True,OK,True,,,,,22.69658131250182,OK_REPLICA_ROLLING_MEDIAN_BASIS,AVIX_CLEAN_MINUS_PRIOR_252D_MEDIAN_AVIX_QVIX_SPREAD,,,50.0,,,,,,,50.0,,,,,,,,,,,,,,,,,,,,,,50.0,,,,True,True,False,False,False,False,OK,,,,,50.0,44.7,CAUTION,警戒,WARN_BREADTH_MISSING,62.0,62.0,100.0,REALIZED_VOL|DRAWDOWN|BREADTH|TURNOVER
2020-10-29,22.64015972740985,OK,40.97560975609756,42.01093602373903,50.32213309809794,30.0,22.42154547,OK,OPTBBS_PARSE_300INDEX_QVIX,,,,False,False,1.0,True,OK,True,,,,,22.638581861064363,OK_REPLICA_ROLLING_MEDIAN_BASIS,AVIX_CLEAN_MINUS_PRIOR_252D_MEDIAN_AVIX_QVIX_SPREAD,,,50.0,,,,,,,50.0,,,,,,,,,,,,,,,,,,,,,,50.0,,,,True,True,False,False,False,False,OK,,,,,50.0,44.0,CAUTION,警戒,WARN_BREADTH_MISSING,62.0,62.0,100.0,REALIZED_VOL|DRAWDOWN|BREADTH|TURNOVER
2020-10-30,23.309880921780213,OK,49.029126213592235,44.33480097138865,57.198130333992346,30.0,23.18808742,OK,OPTBBS_PARSE_300INDEX_QVIX,,,,False,False,1.0,True,OK,True,,,,,23.28534926159236,OK_REPLICA_ROLLING_MEDIAN_BASIS,AVIX_CLEAN_MINUS_PRIOR_252D_MEDIAN_AVIX_QVIX_SPREAD,,,50.0,,,,,,,50.0,,,,,,,,,,,,,,,,,,,,,,50.0,,,,True,True,False,False,False,False,OK,,,,,50.0,47.1,CAUTION,警戒,WARN_BREADTH_MISSING,62.0,62.0,100.0,REALIZED_VOL|DRAWDOWN|BREADTH|TURNOVER
2020-11-02,24.010180729732163,OK,52.65700483091788,46.762693965567934,61.923545136605625,30.0,23.88,OK,OPTBBS_PARSE_300INDEX_QVIX,,,,False,False,1.0,True,OK,True,,,,,23.984432552811562,OK_REPLICA_ROLLING_MEDIAN_BASIS,AVIX_CLEAN_MINUS_PRIOR_252D_MEDIAN_AVIX_QVIX_SPREAD,,,50.0,,,,,,,50.0,,,,,,,,,,,,,,,,,,,,,,50.0,,,,True,True,False,False,False,False,OK,,,,,50.0,48.8,CAUTION,警戒,WARN_BREADTH_MISSING,62.0,62.0,100.0,REALIZED_VOL|DRAWDOWN|BREADTH|TURNOVER
2020-11-03,24.10355544325487,OK,52.88461538461539,47.09324235692678,61.31034735969267,30.0,23.94596482,OK,OPTBBS_PARSE_300INDEX_QVIX,,,,False,False,1.0,True,OK,True,,,,,24.076590749601525,OK_REPLICA_ROLLING_MEDIAN_BASIS,AVIX_CLEAN_MINUS_PRIOR_252D_MEDIAN_AVIX_QVIX_SPREAD,,,50.0,,,,,,,50.0,,,,,,,,,,,,,,,,,,,,,,50.0,,,,True,True,False,False,False,False,OK,,,,,50.0,48.9,CAUTION,警戒,WARN_BREADTH_MISSING,62.0,62.0,100.0,REALIZED_VOL|DRAWDOWN|BREADTH|TURNOVER
2020-11-04,22.752589247695195,OK,42.58373205741627,42.42355871917049,50.682541669425696,30.0,22.42641489,OK,OPTBBS_PARSE_300INDEX_QVIX,,,,False,False,1.0,True,OK,True,,,,,22.724657936223473,OK_REPLICA_ROLLING_MEDIAN_BASIS,AVIX_CLEAN_MINUS_PRIOR_252D_MEDIAN_AVIX_QVIX_SPREAD,,,50.0,,,,,,,50.0,,,,,,,,,,,,,,,,,,,,,,50.0,,,,True,True,False,False,False,False,OK,,,,,50.0,44.5,CAUTION,警戒,WARN_BREADTH_MISSING,62.0,62.0,100.0,REALIZED_VOL|DRAWDOWN|BREADTH|TURNOVER
2020-11-05,22.470226346350064,OK,38.095238095238095,41.46524151359756,48.498832312971274,30.0,22.21,OK,OPTBBS_PARSE_300INDEX_QVIX,,,,False,False,1.0,True,OK,True,,,,,22.441328417059967,OK_REPLICA_ROLLING_MEDIAN_BASIS,AVIX_CLEAN_MINUS_PRIOR_252D_MEDIAN_AVIX_QVIX_SPREAD,,,50.0,,,,,,,50.0,,,,,,,,,,,,,,,,,,,,,,50.0,,,,True,True,False,False,False,False,OK,,,,,50.0,43.0,CAUTION,警戒,WARN_BREADTH_MISSING,62.0,62.0,100.0,REALIZED_VOL|DRAWDOWN|BREADTH|TURNOVER
2020-11-06,21.8689175541469,OK,33.649289099526065,39.40137017370573,37.636458783563256,30.0,21.34,OK,OPTBBS_PARSE_300INDEX_QVIX,,,,False,False,1.0,True,OK,True,,,,,21.834979113308382,OK_REPLICA_ROLLING_MEDIAN_BASIS,AVIX_CLEAN_MINUS_PRIOR_252D_MEDIAN_AVIX_QVIX_SPREAD,,,50.0,,,,,,,50.0,,,,,,,,,,,,,,,,,,,,,,50.0,,,,True,True,False,False,False,False,OK,,,,,50.0,40.5,CAUTION,警戒,WARN_BREADTH_MISSING,62.0,62.0,100.0,REALIZED_VOL|DRAWDOWN|BREADTH|TURNOVER
2020-11-09,22.872311062647213,OK,45.75471698113208,42.92388100638955,40.52177341026086,30.0,23.20815493,OK,OPTBBS_PARSE_300INDEX_QVIX,,,,False,False,1.0,True,OK,True,,,,,22.833332110260272,OK_REPLICA_ROLLING_MEDIAN_BASIS,AVIX_CLEAN_MINUS_PRIOR_252D_MEDIAN_AVIX_QVIX_SPREAD,,,50.0,,,,,,,50.0,,,,,,,,,,,,,,,,,,,,,,50.0,,,,True,True,False,False,False,False,OK,,,,,50.0,44.7,CAUTION,警戒,WARN_BREADTH_MISSING,62.0,62.0,100.0,REALIZED_VOL|DRAWDOWN|BREADTH|TURNOVER
2020-11-10,23.152833071360227,OK,47.88732394366197,43.921053166399524,42.1113515876705,30.0,22.70430599,OK,OPTBBS_PARSE_300INDEX_QVIX,,,,False,False,1.0,True,OK,True,,,,,23.11889463052171,OK_REPLICA_ROLLING_MEDIAN_BASIS,AVIX_CLEAN_MINUS_PRIOR_252D_MEDIAN_AVIX_QVIX_SPREAD,,,50.0,,,,,,,50.0,,,,,,,,,,,,,,,,,,,,,,50.0,,,,True,True,False,False,False,False,OK,,,,,50.0,45.5,CAUTION,警戒,WARN_BREADTH_MISSING,62.0,62.0,100.0,REALIZED_VOL|DRAWDOWN|BREADTH|TURNOVER
2020-11-11,22.18568148010467,OK,35.51401869158878,40.55660674908321,45.01676260737708,30.0,21.67884339,OK,OPTBBS_PARSE_300INDEX_QVIX,,,,False,False,1.0,True,OK,True,,,,,22.14670252771773,OK_REPLICA_ROLLING_MEDIAN_BASIS,AVIX_CLEAN_MINUS_PRIOR_252D_MEDIAN_AVIX_QVIX_SPREAD,,,50.0,,,,,,,50.0,,,,,,,,,,,,,,,,,,,,,,50.0,,,,True,True,False,False,False,False,OK,,,,,50.0,41.8,CAUTION,警戒,WARN_BREADTH_MISSING,62.0,62.0,100.0,REALIZED_VOL|DRAWDOWN|BREADTH|TURNOVER
2020-11-12,21.84484631401191,OK,33.02325581395349,39.390904041648994,44.43370064280874,30.0,21.232946,OK,OPTBBS_PARSE_300INDEX_QVIX,,,,False,False,1.0,True,OK,True,,,,,21.802803892714955,OK_REPLICA_ROLLING_MEDIAN_BASIS,AVIX_CLEAN_MINUS_PRIOR_252D_MEDIAN_AVIX_QVIX_SPREAD,,,50.0,,,,,,,50.0,,,,,,,,,,,,,,,,,,,,,,50.0,,,,True,True,False,False,False,False,OK,,,,,50.0,40.9,CAUTION,警戒,WARN_BREADTH_MISSING,62.0,62.0,100.0,REALIZED_VOL|DRAWDOWN|BREADTH|TURNOVER
2020-11-13,20.94016033442317,OK,27.77777777777778,36.25434746074697,41.50614366326863,30.0,19.81154955,OK,OPTBBS_PARSE_300INDEX_QVIX,,,,False,False,1.0,True,OK,True,,,,,20.8950544442162,OK_REPLICA_ROLLING_MEDIAN_BASIS,AVIX_CLEAN_MINUS_PRIOR_252D_MEDIAN_AVIX_QVIX_SPREAD,,,50.0,,,,,,,50.0,,,,,,,,,,,,,,,,,,,,,,50.0,,,,True,True,False,False,False,False,OK,,,,,50.0,38.8,NORMAL,正常,WARN_BREADTH_MISSING,62.0,62.0,100.0,REALIZED_VOL|DRAWDOWN|BREADTH|TURNOVER
2020-11-16,21.12751497196492,WARN_NOT_BRACKET_30D,29.03225806451613,36.95741665722582,34.74315878353262,30.0,20.03,OK,OPTBBS_PARSE_300INDEX_QVIX,,,,False,False,1.0,True,OK,True,,,,,21.0808524033683,OK_REPLICA_ROLLING_MEDIAN_BASIS,AVIX_CLEAN_MINUS_PRIOR_252D_MEDIAN_AVIX_QVIX_SPREAD,,,50.0,,,,,,,50.0,,,,,,,,,,,,,,,,,,,,,,50.0,,,,True,True,False,False,False,False,OK,,,,,50.0,38.7,NORMAL,正常,WARN_BREADTH_MISSING|WARN_NOT_BRACKET_30D,62.0,62.0,100.0,REALIZED_VOL|DRAWDOWN|BREADTH|TURNOVER
2020-11-17,20.681496739024183,WARN_NOT_BRACKET_30D,24.770642201834864,35.43519185555546,28.651974687339177,30.0,19.40884673,OK,OPTBBS_PARSE_300INDEX_QVIX,,,,False,False,1.0,True,OK,True,,,,,20.633277492037912,OK_REPLICA_ROLLING_MEDIAN_BASIS,AVIX_CLEAN_MINUS_PRIOR_252D_MEDIAN_AVIX_QVIX_SPREAD,,,50.0,,,,,,,50.0,,,,,,,,,,,,,,,,,,,,,,50.0,,,,True,True,False,False,False,False,OK,,,,,50.0,36.8,NORMAL,正常,WARN_BREADTH_MISSING|WARN_NOT_BRACKET_30D,62.0,62.0,100.0,REALIZED_VOL|DRAWDOWN|BREADTH|TURNOVER
2020-11-18,21.2862156654062,OK,30.136986301369863,37.61018469189082,41.891474548527356,30.0,19.82033451,OK,OPTBBS_PARSE_300INDEX_QVIX,,,,False,False,1.0,True,OK,True,,,,,21.225398595352658,OK_REPLICA_ROLLING_MEDIAN_BASIS,AVIX_CLEAN_MINUS_PRIOR_252D_MEDIAN_AVIX_QVIX_SPREAD,,,50.0,,,,,,,50.0,,,,,,,,,,,,,,,,,,,,,,50.0,,,,True,True,False,False,False,False,OK,,,,,50.0,39.7,NORMAL,正常,WARN_BREADTH_MISSING,62.0,62.0,100.0,REALIZED_VOL|DRAWDOWN|BREADTH|TURNOVER
2020-11-19,21.421832555709333,OK,31.818181818181817,38.126418891185864,46.12710703273528,30.0,21.0,OK,OPTBBS_PARSE_300INDEX_QVIX,,,,False,False,1.0,True,OK,True,,,,,21.348417662588517,OK_REPLICA_ROLLING_MEDIAN_BASIS,AVIX_CLEAN_MINUS_PRIOR_252D_MEDIAN_AVIX_QVIX_SPREAD,,,50.0,,,,,,,50.0,,,,,,,,,,,,,,,,,,,,,,50.0,,,,True,True,False,False,False,False,OK,,,,,50.0,40.5,CAUTION,警戒,WARN_BREADTH_MISSING,62.0,62.0,100.0,REALIZED_VOL|DRAWDOWN|BREADTH|TURNOVER
2020-11-20,20.692738992075064,OK,25.339366515837103,35.593638546396804,47.636872512944684,30.0,20.0,OK,OPTBBS_PARSE_300INDEX_QVIX,,,,False,False,1.0,True,OK,True,,,,,20.598951900664744,OK_REPLICA_ROLLING_MEDIAN_BASIS,AVIX_CLEAN_MINUS_PRIOR_252D_MEDIAN_AVIX_QVIX_SPREAD,,,50.0,,,,,,,50.0,,,,,,,,,,,,,,,,,,,,,,50.0,,,,True,True,False,False,False,False,OK,,,,,50.0,38.5,NORMAL,正常,WARN_BREADTH_MISSING,62.0,62.0,100.0,REALIZED_VOL|DRAWDOWN|BREADTH|TURNOVER
2020-11-23,21.22173658427748,OK,29.72972972972973,37.50862505904624,50.89193274682411,30.0,21.13012619,OK,OPTBBS_PARSE_300INDEX_QVIX,,,,False,False,1.0,True,OK,True,,,,,21.10757729457766,OK_REPLICA_ROLLING_MEDIAN_BASIS,AVIX_CLEAN_MINUS_PRIOR_252D_MEDIAN_AVIX_QVIX_SPREAD,,,50.0,,,,,,,50.0,,,,,,,,,,,,,,,,,,,,,,50.0,,,,True,True,False,False,False,False,OK,,,,,50.0,40.2,CAUTION,警戒,WARN_BREADTH_MISSING,62.0,62.0,100.0,REALIZED_VOL|DRAWDOWN|BREADTH|TURNOVER
2020-11-24,20.99382077218315,OK,28.699551569506728,36.74226320606684,53.02032330735172,30.0,20.32744276,OK,OPTBBS_PARSE_300INDEX_QVIX,,,,False,False,1.0,True,OK,True,,,,,20.890935930194498,OK_REPLICA_ROLLING_MEDIAN_BASIS,AVIX_CLEAN_MINUS_PRIOR_252D_MEDIAN_AVIX_QVIX_SPREAD,,,50.0,,,,,,,50.0,,,,,,,,,,,,,,,,,,,,,,50.0,,,,True,True,False,False,False,False,OK,,,,,50.0,40.0,CAUTION,警戒,WARN_BREADTH_MISSING,62.0,62.0,100.0,REALIZED_VOL|DRAWDOWN|BREADTH|TURNOVER
2020-11-25,20.13513554018509,OK,21.875,33.74989596738413,39.18473679573007,30.0,19.82420756,OK,OPTBBS_PARSE_300INDEX_QVIX,,,,False,False,1.0,True,OK,True,,,,,20.02097625048527,OK_REPLICA_ROLLING_MEDIAN_BASIS,AVIX_CLEAN_MINUS_PRIOR_252D_MEDIAN_AVIX_QVIX_SPREAD,,,50.0,,,,,,,50.0,,,,,,,,,,,,,,,,,,,,,,50.0,,,,True,True,False,False,False,False,OK,,,,,50.0,36.6,NORMAL,正常,WARN_BREADTH_MISSING,62.0,62.0,100.0,REALIZED_VOL|DRAWDOWN|BREADTH|TURNOVER
2020-11-26,19.309694273037177,OK,15.11111111111111,30.89469896335035,30.280507961404734,30.0,18.88454257,OK,OPTBBS_PARSE_300INDEX_QVIX,,,,False,False,1.0,True,OK,True,,,,,19.191717877297158,OK_REPLICA_ROLLING_MEDIAN_BASIS,AVIX_CLEAN_MINUS_PRIOR_252D_MEDIAN_AVIX_QVIX_SPREAD,,,50.0,,,,,,,50.0,,,,,,,,,,,,,,,,,,,,,,50.0,,,,True,True,False,False,False,False,OK,,,,,50.0,33.6,NORMAL,正常,WARN_BREADTH_MISSING,62.0,62.0,100.0,REALIZED_VOL|DRAWDOWN|BREADTH|TURNOVER
2020-11-27,19.99041346435095,OK,19.911504424778762,33.37959996776919,43.211865012233595,30.0,19.48770617,OK,OPTBBS_PARSE_300INDEX_QVIX,,,,False,False,1.0,True,OK,True,,,,,19.868619962570737,OK_REPLICA_ROLLING_MEDIAN_BASIS,AVIX_CLEAN_MINUS_PRIOR_252D_MEDIAN_AVIX_QVIX_SPREAD,,,50.0,,,,,,,50.0,,,,,,,,,,,,,,,,,,,,,,50.0,,,,True,True,False,False,False,False,OK,,,,,50.0,36.3,NORMAL,正常,WARN_BREADTH_MISSING,62.0,62.0,100.0,REALIZED_VOL|DRAWDOWN|BREADTH|TURNOVER
2020-11-30,20.142479902418035,OK,22.90748898678414,33.97931048957121,39.82876186806472,30.0,19.6,OK,OPTBBS_PARSE_300INDEX_QVIX,,,,False,False,1.0,True,OK,True,,,,,20.01732052336392,OK_REPLICA_ROLLING_MEDIAN_BASIS,AVIX_CLEAN_MINUS_PRIOR_252D_MEDIAN_AVIX_QVIX_SPREAD,,,50.0,,,,,,,50.0,,,,,,,,,,,,,,,,,,,,,,50.0,,,,True,True,False,False,False,False,OK,,,,,50.0,37.0,NORMAL,正常,WARN_BREADTH_MISSING,62.0,62.0,100.0,REALIZED_VOL|DRAWDOWN|BREADTH|TURNOVER
2020-12-01,22.26478205566385,OK,39.91228070175439,41.564761973845734,62.10795592924874,30.0,21.74394351,OK,OPTBBS_PARSE_300INDEX_QVIX,,,,False,False,1.0,True,OK,True,,,,,22.13625679933584,OK_REPLICA_ROLLING_MEDIAN_BASIS,AVIX_CLEAN_MINUS_PRIOR_252D_MEDIAN_AVIX_QVIX_SPREAD,,,50.0,,,,,,,50.0,,,,,,,,,,,,,,,,,,,,,,50.0,,,,True,True,False,False,False,False,OK,,,,,50.0,44.6,CAUTION,警戒,WARN_BREADTH_MISSING,62.0,62.0,100.0,REALIZED_VOL|DRAWDOWN|BREADTH|TURNOVER
2020-12-02,22.831322622370404,OK,48.47161572052402,43.60291101868372,76.780918129946,30.0,22.26144964,OK,OPTBBS_PARSE_300INDEX_QVIX,,,,False,False,1.0,True,OK,True,,,,,22.70196962934032,OK_REPLICA_ROLLING_MEDIAN_BASIS,AVIX_CLEAN_MINUS_PRIOR_252D_MEDIAN_AVIX_QVIX_SPREAD,,,50.0,,,,,,,50.0,,,,,,,,,,,,,,,,,,,,,,50.0,,,,True,True,False,False,False,False,OK,,,,,50.0,48.4,CAUTION,警戒,WARN_BREADTH_MISSING,62.0,62.0,100.0,REALIZED_VOL|DRAWDOWN|BREADTH|TURNOVER
2020-12-03,22.65370178063798,OK,44.78260869565218,42.98462053585196,84.63553032292346,30.0,22.26675201,OK,OPTBBS_PARSE_300INDEX_QVIX,,,,False,False,1.0,True,OK,True,,,,,22.523521050905817,OK_REPLICA_ROLLING_MEDIAN_BASIS,AVIX_CLEAN_MINUS_PRIOR_252D_MEDIAN_AVIX_QVIX_SPREAD,,,50.0,,,,,,,50.0,,,,,,,,,,,,,,,,,,,,,,50.0,,,,True,True,False,False,False,False,OK,,,,,50.0,47.9,CAUTION,警戒,WARN_BREADTH_MISSING,62.0,62.0,100.0,REALIZED_VOL|DRAWDOWN|BREADTH|TURNOVER
2020-12-04,21.498565408283373,OK,33.76623376623377,38.87588255200476,65.08875188221515,30.0,21.23992291,OK,OPTBBS_PARSE_300INDEX_QVIX,,,,False,False,1.0,True,OK,True,,,,,21.36610160861317,OK_REPLICA_ROLLING_MEDIAN_BASIS,AVIX_CLEAN_MINUS_PRIOR_252D_MEDIAN_AVIX_QVIX_SPREAD,,,50.0,,,,,,,50.0,,,,,,,,,,,,,,,,,,,,,,50.0,,,,True,True,False,False,False,False,OK,,,,,50.0,42.7,CAUTION,警戒,WARN_BREADTH_MISSING,62.0,62.0,100.0,REALIZED_VOL|DRAWDOWN|BREADTH|TURNOVER
2020-12-07,20.77196934601708,OK,27.155172413793103,36.311106544579474,56.250366853025646,30.0,20.5894048,OK,OPTBBS_PARSE_300INDEX_QVIX,,,,False,False,1.0,True,OK,True,,,,,20.63722247640884,OK_REPLICA_ROLLING_MEDIAN_BASIS,AVIX_CLEAN_MINUS_PRIOR_252D_MEDIAN_AVIX_QVIX_SPREAD,,,50.0,,,,,,,50.0,,,,,,,,,,,,,,,,,,,,,,50.0,,,,True,True,False,False,False,False,OK,,,,,50.0,39.8,NORMAL,正常,WARN_BREADTH_MISSING,62.0,62.0,100.0,REALIZED_VOL|DRAWDOWN|BREADTH|TURNOVER
2020-12-08,19.781029100128418,OK,18.4549356223176,32.8142991047059,27.68895334950201,30.0,21.0,OK,OPTBBS_PARSE_300INDEX_QVIX,,,,False,False,1.0,True,OK,True,,,,,19.634860353696865,OK_REPLICA_ROLLING_MEDIAN_BASIS,AVIX_CLEAN_MINUS_PRIOR_252D_MEDIAN_AVIX_QVIX_SPREAD,,,50.0,,,,,,,50.0,,,,,,,,,,,,,,,,,,,,,,50.0,,,,True,True,False,False,False,False,OK,,,,,50.0,34.6,NORMAL,正常,WARN_BREADTH_MISSING,62.0,62.0,100.0,REALIZED_VOL|DRAWDOWN|BREADTH|TURNOVER
2020-12-09,19.589186291058105,OK,17.94871794871795,32.193041767875116,21.599224583374642,30.0,19.31688147,OK,OPTBBS_PARSE_300INDEX_QVIX,,,,False,False,1.0,True,OK,True,,,,,19.454439421449866,OK_REPLICA_ROLLING_MEDIAN_BASIS,AVIX_CLEAN_MINUS_PRIOR_252D_MEDIAN_AVIX_QVIX_SPREAD,,,50.0,,,,,,,50.0,,,,,,,,,,,,,,,,,,,,,,50.0,,,,True,True,False,False,False,False,OK,,,,,50.0,33.9,NORMAL,正常,WARN_BREADTH_MISSING,62.0,62.0,100.0,REALIZED_VOL|DRAWDOWN|BREADTH|TURNOVER
2020-12-10,18.73547069559659,OK,9.361702127659575,29.21452039993244,15.407586601230115,30.0,18.27018224,OK,OPTBBS_PARSE_300INDEX_QVIX,,,,False,False,1.0,True,OK,True,,,,,18.589301949165034,OK_REPLICA_ROLLING_MEDIAN_BASIS,AVIX_CLEAN_MINUS_PRIOR_252D_MEDIAN_AVIX_QVIX_SPREAD,,,50.0,,,,,,,50.0,,,,,,,,,,,,,,,,,,,,,,50.0,,,,True,True,False,False,False,False,OK,,,,,50.0,30.5,NORMAL,正常,WARN_BREADTH_MISSING,62.0,62.0,100.0,REALIZED_VOL|DRAWDOWN|BREADTH|TURNOVER
2020-12-11,19.425902695314328,OK,16.101694915254235,31.768925169789835,30.71813003698889,30.0,18.61799108,OK,OPTBBS_PARSE_300INDEX_QVIX,,,,False,False,1.0,True,OK,True,,,,,19.26831207205946,OK_REPLICA_ROLLING_MEDIAN_BASIS,AVIX_CLEAN_MINUS_PRIOR_252D_MEDIAN_AVIX_QVIX_SPREAD,,,50.0,,,,,,,50.0,,,,,,,,,,,,,,,,,,,,,,50.0,,,,True,True,False,False,False,False,OK,,,,,50.0,34.0,NORMAL,正常,WARN_BREADTH_MISSING,62.0,62.0,100.0,REALIZED_VOL|DRAWDOWN|BREADTH|TURNOVER
2020-12-14,18.733292405096265,WARN_NOT_BRACKET_30D,9.282700421940929,29.367370260676612,30.37088436863382,30.0,18.36015298,OK,OPTBBS_PARSE_300INDEX_QVIX,,,,False,False,1.0,True,OK,True,,,,,18.57070906016056,OK_REPLICA_ROLLING_MEDIAN_BASIS,AVIX_CLEAN_MINUS_PRIOR_252D_MEDIAN_AVIX_QVIX_SPREAD,,,50.0,,,,,,,50.0,,,,,,,,,,,,,,,,,,,,,,50.0,,,,True,True,False,False,False,False,OK,,,,,50.0,31.7,NORMAL,正常,WARN_BREADTH_MISSING|WARN_NOT_BRACKET_30D,62.0,62.0,100.0,REALIZED_VOL|DRAWDOWN|BREADTH|TURNOVER
2020-12-15,18.541660417323865,WARN_NOT_BRACKET_30D,7.9831932773109235,28.77346825968268,37.46911824929768,30.0,18.00003519,OK,OPTBBS_PARSE_300INDEX_QVIX,,,,False,False,1.0,True,OK,True,,,,,18.374084350707324,OK_REPLICA_ROLLING_MEDIAN_BASIS,AVIX_CLEAN_MINUS_PRIOR_252D_MEDIAN_AVIX_QVIX_SPREAD,,,50.0,,,,,,,50.0,,,,,,,,,,,,,,,,,,,,,,50.0,,,,True,True,False,False,False,False,OK,,,,,50.0,31.9,NORMAL,正常,WARN_BREADTH_MISSING|WARN_NOT_BRACKET_30D,62.0,62.0,100.0,REALIZED_VOL|DRAWDOWN|BREADTH|TURNOVER
2020-12-16,19.056288350151725,OK,12.133891213389122,30.702734473831246,44.559264147182745,30.0,18.77697623,OK,OPTBBS_PARSE_300INDEX_QVIX,,,,False,False,1.0,True,OK,True,,,,,18.884897624340987,OK_REPLICA_ROLLING_MEDIAN_BASIS,AVIX_CLEAN_MINUS_PRIOR_252D_MEDIAN_AVIX_QVIX_SPREAD,,,50.0,,,,,,,50.0,,,,,,,,,,,,,,,,,,,,,,50.0,,,,True,True,False,False,False,False,OK,,,,,50.0,33.9,NORMAL,正常,WARN_BREADTH_MISSING,62.0,62.0,100.0,REALIZED_VOL|DRAWDOWN|BREADTH|TURNOVER
2020-12-17,18.55690537024259,OK,8.333333333333332,28.99908986991429,48.09382610925308,30.0,18.16459027,OK,OPTBBS_PARSE_300INDEX_QVIX,,,,False,False,1.0,True,OK,True,,,,,18.381699985237653,OK_REPLICA_ROLLING_MEDIAN_BASIS,AVIX_CLEAN_MINUS_PRIOR_252D_MEDIAN_AVIX_QVIX_SPREAD,,,50.0,,,,,,,50.0,,,,,,,,,,,,,,,,,,,,,,50.0,,,,True,True,False,False,False,False,OK,,,,,50.0,32.8,NORMAL,正常,WARN_BREADTH_MISSING,62.0,62.0,100.0,REALIZED_VOL|DRAWDOWN|BREADTH|TURNOVER
2020-12-18,17.911194788246636,OK,7.468879668049793,26.79090995907984,34.405276492679526,30.0,18.9,OK,OPTBBS_PARSE_300INDEX_QVIX,,,,False,False,1.0,True,OK,True,,,,,17.73230982273563,OK_REPLICA_ROLLING_MEDIAN_BASIS,AVIX_CLEAN_MINUS_PRIOR_252D_MEDIAN_AVIX_QVIX_SPREAD,,,50.0,,,,,,,50.0,,,,,,,,,,,,,,,,,,,,,,50.0,,,,True,True,False,False,False,False,OK,,,,,50.0,31.2,NORMAL,正常,WARN_BREADTH_MISSING,62.0,62.0,100.0,REALIZED_VOL|DRAWDOWN|BREADTH|TURNOVER
2020-12-21,18.890640621257624,OK,11.570247933884298,30.39050230110914,51.67987786405934,30.0,20.4,OK,OPTBBS_PARSE_300INDEX_QVIX,,,,False,False,1.0,True,OK,True,,,,,18.715435236252688,OK_REPLICA_ROLLING_MEDIAN_BASIS,AVIX_CLEAN_MINUS_PRIOR_252D_MEDIAN_AVIX_QVIX_SPREAD,,,50.0,,,,,,,50.0,,,,,,,,,,,,,,,,,,,,,,50.0,,,,True,True,False,False,False,False,OK,,,,,50.0,34.2,NORMAL,正常,WARN_BREADTH_MISSING,62.0,62.0,100.0,REALIZED_VOL|DRAWDOWN|BREADTH|TURNOVER
2020-12-22,18.57841357581745,OK,9.053497942386832,29.35673406981366,50.396438697143296,30.0,20.0,OK,OPTBBS_PARSE_300INDEX_QVIX,,,,False,False,1.0,True,OK,True,,,,,18.40702285000671,OK_REPLICA_ROLLING_MEDIAN_BASIS,AVIX_CLEAN_MINUS_PRIOR_252D_MEDIAN_AVIX_QVIX_SPREAD,,,50.0,,,,,,,50.0,,,,,,,,,,,,,,,,,,,,,,50.0,,,,True,True,False,False,False,False,OK,,,,,50.0,33.3,NORMAL,正常,WARN_BREADTH_MISSING,62.0,62.0,100.0,REALIZED_VOL|DRAWDOWN|BREADTH|TURNOVER
2020-12-23,18.551968200123746,OK,8.60655737704918,29.34970972116844,44.707047450570684,30.0,17.75341155,OK,OPTBBS_PARSE_300INDEX_QVIX,,,,False,False,1.0,True,OK,True,,,,,18.384392133507205,OK_REPLICA_ROLLING_MEDIAN_BASIS,AVIX_CLEAN_MINUS_PRIOR_252D_MEDIAN_AVIX_QVIX_SPREAD,,,50.0,,,,,,,50.0,,,,,,,,,,,,,,,,,,,,,,50.0,,,,True,True,False,False,False,False,OK,,,,,50.0,32.7,NORMAL,正常,WARN_BREADTH_MISSING,62.0,62.0,100.0,REALIZED_VOL|DRAWDOWN|BREADTH|TURNOVER
2020-12-24,18.36120486487908,OK,7.755102040816326,28.757238993322805,47.89080666782588,30.0,17.6653188,OK,OPTBBS_PARSE_300INDEX_QVIX,,,,False,False,1.0,True,OK,True,,,,,18.189814139068343,OK_REPLICA_ROLLING_MEDIAN_BASIS,AVIX_CLEAN_MINUS_PRIOR_252D_MEDIAN_AVIX_QVIX_SPREAD,,,50.0,,,,,,,50.0,,,,,,,,,,,,,,,,,,,,,,50.0,,,,True,True,False,False,False,False,OK,,,,,50.0,32.6,NORMAL,正常,WARN_BREADTH_MISSING,62.0,62.0,100.0,REALIZED_VOL|DRAWDOWN|BREADTH|TURNOVER
2020-12-25,17.9861526311387,OK,7.723577235772358,27.514388752684834,50.83699433542259,30.0,17.26236734,OK,OPTBBS_PARSE_300INDEX_QVIX,,,,False,False,1.0,True,OK,True,,,,,17.810947246133765,OK_REPLICA_ROLLING_MEDIAN_BASIS,AVIX_CLEAN_MINUS_PRIOR_252D_MEDIAN_AVIX_QVIX_SPREAD,,,50.0,,,,,,,50.0,,,,,,,,,,,,,,,,,,,,,,50.0,,,,True,True,False,False,False,False,OK,,,,,50.0,32.7,NORMAL,正常,WARN_BREADTH_MISSING,62.0,62.0,100.0,REALIZED_VOL|DRAWDOWN|BREADTH|TURNOVER
2020-12-28,18.38694223628584,OK,8.906882591093117,29.042722678545594,44.66721753835099,30.0,17.83265227,OK,OPTBBS_PARSE_300INDEX_QVIX,,,,False,False,1.0,True,OK,True,,,,,18.20805727077483,OK_REPLICA_ROLLING_MEDIAN_BASIS,AVIX_CLEAN_MINUS_PRIOR_252D_MEDIAN_AVIX_QVIX_SPREAD,,,50.0,,,,,,,50.0,,,,,,,,,,,,,,,,,,,,,,50.0,,,,True,True,False,False,False,False,OK,,,,,50.0,32.7,NORMAL,正常,WARN_BREADTH_MISSING,62.0,62.0,100.0,REALIZED_VOL|DRAWDOWN|BREADTH|TURNOVER
2020-12-29,18.72377402848616,OK,12.096774193548388,30.330094241515773,51.56483170186199,30.0,18.37284143,OK,OPTBBS_PARSE_300INDEX_QVIX,,,,False,False,1.0,True,OK,True,,,,,18.541209482469082,OK_REPLICA_ROLLING_MEDIAN_BASIS,AVIX_CLEAN_MINUS_PRIOR_252D_MEDIAN_AVIX_QVIX_SPREAD,,,50.0,,,,,,,50.0,,,,,,,,,,,,,,,,,,,,,,50.0,,,,True,True,False,False,False,False,OK,,,,,50.0,34.4,NORMAL,正常,WARN_BREADTH_MISSING,62.0,62.0,100.0,REALIZED_VOL|DRAWDOWN|BREADTH|TURNOVER
2020-12-30,19.090667644095426,OK,16.867469879518072,31.714716492962005,55.80746407238975,30.0,18.18535292,OK,OPTBBS_PARSE_300INDEX_QVIX,,,,False,False,1.0,True,OK,True,,,,,18.907660219267658,OK_REPLICA_ROLLING_MEDIAN_BASIS,AVIX_CLEAN_MINUS_PRIOR_252D_MEDIAN_AVIX_QVIX_SPREAD,,,50.0,,,,,,,50.0,,,,,,,,,,,,,,,,,,,,,,50.0,,,,True,True,False,False,False,False,OK,,,,,50.0,36.2,NORMAL,正常,WARN_BREADTH_MISSING,62.0,62.0,100.0,REALIZED_VOL|DRAWDOWN|BREADTH|TURNOVER
2020-12-31,20.524874023373936,OK,29.599999999999998,36.90160972191998,73.56783418536409,30.0,18.19409435,OK,OPTBBS_PARSE_300INDEX_QVIX,,,,False,False,1.0,True,OK,True,,,,,20.34142371973548,OK_REPLICA_ROLLING_MEDIAN_BASIS,AVIX_CLEAN_MINUS_PRIOR_252D_MEDIAN_AVIX_QVIX_SPREAD,,,50.0,,,,,,,50.0,,,,,,,,,,,,,,,,,,,,,,50.0,,,,True,True,False,False,False,False,OK,,,,,50.0,41.9,CAUTION,警戒,WARN_BREADTH_MISSING,62.0,62.0,100.0,REALIZED_VOL|DRAWDOWN|BREADTH|TURNOVER
2021-01-04,20.967359348491705,OK,34.66135458167331,38.52257943373074,83.1500213357665,30.0,17.49891939,OK,OPTBBS_PARSE_300INDEX_QVIX,,,,False,False,1.0,True,OK,True,,,,,20.773920975666726,OK_REPLICA_ROLLING_MEDIAN_BASIS,AVIX_CLEAN_MINUS_PRIOR_252D_MEDIAN_AVIX_QVIX_SPREAD,,,50.0,,,,,,,50.0,,,,,,,,,,,,,,,,,,,,,,50.0,,,,True,True,False,False,False,False,OK,,,,,50.0,44.4,CAUTION,警戒,WARN_BREADTH_MISSING,62.0,62.0,100.0,REALIZED_VOL|DRAWDOWN|BREADTH|TURNOVER
2021-01-05,21.053873511361136,OK,35.317460317460316,38.86297454574061,79.00896996143514,30.0,18.5,OK,OPTBBS_PARSE_300INDEX_QVIX,,,,False,False,1.0,True,OK,True,,,,,20.85044706934963,OK_REPLICA_ROLLING_MEDIAN_BASIS,AVIX_CLEAN_MINUS_PRIOR_252D_MEDIAN_AVIX_QVIX_SPREAD,,,50.0,,,,,,,50.0,,,,,,,,,,,,,,,,,,,,,,50.0,,,,True,True,False,False,False,False,OK,,,,,50.0,44.3,CAUTION,警戒,WARN_BREADTH_MISSING,62.0,62.0,100.0,REALIZED_VOL|DRAWDOWN|BREADTH|TURNOVER
2021-01-06,22.71015303426166,OK,50.988142292490124,44.71433629954942,92.58093480204002,30.0,19.0,OK,OPTBBS_PARSE_300INDEX_QVIX,,,,False,False,1.0,True,OK,True,,,,,22.505813667313404,OK_REPLICA_ROLLING_MEDIAN_BASIS,AVIX_CLEAN_MINUS_PRIOR_252D_MEDIAN_AVIX_QVIX_SPREAD,,,50.0,,,,,,,50.0,,,,,,,,,,,,,,,,,,,,,,50.0,,,,True,True,False,False,False,False,OK,,,,,50.0,50.5,CAUTION,警戒,WARN_BREADTH_MISSING,62.0,62.0,100.0,REALIZED_VOL|DRAWDOWN|BREADTH|TURNOVER
2021-01-07,25.168972825510043,OK,64.1732283464567,53.49018154785388,100.0,30.0,21.75577661,OK,OPTBBS_PARSE_300INDEX_QVIX,,,,False,False,1.0,True,OK,True,,,,,24.96398796989186,OK_REPLICA_ROLLING_MEDIAN_BASIS,AVIX_CLEAN_MINUS_PRIOR_252D_MEDIAN_AVIX_QVIX_SPREAD,,,50.0,,,,,,,50.0,,,,,,,,,,,,,,,,,,,,,,50.0,,,,True,True,False,False,False,False,OK,,,,,50.0,56.1,CAUTION,警戒,WARN_BREADTH_MISSING,62.0,62.0,100.0,REALIZED_VOL|DRAWDOWN|BREADTH|TURNOVER
2021-01-08,25.78586755778604,OK,65.49019607843137,55.60873099799977,100.0,30.0,22.06,OK,OPTBBS_PARSE_300INDEX_QVIX,,,,False,False,1.0,True,OK,True,,,,,25.579168847339822,OK_REPLICA_ROLLING_MEDIAN_BASIS,AVIX_CLEAN_MINUS_PRIOR_252D_MEDIAN_AVIX_QVIX_SPREAD,,,50.0,,,,,,,50.0,,,,,,,,,,,,,,,,,,,,,,50.0,,,,True,True,False,False,False,False,OK,,,,,50.0,56.7,CAUTION,警戒,WARN_BREADTH_MISSING,62.0,62.0,100.0,REALIZED_VOL|DRAWDOWN|BREADTH|TURNOVER
2021-01-11,23.5462555450589,WARN_NOT_BRACKET_30D,58.203125,47.269406913514246,74.59915102998136,30.0,22.23265018,OK,OPTBBS_PARSE_300INDEX_QVIX,,,,False,False,1.0,True,OK,True,,,,,23.333521340520186,OK_REPLICA_ROLLING_MEDIAN_BASIS,AVIX_CLEAN_MINUS_PRIOR_252D_MEDIAN_AVIX_QVIX_SPREAD,,,50.0,,,,,,,50.0,,,,,,,,,,,,,,,,,,,,,,50.0,,,,True,True,False,False,False,False,OK,,,,,50.0,51.5,CAUTION,警戒,WARN_BREADTH_MISSING|WARN_NOT_BRACKET_30D,62.0,62.0,100.0,REALIZED_VOL|DRAWDOWN|BREADTH|TURNOVER
2021-01-12,24.64710979349353,WARN_NOT_BRACKET_30D,61.86770428015564,51.18807819496457,84.13373107037434,30.0,16.95687363,OK,OPTBBS_PARSE_300INDEX_QVIX,,,,False,False,1.0,True,OK,True,,,,,24.422721268123098,OK_REPLICA_ROLLING_MEDIAN_BASIS,AVIX_CLEAN_MINUS_PRIOR_252D_MEDIAN_AVIX_QVIX_SPREAD,,,50.0,,,,,,,50.0,,,,,,,,,,,,,,,,,,,,,,50.0,,,,True,True,False,False,False,False,OK,,,,,50.0,53.8,CAUTION,警戒,WARN_BREADTH_MISSING|WARN_NOT_BRACKET_30D,62.0,62.0,100.0,REALIZED_VOL|DRAWDOWN|BREADTH|TURNOVER
2021-01-13,24.50491846691543,WARN_NOT_BRACKET_30D,61.627906976744185,50.54296818394461,65.80584181838054,30.0,19.2,OK,OPTBBS_PARSE_300INDEX_QVIX,,,,False,False,1.0,True,OK,True,,,,,24.260515821108235,OK_REPLICA_ROLLING_MEDIAN_BASIS,AVIX_CLEAN_MINUS_PRIOR_252D_MEDIAN_AVIX_QVIX_SPREAD,,,50.0,,,,,,,50.0,,,,,,,,,,,,,,,,,,,,,,50.0,,,,True,True,False,False,False,False,OK,,,,,50.0,52.2,CAUTION,警戒,WARN_BREADTH_MISSING|WARN_NOT_BRACKET_30D,62.0,62.0,100.0,REALIZED_VOL|DRAWDOWN|BREADTH|TURNOVER
2021-01-14,24.07879351985803,WARN_NOT_BRACKET_30D,60.231660231660236,48.85637019198248,41.33711722595959,30.0,20.38567956,OK,OPTBBS_PARSE_300INDEX_QVIX,,,,False,False,1.0,True,OK,True,,,,,23.819359097541316,OK_REPLICA_ROLLING_MEDIAN_BASIS,AVIX_CLEAN_MINUS_PRIOR_252D_MEDIAN_AVIX_QVIX_SPREAD,,,50.0,,,,,,,50.0,,,,,,,,,,,,,,,,,,,,,,50.0,,,,True,True,False,False,False,False,OK,,,,,50.0,49.6,CAUTION,警戒,WARN_BREADTH_MISSING|WARN_NOT_BRACKET_30D,62.0,62.0,100.0,REALIZED_VOL|DRAWDOWN|BREADTH|TURNOVER
2021-01-15,22.85333828152772,WARN_NOT_BRACKET_30D,52.69230769230769,44.21741691332446,27.254755771264747,30.0,19.81974081,OK,OPTBBS_PARSE_300INDEX_QVIX,,,,False,False,1.0,True,OK,True,,,,,22.589149045096782,OK_REPLICA_ROLLING_MEDIAN_BASIS,AVIX_CLEAN_MINUS_PRIOR_252D_MEDIAN_AVIX_QVIX_SPREAD,,,50.0,,,,,,,50.0,,,,,,,,,,,,,,,,,,,,,,50.0,,,,True,True,False,False,False,False,OK,,,,,50.0,45.7,CAUTION,警戒,WARN_BREADTH_MISSING|WARN_NOT_BRACKET_30D,62.0,62.0,100.0,REALIZED_VOL|DRAWDOWN|BREADTH|TURNOVER
2021-01-18,23.258658843695645,WARN_NOT_BRACKET_30D,55.938697318007655,45.65743605356578,47.55717675948177,30.0,19.81974081,OK,OPTBBS_PARSE_300INDEX_QVIX,,,,False,False,1.0,True,OK,True,,,,,22.988430369910688,OK_REPLICA_ROLLING_MEDIAN_BASIS,AVIX_CLEAN_MINUS_PRIOR_252D_MEDIAN_AVIX_QVIX_SPREAD,,,50.0,,,,,,,50.0,,,,,,,,,,,,,,,,,,,,,,50.0,,,,True,True,False,False,False,False,OK,,,,,50.0,48.5,CAUTION,警戒,WARN_BREADTH_MISSING|WARN_NOT_BRACKET_30D,62.0,62.0,100.0,REALIZED_VOL|DRAWDOWN|BREADTH|TURNOVER
2021-01-19,23.48249870498228,WARN_NOT_BRACKET_30D,57.63358778625955,46.4323681178314,40.549714767622035,30.0,21.75418513,OK,OPTBBS_PARSE_300INDEX_QVIX,,,,False,False,1.0,True,OK,True,,,,,23.209910474489693,OK_REPLICA_ROLLING_MEDIAN_BASIS,AVIX_CLEAN_MINUS_PRIOR_252D_MEDIAN_AVIX_QVIX_SPREAD,,,50.0,,,,,,,50.0,,,,,,,,,,,,,,,,,,,,,,50.0,,,,True,True,False,False,False,False,OK,,,,,50.0,48.5,CAUTION,警戒,WARN_BREADTH_MISSING|WARN_NOT_BRACKET_30D,62.0,62.0,100.0,REALIZED_VOL|DRAWDOWN|BREADTH|TURNOVER
2021-01-20,23.185973085352344,OK,54.752851711026615,45.26298685778275,39.235259987958585,30.0,21.2583454,OK,OPTBBS_PARSE_300INDEX_QVIX,,,,False,False,1.0,True,OK,True,,,,,22.913384854859757,OK_REPLICA_ROLLING_MEDIAN_BASIS,AVIX_CLEAN_MINUS_PRIOR_252D_MEDIAN_AVIX_QVIX_SPREAD,,,50.0,,,,,,,50.0,,,,,,,,,,,,,,,,,,,,,,50.0,,,,True,True,False,False,False,False,OK,,,,,50.0,47.4,CAUTION,警戒,WARN_BREADTH_MISSING,62.0,62.0,100.0,REALIZED_VOL|DRAWDOWN|BREADTH|TURNOVER
2021-01-21,23.694773413069043,OK,59.09090909090909,47.111045271446315,46.810304416022475,30.0,20.85936103,OK,OPTBBS_PARSE_300INDEX_QVIX,,,,False,False,1.0,True,OK,True,,,,,23.420089589097444,OK_REPLICA_ROLLING_MEDIAN_BASIS,AVIX_CLEAN_MINUS_PRIOR_252D_MEDIAN_AVIX_QVIX_SPREAD,,,50.0,,,,,,,50.0,,,,,,,,,,,,,,,,,,,,,,50.0,,,,True,True,False,False,False,False,OK,,,,,50.0,49.5,CAUTION,警戒,WARN_BREADTH_MISSING,62.0,62.0,100.0,REALIZED_VOL|DRAWDOWN|BREADTH|TURNOVER
2021-01-22,22.3810198285422,OK,44.528301886792455,42.1037694623972,45.86652551879222,30.0,19.86868282,OK,OPTBBS_PARSE_300INDEX_QVIX,,,,False,False,1.0,True,OK,True,,,,,22.102832355023793,OK_REPLICA_ROLLING_MEDIAN_BASIS,AVIX_CLEAN_MINUS_PRIOR_252D_MEDIAN_AVIX_QVIX_SPREAD,,,50.0,,,,,,,50.0,,,,,,,,,,,,,,,,,,,,,,50.0,,,,True,True,False,False,False,False,OK,,,,,50.0,44.6,CAUTION,警戒,WARN_BREADTH_MISSING,62.0,62.0,100.0,REALIZED_VOL|DRAWDOWN|BREADTH|TURNOVER
2021-01-25,23.14322388955321,OK,54.13533834586466,44.89271298844627,49.00738082175597,30.0,20.00899736,OK,OPTBBS_PARSE_300INDEX_QVIX,,,,False,False,1.0,True,OK,True,,,,,22.855247641992566,OK_REPLICA_ROLLING_MEDIAN_BASIS,AVIX_CLEAN_MINUS_PRIOR_252D_MEDIAN_AVIX_QVIX_SPREAD,,,50.0,,,,,,,50.0,,,,,,,,,,,,,,,,,,,,,,50.0,,,,True,True,False,False,False,False,OK,,,,,50.0,48.0,CAUTION,警戒,WARN_BREADTH_MISSING,62.0,62.0,100.0,REALIZED_VOL|DRAWDOWN|BREADTH|TURNOVER
2021-01-26,23.10891345153276,OK,53.93258426966292,44.666797257155984,46.81818141976299,30.0,21.06024455,OK,OPTBBS_PARSE_300INDEX_QVIX,,,,False,False,1.0,True,OK,True,,,,,22.81011486414414,OK_REPLICA_ROLLING_MEDIAN_BASIS,AVIX_CLEAN_MINUS_PRIOR_252D_MEDIAN_AVIX_QVIX_SPREAD,,,50.0,,,,,,,50.0,,,,,,,,,,,,,,,,,,,,,,50.0,,,,True,True,False,False,False,False,OK,,,,,50.0,47.7,CAUTION,警戒,WARN_BREADTH_MISSING,62.0,62.0,100.0,REALIZED_VOL|DRAWDOWN|BREADTH|TURNOVER
2021-01-27,23.06038917928192,OK,53.73134328358209,44.37634102970665,48.91672516302745,30.0,20.87062092,OK,OPTBBS_PARSE_300INDEX_QVIX,,,,False,False,1.0,True,OK,True,,,,,22.75555517513255,OK_REPLICA_ROLLING_MEDIAN_BASIS,AVIX_CLEAN_MINUS_PRIOR_252D_MEDIAN_AVIX_QVIX_SPREAD,,,50.0,,,,,,,50.0,,,,,,,,,,,,,,,,,,,,,,50.0,,,,True,True,False,False,False,False,OK,,,,,50.0,47.8,CAUTION,警戒,WARN_BREADTH_MISSING,62.0,62.0,100.0,REALIZED_VOL|DRAWDOWN|BREADTH|TURNOVER
2021-01-28,24.79181390895408,OK,63.56877323420075,50.852392868061116,59.25976777038899,30.0,23.20152754,OK,OPTBBS_PARSE_300INDEX_QVIX,,,,False,False,1.0,True,OK,True,,,,,24.48199431461601,OK_REPLICA_ROLLING_MEDIAN_BASIS,AVIX_CLEAN_MINUS_PRIOR_252D_MEDIAN_AVIX_QVIX_SPREAD,,,50.0,,,,,,,50.0,,,,,,,,,,,,,,,,,,,,,,50.0,,,,True,True,False,False,False,False,OK,,,,,50.0,52.3,CAUTION,警戒,WARN_BREADTH_MISSING,62.0,62.0,100.0,REALIZED_VOL|DRAWDOWN|BREADTH|TURNOVER
2021-01-29,24.953426088165163,OK,64.44444444444444,51.34733691921708,72.98739091721288,30.0,23.21612436,OK,OPTBBS_PARSE_300INDEX_QVIX,,,,False,False,1.0,True,OK,True,,,,,24.64094522779981,OK_REPLICA_ROLLING_MEDIAN_BASIS,AVIX_CLEAN_MINUS_PRIOR_252D_MEDIAN_AVIX_QVIX_SPREAD,,,50.0,,,,,,,50.0,,,,,,,,,,,,,,,,,,,,,,50.0,,,,True,True,False,False,False,False,OK,,,,,50.0,53.7,CAUTION,警戒,WARN_BREADTH_MISSING,62.0,62.0,100.0,REALIZED_VOL|DRAWDOWN|BREADTH|TURNOVER
2021-02-01,25.482082613306595,OK,66.78966789667896,53.242156755807486,70.21203903928996,30.0,23.60326014,OK,OPTBBS_PARSE_300INDEX_QVIX,,,,False,False,1.0,True,OK,True,,,,,25.161978564186192,OK_REPLICA_ROLLING_MEDIAN_BASIS,AVIX_CLEAN_MINUS_PRIOR_252D_MEDIAN_AVIX_QVIX_SPREAD,,,50.0,,,,,,,50.0,,,,,,,,,,,,,,,,,,,,,,50.0,,,,True,True,False,False,False,False,OK,,,,,50.0,54.4,CAUTION,警戒,WARN_BREADTH_MISSING,62.0,62.0,100.0,REALIZED_VOL|DRAWDOWN|BREADTH|TURNOVER
2021-02-02,24.04502495597277,OK,60.66176470588235,47.54876838493465,58.10173534470459,30.0,21.66840524,OK,OPTBBS_PARSE_300INDEX_QVIX,,,,False,False,1.0,True,OK,True,,,,,23.716080210589134,OK_REPLICA_ROLLING_MEDIAN_BASIS,AVIX_CLEAN_MINUS_PRIOR_252D_MEDIAN_AVIX_QVIX_SPREAD,,,50.0,,,,,,,50.0,,,,,,,,,,,,,,,,,,,,,,50.0,,,,True,True,False,False,False,False,OK,,,,,50.0,50.9,CAUTION,警戒,WARN_BREADTH_MISSING,62.0,62.0,100.0,REALIZED_VOL|DRAWDOWN|BREADTH|TURNOVER
2021-02-03,23.539658891883107,OK,57.509157509157504,45.472159049678986,54.156648952236885,30.0,20.8333764,OK,OPTBBS_PARSE_300INDEX_QVIX,,,,False,False,1.0,True,OK,True,,,,,23.198335026103983,OK_REPLICA_ROLLING_MEDIAN_BASIS,AVIX_CLEAN_MINUS_PRIOR_252D_MEDIAN_AVIX_QVIX_SPREAD,,,50.0,,,,,,,50.0,,,,,,,,,,,,,,,,,,,,,,50.0,,,,True,True,False,False,False,False,OK,,,,,50.0,49.4,CAUTION,警戒,WARN_BREADTH_MISSING,62.0,62.0,100.0,REALIZED_VOL|DRAWDOWN|BREADTH|TURNOVER
2021-02-04,24.14858179363909,OK,61.67883211678832,47.731013771313485,44.8109314011697,30.0,21.22559633,OK,OPTBBS_PARSE_300INDEX_QVIX,,,,False,False,1.0,True,OK,True,,,,,23.807257927859965,OK_REPLICA_ROLLING_MEDIAN_BASIS,AVIX_CLEAN_MINUS_PRIOR_252D_MEDIAN_AVIX_QVIX_SPREAD,,,50.0,,,,,,,50.0,,,,,,,,,,,,,,,,,,,,,,50.0,,,,True,True,False,False,False,False,OK,,,,,50.0,50.1,CAUTION,警戒,WARN_BREADTH_MISSING,62.0,62.0,100.0,REALIZED_VOL|DRAWDOWN|BREADTH|TURNOVER
2021-02-05,23.849140190750457,OK,59.27272727272728,46.50664049237902,41.149224210631004,30.0,18.43690642,OK,OPTBBS_PARSE_300INDEX_QVIX,,,,False,False,1.0,True,OK,True,,,,,23.48960868951417,OK_REPLICA_ROLLING_MEDIAN_BASIS,AVIX_CLEAN_MINUS_PRIOR_252D_MEDIAN_AVIX_QVIX_SPREAD,,,50.0,,,,,,,50.0,,,,,,,,,,,,,,,,,,,,,,50.0,,,,True,True,False,False,False,False,OK,,,,,50.0,49.0,CAUTION,警戒,WARN_BREADTH_MISSING,62.0,62.0,100.0,REALIZED_VOL|DRAWDOWN|BREADTH|TURNOVER
2021-02-08,23.98287034067821,OK,60.14492753623188,47.09304695128741,38.23320451959054,30.0,18.27397257,OK,OPTBBS_PARSE_300INDEX_QVIX,,,,False,False,1.0,True,OK,True,,,,,23.623338839441928,OK_REPLICA_ROLLING_MEDIAN_BASIS,AVIX_CLEAN_MINUS_PRIOR_252D_MEDIAN_AVIX_QVIX_SPREAD,,,50.0,,,,,,,50.0,,,,,,,,,,,,,,,,,,,,,,50.0,,,,True,True,False,False,False,False,OK,,,,,50.0,49.1,CAUTION,警戒,WARN_BREADTH_MISSING,62.0,62.0,100.0,REALIZED_VOL|DRAWDOWN|BREADTH|TURNOVER
2021-02-09,23.84326471517624,OK,58.844765342960294,46.59612527559684,48.32181300567613,30.0,16.50022176,OK,OPTBBS_PARSE_300INDEX_QVIX,,,,False,False,1.0,True,OK,True,,,,,23.472629800634902,OK_REPLICA_ROLLING_MEDIAN_BASIS,AVIX_CLEAN_MINUS_PRIOR_252D_MEDIAN_AVIX_QVIX_SPREAD,,,50.0,,,,,,,50.0,,,,,,,,,,,,,,,,,,,,,,50.0,,,,True,True,False,False,False,False,OK,,,,,50.0,49.5,CAUTION,警戒,WARN_BREADTH_MISSING,62.0,62.0,100.0,REALIZED_VOL|DRAWDOWN|BREADTH|TURNOVER
2021-02-10,25.68338495604468,OK,67.98561151079137,53.81441560682541,68.21373940894927,30.0,16.8,OK,OPTBBS_PARSE_300INDEX_QVIX,,,,False,False,1.0,True,OK,True,,,,,25.303340358177557,OK_REPLICA_ROLLING_MEDIAN_BASIS,AVIX_CLEAN_MINUS_PRIOR_252D_MEDIAN_AVIX_QVIX_SPREAD,,,50.0,,,,,,,50.0,,,,,,,,,,,,,,,,,,,,,,50.0,,,,True,True,False,False,False,False,OK,,,,,50.0,54.6,CAUTION,警戒,WARN_BREADTH_MISSING,62.0,62.0,100.0,REALIZED_VOL|DRAWDOWN|BREADTH|TURNOVER
2021-02-18,25.208953372779103,OK,66.30824372759857,51.95066764839331,58.78206089451865,30.0,16.50022176,OK,OPTBBS_PARSE_300INDEX_QVIX,,,,False,False,1.0,True,OK,True,,,,,24.821490591603233,OK_REPLICA_ROLLING_MEDIAN_BASIS,AVIX_CLEAN_MINUS_PRIOR_252D_MEDIAN_AVIX_QVIX_SPREAD,,,50.0,,,,,,,50.0,,,,,,,,,,,,,,,,,,,,,,50.0,,,,True,True,False,False,False,False,OK,,,,,50.0,53.1,CAUTION,警戒,WARN_BREADTH_MISSING,62.0,62.0,100.0,REALIZED_VOL|DRAWDOWN|BREADTH|TURNOVER
2021-02-19,23.471179764637647,OK,55.714285714285715,45.17344242844172,46.83040626966169,30.0,20.82123685,OK,OPTBBS_PARSE_300INDEX_QVIX,,,,False,False,1.0,True,OK,True,,,,,23.081034318659473,OK_REPLICA_ROLLING_MEDIAN_BASIS,AVIX_CLEAN_MINUS_PRIOR_252D_MEDIAN_AVIX_QVIX_SPREAD,,,50.0,,,,,,,50.0,,,,,,,,,,,,,,,,,,,,,,50.0,,,,True,True,False,False,False,False,OK,,,,,50.0,48.3,CAUTION,警戒,WARN_BREADTH_MISSING,62.0,62.0,100.0,REALIZED_VOL|DRAWDOWN|BREADTH|TURNOVER
2021-02-22,24.70059878763297,OK,63.345195729537366,50.009118095120215,55.98534234442649,30.0,20.82123685,OK,OPTBBS_PARSE_300INDEX_QVIX,,,,False,False,1.0,True,OK,True,,,,,24.304397193095866,OK_REPLICA_ROLLING_MEDIAN_BASIS,AVIX_CLEAN_MINUS_PRIOR_252D_MEDIAN_AVIX_QVIX_SPREAD,,,50.0,,,,,,,50.0,,,,,,,,,,,,,,,,,,,,,,50.0,,,,True,True,False,False,False,False,OK,,,,,50.0,51.8,CAUTION,警戒,WARN_BREADTH_MISSING,62.0,62.0,100.0,REALIZED_VOL|DRAWDOWN|BREADTH|TURNOVER
2021-02-23,24.770493908429795,OK,63.47517730496454,50.25974449567302,57.777703299694316,30.0,23.97294482,OK,OPTBBS_PARSE_300INDEX_QVIX,,,,False,False,1.0,True,OK,True,,,,,24.35953358615932,OK_REPLICA_ROLLING_MEDIAN_BASIS,AVIX_CLEAN_MINUS_PRIOR_252D_MEDIAN_AVIX_QVIX_SPREAD,,,50.0,,,,,,,50.0,,,,,,,,,,,,,,,,,,,,,,50.0,,,,True,True,False,False,False,False,OK,,,,,50.0,52.0,CAUTION,警戒,WARN_BREADTH_MISSING,62.0,62.0,100.0,REALIZED_VOL|DRAWDOWN|BREADTH|TURNOVER
2021-02-24,26.65811540133049,OK,72.43816254416961,57.59564356761198,57.590358100803265,30.0,24.52955957,OK,OPTBBS_PARSE_300INDEX_QVIX,,,,False,False,1.0,True,OK,True,,,,,26.247155079060015,OK_REPLICA_ROLLING_MEDIAN_BASIS,AVIX_CLEAN_MINUS_PRIOR_252D_MEDIAN_AVIX_QVIX_SPREAD,,,50.0,,,,,,,50.0,,,,,,,,,,,,,,,,,,,,,,50.0,,,,True,True,False,False,False,False,OK,,,,,50.0,55.6,CAUTION,警戒,WARN_BREADTH_MISSING,62.0,62.0,100.0,REALIZED_VOL|DRAWDOWN|BREADTH|TURNOVER
2021-02-25,25.660752012236504,OK,67.95774647887323,53.62290177171241,53.58442996642023,30.0,23.97294482,OK,OPTBBS_PARSE_300INDEX_QVIX,,,,False,False,1.0,True,OK,True,,,,,25.249791689966028,OK_REPLICA_ROLLING_MEDIAN_BASIS,AVIX_CLEAN_MINUS_PRIOR_252D_MEDIAN_AVIX_QVIX_SPREAD,,,50.0,,,,,,,50.0,,,,,,,,,,,,,,,,,,,,,,50.0,,,,True,True,False,False,False,False,OK,,,,,50.0,53.4,CAUTION,警戒,WARN_BREADTH_MISSING,62.0,62.0,100.0,REALIZED_VOL|DRAWDOWN|BREADTH|TURNOVER
2021-02-26,27.15292059760016,OK,76.14035087719299,59.403318513826534,81.3724394758335,30.0,26.72481723,OK,OPTBBS_PARSE_300INDEX_QVIX,,,,False,False,1.0,True,OK,True,,,,,26.741960275329685,OK_REPLICA_ROLLING_MEDIAN_BASIS,AVIX_CLEAN_MINUS_PRIOR_252D_MEDIAN_AVIX_QVIX_SPREAD,,,50.0,,,,,,,50.0,,,,,,,,,,,,,,,,,,,,,,50.0,,,,True,True,False,False,False,False,OK,,,,,50.0,58.7,CAUTION,警戒,WARN_BREADTH_MISSING,62.0,62.0,100.0,REALIZED_VOL|DRAWDOWN|BREADTH|TURNOVER
2021-03-01,25.6159227047808,OK,67.13286713286713,53.30024885466743,57.411350024486964,30.0,25.39144855,OK,OPTBBS_PARSE_300INDEX_QVIX,,,,False,False,1.0,True,OK,True,,,,,25.204962382510324,OK_REPLICA_ROLLING_MEDIAN_BASIS,AVIX_CLEAN_MINUS_PRIOR_252D_MEDIAN_AVIX_QVIX_SPREAD,,,50.0,,,,,,,50.0,,,,,,,,,,,,,,,,,,,,,,50.0,,,,True,True,False,False,False,False,OK,,,,,50.0,53.5,CAUTION,警戒,WARN_BREADTH_MISSING,62.0,62.0,100.0,REALIZED_VOL|DRAWDOWN|BREADTH|TURNOVER
2021-03-02,24.74138367109254,OK,62.36933797909408,49.82556150916473,49.7649603803229,30.0,24.72380765,OK,OPTBBS_PARSE_300INDEX_QVIX,,,,False,False,1.0,True,OK,True,,,,,24.345182076555435,OK_REPLICA_ROLLING_MEDIAN_BASIS,AVIX_CLEAN_MINUS_PRIOR_252D_MEDIAN_AVIX_QVIX_SPREAD,,,50.0,,,,,,,50.0,,,,,,,,,,,,,,,,,,,,,,50.0,,,,True,True,False,False,False,False,OK,,,,,50.0,51.0,CAUTION,警戒,WARN_BREADTH_MISSING,62.0,62.0,100.0,REALIZED_VOL|DRAWDOWN|BREADTH|TURNOVER
2021-03-03,24.82764088826144,OK,63.19444444444444,50.13586070421514,36.26703736920807,30.0,24.06420776,OK,OPTBBS_PARSE_300INDEX_QVIX,,,,False,False,1.0,True,OK,True,,,,,24.437495442283264,OK_REPLICA_ROLLING_MEDIAN_BASIS,AVIX_CLEAN_MINUS_PRIOR_252D_MEDIAN_AVIX_QVIX_SPREAD,,,50.0,,,,,,,50.0,,,,,,,,,,,,,,,,,,,,,,50.0,,,,True,True,False,False,False,False,OK,,,,,50.0,50.2,CAUTION,警戒,WARN_BREADTH_MISSING,62.0,62.0,100.0,REALIZED_VOL|DRAWDOWN|BREADTH|TURNOVER
2021-03-04,26.005265150108688,OK,70.58823529411765,54.73057267465734,52.68513672325659,30.0,26.83893601,OK,OPTBBS_PARSE_300INDEX_QVIX,,,,False,False,1.0,True,OK,True,,,,,25.609063555571584,OK_REPLICA_ROLLING_MEDIAN_BASIS,AVIX_CLEAN_MINUS_PRIOR_252D_MEDIAN_AVIX_QVIX_SPREAD,,,50.0,,,,,,,50.0,,,,,,,,,,,,,,,,,,,,,,50.0,,,,True,True,False,False,False,False,OK,,,,,50.0,54.2,CAUTION,警戒,WARN_BREADTH_MISSING,62.0,62.0,100.0,REALIZED_VOL|DRAWDOWN|BREADTH|TURNOVER
2021-03-05,26.856370205186288,OK,74.48275862068967,58.06606718694294,47.815701693319255,30.0,29.37190532,OK,OPTBBS_PARSE_300INDEX_QVIX,,,,False,False,1.0,True,OK,True,,,,,26.460168610649184,OK_REPLICA_ROLLING_MEDIAN_BASIS,AVIX_CLEAN_MINUS_PRIOR_252D_MEDIAN_AVIX_QVIX_SPREAD,,,50.0,,,,,,,50.0,,,,,,,,,,,,,,,,,,,,,,50.0,,,,True,True,False,False,False,False,OK,,,,,50.0,55.4,CAUTION,警戒,WARN_BREADTH_MISSING,62.0,62.0,100.0,REALIZED_VOL|DRAWDOWN|BREADTH|TURNOVER
2021-03-08,27.723923047444888,OK,79.38144329896907,61.47133629953404,66.45851579861821,30.0,31.24467104,OK,OPTBBS_PARSE_300INDEX_QVIX,,,,False,False,1.0,True,OK,True,,,,,27.327721452907785,OK_REPLICA_ROLLING_MEDIAN_BASIS,AVIX_CLEAN_MINUS_PRIOR_252D_MEDIAN_AVIX_QVIX_SPREAD,,,50.0,,,,,,,50.0,,,,,,,,,,,,,,,,,,,,,,50.0,,,,True,True,False,False,False,False,OK,,,,,50.0,58.7,CAUTION,警戒,WARN_BREADTH_MISSING,62.0,62.0,100.0,REALIZED_VOL|DRAWDOWN|BREADTH|TURNOVER
2021-03-09,27.62283021109333,OK,78.76712328767124,61.06366296091449,73.29252541657505,30.0,32.29940358,OK,OPTBBS_PARSE_300INDEX_QVIX,,,,False,False,1.0,True,OK,True,,,,,27.226628616556226,OK_REPLICA_ROLLING_MEDIAN_BASIS,AVIX_CLEAN_MINUS_PRIOR_252D_MEDIAN_AVIX_QVIX_SPREAD,,,50.0,,,,,,,50.0,,,,,,,,,,,,,,,,,,,,,,50.0,,,,True,True,False,False,False,False,OK,,,,,50.0,59.1,CAUTION,警戒,WARN_BREADTH_MISSING,62.0,62.0,100.0,REALIZED_VOL|DRAWDOWN|BREADTH|TURNOVER
2021-03-10,27.114318055644265,OK,74.74402730375427,59.07461581343879,68.4204143895441,30.0,29.74809249,OK,OPTBBS_PARSE_300INDEX_QVIX,,,,False,False,1.0,True,OK,True,,,,,26.71811646110716,OK_REPLICA_ROLLING_MEDIAN_BASIS,AVIX_CLEAN_MINUS_PRIOR_252D_MEDIAN_AVIX_QVIX_SPREAD,,,50.0,,,,,,,50.0,,,,,,,,,,,,,,,,,,,,,,50.0,,,,True,True,False,False,False,False,OK,,,,,50.0,57.3,CAUTION,警戒,WARN_BREADTH_MISSING,62.0,62.0,100.0,REALIZED_VOL|DRAWDOWN|BREADTH|TURNOVER
2021-03-11,25.19166886373022,OK,64.62585034013605,51.517704120070356,43.74283414006979,30.0,25.3971512,OK,OPTBBS_PARSE_300INDEX_QVIX,,,,False,False,1.0,True,OK,True,,,,,24.795467269193118,OK_REPLICA_ROLLING_MEDIAN_BASIS,AVIX_CLEAN_MINUS_PRIOR_252D_MEDIAN_AVIX_QVIX_SPREAD,,,50.0,,,,,,,50.0,,,,,,,,,,,,,,,,,,,,,,50.0,,,,True,True,False,False,False,False,OK,,,,,50.0,51.4,CAUTION,警戒,WARN_BREADTH_MISSING,62.0,62.0,100.0,REALIZED_VOL|DRAWDOWN|BREADTH|TURNOVER
2021-03-12,24.18355623487543,OK,58.98305084745763,47.62122533261977,30.095493546669182,30.0,23.07318903,OK,OPTBBS_PARSE_300INDEX_QVIX,,,,False,False,1.0,True,OK,True,,,,,23.787354640338325,OK_REPLICA_ROLLING_MEDIAN_BASIS,AVIX_CLEAN_MINUS_PRIOR_252D_MEDIAN_AVIX_QVIX_SPREAD,,,50.0,,,,,,,50.0,,,,,,,,,,,,,,,,,,,,,,50.0,,,,True,True,False,False,False,False,OK,,,,,50.0,48.2,CAUTION,警戒,WARN_BREADTH_MISSING,62.0,62.0,100.0,REALIZED_VOL|DRAWDOWN|BREADTH|TURNOVER
2021-03-15,24.200954890772227,WARN_NOT_BRACKET_30D,59.12162162162162,47.73487841360185,24.58535611541204,30.0,25.08604959,OK,OPTBBS_PARSE_300INDEX_QVIX,,,,False,False,1.0,True,OK,True,,,,,23.78999456850175,OK_REPLICA_ROLLING_MEDIAN_BASIS,AVIX_CLEAN_MINUS_PRIOR_252D_MEDIAN_AVIX_QVIX_SPREAD,,,50.0,,,,,,,50.0,,,,,,,,,,,,,,,,,,,,,,50.0,,,,True,True,False,False,False,False,OK,,,,,50.0,47.8,CAUTION,警戒,WARN_BREADTH_MISSING|WARN_NOT_BRACKET_30D,62.0,62.0,100.0,REALIZED_VOL|DRAWDOWN|BREADTH|TURNOVER
2021-03-16,24.07330756688136,WARN_NOT_BRACKET_30D,57.57575757575758,47.26545464882283,24.300079918773278,30.0,24.32382645,OK,OPTBBS_PARSE_300INDEX_QVIX,,,,False,False,1.0,True,OK,True,,,,,23.662347244610885,OK_REPLICA_ROLLING_MEDIAN_BASIS,AVIX_CLEAN_MINUS_PRIOR_252D_MEDIAN_AVIX_QVIX_SPREAD,,,50.0,,,,,,,50.0,,,,,,,,,,,,,,,,,,,,,,50.0,,,,True,True,False,False,False,False,OK,,,,,50.0,47.3,CAUTION,警戒,WARN_BREADTH_MISSING|WARN_NOT_BRACKET_30D,62.0,62.0,100.0,REALIZED_VOL|DRAWDOWN|BREADTH|TURNOVER
2021-03-17,24.87815241527811,OK,62.41610738255034,50.465092565905714,33.505647195130805,30.0,25.31230714,OK,OPTBBS_PARSE_300INDEX_QVIX,,,,False,False,1.0,True,OK,True,,,,,24.467192093007633,OK_REPLICA_ROLLING_MEDIAN_BASIS,AVIX_CLEAN_MINUS_PRIOR_252D_MEDIAN_AVIX_QVIX_SPREAD,,,50.0,,,,,,,50.0,,,,,,,,,,,,,,,,,,,,,,50.0,,,,True,True,False,False,False,False,OK,,,,,50.0,49.8,CAUTION,警戒,WARN_BREADTH_MISSING,62.0,62.0,100.0,REALIZED_VOL|DRAWDOWN|BREADTH|TURNOVER
2021-03-18,23.835612089292862,OK,54.84949832775919,46.38516766260555,39.23408542901463,30.0,24.0255548,OK,OPTBBS_PARSE_300INDEX_QVIX,,,,False,False,1.0,True,OK,True,,,,,23.424651767022386,OK_REPLICA_ROLLING_MEDIAN_BASIS,AVIX_CLEAN_MINUS_PRIOR_252D_MEDIAN_AVIX_QVIX_SPREAD,,,50.0,,,,,,,50.0,,,,,,,,,,,,,,,,,,,,,,50.0,,,,True,True,False,False,False,False,OK,,,,,50.0,47.6,CAUTION,警戒,WARN_BREADTH_MISSING,62.0,62.0,100.0,REALIZED_VOL|DRAWDOWN|BREADTH|TURNOVER
2021-03-19,23.92618383053523,OK,55.666666666666664,46.79661865374794,47.87150903828579,30.0,26.0,OK,OPTBBS_PARSE_300INDEX_QVIX,,,,False,False,1.0,True,OK,True,,,,,23.515223508264754,OK_REPLICA_ROLLING_MEDIAN_BASIS,AVIX_CLEAN_MINUS_PRIOR_252D_MEDIAN_AVIX_QVIX_SPREAD,,,50.0,,,,,,,50.0,,,,,,,,,,,,,,,,,,,,,,50.0,,,,True,True,False,False,False,False,OK,,,,,50.0,48.6,CAUTION,警戒,WARN_BREADTH_MISSING,62.0,62.0,100.0,REALIZED_VOL|DRAWDOWN|BREADTH|TURNOVER
2021-03-22,23.298270539616343,OK,50.498338870431894,44.43845469388171,42.540093105994956,30.0,25.31230714,OK,OPTBBS_PARSE_300INDEX_QVIX,,,,False,False,1.0,True,OK,True,,,,,22.887310217345867,OK_REPLICA_ROLLING_MEDIAN_BASIS,AVIX_CLEAN_MINUS_PRIOR_252D_MEDIAN_AVIX_QVIX_SPREAD,,,50.0,,,,,,,50.0,,,,,,,,,,,,,,,,,,,,,,50.0,,,,True,True,False,False,False,False,OK,,,,,50.0,46.4,CAUTION,警戒,WARN_BREADTH_MISSING,62.0,62.0,100.0,REALIZED_VOL|DRAWDOWN|BREADTH|TURNOVER
2021-03-23,22.87330296633301,OK,46.35761589403973,42.86347762164374,40.03041358388786,30.0,26.0,OK,OPTBBS_PARSE_300INDEX_QVIX,,,,False,False,1.0,True,OK,True,,,,,22.462342644062534,OK_REPLICA_ROLLING_MEDIAN_BASIS,AVIX_CLEAN_MINUS_PRIOR_252D_MEDIAN_AVIX_QVIX_SPREAD,,,50.0,,,,,,,50.0,,,,,,,,,,,,,,,,,,,,,,50.0,,,,True,True,False,False,False,False,OK,,,,,50.0,44.8,CAUTION,警戒,WARN_BREADTH_MISSING,62.0,62.0,100.0,REALIZED_VOL|DRAWDOWN|BREADTH|TURNOVER
2021-03-24,23.69744119696724,OK,54.45544554455446,46.253719479681145,40.50804739353737,30.0,23.73594621,OK,OPTBBS_PARSE_300INDEX_QVIX,,,,False,False,1.0,True,OK,True,,,,,23.286480874696764,OK_REPLICA_ROLLING_MEDIAN_BASIS,AVIX_CLEAN_MINUS_PRIOR_252D_MEDIAN_AVIX_QVIX_SPREAD,,,50.0,,,,,,,50.0,,,,,,,,,,,,,,,,,,,,,,50.0,,,,True,True,False,False,False,False,OK,,,,,50.0,47.6,CAUTION,警戒,WARN_BREADTH_MISSING,62.0,62.0,100.0,REALIZED_VOL|DRAWDOWN|BREADTH|TURNOVER
2021-03-25,22.99623530671903,OK,47.03947368421053,43.581865696159994,42.95695214849644,30.0,23.29061452,OK,OPTBBS_PARSE_300INDEX_QVIX,,,,False,False,1.0,True,OK,True,,,,,22.585274984448553,OK_REPLICA_ROLLING_MEDIAN_BASIS,AVIX_CLEAN_MINUS_PRIOR_252D_MEDIAN_AVIX_QVIX_SPREAD,,,50.0,,,,,,,50.0,,,,,,,,,,,,,,,,,,,,,,50.0,,,,True,True,False,False,False,False,OK,,,,,50.0,45.3,CAUTION,警戒,WARN_BREADTH_MISSING,62.0,62.0,100.0,REALIZED_VOL|DRAWDOWN|BREADTH|TURNOVER
2021-03-26,21.681096776723265,OK,33.442622950819676,38.37590141548882,31.23322072827406,30.0,21.56838791,OK,OPTBBS_PARSE_300INDEX_QVIX,,,,False,False,1.0,True,OK,True,,,,,21.27013645445279,OK_REPLICA_ROLLING_MEDIAN_BASIS,AVIX_CLEAN_MINUS_PRIOR_252D_MEDIAN_AVIX_QVIX_SPREAD,,,50.0,,,,,,,50.0,,,,,,,,,,,,,,,,,,,,,,50.0,,,,True,True,False,False,False,False,OK,,,,,50.0,39.8,NORMAL,正常,WARN_BREADTH_MISSING,62.0,62.0,100.0,REALIZED_VOL|DRAWDOWN|BREADTH|TURNOVER
2021-03-29,21.94357084751177,OK,35.294117647058826,39.500689923637594,38.370813277311335,30.0,21.91253364,OK,OPTBBS_PARSE_300INDEX_QVIX,,,,False,False,1.0,True,OK,True,,,,,21.532610525241292,OK_REPLICA_ROLLING_MEDIAN_BASIS,AVIX_CLEAN_MINUS_PRIOR_252D_MEDIAN_AVIX_QVIX_SPREAD,,,50.0,,,,,,,50.0,,,,,,,,,,,,,,,,,,,,,,50.0,,,,True,True,False,False,False,False,OK,,,,,50.0,41.1,CAUTION,警戒,WARN_BREADTH_MISSING,62.0,62.0,100.0,REALIZED_VOL|DRAWDOWN|BREADTH|TURNOVER
2021-03-30,21.55728835222963,OK,32.57328990228013,37.854564086830926,38.493007625174116,30.0,21.60405957,OK,OPTBBS_PARSE_300INDEX_QVIX,,,,False,False,1.0,True,OK,True,,,,,21.146328029959154,OK_REPLICA_ROLLING_MEDIAN_BASIS,AVIX_CLEAN_MINUS_PRIOR_252D_MEDIAN_AVIX_QVIX_SPREAD,,,50.0,,,,,,,50.0,,,,,,,,,,,,,,,,,,,,,,50.0,,,,True,True,False,False,False,False,OK,,,,,50.0,40.1,CAUTION,警戒,WARN_BREADTH_MISSING,62.0,62.0,100.0,REALIZED_VOL|DRAWDOWN|BREADTH|TURNOVER
2021-03-31,21.104587654333027,OK,29.545454545454547,35.93094002508209,28.117016760729065,30.0,20.83747495,OK,OPTBBS_PARSE_300INDEX_QVIX,,,,False,False,1.0,True,OK,True,,,,,20.69362733206255,OK_REPLICA_ROLLING_MEDIAN_BASIS,AVIX_CLEAN_MINUS_PRIOR_252D_MEDIAN_AVIX_QVIX_SPREAD,,,50.0,,,,,,,50.0,,,,,,,,,,,,,,,,,,,,,,50.0,,,,True,True,False,False,False,False,OK,,,,,50.0,38.2,NORMAL,正常,WARN_BREADTH_MISSING,62.0,62.0,100.0,REALIZED_VOL|DRAWDOWN|BREADTH|TURNOVER
2021-04-01,20.29311536327882,OK,22.97734627831715,32.27365060954389,26.490761140799314,30.0,20.02866658,OK,OPTBBS_PARSE_300INDEX_QVIX,,,,False,False,1.0,True,OK,True,,,,,19.882155041008343,OK_REPLICA_ROLLING_MEDIAN_BASIS,AVIX_CLEAN_MINUS_PRIOR_252D_MEDIAN_AVIX_QVIX_SPREAD,,,50.0,,,,,,,50.0,,,,,,,,,,,,,,,,,,,,,,50.0,,,,True,True,False,False,False,False,OK,,,,,50.0,35.7,NORMAL,正常,WARN_BREADTH_MISSING,62.0,62.0,100.0,REALIZED_VOL|DRAWDOWN|BREADTH|TURNOVER
2021-04-02,20.97385677640999,OK,28.70967741935484,35.40656068308974,43.47597579959546,30.0,20.53180505,OK,OPTBBS_PARSE_300INDEX_QVIX,,,,False,False,1.0,True,OK,True,,,,,20.577655181872885,OK_REPLICA_ROLLING_MEDIAN_BASIS,AVIX_CLEAN_MINUS_PRIOR_252D_MEDIAN_AVIX_QVIX_SPREAD,,,50.0,,,,,,,50.0,,,,,,,,,,,,,,,,,,,,,,50.0,,,,True,True,False,False,False,False,OK,,,,,50.0,39.1,NORMAL,正常,WARN_BREADTH_MISSING,62.0,62.0,100.0,REALIZED_VOL|DRAWDOWN|BREADTH|TURNOVER
2021-04-06,21.06730900751192,OK,29.903536977491964,35.83525634681894,42.01349820328617,30.0,21.89859713,OK,OPTBBS_PARSE_300INDEX_QVIX,,,,False,False,1.0,True,OK,True,,,,,20.656348685241444,OK_REPLICA_ROLLING_MEDIAN_BASIS,AVIX_CLEAN_MINUS_PRIOR_252D_MEDIAN_AVIX_QVIX_SPREAD,,,50.0,,,,,,,50.0,,,,,,,,,,,,,,,,,,,,,,50.0,,,,True,True,False,False,False,False,OK,,,,,50.0,39.4,NORMAL,正常,WARN_BREADTH_MISSING,62.0,62.0,100.0,REALIZED_VOL|DRAWDOWN|BREADTH|TURNOVER
2021-04-07,19.890662992467945,OK,19.55128205128205,30.18968468158693,34.53770870871791,30.0,20.32597238,OK,OPTBBS_PARSE_300INDEX_QVIX,,,,False,False,1.0,True,OK,True,,,,,19.47970267019747,OK_REPLICA_ROLLING_MEDIAN_BASIS,AVIX_CLEAN_MINUS_PRIOR_252D_MEDIAN_AVIX_QVIX_SPREAD,,,50.0,,,,,,,50.0,,,,,,,,,,,,,,,,,,,,,,50.0,,,,True,True,False,False,False,False,OK,,,,,50.0,35.1,NORMAL,正常,WARN_BREADTH_MISSING,62.0,62.0,100.0,REALIZED_VOL|DRAWDOWN|BREADTH|TURNOVER
2021-04-08,18.94814573262667,OK,11.501597444089457,25.54028586021943,29.56423544467013,30.0,18.65960474,OK,OPTBBS_PARSE_300INDEX_QVIX,,,,False,False,1.0,True,OK,True,,,,,18.537185410356194,OK_REPLICA_ROLLING_MEDIAN_BASIS,AVIX_CLEAN_MINUS_PRIOR_252D_MEDIAN_AVIX_QVIX_SPREAD,,,50.0,,,,,,,50.0,,,,,,,,,,,,,,,,,,,,,,50.0,,,,True,True,False,False,False,False,OK,,,,,50.0,31.8,NORMAL,正常,WARN_BREADTH_MISSING,62.0,62.0,100.0,REALIZED_VOL|DRAWDOWN|BREADTH|TURNOVER
2021-04-09,18.78968858409712,OK,10.509554140127388,24.711427445163636,35.18288836122021,30.0,17.59773128,OK,OPTBBS_PARSE_300INDEX_QVIX,,,,False,False,1.0,True,OK,True,,,,,18.378728261826645,OK_REPLICA_ROLLING_MEDIAN_BASIS,AVIX_CLEAN_MINUS_PRIOR_252D_MEDIAN_AVIX_QVIX_SPREAD,,,50.0,,,,,,,50.0,,,,,,,,,,,,,,,,,,,,,,50.0,,,,True,True,False,False,False,False,OK,,,,,50.0,31.8,NORMAL,正常,WARN_BREADTH_MISSING,62.0,62.0,100.0,REALIZED_VOL|DRAWDOWN|BREADTH|TURNOVER
2021-04-12,19.30057432874768,WARN_NOT_BRACKET_30D,15.873015873015872,27.224884024338742,34.04411295928838,30.0,19.07571112,OK,OPTBBS_PARSE_300INDEX_QVIX,,,,False,False,1.0,True,OK,True,,,,,18.877380218772007,OK_REPLICA_ROLLING_MEDIAN_BASIS,AVIX_CLEAN_MINUS_PRIOR_252D_MEDIAN_AVIX_QVIX_SPREAD,,,50.0,,,,,,,50.0,,,,,,,,,,,,,,,,,,,,,,50.0,,,,True,True,False,False,False,False,OK,,,,,50.0,33.6,NORMAL,正常,WARN_BREADTH_MISSING|WARN_NOT_BRACKET_30D,62.0,62.0,100.0,REALIZED_VOL|DRAWDOWN|BREADTH|TURNOVER
2021-04-13,19.92719364400834,WARN_NOT_BRACKET_30D,20.569620253164558,30.43535841708509,39.176449986117824,30.0,19.73891246,OK,OPTBBS_PARSE_300INDEX_QVIX,,,,False,False,1.0,True,OK,True,,,,,19.50399953403267,OK_REPLICA_ROLLING_MEDIAN_BASIS,AVIX_CLEAN_MINUS_PRIOR_252D_MEDIAN_AVIX_QVIX_SPREAD,,,50.0,,,,,,,50.0,,,,,,,,,,,,,,,,,,,,,,50.0,,,,True,True,False,False,False,False,OK,,,,,50.0,35.8,NORMAL,正常,WARN_BREADTH_MISSING|WARN_NOT_BRACKET_30D,62.0,62.0,100.0,REALIZED_VOL|DRAWDOWN|BREADTH|TURNOVER
2021-04-14,19.84867054416852,WARN_NOT_BRACKET_30D,20.189274447949526,30.123931081735627,49.57776723364802,30.0,19.610708,OK,OPTBBS_PARSE_300INDEX_QVIX,,,,False,False,1.0,True,OK,True,,,,,19.437710221898044,OK_REPLICA_ROLLING_MEDIAN_BASIS,AVIX_CLEAN_MINUS_PRIOR_252D_MEDIAN_AVIX_QVIX_SPREAD,,,50.0,,,,,,,50.0,,,,,,,,,,,,,,,,,,,,,,50.0,,,,True,True,False,False,False,False,OK,,,,,50.0,36.4,NORMAL,正常,WARN_BREADTH_MISSING|WARN_NOT_BRACKET_30D,62.0,62.0,100.0,REALIZED_VOL|DRAWDOWN|BREADTH|TURNOVER
2021-04-15,19.8853426658494,WARN_NOT_BRACKET_30D,20.440251572327046,30.443617238407832,59.89222846865672,30.0,19.71389059,OK,OPTBBS_PARSE_300INDEX_QVIX,,,,False,False,1.0,True,OK,True,,,,,19.489141071312297,OK_REPLICA_ROLLING_MEDIAN_BASIS,AVIX_CLEAN_MINUS_PRIOR_252D_MEDIAN_AVIX_QVIX_SPREAD,,,50.0,,,,,,,50.0,,,,,,,,,,,,,,,,,,,,,,50.0,,,,True,True,False,False,False,False,OK,,,,,50.0,37.4,NORMAL,正常,WARN_BREADTH_MISSING|WARN_NOT_BRACKET_30D,62.0,62.0,100.0,REALIZED_VOL|DRAWDOWN|BREADTH|TURNOVER
2021-04-16,19.508047008797387,WARN_NOT_BRACKET_30D,18.181818181818183,28.621591046293204,57.64630474299888,30.0,19.2126584,OK,OPTBBS_PARSE_300INDEX_QVIX,,,,False,False,1.0,True,OK,True,,,,,19.111845414260284,OK_REPLICA_ROLLING_MEDIAN_BASIS,AVIX_CLEAN_MINUS_PRIOR_252D_MEDIAN_AVIX_QVIX_SPREAD,,,50.0,,,,,,,50.0,,,,,,,,,,,,,,,,,,,,,,50.0,,,,True,True,False,False,False,False,OK,,,,,50.0,36.3,NORMAL,正常,WARN_BREADTH_MISSING|WARN_NOT_BRACKET_30D,62.0,62.0,100.0,REALIZED_VOL|DRAWDOWN|BREADTH|TURNOVER
2021-04-19,19.89167571040668,WARN_NOT_BRACKET_30D,21.25,30.750431321254574,56.12522064463721,30.0,19.61082564,OK,OPTBBS_PARSE_300INDEX_QVIX,,,,False,False,1.0,True,OK,True,,,,,19.495474115869577,OK_REPLICA_ROLLING_MEDIAN_BASIS,AVIX_CLEAN_MINUS_PRIOR_252D_MEDIAN_AVIX_QVIX_SPREAD,,,50.0,,,,,,,50.0,,,,,,,,,,,,,,,,,,,,,,50.0,,,,True,True,False,False,False,False,OK,,,,,50.0,37.3,NORMAL,正常,WARN_BREADTH_MISSING|WARN_NOT_BRACKET_30D,62.0,62.0,100.0,REALIZED_VOL|DRAWDOWN|BREADTH|TURNOVER
2021-04-20,19.61878346319686,WARN_NOT_BRACKET_30D,19.314641744548286,29.464346830320594,46.90463006160215,30.0,19.36106228,OK,OPTBBS_PARSE_300INDEX_QVIX,,,,False,False,1.0,True,OK,True,,,,,19.222581868659756,OK_REPLICA_ROLLING_MEDIAN_BASIS,AVIX_CLEAN_MINUS_PRIOR_252D_MEDIAN_AVIX_QVIX_SPREAD,,,50.0,,,,,,,50.0,,,,,,,,,,,,,,,,,,,,,,50.0,,,,True,True,False,False,False,False,OK,,,,,50.0,35.9,NORMAL,正常,WARN_BREADTH_MISSING|WARN_NOT_BRACKET_30D,62.0,62.0,100.0,REALIZED_VOL|DRAWDOWN|BREADTH|TURNOVER
2021-04-21,19.719128390147983,OK,19.565217391304348,30.152484309058533,48.69470195767245,30.0,19.4787276,OK,OPTBBS_PARSE_300INDEX_QVIX,,,,False,False,1.0,True,OK,True,,,,,19.32898294416981,OK_REPLICA_ROLLING_MEDIAN_BASIS,AVIX_CLEAN_MINUS_PRIOR_252D_MEDIAN_AVIX_QVIX_SPREAD,,,50.0,,,,,,,50.0,,,,,,,,,,,,,,,,,,,,,,50.0,,,,True,True,False,False,False,False,OK,,,,,50.0,36.2,NORMAL,正常,WARN_BREADTH_MISSING,62.0,62.0,100.0,REALIZED_VOL|DRAWDOWN|BREADTH|TURNOVER
2021-04-22,19.891553464712207,OK,21.671826625387,31.204835774155764,50.062466098444204,30.0,19.43556942,OK,OPTBBS_PARSE_300INDEX_QVIX,,,,False,False,1.0,True,OK,True,,,,,19.504090683536337,OK_REPLICA_ROLLING_MEDIAN_BASIS,AVIX_CLEAN_MINUS_PRIOR_252D_MEDIAN_AVIX_QVIX_SPREAD,,,50.0,,,,,,,50.0,,,,,,,,,,,,,,,,,,,,,,50.0,,,,True,True,False,False,False,False,OK,,,,,50.0,37.0,NORMAL,正常,WARN_BREADTH_MISSING,62.0,62.0,100.0,REALIZED_VOL|DRAWDOWN|BREADTH|TURNOVER
2021-04-23,20.35663911396716,OK,26.851851851851855,33.773701284552324,58.69991860063788,30.0,19.58223893,OK,OPTBBS_PARSE_300INDEX_QVIX,,,,False,False,1.0,True,OK,True,,,,,19.96917633279129,OK_REPLICA_ROLLING_MEDIAN_BASIS,AVIX_CLEAN_MINUS_PRIOR_252D_MEDIAN_AVIX_QVIX_SPREAD,,,50.0,,,,,,,50.0,,,,,,,,,,,,,,,,,,,,,,50.0,,,,True,True,False,False,False,False,OK,,,,,50.0,39.5,NORMAL,正常,WARN_BREADTH_MISSING,62.0,62.0,100.0,REALIZED_VOL|DRAWDOWN|BREADTH|TURNOVER
2021-04-26,20.217369188120536,OK,25.23076923076923,33.11069047006791,53.27467109815651,30.0,20.70041878,OK,OPTBBS_PARSE_300INDEX_QVIX,,,,False,False,1.0,True,OK,True,,,,,19.829906406944666,OK_REPLICA_ROLLING_MEDIAN_BASIS,AVIX_CLEAN_MINUS_PRIOR_252D_MEDIAN_AVIX_QVIX_SPREAD,,,50.0,,,,,,,50.0,,,,,,,,,,,,,,,,,,,,,,50.0,,,,True,True,False,False,False,False,OK,,,,,50.0,38.6,NORMAL,正常,WARN_BREADTH_MISSING,62.0,62.0,100.0,REALIZED_VOL|DRAWDOWN|BREADTH|TURNOVER
2021-04-27,20.244623646125657,OK,25.4601226993865,33.300502473748324,56.380010096985075,30.0,19.20603306,OK,OPTBBS_PARSE_300INDEX_QVIX,,,,False,False,1.0,True,OK,True,,,,,19.857160864949787,OK_REPLICA_ROLLING_MEDIAN_BASIS,AVIX_CLEAN_MINUS_PRIOR_252D_MEDIAN_AVIX_QVIX_SPREAD,,,50.0,,,,,,,50.0,,,,,,,,,,,,,,,,,,,,,,50.0,,,,True,True,False,False,False,False,OK,,,,,50.0,38.9,NORMAL,正常,WARN_BREADTH_MISSING,62.0,62.0,100.0,REALIZED_VOL|DRAWDOWN|BREADTH|TURNOVER
2021-04-28,20.642013694873533,OK,28.134556574923547,35.4393216997525,59.360305247433146,30.0,19.40982995,OK,OPTBBS_PARSE_300INDEX_QVIX,,,,False,False,1.0,True,OK,True,,,,,20.25186824889536,OK_REPLICA_ROLLING_MEDIAN_BASIS,AVIX_CLEAN_MINUS_PRIOR_252D_MEDIAN_AVIX_QVIX_SPREAD,,,50.0,,,,,,,50.0,,,,,,,,,,,,,,,,,,,,,,50.0,,,,True,True,False,False,False,False,OK,,,,,50.0,40.2,CAUTION,警戒,WARN_BREADTH_MISSING,62.0,62.0,100.0,REALIZED_VOL|DRAWDOWN|BREADTH|TURNOVER
2021-04-29,20.97570615074273,OK,32.31707317073171,37.22802930939148,60.9006336579375,30.0,19.67328948,OK,OPTBBS_PARSE_300INDEX_QVIX,,,,False,False,1.0,True,OK,True,,,,,20.585560704764557,OK_REPLICA_ROLLING_MEDIAN_BASIS,AVIX_CLEAN_MINUS_PRIOR_252D_MEDIAN_AVIX_QVIX_SPREAD,,,50.0,,,,,,,50.0,,,,,,,,,,,,,,,,,,,,,,50.0,,,,True,True,False,False,False,False,OK,,,,,50.0,41.7,CAUTION,警戒,WARN_BREADTH_MISSING,62.0,62.0,100.0,REALIZED_VOL|DRAWDOWN|BREADTH|TURNOVER
2021-04-30,20.46289504942761,OK,27.35562310030395,34.58016105015782,51.043943795098734,30.0,20.09142624,OK,OPTBBS_PARSE_300INDEX_QVIX,,,,False,False,1.0,True,OK,True,,,,,20.072749603449434,OK_REPLICA_ROLLING_MEDIAN_BASIS,AVIX_CLEAN_MINUS_PRIOR_252D_MEDIAN_AVIX_QVIX_SPREAD,,,50.0,,,,,,,50.0,,,,,,,,,,,,,,,,,,,,,,50.0,,,,True,True,False,False,False,False,OK,,,,,50.0,39.2,NORMAL,正常,WARN_BREADTH_MISSING,62.0,62.0,100.0,REALIZED_VOL|DRAWDOWN|BREADTH|TURNOVER
2021-05-06,20.34659342407669,OK,26.969696969696972,34.04068749031854,51.278348678838846,30.0,19.11417098,OK,OPTBBS_PARSE_300INDEX_QVIX,,,,False,False,1.0,True,OK,True,,,,,19.956447978098517,OK_REPLICA_ROLLING_MEDIAN_BASIS,AVIX_CLEAN_MINUS_PRIOR_252D_MEDIAN_AVIX_QVIX_SPREAD,,,50.0,,,,,,,50.0,,,,,,,,,,,,,,,,,,,,,,50.0,,,,True,True,False,False,False,False,OK,,,,,50.0,39.0,NORMAL,正常,WARN_BREADTH_MISSING,62.0,62.0,100.0,REALIZED_VOL|DRAWDOWN|BREADTH|TURNOVER
2021-05-07,20.11501106544111,OK,24.169184290030213,32.895258741228744,48.71953578441206,30.0,18.89517509,OK,OPTBBS_PARSE_300INDEX_QVIX,,,,False,False,1.0,True,OK,True,,,,,19.724865619462935,OK_REPLICA_ROLLING_MEDIAN_BASIS,AVIX_CLEAN_MINUS_PRIOR_252D_MEDIAN_AVIX_QVIX_SPREAD,,,50.0,,,,,,,50.0,,,,,,,,,,,,,,,,,,,,,,50.0,,,,True,True,False,False,False,False,OK,,,,,50.0,37.9,NORMAL,正常,WARN_BREADTH_MISSING,62.0,62.0,100.0,REALIZED_VOL|DRAWDOWN|BREADTH|TURNOVER
2021-05-10,19.8754865385968,OK,20.481927710843372,31.72655457909407,42.573135861574386,30.0,19.28780202,OK,OPTBBS_PARSE_300INDEX_QVIX,,,,False,False,1.0,True,OK,True,,,,,19.479284944059696,OK_REPLICA_ROLLING_MEDIAN_BASIS,AVIX_CLEAN_MINUS_PRIOR_252D_MEDIAN_AVIX_QVIX_SPREAD,,,50.0,,,,,,,50.0,,,,,,,,,,,,,,,,,,,,,,50.0,,,,True,True,False,False,False,False,OK,,,,,50.0,36.2,NORMAL,正常,WARN_BREADTH_MISSING,62.0,62.0,100.0,REALIZED_VOL|DRAWDOWN|BREADTH|TURNOVER
2021-05-11,20.609720912616407,OK,28.82882882882883,35.5980365783665,46.510389347599016,30.0,19.08224574,OK,OPTBBS_PARSE_300INDEX_QVIX,,,,False,False,1.0,True,OK,True,,,,,20.213519318079303,OK_REPLICA_ROLLING_MEDIAN_BASIS,AVIX_CLEAN_MINUS_PRIOR_252D_MEDIAN_AVIX_QVIX_SPREAD,,,50.0,,,,,,,50.0,,,,,,,,,,,,,,,,,,,,,,50.0,,,,True,True,False,False,False,False,OK,,,,,50.0,39.4,NORMAL,正常,WARN_BREADTH_MISSING,62.0,62.0,100.0,REALIZED_VOL|DRAWDOWN|BREADTH|TURNOVER
2021-05-12,20.79388415538581,OK,31.137724550898206,36.56745231869179,53.235017383011616,30.0,19.23031513,OK,OPTBBS_PARSE_300INDEX_QVIX,,,,False,False,1.0,True,OK,True,,,,,20.397682560848708,OK_REPLICA_ROLLING_MEDIAN_BASIS,AVIX_CLEAN_MINUS_PRIOR_252D_MEDIAN_AVIX_QVIX_SPREAD,,,50.0,,,,,,,50.0,,,,,,,,,,,,,,,,,,,,,,50.0,,,,True,True,False,False,False,False,OK,,,,,50.0,40.7,CAUTION,警戒,WARN_BREADTH_MISSING,62.0,62.0,100.0,REALIZED_VOL|DRAWDOWN|BREADTH|TURNOVER
2021-05-13,21.09488577624173,OK,34.92537313432836,38.128475197160704,57.355455889530525,30.0,19.65440315,OK,OPTBBS_PARSE_300INDEX_QVIX,,,,False,False,1.0,True,OK,True,,,,,20.698684181704625,OK_REPLICA_ROLLING_MEDIAN_BASIS,AVIX_CLEAN_MINUS_PRIOR_252D_MEDIAN_AVIX_QVIX_SPREAD,,,50.0,,,,,,,50.0,,,,,,,,,,,,,,,,,,,,,,50.0,,,,True,True,False,False,False,False,OK,,,,,50.0,42.3,CAUTION,警戒,WARN_BREADTH_MISSING,62.0,62.0,100.0,REALIZED_VOL|DRAWDOWN|BREADTH|TURNOVER
2021-05-14,21.289922743219204,OK,36.607142857142854,39.13760554478112,61.68193916429576,30.0,19.62523338,OK,OPTBBS_PARSE_300INDEX_QVIX,,,,False,False,1.0,True,OK,True,,,,,20.8937211486821,OK_REPLICA_ROLLING_MEDIAN_BASIS,AVIX_CLEAN_MINUS_PRIOR_252D_MEDIAN_AVIX_QVIX_SPREAD,,,50.0,,,,,,,50.0,,,,,,,,,,,,,,,,,,,,,,50.0,,,,True,True,False,False,False,False,OK,,,,,50.0,43.3,CAUTION,警戒,WARN_BREADTH_MISSING,62.0,62.0,100.0,REALIZED_VOL|DRAWDOWN|BREADTH|TURNOVER
2021-05-17,22.358487799412472,WARN_NOT_BRACKET_30D,44.510385756676556,44.693769280197166,74.98556456460936,30.0,22.27440846,OK,OPTBBS_PARSE_300INDEX_QVIX,,,,False,False,1.0,True,OK,True,,,,,21.96228620487537,OK_REPLICA_ROLLING_MEDIAN_BASIS,AVIX_CLEAN_MINUS_PRIOR_252D_MEDIAN_AVIX_QVIX_SPREAD,,,50.0,,,,,,,50.0,,,,,,,,,,,,,,,,,,,,,,50.0,,,,True,True,False,False,False,False,OK,,,,,50.0,47.3,CAUTION,警戒,WARN_BREADTH_MISSING|WARN_NOT_BRACKET_30D,62.0,62.0,100.0,REALIZED_VOL|DRAWDOWN|BREADTH|TURNOVER
2021-05-18,22.40963714015168,WARN_NOT_BRACKET_30D,44.97041420118343,44.980323758312046,67.46667250048439,30.0,21.18997877,OK,OPTBBS_PARSE_300INDEX_QVIX,,,,False,False,1.0,True,OK,True,,,,,22.013435545614577,OK_REPLICA_ROLLING_MEDIAN_BASIS,AVIX_CLEAN_MINUS_PRIOR_252D_MEDIAN_AVIX_QVIX_SPREAD,,,50.0,,,,,,,50.0,,,,,,,,,,,,,,,,,,,,,,50.0,,,,True,True,False,False,False,False,OK,,,,,50.0,46.9,CAUTION,警戒,WARN_BREADTH_MISSING|WARN_NOT_BRACKET_30D,62.0,62.0,100.0,REALIZED_VOL|DRAWDOWN|BREADTH|TURNOVER
2021-05-19,21.701723758035588,OK,39.52802359882006,41.30705949611737,58.73179436670699,30.0,20.83984123,OK,OPTBBS_PARSE_300INDEX_QVIX,,,,False,False,1.0,True,OK,True,,,,,21.305522163498484,OK_REPLICA_ROLLING_MEDIAN_BASIS,AVIX_CLEAN_MINUS_PRIOR_252D_MEDIAN_AVIX_QVIX_SPREAD,,,50.0,,,,,,,50.0,,,,,,,,,,,,,,,,,,,,,,50.0,,,,True,True,False,False,False,False,OK,,,,,50.0,44.1,CAUTION,警戒,WARN_BREADTH_MISSING,62.0,62.0,100.0,REALIZED_VOL|DRAWDOWN|BREADTH|TURNOVER
2021-05-20,21.47500675098773,OK,37.64705882352941,40.10189353450281,53.603915932781376,100.0,19.29990232,OK,OPTBBS_PARSE_300INDEX_QVIX,,,,False,False,1.0,True,OK,True,,,,,21.078805156450628,OK_REPLICA_ROLLING_MEDIAN_BASIS,AVIX_CLEAN_MINUS_PRIOR_252D_MEDIAN_AVIX_QVIX_SPREAD,,,50.0,,,,,,,50.0,,,,,,,,,,,,,,,,,,,,,,50.0,,,,True,True,False,False,False,False,OK,,,,,50.0,51.4,CAUTION,警戒,WARN_BREADTH_MISSING,62.0,62.0,100.0,REALIZED_VOL|DRAWDOWN|BREADTH|TURNOVER
2021-05-21,20.6604412112164,OK,28.739002932551323,35.82777033531697,44.08657758325316,60.0,20.74946617,OK,OPTBBS_PARSE_300INDEX_QVIX,,,,False,False,1.0,True,OK,True,,,,,20.264239616679298,OK_REPLICA_ROLLING_MEDIAN_BASIS,AVIX_CLEAN_MINUS_PRIOR_252D_MEDIAN_AVIX_QVIX_SPREAD,,,50.0,,,,,,,50.0,,,,,,,,,,,,,,,,,,,,,,50.0,,,,True,True,False,False,False,False,OK,,,,,50.0,42.8,CAUTION,警戒,WARN_BREADTH_MISSING,62.0,62.0,100.0,REALIZED_VOL|DRAWDOWN|BREADTH|TURNOVER
2021-05-24,20.896693206480787,OK,31.57894736842105,37.04476885770447,36.92402987137531,60.0,20.17503468,OK,OPTBBS_PARSE_300INDEX_QVIX,,,,False,False,1.0,True,OK,True,,,,,20.506547760502613,OK_REPLICA_ROLLING_MEDIAN_BASIS,AVIX_CLEAN_MINUS_PRIOR_252D_MEDIAN_AVIX_QVIX_SPREAD,,,50.0,,,,,,,50.0,,,,,,,,,,,,,,,,,,,,,,50.0,,,,True,True,False,False,False,False,OK,,,,,50.0,43.2,CAUTION,警戒,WARN_BREADTH_MISSING,62.0,62.0,100.0,REALIZED_VOL|DRAWDOWN|BREADTH|TURNOVER
2021-05-25,22.94929609145684,OK,52.1865889212828,47.716517621046584,54.81631137470089,100.0,22.05222981,OK,OPTBBS_PARSE_300INDEX_QVIX,,,,False,False,1.0,True,OK,True,,,,,22.559150645478667,OK_REPLICA_ROLLING_MEDIAN_BASIS,AVIX_CLEAN_MINUS_PRIOR_252D_MEDIAN_AVIX_QVIX_SPREAD,,,50.0,,,,,,,50.0,,,,,,,,,,,,,,,,,,,,,,50.0,,,,True,True,False,False,False,False,OK,,,,,50.0,56.7,CAUTION,警戒,WARN_BREADTH_MISSING,62.0,62.0,100.0,REALIZED_VOL|DRAWDOWN|BREADTH|TURNOVER
2021-05-26,22.967409746688286,OK,52.90697674418605,47.74476163121244,61.664382081022936,100.0,22.14331911,OK,OPTBBS_PARSE_300INDEX_QVIX,,,,False,False,1.0,True,OK,True,,,,,22.577264300710112,OK_REPLICA_ROLLING_MEDIAN_BASIS,AVIX_CLEAN_MINUS_PRIOR_252D_MEDIAN_AVIX_QVIX_SPREAD,,,50.0,,,,,,,50.0,,,,,,,,,,,,,,,,,,,,,,50.0,,,,True,True,False,False,False,False,OK,,,,,50.0,57.4,CAUTION,警戒,WARN_BREADTH_MISSING,62.0,62.0,100.0,REALIZED_VOL|DRAWDOWN|BREADTH|TURNOVER
2021-05-27,23.569241317018395,OK,58.84057971014492,50.814214772454235,69.50392463494191,100.0,22.95697143,OK,OPTBBS_PARSE_300INDEX_QVIX,,,,False,False,1.0,True,OK,True,,,,,23.173039722481292,OK_REPLICA_ROLLING_MEDIAN_BASIS,AVIX_CLEAN_MINUS_PRIOR_252D_MEDIAN_AVIX_QVIX_SPREAD,,,50.0,,,,,,,50.0,,,,,,,,,,,,,,,,,,,,,,50.0,,,,True,True,False,False,False,False,OK,,,,,50.0,60.1,HIGH_RISK,高风险,WARN_BREADTH_MISSING,62.0,62.0,100.0,REALIZED_VOL|DRAWDOWN|BREADTH|TURNOVER
2021-05-28,23.38275615274073,OK,56.936416184971094,49.74410088771502,76.35292164086414,100.0,22.6658645,OK,OPTBBS_PARSE_300INDEX_QVIX,,,,False,False,1.0,True,OK,True,,,,,22.986554558203625,OK_REPLICA_ROLLING_MEDIAN_BASIS,AVIX_CLEAN_MINUS_PRIOR_252D_MEDIAN_AVIX_QVIX_SPREAD,,,50.0,,,,,,,50.0,,,,,,,,,,,,,,,,,,,,,,50.0,,,,True,True,False,False,False,False,OK,,,,,50.0,60.0,HIGH_RISK,高风险,WARN_BREADTH_MISSING,62.0,62.0,100.0,REALIZED_VOL|DRAWDOWN|BREADTH|TURNOVER
2021-05-31,23.98168066782229,OK,62.2478386167147,52.799976686931444,79.5260827237942,100.0,23.63644116,OK,OPTBBS_PARSE_300INDEX_QVIX,,,,False,False,1.0,True,OK,True,,,,,23.585479073285185,OK_REPLICA_ROLLING_MEDIAN_BASIS,AVIX_CLEAN_MINUS_PRIOR_252D_MEDIAN_AVIX_QVIX_SPREAD,,,50.0,,,,,,,50.0,,,,,,,,,,,,,,,,,,,,,,50.0,,,,True,True,False,False,False,False,OK,,,,,50.0,62.2,HIGH_RISK,高风险,WARN_BREADTH_MISSING,62.0,62.0,100.0,REALIZED_VOL|DRAWDOWN|BREADTH|TURNOVER
2021-06-01,23.970680952786083,OK,62.06896551724138,52.62574335567963,58.90123041036945,100.0,23.29140264,OK,OPTBBS_PARSE_300INDEX_QVIX,,,,False,False,1.0,True,OK,True,,,,,23.58053550680791,OK_REPLICA_ROLLING_MEDIAN_BASIS,AVIX_CLEAN_MINUS_PRIOR_252D_MEDIAN_AVIX_QVIX_SPREAD,,,50.0,,,,,,,50.0,,,,,,,,,,,,,,,,,,,,,,50.0,,,,True,True,False,False,False,False,OK,,,,,50.0,60.5,HIGH_RISK,高风险,WARN_BREADTH_MISSING,62.0,62.0,100.0,REALIZED_VOL|DRAWDOWN|BREADTH|TURNOVER
2021-06-02,22.356384545065016,OK,44.126074498567334,43.90907974861085,44.67919797345563,100.0,22.13813479,OK,OPTBBS_PARSE_300INDEX_QVIX,,,,False,False,1.0,True,OK,True,,,,,21.96623909908684,OK_REPLICA_ROLLING_MEDIAN_BASIS,AVIX_CLEAN_MINUS_PRIOR_252D_MEDIAN_AVIX_QVIX_SPREAD,,,50.0,,,,,,,50.0,,,,,,,,,,,,,,,,,,,,,,50.0,,,,True,True,False,False,False,False,OK,,,,,50.0,53.1,CAUTION,警戒,WARN_BREADTH_MISSING,62.0,62.0,100.0,REALIZED_VOL|DRAWDOWN|BREADTH|TURNOVER
2021-06-03,21.24084093848245,OK,35.14285714285714,37.86536682887451,30.242042183558084,100.0,20.84660314,OK,OPTBBS_PARSE_300INDEX_QVIX,,,,False,False,1.0,True,OK,True,,,,,20.850695492504276,OK_REPLICA_ROLLING_MEDIAN_BASIS,AVIX_CLEAN_MINUS_PRIOR_252D_MEDIAN_AVIX_QVIX_SPREAD,,,50.0,,,,,,,50.0,,,,,,,,,,,,,,,,,,,,,,50.0,,,,True,True,False,False,False,False,OK,,,,,50.0,48.6,CAUTION,警戒,WARN_BREADTH_MISSING,62.0,62.0,100.0,REALIZED_VOL|DRAWDOWN|BREADTH|TURNOVER
2021-06-04,21.161848545750622,OK,34.75783475783476,37.45520521998038,31.003885149528966,60.0,20.88933037,OK,OPTBBS_PARSE_300INDEX_QVIX,,,,False,False,1.0,True,OK,True,,,,,20.768572096388105,OK_REPLICA_ROLLING_MEDIAN_BASIS,AVIX_CLEAN_MINUS_PRIOR_252D_MEDIAN_AVIX_QVIX_SPREAD,,,50.0,,,,,,,50.0,,,,,,,,,,,,,,,,,,,,,,50.0,,,,True,True,False,False,False,False,OK,,,,,50.0,43.7,CAUTION,警戒,WARN_BREADTH_MISSING,62.0,62.0,100.0,REALIZED_VOL|DRAWDOWN|BREADTH|TURNOVER
2021-06-07,22.04381705055859,OK,41.76136363636363,42.12140555675991,33.83880059028681,100.0,22.07889592,OK,OPTBBS_PARSE_300INDEX_QVIX,,,,False,False,1.0,True,OK,True,,,,,21.653671604580417,OK_REPLICA_ROLLING_MEDIAN_BASIS,AVIX_CLEAN_MINUS_PRIOR_252D_MEDIAN_AVIX_QVIX_SPREAD,,,50.0,,,,,,,50.0,,,,,,,,,,,,,,,,,,,,,,50.0,,,,True,True,False,False,False,False,OK,,,,,50.0,51.3,CAUTION,警戒,WARN_BREADTH_MISSING,62.0,62.0,100.0,REALIZED_VOL|DRAWDOWN|BREADTH|TURNOVER
2021-06-08,22.150768345461124,OK,42.492917847025495,42.610673651401434,34.815511825387404,100.0,22.36978685,OK,OPTBBS_PARSE_300INDEX_QVIX,,,,False,False,1.0,True,OK,True,,,,,21.763305564285254,OK_REPLICA_ROLLING_MEDIAN_BASIS,AVIX_CLEAN_MINUS_PRIOR_252D_MEDIAN_AVIX_QVIX_SPREAD,,,50.0,,,,,,,50.0,,,,,,,,,,,,,,,,,,,,,,50.0,,,,True,True,False,False,False,False,OK,,,,,50.0,51.6,CAUTION,警戒,WARN_BREADTH_MISSING,62.0,62.0,100.0,REALIZED_VOL|DRAWDOWN|BREADTH|TURNOVER
2021-06-09,21.72304831941769,OK,39.548022598870055,40.27182668316746,44.33418024841471,30.0,21.75272522,OK,OPTBBS_PARSE_300INDEX_QVIX,,,,False,False,1.0,True,OK,True,,,,,21.33558553824182,OK_REPLICA_ROLLING_MEDIAN_BASIS,AVIX_CLEAN_MINUS_PRIOR_252D_MEDIAN_AVIX_QVIX_SPREAD,,,50.0,,,,,,,50.0,,,,,,,,,,,,,,,,,,,,,,50.0,,,,True,True,False,False,False,False,OK,,,,,50.0,42.9,CAUTION,警戒,WARN_BREADTH_MISSING,62.0,62.0,100.0,REALIZED_VOL|DRAWDOWN|BREADTH|TURNOVER
2021-06-10,20.87264382421976,OK,30.422535211267604,35.68825971688942,46.53312111955399,30.0,20.18426992,OK,OPTBBS_PARSE_300INDEX_QVIX,,,,False,False,1.0,True,OK,True,,,,,20.48518104304389,OK_REPLICA_ROLLING_MEDIAN_BASIS,AVIX_CLEAN_MINUS_PRIOR_252D_MEDIAN_AVIX_QVIX_SPREAD,,,50.0,,,,,,,50.0,,,,,,,,,,,,,,,,,,,,,,50.0,,,,True,True,False,False,False,False,OK,,,,,50.0,39.8,NORMAL,正常,WARN_BREADTH_MISSING,62.0,62.0,100.0,REALIZED_VOL|DRAWDOWN|BREADTH|TURNOVER
2021-06-11,20.767249914204896,OK,29.213483146067414,35.11877851693481,46.270660091979884,30.0,19.93553389,OK,OPTBBS_PARSE_300INDEX_QVIX,,,,False,False,1.0,True,OK,True,,,,,20.377104468226722,OK_REPLICA_ROLLING_MEDIAN_BASIS,AVIX_CLEAN_MINUS_PRIOR_252D_MEDIAN_AVIX_QVIX_SPREAD,,,50.0,,,,,,,50.0,,,,,,,,,,,,,,,,,,,,,,50.0,,,,True,True,False,False,False,False,OK,,,,,50.0,39.4,NORMAL,正常,WARN_BREADTH_MISSING,62.0,62.0,100.0,REALIZED_VOL|DRAWDOWN|BREADTH|TURNOVER
2021-06-15,20.37800957619439,WARN_NOT_BRACKET_30D,26.05042016806723,32.98930278377824,34.886397210214646,30.0,20.64450473,OK,OPTBBS_PARSE_300INDEX_QVIX,,,,False,False,1.0,True,OK,True,,,,,19.987864130216217,OK_REPLICA_ROLLING_MEDIAN_BASIS,AVIX_CLEAN_MINUS_PRIOR_252D_MEDIAN_AVIX_QVIX_SPREAD,,,50.0,,,,,,,50.0,,,,,,,,,,,,,,,,,,,,,,50.0,,,,True,True,False,False,False,False,OK,,,,,50.0,37.3,NORMAL,正常,WARN_BREADTH_MISSING|WARN_NOT_BRACKET_30D,62.0,62.0,100.0,REALIZED_VOL|DRAWDOWN|BREADTH|TURNOVER
2021-06-16,20.86708167563926,OK,30.726256983240223,35.55398591866934,38.409551760899504,30.0,21.09292424,OK,OPTBBS_PARSE_300INDEX_QVIX,,,,False,False,1.0,True,OK,True,,,,,20.476936229661085,OK_REPLICA_ROLLING_MEDIAN_BASIS,AVIX_CLEAN_MINUS_PRIOR_252D_MEDIAN_AVIX_QVIX_SPREAD,,,50.0,,,,,,,50.0,,,,,,,,,,,,,,,,,,,,,,50.0,,,,True,True,False,False,False,False,OK,,,,,50.0,39.3,NORMAL,正常,WARN_BREADTH_MISSING,62.0,62.0,100.0,REALIZED_VOL|DRAWDOWN|BREADTH|TURNOVER
2021-06-17,20.014194754538924,OK,21.448467966573816,30.921740781325084,34.26690821885008,30.0,19.84219769,OK,OPTBBS_PARSE_300INDEX_QVIX,,,,False,False,1.0,True,OK,True,,,,,19.62404930856075,OK_REPLICA_ROLLING_MEDIAN_BASIS,AVIX_CLEAN_MINUS_PRIOR_252D_MEDIAN_AVIX_QVIX_SPREAD,,,50.0,,,,,,,50.0,,,,,,,,,,,,,,,,,,,,,,50.0,,,,True,True,False,False,False,False,OK,,,,,50.0,35.7,NORMAL,正常,WARN_BREADTH_MISSING,62.0,62.0,100.0,REALIZED_VOL|DRAWDOWN|BREADTH|TURNOVER
2021-06-18,19.662064606879152,OK,17.5,29.010400972892832,38.400326977879985,30.0,16.34465986,OK,OPTBBS_PARSE_300INDEX_QVIX,,,,False,False,1.0,True,OK,True,,,,,19.27191916090098,OK_REPLICA_ROLLING_MEDIAN_BASIS,AVIX_CLEAN_MINUS_PRIOR_252D_MEDIAN_AVIX_QVIX_SPREAD,,,50.0,,,,,,,50.0,,,,,,,,,,,,,,,,,,,,,,50.0,,,,True,True,False,False,False,False,OK,,,,,50.0,34.6,NORMAL,正常,WARN_BREADTH_MISSING,62.0,62.0,100.0,REALIZED_VOL|DRAWDOWN|BREADTH|TURNOVER
2021-06-21,19.80228519464148,OK,18.559556786703602,29.73799091411472,40.70686081643025,30.0,19.76260512,OK,OPTBBS_PARSE_300INDEX_QVIX,,,,False,False,1.0,True,OK,True,,,,,19.40900874527896,OK_REPLICA_ROLLING_MEDIAN_BASIS,AVIX_CLEAN_MINUS_PRIOR_252D_MEDIAN_AVIX_QVIX_SPREAD,,,50.0,,,,,,,50.0,,,,,,,,,,,,,,,,,,,,,,50.0,,,,True,True,False,False,False,False,OK,,,,,50.0,35.2,NORMAL,正常,WARN_BREADTH_MISSING,62.0,62.0,100.0,REALIZED_VOL|DRAWDOWN|BREADTH|TURNOVER
2021-06-22,19.48955609615897,OK,16.022099447513813,28.002927704227783,41.280272229596825,30.0,19.56387511,OK,OPTBBS_PARSE_300INDEX_QVIX,,,,False,False,1.0,True,OK,True,,,,,19.099410650180797,OK_REPLICA_ROLLING_MEDIAN_BASIS,AVIX_CLEAN_MINUS_PRIOR_252D_MEDIAN_AVIX_QVIX_SPREAD,,,50.0,,,,,,,50.0,,,,,,,,,,,,,,,,,,,,,,50.0,,,,True,True,False,False,False,False,OK,,,,,50.0,34.3,NORMAL,正常,WARN_BREADTH_MISSING,62.0,62.0,100.0,REALIZED_VOL|DRAWDOWN|BREADTH|TURNOVER
2021-06-23,18.674190238121074,OK,7.988980716253444,23.615630989179923,28.982289218925892,100.0,18.41624273,OK,OPTBBS_PARSE_300INDEX_QVIX,,,,False,False,1.0,True,OK,True,,,,,18.2840447921429,OK_REPLICA_ROLLING_MEDIAN_BASIS,AVIX_CLEAN_MINUS_PRIOR_252D_MEDIAN_AVIX_QVIX_SPREAD,,,50.0,,,,,,,50.0,,,,,,,,,,,,,,,,,,,,,,50.0,,,,True,True,False,False,False,False,OK,,,,,50.0,38.9,NORMAL,正常,WARN_BREADTH_MISSING,62.0,62.0,100.0,REALIZED_VOL|DRAWDOWN|BREADTH|TURNOVER
2021-06-24,18.55071728834731,OK,6.593406593406594,22.985527135524148,35.37560482307471,100.0,18.34251944,OK,OPTBBS_PARSE_300INDEX_QVIX,,,,False,False,1.0,True,OK,True,,,,,18.160571842369137,OK_REPLICA_ROLLING_MEDIAN_BASIS,AVIX_CLEAN_MINUS_PRIOR_252D_MEDIAN_AVIX_QVIX_SPREAD,,,50.0,,,,,,,50.0,,,,,,,,,,,,,,,,,,,,,,50.0,,,,True,True,False,False,False,False,OK,,,,,50.0,38.9,NORMAL,正常,WARN_BREADTH_MISSING,62.0,62.0,100.0,REALIZED_VOL|DRAWDOWN|BREADTH|TURNOVER
2021-06-25,18.581597390416608,OK,7.671232876712329,23.2335174914071,39.00962601776294,30.0,18.41808085,OK,OPTBBS_PARSE_300INDEX_QVIX,,,,False,False,1.0,True,OK,True,,,,,18.194134609240738,OK_REPLICA_ROLLING_MEDIAN_BASIS,AVIX_CLEAN_MINUS_PRIOR_252D_MEDIAN_AVIX_QVIX_SPREAD,,,50.0,,,,,,,50.0,,,,,,,,,,,,,,,,,,,,,,50.0,,,,True,True,False,False,False,False,OK,,,,,50.0,31.1,NORMAL,正常,WARN_BREADTH_MISSING,62.0,62.0,100.0,REALIZED_VOL|DRAWDOWN|BREADTH|TURNOVER
2021-06-28,19.026959673004065,OK,11.475409836065573,25.66236845549355,42.16933284197704,100.0,18.998253,OK,OPTBBS_PARSE_300INDEX_QVIX,,,,False,False,1.0,True,OK,True,,,,,18.646915075136942,OK_REPLICA_ROLLING_MEDIAN_BASIS,AVIX_CLEAN_MINUS_PRIOR_252D_MEDIAN_AVIX_QVIX_SPREAD,,,50.0,,,,,,,50.0,,,,,,,,,,,,,,,,,,,,,,50.0,,,,True,True,False,False,False,False,OK,,,,,50.0,41.2,CAUTION,警戒,WARN_BREADTH_MISSING,62.0,62.0,100.0,REALIZED_VOL|DRAWDOWN|BREADTH|TURNOVER
2021-06-29,18.67997364505676,OK,8.71934604904632,23.865356305424754,41.69214068183147,100.0,18.63233365,OK,OPTBBS_PARSE_300INDEX_QVIX,,,,False,False,1.0,True,OK,True,,,,,18.299929047189636,OK_REPLICA_ROLLING_MEDIAN_BASIS,AVIX_CLEAN_MINUS_PRIOR_252D_MEDIAN_AVIX_QVIX_SPREAD,,,50.0,,,,,,,50.0,,,,,,,,,,,,,,,,,,,,,,50.0,,,,True,True,False,False,False,False,OK,,,,,50.0,40.1,CAUTION,警戒,WARN_BREADTH_MISSING,62.0,62.0,100.0,REALIZED_VOL|DRAWDOWN|BREADTH|TURNOVER
2021-06-30,19.163670588476872,OK,14.402173913043478,26.457504854600792,55.24231941641662,30.0,19.161203,OK,OPTBBS_PARSE_300INDEX_QVIX,,,,False,False,1.0,True,OK,True,,,,,18.791366471214936,OK_REPLICA_ROLLING_MEDIAN_BASIS,AVIX_CLEAN_MINUS_PRIOR_252D_MEDIAN_AVIX_QVIX_SPREAD,,,50.0,,,,,,,50.0,,,,,,,,,,,,,,,,,,,,,,50.0,,,,True,True,False,False,False,False,OK,,,,,50.0,34.8,NORMAL,正常,WARN_BREADTH_MISSING,62.0,62.0,100.0,REALIZED_VOL|DRAWDOWN|BREADTH|TURNOVER
2021-07-01,18.88730799583658,OK,10.569105691056912,25.001098682903176,53.62887000278636,30.0,18.72756677,OK,OPTBBS_PARSE_300INDEX_QVIX,,,,False,False,1.0,True,OK,True,,,,,18.526107291879697,OK_REPLICA_ROLLING_MEDIAN_BASIS,AVIX_CLEAN_MINUS_PRIOR_252D_MEDIAN_AVIX_QVIX_SPREAD,,,50.0,,,,,,,50.0,,,,,,,,,,,,,,,,,,,,,,50.0,,,,True,True,False,False,False,False,OK,,,,,50.0,33.3,NORMAL,正常,WARN_BREADTH_MISSING,62.0,62.0,100.0,REALIZED_VOL|DRAWDOWN|BREADTH|TURNOVER
2021-07-02,18.768688211413856,OK,10.0,24.380270333679263,52.01372160924915,30.0,18.93334199,OK,OPTBBS_PARSE_300INDEX_QVIX,,,,False,False,1.0,True,OK,True,,,,,18.420602158259634,OK_REPLICA_ROLLING_MEDIAN_BASIS,AVIX_CLEAN_MINUS_PRIOR_252D_MEDIAN_AVIX_QVIX_SPREAD,,,50.0,,,,,,,50.0,,,,,,,,,,,,,,,,,,,,,,50.0,,,,True,True,False,False,False,False,OK,,,,,50.0,33.0,NORMAL,正常,WARN_BREADTH_MISSING,62.0,62.0,100.0,REALIZED_VOL|DRAWDOWN|BREADTH|TURNOVER
2021-07-05,18.13091057512538,OK,5.3908355795148255,21.072582762478547,40.58126875467107,100.0,18.25627294,OK,OPTBBS_PARSE_300INDEX_QVIX,,,,False,False,1.0,True,OK,True,,,,,17.782824521971158,OK_REPLICA_ROLLING_MEDIAN_BASIS,AVIX_CLEAN_MINUS_PRIOR_252D_MEDIAN_AVIX_QVIX_SPREAD,,,50.0,,,,,,,50.0,,,,,,,,,,,,,,,,,,,,,,50.0,,,,True,True,False,False,False,False,OK,,,,,50.0,38.7,NORMAL,正常,WARN_BREADTH_MISSING,62.0,62.0,100.0,REALIZED_VOL|DRAWDOWN|BREADTH|TURNOVER
2021-07-06,17.80859678928087,OK,4.56989247311828,19.54241150389139,40.67047018017096,30.0,18.029392,OK,OPTBBS_PARSE_300INDEX_QVIX,,,,False,False,1.0,True,OK,True,,,,,17.460510736126643,OK_REPLICA_ROLLING_MEDIAN_BASIS,AVIX_CLEAN_MINUS_PRIOR_252D_MEDIAN_AVIX_QVIX_SPREAD,,,50.0,,,,,,,50.0,,,,,,,,,,,,,,,,,,,,,,50.0,,,,True,True,False,False,False,False,OK,,,,,50.0,29.9,NORMAL,正常,WARN_BREADTH_MISSING,62.0,62.0,100.0,REALIZED_VOL|DRAWDOWN|BREADTH|TURNOVER
2021-07-07,17.631215740168454,OK,4.289544235924933,18.832283148050706,34.0066667684229,30.0,17.50056345,OK,OPTBBS_PARSE_300INDEX_QVIX,,,,False,False,1.0,True,OK,True,,,,,17.28312968701423,OK_REPLICA_ROLLING_MEDIAN_BASIS,AVIX_CLEAN_MINUS_PRIOR_252D_MEDIAN_AVIX_QVIX_SPREAD,,,50.0,,,,,,,50.0,,,,,,,,,,,,,,,,,,,,,,50.0,,,,True,True,False,False,False,False,OK,,,,,50.0,29.2,NORMAL,正常,WARN_BREADTH_MISSING,62.0,62.0,100.0,REALIZED_VOL|DRAWDOWN|BREADTH|TURNOVER
2021-07-08,17.882675458313653,OK,5.080213903743315,20.38400123978423,39.36182395347836,30.0,17.99787137,OK,OPTBBS_PARSE_300INDEX_QVIX,,,,False,False,1.0,True,OK,True,,,,,17.53458940515943,OK_REPLICA_ROLLING_MEDIAN_BASIS,AVIX_CLEAN_MINUS_PRIOR_252D_MEDIAN_AVIX_QVIX_SPREAD,,,50.0,,,,,,,50.0,,,,,,,,,,,,,,,,,,,,,,50.0,,,,True,True,False,False,False,False,OK,,,,,50.0,30.0,NORMAL,正常,WARN_BREADTH_MISSING,62.0,62.0,100.0,REALIZED_VOL|DRAWDOWN|BREADTH|TURNOVER
2021-07-09,18.44927673189929,OK,7.199999999999999,23.50068921900543,46.59633666544343,30.0,18.35575511,OK,OPTBBS_PARSE_300INDEX_QVIX,,,,False,False,1.0,True,OK,True,,,,,18.110799411452103,OK_REPLICA_ROLLING_MEDIAN_BASIS,AVIX_CLEAN_MINUS_PRIOR_252D_MEDIAN_AVIX_QVIX_SPREAD,,,50.0,,,,,,,50.0,,,,,,,,,,,,,,,,,,,,,,50.0,,,,True,True,False,False,False,False,OK,,,,,50.0,31.6,NORMAL,正常,WARN_BREADTH_MISSING,62.0,62.0,100.0,REALIZED_VOL|DRAWDOWN|BREADTH|TURNOVER
2021-07-12,18.03425370582072,WARN_NOT_BRACKET_30D,6.117021276595745,21.387374856299495,48.933789134261495,30.0,18.91068634,OK,OPTBBS_PARSE_300INDEX_QVIX,,,,False,False,1.0,True,OK,True,,,,,17.70530896043708,OK_REPLICA_ROLLING_MEDIAN_BASIS,AVIX_CLEAN_MINUS_PRIOR_252D_MEDIAN_AVIX_QVIX_SPREAD,,,50.0,,,,,,,50.0,,,,,,,,,,,,,,,,,,,,,,50.0,,,,True,True,False,False,False,False,OK,,,,,50.0,31.2,NORMAL,正常,WARN_BREADTH_MISSING|WARN_NOT_BRACKET_30D,62.0,62.0,100.0,REALIZED_VOL|DRAWDOWN|BREADTH|TURNOVER
2021-07-13,18.372973209556744,WARN_NOT_BRACKET_30D,7.161803713527852,23.272763982071716,56.33824693718235,30.0,18.78286461,OK,OPTBBS_PARSE_300INDEX_QVIX,,,,False,False,1.0,True,OK,True,,,,,18.044028464173103,OK_REPLICA_ROLLING_MEDIAN_BASIS,AVIX_CLEAN_MINUS_PRIOR_252D_MEDIAN_AVIX_QVIX_SPREAD,,,50.0,,,,,,,50.0,,,,,,,,,,,,,,,,,,,,,,50.0,,,,True,True,False,False,False,False,OK,,,,,50.0,32.4,NORMAL,正常,WARN_BREADTH_MISSING|WARN_NOT_BRACKET_30D,62.0,62.0,100.0,REALIZED_VOL|DRAWDOWN|BREADTH|TURNOVER
2021-07-14,18.00883440599709,WARN_NOT_BRACKET_30D,6.084656084656085,21.575961042032176,54.283523852167725,30.0,18.71134691,OK,OPTBBS_PARSE_300INDEX_QVIX,,,,False,False,1.0,True,OK,True,,,,,17.679889660613448,OK_REPLICA_ROLLING_MEDIAN_BASIS,AVIX_CLEAN_MINUS_PRIOR_252D_MEDIAN_AVIX_QVIX_SPREAD,,,50.0,,,,,,,50.0,,,,,,,,,,,,,,,,,,,,,,50.0,,,,True,True,False,False,False,False,OK,,,,,50.0,31.7,NORMAL,正常,WARN_BREADTH_MISSING|WARN_NOT_BRACKET_30D,62.0,62.0,100.0,REALIZED_VOL|DRAWDOWN|BREADTH|TURNOVER
2021-07-15,17.9811471196234,WARN_NOT_BRACKET_30D,5.804749340369393,21.68078234261079,51.101307928327564,30.0,18.34251944,OK,OPTBBS_PARSE_300INDEX_QVIX,,,,False,False,1.0,True,OK,True,,,,,17.652202374239764,OK_REPLICA_ROLLING_MEDIAN_BASIS,AVIX_CLEAN_MINUS_PRIOR_252D_MEDIAN_AVIX_QVIX_SPREAD,,,50.0,,,,,,,50.0,,,,,,,,,,,,,,,,,,,,,,50.0,,,,True,True,False,False,False,False,OK,,,,,50.0,31.3,NORMAL,正常,WARN_BREADTH_MISSING|WARN_NOT_BRACKET_30D,62.0,62.0,100.0,REALIZED_VOL|DRAWDOWN|BREADTH|TURNOVER
2021-07-16,16.973345469894536,WARN_NOT_BRACKET_30D,2.631578947368421,16.619353328875917,34.000117907572736,30.0,17.6326128,OK,OPTBBS_PARSE_300INDEX_QVIX,,,,False,False,1.0,True,OK,True,,,,,16.644400724510895,OK_REPLICA_ROLLING_MEDIAN_BASIS,AVIX_CLEAN_MINUS_PRIOR_252D_MEDIAN_AVIX_QVIX_SPREAD,,,50.0,,,,,,,50.0,,,,,,,,,,,,,,,,,,,,,,50.0,,,,True,True,False,False,False,False,OK,,,,,50.0,28.4,NORMAL,正常,WARN_BREADTH_MISSING|WARN_NOT_BRACKET_30D,62.0,62.0,100.0,REALIZED_VOL|DRAWDOWN|BREADTH|TURNOVER
2021-07-19,17.46161125607421,WARN_NOT_BRACKET_30D,4.4619422572178475,19.29590913834685,43.6493912186487,30.0,17.99714101,OK,OPTBBS_PARSE_300INDEX_QVIX,,,,False,False,1.0,True,OK,True,,,,,17.141507206953804,OK_REPLICA_ROLLING_MEDIAN_BASIS,AVIX_CLEAN_MINUS_PRIOR_252D_MEDIAN_AVIX_QVIX_SPREAD,,,50.0,,,,,,,50.0,,,,,,,,,,,,,,,,,,,,,,50.0,,,,True,True,False,False,False,False,OK,,,,,50.0,30.0,NORMAL,正常,WARN_BREADTH_MISSING|WARN_NOT_BRACKET_30D,62.0,62.0,100.0,REALIZED_VOL|DRAWDOWN|BREADTH|TURNOVER
2021-07-20,18.04488309461107,WARN_NOT_BRACKET_30D,7.329842931937172,22.45671143297964,46.42855719427037,30.0,18.44978142,OK,OPTBBS_PARSE_300INDEX_QVIX,,,,False,False,1.0,True,OK,True,,,,,17.724779045490664,OK_REPLICA_ROLLING_MEDIAN_BASIS,AVIX_CLEAN_MINUS_PRIOR_252D_MEDIAN_AVIX_QVIX_SPREAD,,,50.0,,,,,,,50.0,,,,,,,,,,,,,,,,,,,,,,50.0,,,,True,True,False,False,False,False,OK,,,,,50.0,31.5,NORMAL,正常,WARN_BREADTH_MISSING|WARN_NOT_BRACKET_30D,62.0,62.0,100.0,REALIZED_VOL|DRAWDOWN|BREADTH|TURNOVER
2021-07-21,17.81983071148691,OK,5.483028720626632,21.35870546479064,47.900989145113826,30.0,18.03292453,OK,OPTBBS_PARSE_300INDEX_QVIX,,,,False,False,1.0,True,OK,True,,,,,17.499726662366506,OK_REPLICA_ROLLING_MEDIAN_BASIS,AVIX_CLEAN_MINUS_PRIOR_252D_MEDIAN_AVIX_QVIX_SPREAD,,,50.0,,,,,,,50.0,,,,,,,,,,,,,,,,,,,,,,50.0,,,,True,True,False,False,False,False,OK,,,,,50.0,31.0,NORMAL,正常,WARN_BREADTH_MISSING,62.0,62.0,100.0,REALIZED_VOL|DRAWDOWN|BREADTH|TURNOVER
2021-07-22,17.926005550283527,OK,6.510416666666667,22.004962018727213,49.38667350894765,30.0,18.04695993,OK,OPTBBS_PARSE_300INDEX_QVIX,,,,False,False,1.0,True,OK,True,,,,,17.605901501163125,OK_REPLICA_ROLLING_MEDIAN_BASIS,AVIX_CLEAN_MINUS_PRIOR_252D_MEDIAN_AVIX_QVIX_SPREAD,,,50.0,,,,,,,50.0,,,,,,,,,,,,,,,,,,,,,,50.0,,,,True,True,False,False,False,False,OK,,,,,50.0,31.5,NORMAL,正常,WARN_BREADTH_MISSING,62.0,62.0,100.0,REALIZED_VOL|DRAWDOWN|BREADTH|TURNOVER
2021-07-23,17.292255756261156,OK,3.6363636363636362,18.82583876153713,53.757777592311044,30.0,17.68563027,OK,OPTBBS_PARSE_300INDEX_QVIX,,,,False,False,1.0,True,OK,True,,,,,16.979774895895805,OK_REPLICA_ROLLING_MEDIAN_BASIS,AVIX_CLEAN_MINUS_PRIOR_252D_MEDIAN_AVIX_QVIX_SPREAD,,,50.0,,,,,,,50.0,,,,,,,,,,,,,,,,,,,,,,50.0,,,,True,True,False,False,False,False,OK,,,,,50.0,30.6,NORMAL,正常,WARN_BREADTH_MISSING,62.0,62.0,100.0,REALIZED_VOL|DRAWDOWN|BREADTH|TURNOVER
2021-07-26,20.08211762106568,OK,27.72020725388601,33.99011141216044,80.01448522203125,100.0,20.12687569,OK,OPTBBS_PARSE_300INDEX_QVIX,,,,False,False,1.0,True,OK,True,,,,,19.76963676070033,OK_REPLICA_ROLLING_MEDIAN_BASIS,AVIX_CLEAN_MINUS_PRIOR_252D_MEDIAN_AVIX_QVIX_SPREAD,,,50.0,,,,,,,50.0,,,,,,,,,,,,,,,,,,,,,,50.0,,,,True,True,False,False,False,False,OK,,,,,50.0,49.9,CAUTION,警戒,WARN_BREADTH_MISSING,62.0,62.0,100.0,REALIZED_VOL|DRAWDOWN|BREADTH|TURNOVER
2021-07-27,22.16132255649816,OK,47.54521963824289,45.414008748506184,95.62445143372997,100.0,22.01196149,OK,OPTBBS_PARSE_300INDEX_QVIX,,,,False,False,1.0,True,OK,True,,,,,21.84884169613281,OK_REPLICA_ROLLING_MEDIAN_BASIS,AVIX_CLEAN_MINUS_PRIOR_252D_MEDIAN_AVIX_QVIX_SPREAD,,,50.0,,,,,,,50.0,,,,,,,,,,,,,,,,,,,,,,50.0,,,,True,True,False,False,False,False,OK,,,,,50.0,58.3,CAUTION,警戒,WARN_BREADTH_MISSING,62.0,62.0,100.0,REALIZED_VOL|DRAWDOWN|BREADTH|TURNOVER
2021-07-28,21.7770677943276,OK,44.58762886597938,43.459443418108556,94.4138572011214,100.0,21.19895974,OK,OPTBBS_PARSE_300INDEX_QVIX,,,,False,False,1.0,True,OK,True,,,,,21.46458693396225,OK_REPLICA_ROLLING_MEDIAN_BASIS,AVIX_CLEAN_MINUS_PRIOR_252D_MEDIAN_AVIX_QVIX_SPREAD,,,50.0,,,,,,,50.0,,,,,,,,,,,,,,,,,,,,,,50.0,,,,True,True,False,False,False,False,OK,,,,,50.0,57.1,CAUTION,警戒,WARN_BREADTH_MISSING,62.0,62.0,100.0,REALIZED_VOL|DRAWDOWN|BREADTH|TURNOVER
2021-07-29,20.031744435626152,OK,26.735218508997427,33.87805520434323,73.4936765966729,100.0,19.62171039,OK,OPTBBS_PARSE_300INDEX_QVIX,,,,False,False,1.0,True,OK,True,,,,,19.7192635752608,OK_REPLICA_ROLLING_MEDIAN_BASIS,AVIX_CLEAN_MINUS_PRIOR_252D_MEDIAN_AVIX_QVIX_SPREAD,,,50.0,,,,,,,50.0,,,,,,,,,,,,,,,,,,,,,,50.0,,,,True,True,False,False,False,False,OK,,,,,50.0,49.1,CAUTION,警戒,WARN_BREADTH_MISSING,62.0,62.0,100.0,REALIZED_VOL|DRAWDOWN|BREADTH|TURNOVER
2021-07-30,19.868044544703235,OK,24.102564102564102,33.08737434912619,79.79124094332737,100.0,19.40988917,OK,OPTBBS_PARSE_300INDEX_QVIX,,,,False,False,1.0,True,OK,True,,,,,19.54794049558283,OK_REPLICA_ROLLING_MEDIAN_BASIS,AVIX_CLEAN_MINUS_PRIOR_252D_MEDIAN_AVIX_QVIX_SPREAD,,,50.0,,,,,,,50.0,,,,,,,,,,,,,,,,,,,,,,50.0,,,,True,True,False,False,False,False,OK,,,,,50.0,48.8,CAUTION,警戒,WARN_BREADTH_MISSING,62.0,62.0,100.0,REALIZED_VOL|DRAWDOWN|BREADTH|TURNOVER
2021-08-02,19.7211199226472,OK,22.762148337595907,32.39863780285914,46.404784542843224,100.0,19.26721827,OK,OPTBBS_PARSE_300INDEX_QVIX,,,,False,False,1.0,True,OK,True,,,,,19.401015873526795,OK_REPLICA_ROLLING_MEDIAN_BASIS,AVIX_CLEAN_MINUS_PRIOR_252D_MEDIAN_AVIX_QVIX_SPREAD,,,50.0,,,,,,,50.0,,,,,,,,,,,,,,,,,,,,,,50.0,,,,True,True,False,False,False,False,OK,,,,,50.0,45.6,CAUTION,警戒,WARN_BREADTH_MISSING,62.0,62.0,100.0,REALIZED_VOL|DRAWDOWN|BREADTH|TURNOVER
2021-08-03,19.172780360033165,OK,18.112244897959183,29.465833813537593,23.029207179797197,100.0,18.75882419,OK,OPTBBS_PARSE_300INDEX_QVIX,,,,False,False,1.0,True,OK,True,,,,,18.852676310912763,OK_REPLICA_ROLLING_MEDIAN_BASIS,AVIX_CLEAN_MINUS_PRIOR_252D_MEDIAN_AVIX_QVIX_SPREAD,,,50.0,,,,,,,50.0,,,,,,,,,,,,,,,,,,,,,,50.0,,,,True,True,False,False,False,False,OK,,,,,50.0,42.0,CAUTION,警戒,WARN_BREADTH_MISSING,62.0,62.0,100.0,REALIZED_VOL|DRAWDOWN|BREADTH|TURNOVER
2021-08-04,19.21712522764609,OK,18.575063613231553,29.859382473913488,26.48955689665151,100.0,18.76491257,OK,OPTBBS_PARSE_300INDEX_QVIX,,,,False,False,1.0,True,OK,True,,,,,18.88818048226245,OK_REPLICA_ROLLING_MEDIAN_BASIS,AVIX_CLEAN_MINUS_PRIOR_252D_MEDIAN_AVIX_QVIX_SPREAD,,,50.0,,,,,,,50.0,,,,,,,,,,,,,,,,,,,,,,50.0,,,,True,True,False,False,False,False,OK,,,,,50.0,42.5,CAUTION,警戒,WARN_BREADTH_MISSING,62.0,62.0,100.0,REALIZED_VOL|DRAWDOWN|BREADTH|TURNOVER
2021-08-05,19.2442769003462,OK,18.781725888324875,30.044284869107607,42.13780369642244,100.0,18.8210555,OK,OPTBBS_PARSE_300INDEX_QVIX,,,,False,False,1.0,True,OK,True,,,,,18.905799579899014,OK_REPLICA_ROLLING_MEDIAN_BASIS,AVIX_CLEAN_MINUS_PRIOR_252D_MEDIAN_AVIX_QVIX_SPREAD,,,50.0,,,,,,,50.0,,,,,,,,,,,,,,,,,,,,,,50.0,,,,True,True,False,False,False,False,OK,,,,,50.0,43.8,CAUTION,警戒,WARN_BREADTH_MISSING,62.0,62.0,100.0,REALIZED_VOL|DRAWDOWN|BREADTH|TURNOVER
2021-08-06,19.043551260759976,OK,15.443037974683543,28.96931936423989,41.700307676599536,100.0,18.35733141,OK,OPTBBS_PARSE_300INDEX_QVIX,,,,False,False,1.0,True,OK,True,,,,,18.70507394031279,OK_REPLICA_ROLLING_MEDIAN_BASIS,AVIX_CLEAN_MINUS_PRIOR_252D_MEDIAN_AVIX_QVIX_SPREAD,,,50.0,,,,,,,50.0,,,,,,,,,,,,,,,,,,,,,,50.0,,,,True,True,False,False,False,False,OK,,,,,50.0,42.7,CAUTION,警戒,WARN_BREADTH_MISSING,62.0,62.0,100.0,REALIZED_VOL|DRAWDOWN|BREADTH|TURNOVER
2021-08-09,19.05557118377048,OK,15.909090909090908,29.129461178984076,43.25039610846415,100.0,18.49329545,OK,OPTBBS_PARSE_300INDEX_QVIX,,,,False,False,1.0,True,OK,True,,,,,18.707485130616256,OK_REPLICA_ROLLING_MEDIAN_BASIS,AVIX_CLEAN_MINUS_PRIOR_252D_MEDIAN_AVIX_QVIX_SPREAD,,,50.0,,,,,,,50.0,,,,,,,,,,,,,,,,,,,,,,50.0,,,,True,True,False,False,False,False,OK,,,,,50.0,43.0,CAUTION,警戒,WARN_BREADTH_MISSING,62.0,62.0,100.0,REALIZED_VOL|DRAWDOWN|BREADTH|TURNOVER
2021-08-10,19.257243512391767,OK,19.395465994962215,30.381119707198437,50.88107359258829,100.0,18.78420929,OK,OPTBBS_PARSE_300INDEX_QVIX,,,,False,False,1.0,True,OK,True,,,,,18.896042808434885,OK_REPLICA_ROLLING_MEDIAN_BASIS,AVIX_CLEAN_MINUS_PRIOR_252D_MEDIAN_AVIX_QVIX_SPREAD,,,50.0,,,,,,,50.0,,,,,,,,,,,,,,,,,,,,,,50.0,,,,True,True,False,False,False,False,OK,,,,,50.0,44.8,CAUTION,警戒,WARN_BREADTH_MISSING,62.0,62.0,100.0,REALIZED_VOL|DRAWDOWN|BREADTH|TURNOVER
2021-08-11,18.91492555392349,OK,14.321608040201006,28.415345252468324,46.85489197637271,100.0,18.32093621,OK,OPTBBS_PARSE_300INDEX_QVIX,,,,False,False,1.0,True,OK,True,,,,,18.542621436661552,OK_REPLICA_ROLLING_MEDIAN_BASIS,AVIX_CLEAN_MINUS_PRIOR_252D_MEDIAN_AVIX_QVIX_SPREAD,,,50.0,,,,,,,50.0,,,,,,,,,,,,,,,,,,,,,,50.0,,,,True,True,False,False,False,False,OK,,,,,50.0,42.7,CAUTION,警戒,WARN_BREADTH_MISSING,62.0,62.0,100.0,REALIZED_VOL|DRAWDOWN|BREADTH|TURNOVER
2021-08-12,18.89176583949285,OK,14.285714285714285,28.296262258839107,46.336458234530944,100.0,18.28093342,OK,OPTBBS_PARSE_300INDEX_QVIX,,,,False,False,1.0,True,OK,True,,,,,18.51172124162573,OK_REPLICA_ROLLING_MEDIAN_BASIS,AVIX_CLEAN_MINUS_PRIOR_252D_MEDIAN_AVIX_QVIX_SPREAD,,,50.0,,,,,,,50.0,,,,,,,,,,,,,,,,,,,,,,50.0,,,,True,True,False,False,False,False,OK,,,,,50.0,42.7,CAUTION,警戒,WARN_BREADTH_MISSING,62.0,62.0,100.0,REALIZED_VOL|DRAWDOWN|BREADTH|TURNOVER
2021-08-13,18.81554900302546,OK,13.750000000000002,27.774976309706094,47.60546491972508,100.0,17.83050055,OK,OPTBBS_PARSE_300INDEX_QVIX,,,,False,False,1.0,True,OK,True,,,,,18.42808622184959,OK_REPLICA_ROLLING_MEDIAN_BASIS,AVIX_CLEAN_MINUS_PRIOR_252D_MEDIAN_AVIX_QVIX_SPREAD,,,50.0,,,,,,,50.0,,,,,,,,,,,,,,,,,,,,,,50.0,,,,True,True,False,False,False,False,OK,,,,,50.0,42.5,CAUTION,警戒,WARN_BREADTH_MISSING,62.0,62.0,100.0,REALIZED_VOL|DRAWDOWN|BREADTH|TURNOVER
2021-08-16,19.37825385297037,WARN_NOT_BRACKET_30D,21.44638403990025,31.266662528394004,53.38675410028873,100.0,19.18956344,OK,OPTBBS_PARSE_300INDEX_QVIX,,,,False,False,1.0,True,OK,True,,,,,18.988108406992197,OK_REPLICA_ROLLING_MEDIAN_BASIS,AVIX_CLEAN_MINUS_PRIOR_252D_MEDIAN_AVIX_QVIX_SPREAD,,,50.0,,,,,,,50.0,,,,,,,,,,,,,,,,,,,,,,50.0,,,,True,True,False,False,False,False,OK,,,,,50.0,45.7,CAUTION,警戒,WARN_BREADTH_MISSING|WARN_NOT_BRACKET_30D,62.0,62.0,100.0,REALIZED_VOL|DRAWDOWN|BREADTH|TURNOVER
2021-08-17,20.23565420756896,WARN_NOT_BRACKET_30D,31.343283582089555,36.69518768094461,60.16148229675342,100.0,19.4,OK,OPTBBS_PARSE_300INDEX_QVIX,,,,False,False,1.0,True,OK,True,,,,,19.845508761590786,OK_REPLICA_ROLLING_MEDIAN_BASIS,AVIX_CLEAN_MINUS_PRIOR_252D_MEDIAN_AVIX_QVIX_SPREAD,,,50.0,,,,,,,50.0,,,,,,,,,,,,,,,,,,,,,,50.0,,,,True,True,False,False,False,False,OK,,,,,50.0,49.7,CAUTION,警戒,WARN_BREADTH_MISSING|WARN_NOT_BRACKET_30D,62.0,62.0,100.0,REALIZED_VOL|DRAWDOWN|BREADTH|TURNOVER
2021-08-18,19.185150441564968,OK,19.106699751861044,29.857963270697635,52.85726620357147,100.0,18.16217361,OK,OPTBBS_PARSE_300INDEX_QVIX,,,,False,False,1.0,True,OK,True,,,,,18.791873992202447,OK_REPLICA_ROLLING_MEDIAN_BASIS,AVIX_CLEAN_MINUS_PRIOR_252D_MEDIAN_AVIX_QVIX_SPREAD,,,50.0,,,,,,,50.0,,,,,,,,,,,,,,,,,,,,,,50.0,,,,True,True,False,False,False,False,OK,,,,,50.0,44.8,CAUTION,警戒,WARN_BREADTH_MISSING,62.0,62.0,100.0,REALIZED_VOL|DRAWDOWN|BREADTH|TURNOVER
2021-08-19,19.92229089366236,OK,27.722772277227726,34.69639972688459,60.909780090701915,100.0,18.72975098,OK,OPTBBS_PARSE_300INDEX_QVIX,,,,False,False,1.0,True,OK,True,,,,,19.52901444429984,OK_REPLICA_ROLLING_MEDIAN_BASIS,AVIX_CLEAN_MINUS_PRIOR_252D_MEDIAN_AVIX_QVIX_SPREAD,,,50.0,,,,,,,50.0,,,,,,,,,,,,,,,,,,,,,,50.0,,,,True,True,False,False,False,False,OK,,,,,50.0,48.5,CAUTION,警戒,WARN_BREADTH_MISSING,62.0,62.0,100.0,REALIZED_VOL|DRAWDOWN|BREADTH|TURNOVER
2021-08-20,21.18205892810116,OK,42.22222222222222,43.213415103224456,75.15483257698378,100.0,19.7937493,OK,OPTBBS_PARSE_300INDEX_QVIX,,,,False,False,1.0,True,OK,True,,,,,20.784895984444127,OK_REPLICA_ROLLING_MEDIAN_BASIS,AVIX_CLEAN_MINUS_PRIOR_252D_MEDIAN_AVIX_QVIX_SPREAD,,,50.0,,,,,,,50.0,,,,,,,,,,,,,,,,,,,,,,50.0,,,,True,True,False,False,False,False,OK,,,,,50.0,54.9,CAUTION,警戒,WARN_BREADTH_MISSING,62.0,62.0,100.0,REALIZED_VOL|DRAWDOWN|BREADTH|TURNOVER
2021-08-23,20.154937790029,OK,31.2807881773399,36.351428315518916,58.01603635654278,100.0,19.46547926,OK,OPTBBS_PARSE_300INDEX_QVIX,,,,False,False,1.0,True,OK,True,,,,,19.749876722800114,OK_REPLICA_ROLLING_MEDIAN_BASIS,AVIX_CLEAN_MINUS_PRIOR_252D_MEDIAN_AVIX_QVIX_SPREAD,,,50.0,,,,,,,50.0,,,,,,,,,,,,,,,,,,,,,,50.0,,,,True,True,False,False,False,False,OK,,,,,50.0,49.5,CAUTION,警戒,WARN_BREADTH_MISSING,62.0,62.0,100.0,REALIZED_VOL|DRAWDOWN|BREADTH|TURNOVER
2021-08-24,18.945631619612275,OK,14.742014742014742,28.141398346483513,37.25000363492905,100.0,18.26127826,OK,OPTBBS_PARSE_300INDEX_QVIX,,,,False,False,1.0,True,OK,True,,,,,18.533636511782618,OK_REPLICA_ROLLING_MEDIAN_BASIS,AVIX_CLEAN_MINUS_PRIOR_252D_MEDIAN_AVIX_QVIX_SPREAD,,,50.0,,,,,,,50.0,,,,,,,,,,,,,,,,,,,,,,50.0,,,,True,True,False,False,False,False,OK,,,,,50.0,42.0,CAUTION,警戒,WARN_BREADTH_MISSING,62.0,62.0,100.0,REALIZED_VOL|DRAWDOWN|BREADTH|TURNOVER
2021-08-25,18.93601971840603,OK,14.705882352941178,28.18237586666333,47.40287964988597,60.0,18.33088454,OK,OPTBBS_PARSE_300INDEX_QVIX,,,,False,False,1.0,True,OK,True,,,,,18.518125355534778,OK_REPLICA_ROLLING_MEDIAN_BASIS,AVIX_CLEAN_MINUS_PRIOR_252D_MEDIAN_AVIX_QVIX_SPREAD,,,50.0,,,,,,,50.0,,,,,,,,,,,,,,,,,,,,,,50.0,,,,True,True,False,False,False,False,OK,,,,,50.0,38.1,NORMAL,正常,WARN_BREADTH_MISSING,62.0,62.0,100.0,REALIZED_VOL|DRAWDOWN|BREADTH|TURNOVER
2021-08-26,19.786766182188074,OK,25.67237163814181,34.21142182853834,48.63946659349905,100.0,19.03850047,OK,OPTBBS_PARSE_300INDEX_QVIX,,,,False,False,1.0,True,OK,True,,,,,19.364239204160306,OK_REPLICA_ROLLING_MEDIAN_BASIS,AVIX_CLEAN_MINUS_PRIOR_252D_MEDIAN_AVIX_QVIX_SPREAD,,,50.0,,,,,,,50.0,,,,,,,,,,,,,,,,,,,,,,50.0,,,,True,True,False,False,False,False,OK,,,,,50.0,46.9,CAUTION,警戒,WARN_BREADTH_MISSING,62.0,62.0,100.0,REALIZED_VOL|DRAWDOWN|BREADTH|TURNOVER
2021-08-27,19.38790143418404,OK,21.951219512195124,31.417898242992482,33.059649677993285,100.0,18.85741108,OK,OPTBBS_PARSE_300INDEX_QVIX,,,,False,False,1.0,True,OK,True,,,,,18.965374456156276,OK_REPLICA_ROLLING_MEDIAN_BASIS,AVIX_CLEAN_MINUS_PRIOR_252D_MEDIAN_AVIX_QVIX_SPREAD,,,50.0,,,,,,,50.0,,,,,,,,,,,,,,,,,,,,,,50.0,,,,True,True,False,False,False,False,OK,,,,,50.0,44.2,CAUTION,警戒,WARN_BREADTH_MISSING,62.0,62.0,100.0,REALIZED_VOL|DRAWDOWN|BREADTH|TURNOVER
2021-08-30,19.882206236172003,OK,27.25060827250608,34.973602735221014,47.29365025386563,100.0,19.63629302,OK,OPTBBS_PARSE_300INDEX_QVIX,,,,False,False,1.0,True,OK,True,,,,,19.458019684480313,OK_REPLICA_ROLLING_MEDIAN_BASIS,AVIX_CLEAN_MINUS_PRIOR_252D_MEDIAN_AVIX_QVIX_SPREAD,,,50.0,,,,,,,50.0,,,,,,,,,,,,,,,,,,,,,,50.0,,,,True,True,False,False,False,False,OK,,,,,50.0,47.3,CAUTION,警戒,WARN_BREADTH_MISSING,62.0,62.0,100.0,REALIZED_VOL|DRAWDOWN|BREADTH|TURNOVER
2021-08-31,19.58839427008652,OK,24.029126213592235,32.889427706737706,56.7853388409481,100.0,19.5659412,OK,OPTBBS_PARSE_300INDEX_QVIX,,,,False,False,1.0,True,OK,True,,,,,19.165867292058756,OK_REPLICA_ROLLING_MEDIAN_BASIS,AVIX_CLEAN_MINUS_PRIOR_252D_MEDIAN_AVIX_QVIX_SPREAD,,,50.0,,,,,,,50.0,,,,,,,,,,,,,,,,,,,,,,50.0,,,,True,True,False,False,False,False,OK,,,,,50.0,46.9,CAUTION,警戒,WARN_BREADTH_MISSING,62.0,62.0,100.0,REALIZED_VOL|DRAWDOWN|BREADTH|TURNOVER
2021-09-01,19.544742987939514,OK,23.728813559322035,32.66278203236655,56.42926315652068,100.0,19.39759303,OK,OPTBBS_PARSE_300INDEX_QVIX,,,,False,False,1.0,True,OK,True,,,,,19.126848625068263,OK_REPLICA_ROLLING_MEDIAN_BASIS,AVIX_CLEAN_MINUS_PRIOR_252D_MEDIAN_AVIX_QVIX_SPREAD,,,50.0,,,,,,,50.0,,,,,,,,,,,,,,,,,,,,,,50.0,,,,True,True,False,False,False,False,OK,,,,,50.0,46.7,CAUTION,警戒,WARN_BREADTH_MISSING,62.0,62.0,100.0,REALIZED_VOL|DRAWDOWN|BREADTH|TURNOVER
2021-09-02,19.967561600660847,OK,29.468599033816425,35.908569811804824,51.827437761260065,100.0,19.96,OK,OPTBBS_PARSE_300INDEX_QVIX,,,,False,False,1.0,True,OK,True,,,,,19.5496672377896,OK_REPLICA_ROLLING_MEDIAN_BASIS,AVIX_CLEAN_MINUS_PRIOR_252D_MEDIAN_AVIX_QVIX_SPREAD,,,50.0,,,,,,,50.0,,,,,,,,,,,,,,,,,,,,,,50.0,,,,True,True,False,False,False,False,OK,,,,,50.0,48.4,CAUTION,警戒,WARN_BREADTH_MISSING,62.0,62.0,100.0,REALIZED_VOL|DRAWDOWN|BREADTH|TURNOVER
2021-09-03,19.57221588926972,OK,23.85542168674699,33.04653071637708,51.90133476499632,100.0,19.53243063,OK,OPTBBS_PARSE_300INDEX_QVIX,,,,False,False,1.0,True,OK,True,,,,,19.15432152639847,OK_REPLICA_ROLLING_MEDIAN_BASIS,AVIX_CLEAN_MINUS_PRIOR_252D_MEDIAN_AVIX_QVIX_SPREAD,,,50.0,,,,,,,50.0,,,,,,,,,,,,,,,,,,,,,,50.0,,,,True,True,False,False,False,False,OK,,,,,50.0,46.5,CAUTION,警戒,WARN_BREADTH_MISSING,62.0,62.0,100.0,REALIZED_VOL|DRAWDOWN|BREADTH|TURNOVER
2021-09-06,19.51059654913961,OK,23.317307692307693,32.70357257531859,46.261886808554294,60.0,19.7010679,OK,OPTBBS_PARSE_300INDEX_QVIX,,,,False,False,1.0,True,OK,True,,,,,19.09270218626836,OK_REPLICA_ROLLING_MEDIAN_BASIS,AVIX_CLEAN_MINUS_PRIOR_252D_MEDIAN_AVIX_QVIX_SPREAD,,,50.0,,,,,,,50.0,,,,,,,,,,,,,,,,,,,,,,50.0,,,,True,True,False,False,False,False,OK,,,,,50.0,41.0,CAUTION,警戒,WARN_BREADTH_MISSING,62.0,62.0,100.0,REALIZED_VOL|DRAWDOWN|BREADTH|TURNOVER
2021-09-07,19.660565426624085,OK,25.179856115107913,33.9553495438081,50.73687669895208,100.0,20.16217736,OK,OPTBBS_PARSE_300INDEX_QVIX,,,,False,False,1.0,True,OK,True,,,,,19.242671063752837,OK_REPLICA_ROLLING_MEDIAN_BASIS,AVIX_CLEAN_MINUS_PRIOR_252D_MEDIAN_AVIX_QVIX_SPREAD,,,50.0,,,,,,,50.0,,,,,,,,,,,,,,,,,,,,,,50.0,,,,True,True,False,False,False,False,OK,,,,,50.0,46.9,CAUTION,警戒,WARN_BREADTH_MISSING,62.0,62.0,100.0,REALIZED_VOL|DRAWDOWN|BREADTH|TURNOVER
2021-09-08,19.84186699622036,OK,27.27272727272727,35.469401698821166,53.04044937776049,60.0,20.04660438,OK,OPTBBS_PARSE_300INDEX_QVIX,,,,False,False,1.0,True,OK,True,,,,,19.42397263334911,OK_REPLICA_ROLLING_MEDIAN_BASIS,AVIX_CLEAN_MINUS_PRIOR_252D_MEDIAN_AVIX_QVIX_SPREAD,,,50.0,,,,,,,50.0,,,,,,,,,,,,,,,,,,,,,,50.0,,,,True,True,False,False,False,False,OK,,,,,50.0,43.0,CAUTION,警戒,WARN_BREADTH_MISSING,62.0,62.0,100.0,REALIZED_VOL|DRAWDOWN|BREADTH|TURNOVER
2021-09-09,19.950684280312423,OK,30.071599045346066,36.428407805042625,49.83095261518697,60.0,20.01158091,OK,OPTBBS_PARSE_300INDEX_QVIX,,,,False,False,1.0,True,OK,True,,,,,19.53278991744117,OK_REPLICA_ROLLING_MEDIAN_BASIS,AVIX_CLEAN_MINUS_PRIOR_252D_MEDIAN_AVIX_QVIX_SPREAD,,,50.0,,,,,,,50.0,,,,,,,,,,,,,,,,,,,,,,50.0,,,,True,True,False,False,False,False,OK,,,,,50.0,43.7,CAUTION,警戒,WARN_BREADTH_MISSING,62.0,62.0,100.0,REALIZED_VOL|DRAWDOWN|BREADTH|TURNOVER
2021-09-10,19.8424996335482,OK,27.380952380952383,35.70735112416331,52.76191255816527,100.0,19.77568822,OK,OPTBBS_PARSE_300INDEX_QVIX,,,,False,False,1.0,True,OK,True,,,,,19.42460527067695,OK_REPLICA_ROLLING_MEDIAN_BASIS,AVIX_CLEAN_MINUS_PRIOR_252D_MEDIAN_AVIX_QVIX_SPREAD,,,50.0,,,,,,,50.0,,,,,,,,,,,,,,,,,,,,,,50.0,,,,True,True,False,False,False,False,OK,,,,,50.0,47.9,CAUTION,警戒,WARN_BREADTH_MISSING,62.0,62.0,100.0,REALIZED_VOL|DRAWDOWN|BREADTH|TURNOVER
2021-09-13,19.62024909962433,WARN_NOT_BRACKET_30D,24.94061757719715,34.090087741574486,51.124030730772894,60.0,20.55943707,OK,OPTBBS_PARSE_300INDEX_QVIX,,,,False,False,1.0,True,OK,True,,,,,19.20235473675308,OK_REPLICA_ROLLING_MEDIAN_BASIS,AVIX_CLEAN_MINUS_PRIOR_252D_MEDIAN_AVIX_QVIX_SPREAD,,,50.0,,,,,,,50.0,,,,,,,,,,,,,,,,,,,,,,50.0,,,,True,True,False,False,False,False,OK,,,,,50.0,42.0,CAUTION,警戒,WARN_BREADTH_MISSING|WARN_NOT_BRACKET_30D,62.0,62.0,100.0,REALIZED_VOL|DRAWDOWN|BREADTH|TURNOVER
2021-09-14,18.858848446517456,WARN_NOT_BRACKET_30D,13.270142180094787,28.232508130288494,41.84441583739036,100.0,19.0700395,OK,OPTBBS_PARSE_300INDEX_QVIX,,,,False,False,1.0,True,OK,True,,,,,18.440954083646204,OK_REPLICA_ROLLING_MEDIAN_BASIS,AVIX_CLEAN_MINUS_PRIOR_252D_MEDIAN_AVIX_QVIX_SPREAD,,,50.0,,,,,,,50.0,,,,,,,,,,,,,,,,,,,,,,50.0,,,,True,True,False,False,False,False,OK,,,,,50.0,42.0,CAUTION,警戒,WARN_BREADTH_MISSING|WARN_NOT_BRACKET_30D,62.0,62.0,100.0,REALIZED_VOL|DRAWDOWN|BREADTH|TURNOVER
2021-09-15,19.25156068733416,OK,19.858156028368796,31.436267343001198,44.04989148451959,60.0,19.0381876,OK,OPTBBS_PARSE_300INDEX_QVIX,,,,False,False,1.0,True,OK,True,,,,,18.83366632446291,OK_REPLICA_ROLLING_MEDIAN_BASIS,AVIX_CLEAN_MINUS_PRIOR_252D_MEDIAN_AVIX_QVIX_SPREAD,,,50.0,,,,,,,50.0,,,,,,,,,,,,,,,,,,,,,,50.0,,,,True,True,False,False,False,False,OK,,,,,50.0,39.7,NORMAL,正常,WARN_BREADTH_MISSING,62.0,62.0,100.0,REALIZED_VOL|DRAWDOWN|BREADTH|TURNOVER
2021-09-16,20.370704248149394,OK,36.556603773584904,40.46921441814534,54.2105820726305,100.0,19.41417847,OK,OPTBBS_PARSE_300INDEX_QVIX,,,,False,False,1.0,True,OK,True,,,,,19.952809885278143,OK_REPLICA_ROLLING_MEDIAN_BASIS,AVIX_CLEAN_MINUS_PRIOR_252D_MEDIAN_AVIX_QVIX_SPREAD,,,50.0,,,,,,,50.0,,,,,,,,,,,,,,,,,,,,,,50.0,,,,True,True,False,False,False,False,OK,,,,,50.0,51.2,CAUTION,警戒,WARN_BREADTH_MISSING,62.0,62.0,100.0,REALIZED_VOL|DRAWDOWN|BREADTH|TURNOVER
2021-09-17,18.85630141740518,OK,13.176470588235295,28.369397321309155,40.05973809392813,60.0,20.0,OK,OPTBBS_PARSE_300INDEX_QVIX,,,,False,False,1.0,True,OK,True,,,,,18.433774439377416,OK_REPLICA_ROLLING_MEDIAN_BASIS,AVIX_CLEAN_MINUS_PRIOR_252D_MEDIAN_AVIX_QVIX_SPREAD,,,50.0,,,,,,,50.0,,,,,,,,,,,,,,,,,,,,,,50.0,,,,True,True,False,False,False,False,OK,,,,,50.0,37.1,NORMAL,正常,WARN_BREADTH_MISSING,62.0,62.0,100.0,REALIZED_VOL|DRAWDOWN|BREADTH|TURNOVER
2021-09-22,20.588615389529373,OK,37.558685446009385,42.56328823925021,59.87109067767733,60.0,19.63629302,OK,OPTBBS_PARSE_300INDEX_QVIX,,,,False,False,1.0,True,OK,True,,,,,20.166088411501605,OK_REPLICA_ROLLING_MEDIAN_BASIS,AVIX_CLEAN_MINUS_PRIOR_252D_MEDIAN_AVIX_QVIX_SPREAD,,,50.0,,,,,,,50.0,,,,,,,,,,,,,,,,,,,,,,50.0,,,,True,True,False,False,False,False,OK,,,,,50.0,47.5,CAUTION,警戒,WARN_BREADTH_MISSING,62.0,62.0,100.0,REALIZED_VOL|DRAWDOWN|BREADTH|TURNOVER
2021-09-23,19.80773509835964,OK,27.400468384074944,36.227852907666374,60.063039156745646,100.0,19.55537876,OK,OPTBBS_PARSE_300INDEX_QVIX,,,,False,False,1.0,True,OK,True,,,,,19.383548546667953,OK_REPLICA_ROLLING_MEDIAN_BASIS,AVIX_CLEAN_MINUS_PRIOR_252D_MEDIAN_AVIX_QVIX_SPREAD,,,50.0,,,,,,,50.0,,,,,,,,,,,,,,,,,,,,,,50.0,,,,True,True,False,False,False,False,OK,,,,,50.0,48.5,CAUTION,警戒,WARN_BREADTH_MISSING,62.0,62.0,100.0,REALIZED_VOL|DRAWDOWN|BREADTH|TURNOVER
2021-09-24,19.040729669745826,OK,15.887850467289718,29.970257771836295,47.80972544499167,100.0,18.73061906,OK,OPTBBS_PARSE_300INDEX_QVIX,,,,False,False,1.0,True,OK,True,,,,,18.61654311805414,OK_REPLICA_ROLLING_MEDIAN_BASIS,AVIX_CLEAN_MINUS_PRIOR_252D_MEDIAN_AVIX_QVIX_SPREAD,,,50.0,,,,,,,50.0,,,,,,,,,,,,,,,,,,,,,,50.0,,,,True,True,False,False,False,False,OK,,,,,50.0,43.5,CAUTION,警戒,WARN_BREADTH_MISSING,62.0,62.0,100.0,REALIZED_VOL|DRAWDOWN|BREADTH|TURNOVER
2021-09-27,19.622899419800028,OK,25.64102564102564,34.97037511668343,42.658036568202576,100.0,19.07348837,OK,OPTBBS_PARSE_300INDEX_QVIX,,,,False,False,1.0,True,OK,True,,,,,19.198712868108338,OK_REPLICA_ROLLING_MEDIAN_BASIS,AVIX_CLEAN_MINUS_PRIOR_252D_MEDIAN_AVIX_QVIX_SPREAD,,,50.0,,,,,,,50.0,,,,,,,,,,,,,,,,,,,,,,50.0,,,,True,True,False,False,False,False,OK,,,,,50.0,46.5,CAUTION,警戒,WARN_BREADTH_MISSING,62.0,62.0,100.0,REALIZED_VOL|DRAWDOWN|BREADTH|TURNOVER
2021-09-28,19.56138286260675,OK,24.186046511627907,34.58086593310628,57.47847024285204,100.0,18.98362238,OK,OPTBBS_PARSE_300INDEX_QVIX,,,,False,False,1.0,True,OK,True,,,,,19.13719631091506,OK_REPLICA_ROLLING_MEDIAN_BASIS,AVIX_CLEAN_MINUS_PRIOR_252D_MEDIAN_AVIX_QVIX_SPREAD,,,50.0,,,,,,,50.0,,,,,,,,,,,,,,,,,,,,,,50.0,,,,True,True,False,False,False,False,OK,,,,,50.0,47.2,CAUTION,警戒,WARN_BREADTH_MISSING,62.0,62.0,100.0,REALIZED_VOL|DRAWDOWN|BREADTH|TURNOVER
2021-09-29,20.366435895006035,OK,37.12296983758701,41.4250112231049,47.841724755941286,100.0,19.5702803,OK,OPTBBS_PARSE_300INDEX_QVIX,,,,False,False,1.0,True,OK,True,,,,,19.942249343314344,OK_REPLICA_ROLLING_MEDIAN_BASIS,AVIX_CLEAN_MINUS_PRIOR_252D_MEDIAN_AVIX_QVIX_SPREAD,,,50.0,,,,,,,50.0,,,,,,,,,,,,,,,,,,,,,,50.0,,,,True,True,False,False,False,False,OK,,,,,50.0,51.0,CAUTION,警戒,WARN_BREADTH_MISSING,62.0,62.0,100.0,REALIZED_VOL|DRAWDOWN|BREADTH|TURNOVER
2021-09-30,20.103334616216543,OK,33.56481481481482,39.28099657200984,52.98468771304785,100.0,19.29724649,OK,OPTBBS_PARSE_300INDEX_QVIX,,,,False,False,1.0,True,OK,True,,,,,19.679148064524853,OK_REPLICA_ROLLING_MEDIAN_BASIS,AVIX_CLEAN_MINUS_PRIOR_252D_MEDIAN_AVIX_QVIX_SPREAD,,,50.0,,,,,,,50.0,,,,,,,,,,,,,,,,,,,,,,50.0,,,,True,True,False,False,False,False,OK,,,,,50.0,50.1,CAUTION,警戒,WARN_BREADTH_MISSING,62.0,62.0,100.0,REALIZED_VOL|DRAWDOWN|BREADTH|TURNOVER
2021-10-08,19.063125919478395,OK,16.859122401847575,30.68609346314257,50.23524570876248,100.0,18.37791991,OK,OPTBBS_PARSE_300INDEX_QVIX,,,,False,False,1.0,True,OK,True,,,,,18.638939367786705,OK_REPLICA_ROLLING_MEDIAN_BASIS,AVIX_CLEAN_MINUS_PRIOR_252D_MEDIAN_AVIX_QVIX_SPREAD,,,50.0,,,,,,,50.0,,,,,,,,,,,,,,,,,,,,,,50.0,,,,True,True,False,False,False,False,OK,,,,,50.0,44.0,CAUTION,警戒,WARN_BREADTH_MISSING,62.0,62.0,100.0,REALIZED_VOL|DRAWDOWN|BREADTH|TURNOVER
2021-10-11,18.50968974652653,WARN_NOT_BRACKET_30D,8.755760368663594,26.23681808438183,38.653973610543616,60.0,18.54309682,OK,OPTBBS_PARSE_300INDEX_QVIX,,,,False,False,1.0,True,OK,True,,,,,18.085503194834843,OK_REPLICA_ROLLING_MEDIAN_BASIS,AVIX_CLEAN_MINUS_PRIOR_252D_MEDIAN_AVIX_QVIX_SPREAD,,,50.0,,,,,,,50.0,,,,,,,,,,,,,,,,,,,,,,50.0,,,,True,True,False,False,False,False,OK,,,,,50.0,35.4,NORMAL,正常,WARN_BREADTH_MISSING|WARN_NOT_BRACKET_30D,62.0,62.0,100.0,REALIZED_VOL|DRAWDOWN|BREADTH|TURNOVER
2021-10-12,18.31662915758183,WARN_NOT_BRACKET_30D,7.586206896551724,24.831232486230135,37.27335675838774,60.0,18.88138496,OK,OPTBBS_PARSE_300INDEX_QVIX,,,,False,False,1.0,True,OK,True,,,,,17.89410217955406,OK_REPLICA_ROLLING_MEDIAN_BASIS,AVIX_CLEAN_MINUS_PRIOR_252D_MEDIAN_AVIX_QVIX_SPREAD,,,50.0,,,,,,,50.0,,,,,,,,,,,,,,,,,,,,,,50.0,,,,True,True,False,False,False,False,OK,,,,,50.0,34.8,NORMAL,正常,WARN_BREADTH_MISSING|WARN_NOT_BRACKET_30D,62.0,62.0,100.0,REALIZED_VOL|DRAWDOWN|BREADTH|TURNOVER
2021-10-13,18.014457153886507,WARN_NOT_BRACKET_30D,6.8807339449541285,22.541686661213163,26.903384045745128,100.0,17.42,OK,OPTBBS_PARSE_300INDEX_QVIX,,,,False,False,1.0,True,OK,True,,,,,17.591930175858742,OK_REPLICA_ROLLING_MEDIAN_BASIS,AVIX_CLEAN_MINUS_PRIOR_252D_MEDIAN_AVIX_QVIX_SPREAD,,,50.0,,,,,,,50.0,,,,,,,,,,,,,,,,,,,,,,50.0,,,,True,True,False,False,False,False,OK,,,,,50.0,38.2,NORMAL,正常,WARN_BREADTH_MISSING|WARN_NOT_BRACKET_30D,62.0,62.0,100.0,REALIZED_VOL|DRAWDOWN|BREADTH|TURNOVER
2021-10-14,17.61718797199232,WARN_NOT_BRACKET_30D,4.3478260869565215,19.515551152283628,25.266325794341093,100.0,16.95033093,OK,OPTBBS_PARSE_300INDEX_QVIX,,,,False,False,1.0,True,OK,True,,,,,17.193001420300632,OK_REPLICA_ROLLING_MEDIAN_BASIS,AVIX_CLEAN_MINUS_PRIOR_252D_MEDIAN_AVIX_QVIX_SPREAD,,,50.0,,,,,,,50.0,,,,,,,,,,,,,,,,,,,,,,50.0,,,,True,True,False,False,False,False,OK,,,,,50.0,37.0,NORMAL,正常,WARN_BREADTH_MISSING|WARN_NOT_BRACKET_30D,62.0,62.0,100.0,REALIZED_VOL|DRAWDOWN|BREADTH|TURNOVER
2021-10-15,17.462588164343824,WARN_NOT_BRACKET_30D,4.337899543378995,18.523418800408287,33.20802409956105,100.0,15.66395535,OK,OPTBBS_PARSE_300INDEX_QVIX,,,,False,False,1.0,True,OK,True,,,,,17.035960629025155,OK_REPLICA_ROLLING_MEDIAN_BASIS,AVIX_CLEAN_MINUS_PRIOR_252D_MEDIAN_AVIX_QVIX_SPREAD,,,50.0,,,,,,,50.0,,,,,,,,,,,,,,,,,,,,,,50.0,,,,True,True,False,False,False,False,OK,,,,,50.0,37.5,NORMAL,正常,WARN_BREADTH_MISSING|WARN_NOT_BRACKET_30D,62.0,62.0,100.0,REALIZED_VOL|DRAWDOWN|BREADTH|TURNOVER
2021-10-18,18.376315364470592,WARN_NOT_BRACKET_30D,9.111617312072893,26.28735432815447,48.558869609567964,100.0,18.3884417,OK,OPTBBS_PARSE_300INDEX_QVIX,,,,False,False,1.0,True,OK,True,,,,,17.941237817465517,OK_REPLICA_ROLLING_MEDIAN_BASIS,AVIX_CLEAN_MINUS_PRIOR_252D_MEDIAN_AVIX_QVIX_SPREAD,,,50.0,,,,,,,50.0,,,,,,,,,,,,,,,,,,,,,,50.0,,,,True,True,False,False,False,False,OK,,,,,50.0,41.1,CAUTION,警戒,WARN_BREADTH_MISSING|WARN_NOT_BRACKET_30D,62.0,62.0,100.0,REALIZED_VOL|DRAWDOWN|BREADTH|TURNOVER
2021-10-19,17.61777562324607,WARN_NOT_BRACKET_30D,4.772727272727273,20.17487831460134,42.36919055003654,60.0,18.61152413,OK,OPTBBS_PARSE_300INDEX_QVIX,,,,False,False,1.0,True,OK,True,,,,,17.191148087927402,OK_REPLICA_ROLLING_MEDIAN_BASIS,AVIX_CLEAN_MINUS_PRIOR_252D_MEDIAN_AVIX_QVIX_SPREAD,,,50.0,,,,,,,50.0,,,,,,,,,,,,,,,,,,,,,,50.0,,,,True,True,False,False,False,False,OK,,,,,50.0,33.8,NORMAL,正常,WARN_BREADTH_MISSING|WARN_NOT_BRACKET_30D,62.0,62.0,100.0,REALIZED_VOL|DRAWDOWN|BREADTH|TURNOVER
2021-10-20,17.824434297472575,OK,5.895691609977324,21.99189850082213,47.89032936390274,100.0,18.87061983,OK,OPTBBS_PARSE_300INDEX_QVIX,,,,False,False,1.0,True,OK,True,,,,,17.400247745780888,OK_REPLICA_ROLLING_MEDIAN_BASIS,AVIX_CLEAN_MINUS_PRIOR_252D_MEDIAN_AVIX_QVIX_SPREAD,,,50.0,,,,,,,50.0,,,,,,,,,,,,,,,,,,,,,,50.0,,,,True,True,False,False,False,False,OK,,,,,50.0,39.6,NORMAL,正常,WARN_BREADTH_MISSING,62.0,62.0,100.0,REALIZED_VOL|DRAWDOWN|BREADTH|TURNOVER
2021-10-21,18.05704866488518,OK,8.3710407239819,24.015129283128708,54.99354032655095,100.0,18.88912656,OK,OPTBBS_PARSE_300INDEX_QVIX,,,,False,False,1.0,True,OK,True,,,,,17.63286211319349,OK_REPLICA_ROLLING_MEDIAN_BASIS,AVIX_CLEAN_MINUS_PRIOR_252D_MEDIAN_AVIX_QVIX_SPREAD,,,50.0,,,,,,,50.0,,,,,,,,,,,,,,,,,,,,,,50.0,,,,True,True,False,False,False,False,OK,,,,,50.0,41.1,CAUTION,警戒,WARN_BREADTH_MISSING,62.0,62.0,100.0,REALIZED_VOL|DRAWDOWN|BREADTH|TURNOVER
2021-10-22,18.15090133561204,OK,8.803611738148984,25.018593745780656,57.88328929011399,60.0,18.8861483,OK,OPTBBS_PARSE_300INDEX_QVIX,,,,False,False,1.0,True,OK,True,,,,,17.728374357584272,OK_REPLICA_ROLLING_MEDIAN_BASIS,AVIX_CLEAN_MINUS_PRIOR_252D_MEDIAN_AVIX_QVIX_SPREAD,,,50.0,,,,,,,50.0,,,,,,,,,,,,,,,,,,,,,,50.0,,,,True,True,False,False,False,False,OK,,,,,50.0,36.8,NORMAL,正常,WARN_BREADTH_MISSING,62.0,62.0,100.0,REALIZED_VOL|DRAWDOWN|BREADTH|TURNOVER
2021-10-25,18.957049487630616,OK,17.117117117117118,31.959576414493753,56.3204631792817,100.0,19.34798709,OK,OPTBBS_PARSE_300INDEX_QVIX,,,,False,False,1.0,True,OK,True,,,,,18.539155124759368,OK_REPLICA_ROLLING_MEDIAN_BASIS,AVIX_CLEAN_MINUS_PRIOR_252D_MEDIAN_AVIX_QVIX_SPREAD,,,50.0,,,,,,,50.0,,,,,,,,,,,,,,,,,,,,,,50.0,,,,True,True,False,False,False,False,OK,,,,,50.0,44.8,CAUTION,警戒,WARN_BREADTH_MISSING,62.0,62.0,100.0,REALIZED_VOL|DRAWDOWN|BREADTH|TURNOVER
2021-10-26,18.77205156118402,OK,14.157303370786517,30.542559494219343,63.10353772941597,100.0,19.11923543,OK,OPTBBS_PARSE_300INDEX_QVIX,,,,False,False,1.0,True,OK,True,,,,,18.36005645335436,OK_REPLICA_ROLLING_MEDIAN_BASIS,AVIX_CLEAN_MINUS_PRIOR_252D_MEDIAN_AVIX_QVIX_SPREAD,,,50.0,,,,,,,50.0,,,,,,,,,,,,,,,,,,,,,,50.0,,,,True,True,False,False,False,False,OK,,,,,50.0,44.3,CAUTION,警戒,WARN_BREADTH_MISSING,62.0,62.0,100.0,REALIZED_VOL|DRAWDOWN|BREADTH|TURNOVER
2021-10-27,18.717736696952457,OK,13.228699551569505,30.23858459454976,60.02334643076499,100.0,19.02105865,OK,OPTBBS_PARSE_300INDEX_QVIX,,,,False,False,1.0,True,OK,True,,,,,18.31267562972357,OK_REPLICA_ROLLING_MEDIAN_BASIS,AVIX_CLEAN_MINUS_PRIOR_252D_MEDIAN_AVIX_QVIX_SPREAD,,,50.0,,,,,,,50.0,,,,,,,,,,,,,,,,,,,,,,50.0,,,,True,True,False,False,False,False,OK,,,,,50.0,43.7,CAUTION,警戒,WARN_BREADTH_MISSING,62.0,62.0,100.0,REALIZED_VOL|DRAWDOWN|BREADTH|TURNOVER
2021-10-28,18.8110268536656,OK,14.988814317673377,31.17995351912867,58.35106780485839,100.0,19.27228704,OK,OPTBBS_PARSE_300INDEX_QVIX,,,,False,False,1.0,True,OK,True,,,,,18.413863910008565,OK_REPLICA_ROLLING_MEDIAN_BASIS,AVIX_CLEAN_MINUS_PRIOR_252D_MEDIAN_AVIX_QVIX_SPREAD,,,50.0,,,,,,,50.0,,,,,,,,,,,,,,,,,,,,,,50.0,,,,True,True,False,False,False,False,OK,,,,,50.0,44.2,CAUTION,警戒,WARN_BREADTH_MISSING,62.0,62.0,100.0,REALIZED_VOL|DRAWDOWN|BREADTH|TURNOVER
2021-10-29,18.255442509908047,OK,8.928571428571429,26.645937320879128,51.151911658413326,100.0,18.56126285,OK,OPTBBS_PARSE_300INDEX_QVIX,,,,False,False,1.0,True,OK,True,,,,,17.862166060545526,OK_REPLICA_ROLLING_MEDIAN_BASIS,AVIX_CLEAN_MINUS_PRIOR_252D_MEDIAN_AVIX_QVIX_SPREAD,,,50.0,,,,,,,50.0,,,,,,,,,,,,,,,,,,,,,,50.0,,,,True,True,False,False,False,False,OK,,,,,50.0,41.3,CAUTION,警戒,WARN_BREADTH_MISSING,62.0,62.0,100.0,REALIZED_VOL|DRAWDOWN|BREADTH|TURNOVER
2021-11-01,18.7633686249018,OK,14.253897550111358,31.0680230105349,47.956634940947,30.0,19.27228704,OK,OPTBBS_PARSE_300INDEX_QVIX,,,,False,False,1.0,True,OK,True,,,,,18.373736189461518,OK_REPLICA_ROLLING_MEDIAN_BASIS,AVIX_CLEAN_MINUS_PRIOR_252D_MEDIAN_AVIX_QVIX_SPREAD,,,50.0,,,,,,,50.0,,,,,,,,,,,,,,,,,,,,,,50.0,,,,True,True,False,False,False,False,OK,,,,,50.0,34.8,NORMAL,正常,WARN_BREADTH_MISSING,62.0,62.0,100.0,REALIZED_VOL|DRAWDOWN|BREADTH|TURNOVER
2021-11-02,19.628523440752904,OK,28.666666666666668,38.47743042846959,59.124968326209526,30.0,19.73683327,OK,OPTBBS_PARSE_300INDEX_QVIX,,,,False,False,1.0,True,OK,True,,,,,19.23889100531262,OK_REPLICA_ROLLING_MEDIAN_BASIS,AVIX_CLEAN_MINUS_PRIOR_252D_MEDIAN_AVIX_QVIX_SPREAD,,,50.0,,,,,,,50.0,,,,,,,,,,,,,,,,,,,,,,50.0,,,,True,True,False,False,False,False,OK,,,,,50.0,40.7,CAUTION,警戒,WARN_BREADTH_MISSING,62.0,62.0,100.0,REALIZED_VOL|DRAWDOWN|BREADTH|TURNOVER
2021-11-03,19.77741495092608,OK,29.933481152993345,39.823076916307016,61.322717817118956,30.0,19.96027515,OK,OPTBBS_PARSE_300INDEX_QVIX,,,,False,False,1.0,True,OK,True,,,,,19.397370353058957,OK_REPLICA_ROLLING_MEDIAN_BASIS,AVIX_CLEAN_MINUS_PRIOR_252D_MEDIAN_AVIX_QVIX_SPREAD,,,50.0,,,,,,,50.0,,,,,,,,,,,,,,,,,,,,,,50.0,,,,True,True,False,False,False,False,OK,,,,,50.0,41.5,CAUTION,警戒,WARN_BREADTH_MISSING,62.0,62.0,100.0,REALIZED_VOL|DRAWDOWN|BREADTH|TURNOVER
2021-11-04,18.66481675755355,OK,12.610619469026549,30.542076536810224,48.44548522258307,30.0,18.5896273,OK,OPTBBS_PARSE_300INDEX_QVIX,,,,False,False,1.0,True,OK,True,,,,,18.292512640291612,OK_REPLICA_ROLLING_MEDIAN_BASIS,AVIX_CLEAN_MINUS_PRIOR_252D_MEDIAN_AVIX_QVIX_SPREAD,,,50.0,,,,,,,50.0,,,,,,,,,,,,,,,,,,,,,,50.0,,,,True,True,False,False,False,False,OK,,,,,50.0,34.3,NORMAL,正常,WARN_BREADTH_MISSING,62.0,62.0,100.0,REALIZED_VOL|DRAWDOWN|BREADTH|TURNOVER
2021-11-05,18.42501580322267,OK,10.375275938189846,28.67856751703379,51.857783433325054,30.0,18.32345809,OK,OPTBBS_PARSE_300INDEX_QVIX,,,,False,False,1.0,True,OK,True,,,,,18.052711685960734,OK_REPLICA_ROLLING_MEDIAN_BASIS,AVIX_CLEAN_MINUS_PRIOR_252D_MEDIAN_AVIX_QVIX_SPREAD,,,50.0,,,,,,,50.0,,,,,,,,,,,,,,,,,,,,,,50.0,,,,True,True,False,False,False,False,OK,,,,,50.0,33.7,NORMAL,正常,WARN_BREADTH_MISSING,62.0,62.0,100.0,REALIZED_VOL|DRAWDOWN|BREADTH|TURNOVER
2021-11-08,18.82075058694065,OK,16.079295154185022,32.16390482729212,50.61163816781487,30.0,18.89950734,OK,OPTBBS_PARSE_300INDEX_QVIX,,,,False,False,1.0,True,OK,True,,,,,18.459549882983765,OK_REPLICA_ROLLING_MEDIAN_BASIS,AVIX_CLEAN_MINUS_PRIOR_252D_MEDIAN_AVIX_QVIX_SPREAD,,,50.0,,,,,,,50.0,,,,,,,,,,,,,,,,,,,,,,50.0,,,,True,True,False,False,False,False,OK,,,,,50.0,35.7,NORMAL,正常,WARN_BREADTH_MISSING,62.0,62.0,100.0,REALIZED_VOL|DRAWDOWN|BREADTH|TURNOVER
2021-11-09,18.649819958288724,OK,12.527472527472527,30.8695611835342,40.027742174103764,30.0,18.67879749,OK,OPTBBS_PARSE_300INDEX_QVIX,,,,False,False,1.0,True,OK,True,,,,,18.301733905134498,OK_REPLICA_ROLLING_MEDIAN_BASIS,AVIX_CLEAN_MINUS_PRIOR_252D_MEDIAN_AVIX_QVIX_SPREAD,,,50.0,,,,,,,50.0,,,,,,,,,,,,,,,,,,,,,,50.0,,,,True,True,False,False,False,False,OK,,,,,50.0,33.6,NORMAL,正常,WARN_BREADTH_MISSING,62.0,62.0,100.0,REALIZED_VOL|DRAWDOWN|BREADTH|TURNOVER
2021-11-10,18.746409253882707,OK,14.692982456140353,31.827176424700227,39.57390842431512,30.0,18.7,OK,OPTBBS_PARSE_300INDEX_QVIX,,,,False,False,1.0,True,OK,True,,,,,18.398323200728484,OK_REPLICA_ROLLING_MEDIAN_BASIS,AVIX_CLEAN_MINUS_PRIOR_252D_MEDIAN_AVIX_QVIX_SPREAD,,,50.0,,,,,,,50.0,,,,,,,,,,,,,,,,,,,,,,50.0,,,,True,True,False,False,False,False,OK,,,,,50.0,34.3,NORMAL,正常,WARN_BREADTH_MISSING,62.0,62.0,100.0,REALIZED_VOL|DRAWDOWN|BREADTH|TURNOVER
2021-11-11,18.285036079395976,OK,8.971553610503284,28.106510967666857,45.930518010535756,100.0,17.71658553,OK,OPTBBS_PARSE_300INDEX_QVIX,,,,False,False,1.0,True,OK,True,,,,,17.936950026241753,OK_REPLICA_ROLLING_MEDIAN_BASIS,AVIX_CLEAN_MINUS_PRIOR_252D_MEDIAN_AVIX_QVIX_SPREAD,,,50.0,,,,,,,50.0,,,,,,,,,,,,,,,,,,,,,,50.0,,,,True,True,False,False,False,False,OK,,,,,50.0,41.1,CAUTION,警戒,WARN_BREADTH_MISSING,62.0,62.0,100.0,REALIZED_VOL|DRAWDOWN|BREADTH|TURNOVER
2021-11-12,18.041667021779205,OK,7.860262008733625,26.247959997978914,45.83882276642155,100.0,17.02524471,OK,OPTBBS_PARSE_300INDEX_QVIX,,,,False,False,1.0,True,OK,True,,,,,17.680466317822322,OK_REPLICA_ROLLING_MEDIAN_BASIS,AVIX_CLEAN_MINUS_PRIOR_252D_MEDIAN_AVIX_QVIX_SPREAD,,,50.0,,,,,,,50.0,,,,,,,,,,,,,,,,,,,,,,50.0,,,,True,True,False,False,False,False,OK,,,,,50.0,40.5,CAUTION,警戒,WARN_BREADTH_MISSING,62.0,62.0,100.0,REALIZED_VOL|DRAWDOWN|BREADTH|TURNOVER
2021-11-15,18.558890081971214,WARN_NOT_BRACKET_30D,12.200435729847495,30.75608182870249,47.21732134157139,100.0,18.33633707,OK,OPTBBS_PARSE_300INDEX_QVIX,,,,False,False,1.0,True,OK,True,,,,,18.186585964709277,OK_REPLICA_ROLLING_MEDIAN_BASIS,AVIX_CLEAN_MINUS_PRIOR_252D_MEDIAN_AVIX_QVIX_SPREAD,,,50.0,,,,,,,50.0,,,,,,,,,,,,,,,,,,,,,,50.0,,,,True,True,False,False,False,False,OK,,,,,50.0,42.5,CAUTION,警戒,WARN_BREADTH_MISSING|WARN_NOT_BRACKET_30D,62.0,62.0,100.0,REALIZED_VOL|DRAWDOWN|BREADTH|TURNOVER
2021-11-16,18.172237654053628,WARN_NOT_BRACKET_30D,8.91304347826087,27.6620928591022,44.878424507011516,100.0,17.42198437,OK,OPTBBS_PARSE_300INDEX_QVIX,,,,False,False,1.0,True,OK,True,,,,,17.79993353679169,OK_REPLICA_ROLLING_MEDIAN_BASIS,AVIX_CLEAN_MINUS_PRIOR_252D_MEDIAN_AVIX_QVIX_SPREAD,,,50.0,,,,,,,50.0,,,,,,,,,,,,,,,,,,,,,,50.0,,,,True,True,False,False,False,False,OK,,,,,50.0,41.0,CAUTION,警戒,WARN_BREADTH_MISSING|WARN_NOT_BRACKET_30D,62.0,62.0,100.0,REALIZED_VOL|DRAWDOWN|BREADTH|TURNOVER
2021-11-17,18.028515599942573,OK,7.592190889370933,26.638489011074647,42.34100094351194,60.0,17.4910859,OK,OPTBBS_PARSE_300INDEX_QVIX,,,,False,False,1.0,True,OK,True,,,,,17.64847100207545,OK_REPLICA_ROLLING_MEDIAN_BASIS,AVIX_CLEAN_MINUS_PRIOR_252D_MEDIAN_AVIX_QVIX_SPREAD,,,50.0,,,,,,,50.0,,,,,,,,,,,,,,,,,,,,,,50.0,,,,True,True,False,False,False,False,OK,,,,,50.0,35.4,NORMAL,正常,WARN_BREADTH_MISSING,62.0,62.0,100.0,REALIZED_VOL|DRAWDOWN|BREADTH|TURNOVER
2021-11-18,17.555012178682848,OK,4.329004329004329,22.88010600843969,42.01506742952794,100.0,16.71379648,OK,OPTBBS_PARSE_300INDEX_QVIX,,,,False,False,1.0,True,OK,True,,,,,17.165379743242564,OK_REPLICA_ROLLING_MEDIAN_BASIS,AVIX_CLEAN_MINUS_PRIOR_252D_MEDIAN_AVIX_QVIX_SPREAD,,,50.0,,,,,,,50.0,,,,,,,,,,,,,,,,,,,,,,50.0,,,,True,True,False,False,False,False,OK,,,,,50.0,38.8,NORMAL,正常,WARN_BREADTH_MISSING,62.0,62.0,100.0,REALIZED_VOL|DRAWDOWN|BREADTH|TURNOVER
2021-11-19,17.104763883618375,OK,2.375809935205184,19.38114511698748,39.61400698693933,30.0,16.40628654,OK,OPTBBS_PARSE_300INDEX_QVIX,,,,False,False,1.0,True,OK,True,,,,,16.711487434255858,OK_REPLICA_ROLLING_MEDIAN_BASIS,AVIX_CLEAN_MINUS_PRIOR_252D_MEDIAN_AVIX_QVIX_SPREAD,,,50.0,,,,,,,50.0,,,,,,,,,,,,,,,,,,,,,,50.0,,,,True,True,False,False,False,False,OK,,,,,50.0,29.1,NORMAL,正常,WARN_BREADTH_MISSING,62.0,62.0,100.0,REALIZED_VOL|DRAWDOWN|BREADTH|TURNOVER
2021-11-22,17.104121435844128,OK,2.3706896551724137,19.660322958452706,34.322676197750624,30.0,17.5,OK,OPTBBS_PARSE_300INDEX_QVIX,,,,False,False,1.0,True,OK,True,,,,,16.71084498648161,OK_REPLICA_ROLLING_MEDIAN_BASIS,AVIX_CLEAN_MINUS_PRIOR_252D_MEDIAN_AVIX_QVIX_SPREAD,,,50.0,,,,,,,50.0,,,,,,,,,,,,,,,,,,,,,,50.0,,,,True,True,False,False,False,False,OK,,,,,50.0,28.8,NORMAL,正常,WARN_BREADTH_MISSING,62.0,62.0,100.0,REALIZED_VOL|DRAWDOWN|BREADTH|TURNOVER
2021-11-23,16.946753451434038,OK,2.1505376344086025,18.642212056416497,36.51256685115798,30.0,17.5703852,OK,OPTBBS_PARSE_300INDEX_QVIX,,,,False,False,1.0,True,OK,True,,,,,16.553477002071517,OK_REPLICA_ROLLING_MEDIAN_BASIS,AVIX_CLEAN_MINUS_PRIOR_252D_MEDIAN_AVIX_QVIX_SPREAD,,,50.0,,,,,,,50.0,,,,,,,,,,,,,,,,,,,,,,50.0,,,,True,True,False,False,False,False,OK,,,,,50.0,28.7,NORMAL,正常,WARN_BREADTH_MISSING,62.0,62.0,100.0,REALIZED_VOL|DRAWDOWN|BREADTH|TURNOVER
2021-11-25,15.808575728072094,OK,1.502145922746781,9.672092682866918,25.373015492439666,30.0,16.75649336,OK,OPTBBS_PARSE_300INDEX_QVIX,,,,False,False,1.0,True,OK,True,,,,,15.41894329263181,OK_REPLICA_ROLLING_MEDIAN_BASIS,AVIX_CLEAN_MINUS_PRIOR_252D_MEDIAN_AVIX_QVIX_SPREAD,,,50.0,,,,,,,50.0,,,,,,,,,,,,,,,,,,,,,,50.0,,,,True,True,False,False,False,False,OK,,,,,50.0,26.4,NORMAL,正常,WARN_BREADTH_MISSING,62.0,62.0,100.0,REALIZED_VOL|DRAWDOWN|BREADTH|TURNOVER
2021-11-26,15.674114954172271,OK,1.4989293361884368,9.090405644199308,28.571393681007407,30.0,16.63750653,OK,OPTBBS_PARSE_300INDEX_QVIX,,,,False,False,1.0,True,OK,True,,,,,15.294070356305149,OK_REPLICA_ROLLING_MEDIAN_BASIS,AVIX_CLEAN_MINUS_PRIOR_252D_MEDIAN_AVIX_QVIX_SPREAD,,,50.0,,,,,,,50.0,,,,,,,,,,,,,,,,,,,,,,50.0,,,,True,True,False,False,False,False,OK,,,,,50.0,26.6,NORMAL,正常,WARN_BREADTH_MISSING,62.0,62.0,100.0,REALIZED_VOL|DRAWDOWN|BREADTH|TURNOVER
2021-11-29,16.351717611695626,OK,2.3504273504273505,15.013713661833165,41.194894275694054,30.0,17.21549267,OK,OPTBBS_PARSE_300INDEX_QVIX,,,,False,False,1.0,True,OK,True,,,,,15.97941349443369,OK_REPLICA_ROLLING_MEDIAN_BASIS,AVIX_CLEAN_MINUS_PRIOR_252D_MEDIAN_AVIX_QVIX_SPREAD,,,50.0,,,,,,,50.0,,,,,,,,,,,,,,,,,,,,,,50.0,,,,True,True,False,False,False,False,OK,,,,,50.0,28.7,NORMAL,正常,WARN_BREADTH_MISSING,62.0,62.0,100.0,REALIZED_VOL|DRAWDOWN|BREADTH|TURNOVER
2021-11-30,16.17017655274278,OK,2.1321961620469083,13.9280838937988,39.079300137051966,30.0,17.0,OK,OPTBBS_PARSE_300INDEX_QVIX,,,,False,False,1.0,True,OK,True,,,,,15.808975848785897,OK_REPLICA_ROLLING_MEDIAN_BASIS,AVIX_CLEAN_MINUS_PRIOR_252D_MEDIAN_AVIX_QVIX_SPREAD,,,50.0,,,,,,,50.0,,,,,,,,,,,,,,,,,,,,,,50.0,,,,True,True,False,False,False,False,OK,,,,,50.0,28.3,NORMAL,正常,WARN_BREADTH_MISSING,62.0,62.0,100.0,REALIZED_VOL|DRAWDOWN|BREADTH|TURNOVER
2021-12-01,15.69038894988756,OK,1.702127659574468,10.513287962066627,35.17280014550322,30.0,16.59237476,OK,OPTBBS_PARSE_300INDEX_QVIX,,,,False,False,1.0,True,OK,True,,,,,15.342302896733335,OK_REPLICA_ROLLING_MEDIAN_BASIS,AVIX_CLEAN_MINUS_PRIOR_252D_MEDIAN_AVIX_QVIX_SPREAD,,,50.0,,,,,,,50.0,,,,,,,,,,,,,,,,,,,,,,50.0,,,,True,True,False,False,False,False,OK,,,,,50.0,27.4,NORMAL,正常,WARN_BREADTH_MISSING,62.0,62.0,100.0,REALIZED_VOL|DRAWDOWN|BREADTH|TURNOVER
2021-12-02,15.262422035712683,OK,0.8492569002123143,7.644331981694677,43.090412422295856,30.0,16.0,OK,OPTBBS_PARSE_300INDEX_QVIX,,,,False,False,1.0,True,OK,True,,,,,14.934338291708995,OK_REPLICA_ROLLING_MEDIAN_BASIS,AVIX_CLEAN_MINUS_PRIOR_252D_MEDIAN_AVIX_QVIX_SPREAD,,,50.0,,,,,,,50.0,,,,,,,,,,,,,,,,,,,,,,50.0,,,,True,True,False,False,False,False,OK,,,,,50.0,27.4,NORMAL,正常,WARN_BREADTH_MISSING,62.0,62.0,100.0,REALIZED_VOL|DRAWDOWN|BREADTH|TURNOVER
2021-12-03,14.869188386842094,OK,0.423728813559322,5.166185552522684,39.729224652446284,30.0,15.54079553,OK,OPTBBS_PARSE_300INDEX_QVIX,,,,False,False,1.0,True,OK,True,,,,,14.558669091876636,OK_REPLICA_ROLLING_MEDIAN_BASIS,AVIX_CLEAN_MINUS_PRIOR_252D_MEDIAN_AVIX_QVIX_SPREAD,,,50.0,,,,,,,50.0,,,,,,,,,,,,,,,,,,,,,,50.0,,,,True,True,False,False,False,False,OK,,,,,50.0,26.6,NORMAL,正常,WARN_BREADTH_MISSING,62.0,62.0,100.0,REALIZED_VOL|DRAWDOWN|BREADTH|TURNOVER
2021-12-06,15.078850474718672,OK,1.0570824524312896,7.387578846546418,34.4313953163363,30.0,15.66301262,OK,OPTBBS_PARSE_300INDEX_QVIX,,,,False,False,1.0,True,OK,True,,,,,14.776100865447065,OK_REPLICA_ROLLING_MEDIAN_BASIS,AVIX_CLEAN_MINUS_PRIOR_252D_MEDIAN_AVIX_QVIX_SPREAD,,,50.0,,,,,,,50.0,,,,,,,,,,,,,,,,,,,,,,50.0,,,,True,True,False,False,False,False,OK,,,,,50.0,26.7,NORMAL,正常,WARN_BREADTH_MISSING,62.0,62.0,100.0,REALIZED_VOL|DRAWDOWN|BREADTH|TURNOVER
2021-12-07,15.34344229915009,OK,1.6877637130801686,9.956904455749857,39.7745797530892,30.0,15.87255816,OK,OPTBBS_PARSE_300INDEX_QVIX,,,,False,False,1.0,True,OK,True,,,,,15.051477498438059,OK_REPLICA_ROLLING_MEDIAN_BASIS,AVIX_CLEAN_MINUS_PRIOR_252D_MEDIAN_AVIX_QVIX_SPREAD,,,50.0,,,,,,,50.0,,,,,,,,,,,,,,,,,,,,,,50.0,,,,True,True,False,False,False,False,OK,,,,,50.0,27.6,NORMAL,正常,WARN_BREADTH_MISSING,62.0,62.0,100.0,REALIZED_VOL|DRAWDOWN|BREADTH|TURNOVER
2021-12-08,16.667783585091485,OK,4.0,20.48603951527978,62.458513786057914,30.0,17.32814544,OK,OPTBBS_PARSE_300INDEX_QVIX,,,,False,False,1.0,True,OK,True,,,,,16.375818784379454,OK_REPLICA_ROLLING_MEDIAN_BASIS,AVIX_CLEAN_MINUS_PRIOR_252D_MEDIAN_AVIX_QVIX_SPREAD,,,50.0,,,,,,,50.0,,,,,,,,,,,,,,,,,,,,,,50.0,,,,True,True,False,False,False,False,OK,,,,,50.0,31.6,NORMAL,正常,WARN_BREADTH_MISSING,62.0,62.0,100.0,REALIZED_VOL|DRAWDOWN|BREADTH|TURNOVER
2021-12-09,16.731392102737395,OK,4.201680672268908,21.200503881347696,69.24950133848289,30.0,18.1996008,OK,OPTBBS_PARSE_300INDEX_QVIX,,,,False,False,1.0,True,OK,True,,,,,16.44669657122072,OK_REPLICA_ROLLING_MEDIAN_BASIS,AVIX_CLEAN_MINUS_PRIOR_252D_MEDIAN_AVIX_QVIX_SPREAD,,,50.0,,,,,,,50.0,,,,,,,,,,,,,,,,,,,,,,50.0,,,,True,True,False,False,False,False,OK,,,,,50.0,32.3,NORMAL,正常,WARN_BREADTH_MISSING,62.0,62.0,100.0,REALIZED_VOL|DRAWDOWN|BREADTH|TURNOVER
2021-12-10,16.559731792220237,OK,3.9832285115303985,20.087176669264988,72.73887937117163,30.0,17.41005617,OK,OPTBBS_PARSE_300INDEX_QVIX,,,,False,False,1.0,True,OK,True,,,,,16.279650696941033,OK_REPLICA_ROLLING_MEDIAN_BASIS,AVIX_CLEAN_MINUS_PRIOR_252D_MEDIAN_AVIX_QVIX_SPREAD,,,50.0,,,,,,,50.0,,,,,,,,,,,,,,,,,,,,,,50.0,,,,True,True,False,False,False,False,OK,,,,,50.0,32.3,NORMAL,正常,WARN_BREADTH_MISSING,62.0,62.0,100.0,REALIZED_VOL|DRAWDOWN|BREADTH|TURNOVER
2021-12-13,16.988739303608014,WARN_NOT_BRACKET_30D,5.02092050209205,23.5546548960043,75.33202158999424,30.0,18.64725322,OK,OPTBBS_PARSE_300INDEX_QVIX,,,,False,False,1.0,True,OK,True,,,,,16.71282415565684,OK_REPLICA_ROLLING_MEDIAN_BASIS,AVIX_CLEAN_MINUS_PRIOR_252D_MEDIAN_AVIX_QVIX_SPREAD,,,50.0,,,,,,,50.0,,,,,,,,,,,,,,,,,,,,,,50.0,,,,True,True,False,False,False,False,OK,,,,,50.0,33.3,NORMAL,正常,WARN_BREADTH_MISSING|WARN_NOT_BRACKET_30D,62.0,62.0,100.0,REALIZED_VOL|DRAWDOWN|BREADTH|TURNOVER
2021-12-14,16.4995314531901,WARN_NOT_BRACKET_30D,3.966597077244259,20.065965792010036,65.06948873010133,30.0,18.72072883,OK,OPTBBS_PARSE_300INDEX_QVIX,,,,False,False,1.0,True,OK,True,,,,,16.227119954785735,OK_REPLICA_ROLLING_MEDIAN_BASIS,AVIX_CLEAN_MINUS_PRIOR_252D_MEDIAN_AVIX_QVIX_SPREAD,,,50.0,,,,,,,50.0,,,,,,,,,,,,,,,,,,,,,,50.0,,,,True,True,False,False,False,False,OK,,,,,50.0,31.7,NORMAL,正常,WARN_BREADTH_MISSING|WARN_NOT_BRACKET_30D,62.0,62.0,100.0,REALIZED_VOL|DRAWDOWN|BREADTH|TURNOVER
2021-12-15,16.07492821090766,WARN_NOT_BRACKET_30D,3.125,17.173427789812493,42.88621224103122,30.0,17.20751146,OK,OPTBBS_PARSE_300INDEX_QVIX,,,,False,False,1.0,True,OK,True,,,,,15.805219448212094,OK_REPLICA_ROLLING_MEDIAN_BASIS,AVIX_CLEAN_MINUS_PRIOR_252D_MEDIAN_AVIX_QVIX_SPREAD,,,50.0,,,,,,,50.0,,,,,,,,,,,,,,,,,,,,,,50.0,,,,True,True,False,False,False,False,OK,,,,,50.0,29.3,NORMAL,正常,WARN_BREADTH_MISSING|WARN_NOT_BRACKET_30D,62.0,62.0,100.0,REALIZED_VOL|DRAWDOWN|BREADTH|TURNOVER
2021-12-16,15.948519458672958,WARN_NOT_BRACKET_30D,2.9106029106029108,16.55635249168494,40.641870810781455,30.0,17.67625786,OK,OPTBBS_PARSE_300INDEX_QVIX,,,,False,False,1.0,True,OK,True,,,,,15.682738714867035,OK_REPLICA_ROLLING_MEDIAN_BASIS,AVIX_CLEAN_MINUS_PRIOR_252D_MEDIAN_AVIX_QVIX_SPREAD,,,50.0,,,,,,,50.0,,,,,,,,,,,,,,,,,,,,,,50.0,,,,True,True,False,False,False,False,OK,,,,,50.0,29.0,NORMAL,正常,WARN_BREADTH_MISSING|WARN_NOT_BRACKET_30D,62.0,62.0,100.0,REALIZED_VOL|DRAWDOWN|BREADTH|TURNOVER
2021-12-17,16.150882191203205,WARN_NOT_BRACKET_30D,3.5269709543568464,18.388057429094992,45.06212291180815,30.0,17.5,OK,OPTBBS_PARSE_300INDEX_QVIX,,,,False,False,1.0,True,OK,True,,,,,15.88933655042211,OK_REPLICA_ROLLING_MEDIAN_BASIS,AVIX_CLEAN_MINUS_PRIOR_252D_MEDIAN_AVIX_QVIX_SPREAD,,,50.0,,,,,,,50.0,,,,,,,,,,,,,,,,,,,,,,50.0,,,,True,True,False,False,False,False,OK,,,,,50.0,29.8,NORMAL,正常,WARN_BREADTH_MISSING|WARN_NOT_BRACKET_30D,62.0,62.0,100.0,REALIZED_VOL|DRAWDOWN|BREADTH|TURNOVER
2021-12-20,17.09153913225586,WARN_NOT_BRACKET_30D,6.004140786749482,25.644155481583226,51.21021138544415,30.0,18.64725322,OK,OPTBBS_PARSE_300INDEX_QVIX,,,,False,False,1.0,True,OK,True,,,,,16.83324412905364,OK_REPLICA_ROLLING_MEDIAN_BASIS,AVIX_CLEAN_MINUS_PRIOR_252D_MEDIAN_AVIX_QVIX_SPREAD,,,50.0,,,,,,,50.0,,,,,,,,,,,,,,,,,,,,,,50.0,,,,True,True,False,False,False,False,OK,,,,,50.0,32.0,NORMAL,正常,WARN_BREADTH_MISSING|WARN_NOT_BRACKET_30D,62.0,62.0,100.0,REALIZED_VOL|DRAWDOWN|BREADTH|TURNOVER
2021-12-21,16.183908805268562,WARN_NOT_BRACKET_30D,3.925619834710744,19.131538485145967,46.17416229282662,30.0,17.46756712,OK,OPTBBS_PARSE_300INDEX_QVIX,,,,False,False,1.0,True,OK,True,,,,,15.926074459609595,OK_REPLICA_ROLLING_MEDIAN_BASIS,AVIX_CLEAN_MINUS_PRIOR_252D_MEDIAN_AVIX_QVIX_SPREAD,,,50.0,,,,,,,50.0,,,,,,,,,,,,,,,,,,,,,,50.0,,,,True,True,False,False,False,False,OK,,,,,50.0,30.1,NORMAL,正常,WARN_BREADTH_MISSING|WARN_NOT_BRACKET_30D,62.0,62.0,100.0,REALIZED_VOL|DRAWDOWN|BREADTH|TURNOVER
2021-12-22,15.97759840195699,OK,3.0927835051546393,17.871102823615637,48.78904829093263,100.0,17.23631211,OK,OPTBBS_PARSE_300INDEX_QVIX,,,,False,False,1.0,True,OK,True,,,,,15.719764056298024,OK_REPLICA_ROLLING_MEDIAN_BASIS,AVIX_CLEAN_MINUS_PRIOR_252D_MEDIAN_AVIX_QVIX_SPREAD,,,50.0,,,,,,,50.0,,,,,,,,,,,,,,,,,,,,,,50.0,,,,True,True,False,False,False,False,OK,,,,,50.0,38.3,NORMAL,正常,WARN_BREADTH_MISSING,62.0,62.0,100.0,REALIZED_VOL|DRAWDOWN|BREADTH|TURNOVER
2021-12-23,15.303334715661745,OK,1.440329218106996,13.243913792098695,41.90915815498653,100.0,16.70574912,OK,OPTBBS_PARSE_300INDEX_QVIX,,,,False,False,1.0,True,OK,True,,,,,15.045500370002777,OK_REPLICA_ROLLING_MEDIAN_BASIS,AVIX_CLEAN_MINUS_PRIOR_252D_MEDIAN_AVIX_QVIX_SPREAD,,,50.0,,,,,,,50.0,,,,,,,,,,,,,,,,,,,,,,50.0,,,,True,True,False,False,False,False,OK,,,,,50.0,36.6,NORMAL,正常,WARN_BREADTH_MISSING,62.0,62.0,100.0,REALIZED_VOL|DRAWDOWN|BREADTH|TURNOVER
2021-12-24,15.457253307286337,OK,2.2587268993839835,14.672355351567631,41.4106378127795,100.0,16.82198026,OK,OPTBBS_PARSE_300INDEX_QVIX,,,,False,False,1.0,True,OK,True,,,,,15.202214546508086,OK_REPLICA_ROLLING_MEDIAN_BASIS,AVIX_CLEAN_MINUS_PRIOR_252D_MEDIAN_AVIX_QVIX_SPREAD,,,50.0,,,,,,,50.0,,,,,,,,,,,,,,,,,,,,,,50.0,,,,True,True,False,False,False,False,OK,,,,,50.0,37.0,NORMAL,正常,WARN_BREADTH_MISSING,62.0,62.0,100.0,REALIZED_VOL|DRAWDOWN|BREADTH|TURNOVER
2021-12-27,15.930731744036612,OK,3.278688524590164,18.39414725561408,36.416584495558695,100.0,17.02860933,OK,OPTBBS_PARSE_300INDEX_QVIX,,,,False,False,1.0,True,OK,True,,,,,15.68159696677079,OK_REPLICA_ROLLING_MEDIAN_BASIS,AVIX_CLEAN_MINUS_PRIOR_252D_MEDIAN_AVIX_QVIX_SPREAD,,,50.0,,,,,,,50.0,,,,,,,,,,,,,,,,,,,,,,50.0,,,,True,True,False,False,False,False,OK,,,,,50.0,37.4,NORMAL,正常,WARN_BREADTH_MISSING,62.0,62.0,100.0,REALIZED_VOL|DRAWDOWN|BREADTH|TURNOVER
2021-12-28,16.104350123334306,OK,4.294478527607362,19.85448991625239,49.016817471087634,100.0,17.06808284,OK,OPTBBS_PARSE_300INDEX_QVIX,,,,False,False,1.0,True,OK,True,,,,,15.861193120174313,OK_REPLICA_ROLLING_MEDIAN_BASIS,AVIX_CLEAN_MINUS_PRIOR_252D_MEDIAN_AVIX_QVIX_SPREAD,,,50.0,,,,,,,50.0,,,,,,,,,,,,,,,,,,,,,,50.0,,,,True,True,False,False,False,False,OK,,,,,50.0,38.9,NORMAL,正常,WARN_BREADTH_MISSING,62.0,62.0,100.0,REALIZED_VOL|DRAWDOWN|BREADTH|TURNOVER
2021-12-29,17.29214540142988,OK,8.36734693877551,28.5459902831432,66.45487596323463,100.0,18.10964233,OK,OPTBBS_PARSE_300INDEX_QVIX,,,,False,False,1.0,True,OK,True,,,,,17.05296373427163,OK_REPLICA_ROLLING_MEDIAN_BASIS,AVIX_CLEAN_MINUS_PRIOR_252D_MEDIAN_AVIX_QVIX_SPREAD,,,50.0,,,,,,,50.0,,,,,,,,,,,,,,,,,,,,,,50.0,,,,True,True,False,False,False,False,OK,,,,,50.0,42.7,CAUTION,警戒,WARN_BREADTH_MISSING,62.0,62.0,100.0,REALIZED_VOL|DRAWDOWN|BREADTH|TURNOVER
2021-12-30,,LOW_NO_CHAIN,50.0,50.0,50.0,60.0,17.4455011,OK,OPTBBS_PARSE_300INDEX_QVIX,,,,False,False,1.0,True,OK,True,,,,,,OK_REPLICA_ROLLING_MEDIAN_BASIS,AVIX_CLEAN_MINUS_PRIOR_252D_MEDIAN_AVIX_QVIX_SPREAD,,,50.0,,,,,,,50.0,,,,,,,,,,,,,,,,,,,,,,50.0,,,,False,True,False,False,False,False,OK,,,,,50.0,51.2,CAUTION,警戒,LOW_NO_CHAIN,12.0,12.0,100.0,AVIX|REALIZED_VOL|DRAWDOWN|BREADTH|TURNOVER
2021-12-31,16.8630499554928,OK,6.517311608961303,25.545035200296546,68.18947545543286,60.0,17.92,OK,OPTBBS_PARSE_300INDEX_QVIX,,,,False,False,1.0,True,OK,True,,,,,16.638186746745124,OK_REPLICA_ROLLING_MEDIAN_BASIS,AVIX_CLEAN_MINUS_PRIOR_252D_MEDIAN_AVIX_QVIX_SPREAD,,,50.0,,,,,,,50.0,,,,,,,,,,,,,,,,,,,,,,50.0,,,,True,True,False,False,False,False,OK,,,,,50.0,37.1,NORMAL,正常,WARN_BREADTH_MISSING,62.0,62.0,100.0,REALIZED_VOL|DRAWDOWN|BREADTH|TURNOVER
2022-01-04,17.185910788488286,OK,8.130081300813007,27.91956664298435,65.75795844935408,60.0,17.74736193,OK,OPTBBS_PARSE_300INDEX_QVIX,,,,False,False,1.0,True,OK,True,,,,,16.961436633707486,OK_REPLICA_ROLLING_MEDIAN_BASIS,AVIX_CLEAN_MINUS_PRIOR_252D_MEDIAN_AVIX_QVIX_SPREAD,,,50.0,,,,,,,50.0,,,,,,,,,,,,,,,,,,,,,,50.0,,,,True,True,False,False,False,False,OK,,,,,50.0,37.6,NORMAL,正常,WARN_BREADTH_MISSING,62.0,62.0,100.0,REALIZED_VOL|DRAWDOWN|BREADTH|TURNOVER
2022-01-05,17.564280995303278,OK,10.344827586206897,30.713651641408745,68.13088837224934,100.0,18.33878067,OK,OPTBBS_PARSE_300INDEX_QVIX,,,,False,False,1.0,True,OK,True,,,,,17.339806840522478,OK_REPLICA_ROLLING_MEDIAN_BASIS,AVIX_CLEAN_MINUS_PRIOR_252D_MEDIAN_AVIX_QVIX_SPREAD,,,50.0,,,,,,,50.0,,,,,,,,,,,,,,,,,,,,,,50.0,,,,True,True,False,False,False,False,OK,,,,,50.0,43.6,CAUTION,警戒,WARN_BREADTH_MISSING,62.0,62.0,100.0,REALIZED_VOL|DRAWDOWN|BREADTH|TURNOVER
2022-01-06,18.09240431971128,OK,14.5748987854251,34.53903224163803,59.2557505121976,100.0,18.77882368,OK,OPTBBS_PARSE_300INDEX_QVIX,,,,False,False,1.0,True,OK,True,,,,,17.86793016493048,OK_REPLICA_ROLLING_MEDIAN_BASIS,AVIX_CLEAN_MINUS_PRIOR_252D_MEDIAN_AVIX_QVIX_SPREAD,,,50.0,,,,,,,50.0,,,,,,,,,,,,,,,,,,,,,,50.0,,,,True,True,False,False,False,False,OK,,,,,50.0,44.7,CAUTION,警戒,WARN_BREADTH_MISSING,62.0,62.0,100.0,REALIZED_VOL|DRAWDOWN|BREADTH|TURNOVER
2022-01-07,17.05541555185895,OK,7.2727272727272725,27.159312098224326,50.0,100.0,17.61741869,OK,OPTBBS_PARSE_300INDEX_QVIX,,,,False,False,1.0,True,OK,True,,,,,16.83094139707815,OK_REPLICA_ROLLING_MEDIAN_BASIS,AVIX_CLEAN_MINUS_PRIOR_252D_MEDIAN_AVIX_QVIX_SPREAD,,,50.0,,,,,,,50.0,,,,,,,,,,,,,,,,,,,,,,50.0,,,,True,True,False,False,False,False,OK,,,,,50.0,40.8,CAUTION,警戒,WARN_BREADTH_MISSING,62.0,62.0,100.0,REALIZED_VOL|DRAWDOWN|BREADTH|TURNOVER
2022-01-10,17.275188286388087,OK,8.870967741935484,28.798338792833796,54.8880639265501,100.0,17.651395,OK,OPTBBS_PARSE_300INDEX_QVIX,,,,False,False,1.0,True,OK,True,,,,,17.052635274416872,OK_REPLICA_ROLLING_MEDIAN_BASIS,AVIX_CLEAN_MINUS_PRIOR_252D_MEDIAN_AVIX_QVIX_SPREAD,,,50.0,,,,,,,50.0,,,,,,,,,,,,,,,,,,,,,,50.0,,,,True,True,False,False,False,False,OK,,,,,50.0,41.9,CAUTION,警戒,WARN_BREADTH_MISSING,62.0,62.0,100.0,REALIZED_VOL|DRAWDOWN|BREADTH|TURNOVER
2022-01-11,17.489296642126433,OK,10.46277665995976,30.361532731880953,53.53063456888609,100.0,18.07811711,OK,OPTBBS_PARSE_300INDEX_QVIX,,,,False,False,1.0,True,OK,True,,,,,17.271046887061416,OK_REPLICA_ROLLING_MEDIAN_BASIS,AVIX_CLEAN_MINUS_PRIOR_252D_MEDIAN_AVIX_QVIX_SPREAD,,,50.0,,,,,,,50.0,,,,,,,,,,,,,,,,,,,,,,50.0,,,,True,True,False,False,False,False,OK,,,,,50.0,42.5,CAUTION,警戒,WARN_BREADTH_MISSING,62.0,62.0,100.0,REALIZED_VOL|DRAWDOWN|BREADTH|TURNOVER
2022-01-12,16.766680182367725,OK,6.425702811244979,25.27999727107552,40.91792242279848,100.0,17.02063877,OK,OPTBBS_PARSE_300INDEX_QVIX,,,,False,False,1.0,True,OK,True,,,,,16.553307095033567,OK_REPLICA_ROLLING_MEDIAN_BASIS,AVIX_CLEAN_MINUS_PRIOR_252D_MEDIAN_AVIX_QVIX_SPREAD,,,50.0,,,,,,,50.0,,,,,,,,,,,,,,,,,,,,,,50.0,,,,True,True,False,False,False,False,OK,,,,,50.0,39.6,NORMAL,正常,WARN_BREADTH_MISSING,62.0,62.0,100.0,REALIZED_VOL|DRAWDOWN|BREADTH|TURNOVER
2022-01-13,17.82963920804257,OK,12.625250501002002,32.92701243759764,47.09529914293993,100.0,18.64767532,OK,OPTBBS_PARSE_300INDEX_QVIX,,,,False,False,1.0,True,OK,True,,,,,17.621441359695257,OK_REPLICA_ROLLING_MEDIAN_BASIS,AVIX_CLEAN_MINUS_PRIOR_252D_MEDIAN_AVIX_QVIX_SPREAD,,,50.0,,,,,,,50.0,,,,,,,,,,,,,,,,,,,,,,50.0,,,,True,True,False,False,False,False,OK,,,,,50.0,42.9,CAUTION,警戒,WARN_BREADTH_MISSING,62.0,62.0,100.0,REALIZED_VOL|DRAWDOWN|BREADTH|TURNOVER
2022-01-14,18.232059388903146,OK,16.2,35.838216723921,63.797891156231,100.0,18.67232037,OK,OPTBBS_PARSE_300INDEX_QVIX,,,,False,False,1.0,True,OK,True,,,,,18.043368975932776,OK_REPLICA_ROLLING_MEDIAN_BASIS,AVIX_CLEAN_MINUS_PRIOR_252D_MEDIAN_AVIX_QVIX_SPREAD,,,50.0,,,,,,,50.0,,,,,,,,,,,,,,,,,,,,,,50.0,,,,True,True,False,False,False,False,OK,,,,,50.0,45.7,CAUTION,警戒,WARN_BREADTH_MISSING,62.0,62.0,100.0,REALIZED_VOL|DRAWDOWN|BREADTH|TURNOVER
2022-01-17,17.42260837504989,WARN_NOT_BRACKET_30D,9.980039920159681,30.18202228885016,51.706726273750235,100.0,17.74030013,OK,OPTBBS_PARSE_300INDEX_QVIX,,,,False,False,1.0,True,OK,True,,,,,17.23432719104155,OK_REPLICA_ROLLING_MEDIAN_BASIS,AVIX_CLEAN_MINUS_PRIOR_252D_MEDIAN_AVIX_QVIX_SPREAD,,,50.0,,,,,,,50.0,,,,,,,,,,,,,,,,,,,,,,50.0,,,,True,True,False,False,False,False,OK,,,,,50.0,42.2,CAUTION,警戒,WARN_BREADTH_MISSING|WARN_NOT_BRACKET_30D,62.0,62.0,100.0,REALIZED_VOL|DRAWDOWN|BREADTH|TURNOVER
2022-01-18,16.609467802404044,WARN_NOT_BRACKET_30D,5.9760956175298805,24.586572995022628,39.938659538735855,100.0,16.3511141,OK,OPTBBS_PARSE_300INDEX_QVIX,,,,False,False,1.0,True,OK,True,,,,,16.43747073786512,OK_REPLICA_ROLLING_MEDIAN_BASIS,AVIX_CLEAN_MINUS_PRIOR_252D_MEDIAN_AVIX_QVIX_SPREAD,,,50.0,,,,,,,50.0,,,,,,,,,,,,,,,,,,,,,,50.0,,,,True,True,False,False,False,False,OK,,,,,50.0,39.3,NORMAL,正常,WARN_BREADTH_MISSING|WARN_NOT_BRACKET_30D,62.0,62.0,100.0,REALIZED_VOL|DRAWDOWN|BREADTH|TURNOVER
2022-01-19,16.87068516147484,OK,6.958250497017893,26.621839492876237,51.240615052901006,100.0,16.89680346,OK,OPTBBS_PARSE_300INDEX_QVIX,,,,False,False,1.0,True,OK,True,,,,,16.698688096935914,OK_REPLICA_ROLLING_MEDIAN_BASIS,AVIX_CLEAN_MINUS_PRIOR_252D_MEDIAN_AVIX_QVIX_SPREAD,,,50.0,,,,,,,50.0,,,,,,,,,,,,,,,,,,,,,,50.0,,,,True,True,False,False,False,False,OK,,,,,50.0,40.8,CAUTION,警戒,WARN_BREADTH_MISSING,62.0,62.0,100.0,REALIZED_VOL|DRAWDOWN|BREADTH|TURNOVER
2022-01-20,16.49981326046089,OK,5.566600397614314,24.211925452922102,35.08297411893986,100.0,16.50796737,OK,OPTBBS_PARSE_300INDEX_QVIX,,,,False,False,1.0,True,OK,True,,,,,16.328361184611488,OK_REPLICA_ROLLING_MEDIAN_BASIS,AVIX_CLEAN_MINUS_PRIOR_252D_MEDIAN_AVIX_QVIX_SPREAD,,,50.0,,,,,,,50.0,,,,,,,,,,,,,,,,,,,,,,50.0,,,,True,True,False,False,False,False,OK,,,,,50.0,38.8,NORMAL,正常,WARN_BREADTH_MISSING,62.0,62.0,100.0,REALIZED_VOL|DRAWDOWN|BREADTH|TURNOVER
2022-01-21,17.183407435383497,OK,8.548707753479125,29.188240367433217,38.49661542724125,100.0,16.97424442,OK,OPTBBS_PARSE_300INDEX_QVIX,,,,False,False,1.0,True,OK,True,,,,,17.01989089496689,OK_REPLICA_ROLLING_MEDIAN_BASIS,AVIX_CLEAN_MINUS_PRIOR_252D_MEDIAN_AVIX_QVIX_SPREAD,,,50.0,,,,,,,50.0,,,,,,,,,,,,,,,,,,,,,,50.0,,,,True,True,False,False,False,False,OK,,,,,50.0,40.6,CAUTION,警戒,WARN_BREADTH_MISSING,62.0,62.0,100.0,REALIZED_VOL|DRAWDOWN|BREADTH|TURNOVER
2022-01-24,18.04786239418569,OK,15.50695825049702,35.448072235832385,57.177501849048,100.0,18.30917088,OK,OPTBBS_PARSE_300INDEX_QVIX,,,,False,False,1.0,True,OK,True,,,,,17.88434585376908,OK_REPLICA_ROLLING_MEDIAN_BASIS,AVIX_CLEAN_MINUS_PRIOR_252D_MEDIAN_AVIX_QVIX_SPREAD,,,50.0,,,,,,,50.0,,,,,,,,,,,,,,,,,,,,,,50.0,,,,True,True,False,False,False,False,OK,,,,,50.0,44.9,CAUTION,警戒,WARN_BREADTH_MISSING,62.0,62.0,100.0,REALIZED_VOL|DRAWDOWN|BREADTH|TURNOVER
2022-01-25,20.463876682901216,OK,46.71968190854871,52.84164003196541,96.41219003945793,100.0,20.70034048,OK,OPTBBS_PARSE_300INDEX_QVIX,,,,False,False,1.0,True,OK,True,,,,,20.304135457064636,OK_REPLICA_ROLLING_MEDIAN_BASIS,AVIX_CLEAN_MINUS_PRIOR_252D_MEDIAN_AVIX_QVIX_SPREAD,,,50.0,,,,,,,50.0,,,,,,,,,,,,,,,,,,,,,,50.0,,,,True,True,False,False,False,False,OK,,,,,50.0,59.2,CAUTION,警戒,WARN_BREADTH_MISSING,62.0,62.0,100.0,REALIZED_VOL|DRAWDOWN|BREADTH|TURNOVER
2022-01-26,18.996687088021275,OK,26.44135188866799,42.42802095164337,75.20350425839588,100.0,19.41610628,OK,OPTBBS_PARSE_300INDEX_QVIX,,,,False,False,1.0,True,OK,True,,,,,18.847326021523116,OK_REPLICA_ROLLING_MEDIAN_BASIS,AVIX_CLEAN_MINUS_PRIOR_252D_MEDIAN_AVIX_QVIX_SPREAD,,,50.0,,,,,,,50.0,,,,,,,,,,,,,,,,,,,,,,50.0,,,,True,True,False,False,False,False,OK,,,,,50.0,50.4,CAUTION,警戒,WARN_BREADTH_MISSING,62.0,62.0,100.0,REALIZED_VOL|DRAWDOWN|BREADTH|TURNOVER
2022-01-27,19.8450862484288,OK,38.36978131212724,48.679290081647956,90.54922240828401,100.0,20.77075707,OK,OPTBBS_PARSE_300INDEX_QVIX,,,,False,False,1.0,True,OK,True,,,,,19.697936290489285,OK_REPLICA_ROLLING_MEDIAN_BASIS,AVIX_CLEAN_MINUS_PRIOR_252D_MEDIAN_AVIX_QVIX_SPREAD,,,50.0,,,,,,,50.0,,,,,,,,,,,,,,,,,,,,,,50.0,,,,True,True,False,False,False,False,OK,,,,,50.0,55.8,CAUTION,警戒,WARN_BREADTH_MISSING,62.0,62.0,100.0,REALIZED_VOL|DRAWDOWN|BREADTH|TURNOVER
2022-01-28,21.958148911839707,OK,58.4493041749503,64.12078886800239,100.0,100.0,21.50059197,OK,OPTBBS_PARSE_300INDEX_QVIX,,,,False,False,1.0,True,OK,True,,,,,21.827496621671255,OK_REPLICA_ROLLING_MEDIAN_BASIS,AVIX_CLEAN_MINUS_PRIOR_252D_MEDIAN_AVIX_QVIX_SPREAD,,,50.0,,,,,,,50.0,,,,,,,,,,,,,,,,,,,,,,50.0,,,,True,True,False,False,False,False,OK,,,,,50.0,64.3,HIGH_RISK,高风险,WARN_BREADTH_MISSING,62.0,62.0,100.0,REALIZED_VOL|DRAWDOWN|BREADTH|TURNOVER
2022-02-07,19.09684803464077,OK,28.230616302186878,43.384971081864244,61.62448624157313,100.0,19.94090885,OK,OPTBBS_PARSE_300INDEX_QVIX,,,,False,False,1.0,True,OK,True,,,,,18.96619574447232,OK_REPLICA_ROLLING_MEDIAN_BASIS,AVIX_CLEAN_MINUS_PRIOR_252D_MEDIAN_AVIX_QVIX_SPREAD,,,50.0,,,,,,,50.0,,,,,,,,,,,,,,,,,,,,,,50.0,,,,True,True,False,False,False,False,OK,,,,,50.0,49.9,CAUTION,警戒,WARN_BREADTH_MISSING,62.0,62.0,100.0,REALIZED_VOL|DRAWDOWN|BREADTH|TURNOVER
2022-02-08,18.21686559686627,OK,15.904572564612327,37.08653285527754,28.039243288516722,100.0,19.65946162,OK,OPTBBS_PARSE_300INDEX_QVIX,,,,False,False,1.0,True,OK,True,,,,,18.104156730143004,OK_REPLICA_ROLLING_MEDIAN_BASIS,AVIX_CLEAN_MINUS_PRIOR_252D_MEDIAN_AVIX_QVIX_SPREAD,,,50.0,,,,,,,50.0,,,,,,,,,,,,,,,,,,,,,,50.0,,,,True,True,False,False,False,False,OK,,,,,50.0,42.9,CAUTION,警戒,WARN_BREADTH_MISSING,62.0,62.0,100.0,REALIZED_VOL|DRAWDOWN|BREADTH|TURNOVER
2022-02-09,17.40227130717447,OK,9.542743538767395,31.280862449350625,33.21374907678303,100.0,18.33694291,OK,OPTBBS_PARSE_300INDEX_QVIX,,,,False,False,1.0,True,OK,True,,,,,17.300713593951798,OK_REPLICA_ROLLING_MEDIAN_BASIS,AVIX_CLEAN_MINUS_PRIOR_252D_MEDIAN_AVIX_QVIX_SPREAD,,,50.0,,,,,,,50.0,,,,,,,,,,,,,,,,,,,,,,50.0,,,,True,True,False,False,False,False,OK,,,,,50.0,40.7,CAUTION,警戒,WARN_BREADTH_MISSING,62.0,62.0,100.0,REALIZED_VOL|DRAWDOWN|BREADTH|TURNOVER
2022-02-10,16.849886303152278,OK,5.7654075546719685,27.41648589331444,19.814190699083902,100.0,18.23060216,OK,OPTBBS_PARSE_300INDEX_QVIX,,,,False,False,1.0,True,OK,True,,,,,16.75636468125299,OK_REPLICA_ROLLING_MEDIAN_BASIS,AVIX_CLEAN_MINUS_PRIOR_252D_MEDIAN_AVIX_QVIX_SPREAD,,,50.0,,,,,,,50.0,,,,,,,,,,,,,,,,,,,,,,50.0,,,,True,True,False,False,False,False,OK,,,,,50.0,38.0,NORMAL,正常,WARN_BREADTH_MISSING,62.0,62.0,100.0,REALIZED_VOL|DRAWDOWN|BREADTH|TURNOVER
2022-02-11,16.77939505428552,OK,5.7654075546719685,27.075132424667014,2.83068824839026,60.0,18.55030273,OK,OPTBBS_PARSE_300INDEX_QVIX,,,,False,False,1.0,True,OK,True,,,,,16.695315714873047,OK_REPLICA_ROLLING_MEDIAN_BASIS,AVIX_CLEAN_MINUS_PRIOR_252D_MEDIAN_AVIX_QVIX_SPREAD,,,50.0,,,,,,,50.0,,,,,,,,,,,,,,,,,,,,,,50.0,,,,True,True,False,False,False,False,OK,,,,,50.0,31.8,NORMAL,正常,WARN_BREADTH_MISSING,62.0,62.0,100.0,REALIZED_VOL|DRAWDOWN|BREADTH|TURNOVER
2022-02-14,17.731407030099955,WARN_NOT_BRACKET_30D,11.928429423459244,34.18369880506929,35.699828557425064,60.0,20.63751689,OK,OPTBBS_PARSE_300INDEX_QVIX,,,,False,False,1.0,True,OK,True,,,,,17.656217572546407,OK_REPLICA_ROLLING_MEDIAN_BASIS,AVIX_CLEAN_MINUS_PRIOR_252D_MEDIAN_AVIX_QVIX_SPREAD,,,50.0,,,,,,,50.0,,,,,,,,,,,,,,,,,,,,,,50.0,,,,True,True,False,False,False,False,OK,,,,,50.0,37.2,NORMAL,正常,WARN_BREADTH_MISSING|WARN_NOT_BRACKET_30D,62.0,62.0,100.0,REALIZED_VOL|DRAWDOWN|BREADTH|TURNOVER
2022-02-15,17.227349725937422,WARN_NOT_BRACKET_30D,8.747514910536779,30.640873710966755,39.13626643763493,100.0,18.67185507,OK,OPTBBS_PARSE_300INDEX_QVIX,,,,False,False,1.0,True,OK,True,,,,,17.16053831238922,OK_REPLICA_ROLLING_MEDIAN_BASIS,AVIX_CLEAN_MINUS_PRIOR_252D_MEDIAN_AVIX_QVIX_SPREAD,,,50.0,,,,,,,50.0,,,,,,,,,,,,,,,,,,,,,,50.0,,,,True,True,False,False,False,False,OK,,,,,50.0,40.9,CAUTION,警戒,WARN_BREADTH_MISSING|WARN_NOT_BRACKET_30D,62.0,62.0,100.0,REALIZED_VOL|DRAWDOWN|BREADTH|TURNOVER
2022-02-16,16.63404365750452,OK,5.168986083499006,26.473165488603044,41.17094962939429,100.0,18.3466298,OK,OPTBBS_PARSE_300INDEX_QVIX,,,,False,False,1.0,True,OK,True,,,,,16.58640366244776,OK_REPLICA_ROLLING_MEDIAN_BASIS,AVIX_CLEAN_MINUS_PRIOR_252D_MEDIAN_AVIX_QVIX_SPREAD,,,50.0,,,,,,,50.0,,,,,,,,,,,,,,,,,,,,,,50.0,,,,True,True,False,False,False,False,OK,,,,,50.0,39.4,NORMAL,正常,WARN_BREADTH_MISSING,62.0,62.0,100.0,REALIZED_VOL|DRAWDOWN|BREADTH|TURNOVER
2022-02-17,16.770224125323555,OK,5.964214711729622,27.650156896726294,49.05444848237557,60.0,18.28477976,OK,OPTBBS_PARSE_300INDEX_QVIX,,,,False,False,1.0,True,OK,True,,,,,16.723814871440847,OK_REPLICA_ROLLING_MEDIAN_BASIS,AVIX_CLEAN_MINUS_PRIOR_252D_MEDIAN_AVIX_QVIX_SPREAD,,,50.0,,,,,,,50.0,,,,,,,,,,,,,,,,,,,,,,50.0,,,,True,True,False,False,False,False,OK,,,,,50.0,35.7,NORMAL,正常,WARN_BREADTH_MISSING,62.0,62.0,100.0,REALIZED_VOL|DRAWDOWN|BREADTH|TURNOVER
2022-02-18,16.083972807426115,OK,3.180914512922465,22.783171055698958,41.71099739162776,100.0,17.99457699,OK,OPTBBS_PARSE_300INDEX_QVIX,,,,False,False,1.0,True,OK,True,,,,,16.044187548156394,OK_REPLICA_ROLLING_MEDIAN_BASIS,AVIX_CLEAN_MINUS_PRIOR_252D_MEDIAN_AVIX_QVIX_SPREAD,,,50.0,,,,,,,50.0,,,,,,,,,,,,,,,,,,,,,,50.0,,,,True,True,False,False,False,False,OK,,,,,50.0,38.4,NORMAL,正常,WARN_BREADTH_MISSING,62.0,62.0,100.0,REALIZED_VOL|DRAWDOWN|BREADTH|TURNOVER
2022-02-21,16.005150403850802,OK,2.982107355864811,22.368655948038455,30.528825227250778,60.0,18.17182827,OK,OPTBBS_PARSE_300INDEX_QVIX,,,,False,False,1.0,True,OK,True,,,,,15.965470329209321,OK_REPLICA_ROLLING_MEDIAN_BASIS,AVIX_CLEAN_MINUS_PRIOR_252D_MEDIAN_AVIX_QVIX_SPREAD,,,50.0,,,,,,,50.0,,,,,,,,,,,,,,,,,,,,,,50.0,,,,True,True,False,False,False,False,OK,,,,,50.0,32.6,NORMAL,正常,WARN_BREADTH_MISSING,62.0,62.0,100.0,REALIZED_VOL|DRAWDOWN|BREADTH|TURNOVER
2022-02-22,16.36069827774204,OK,4.3737574552683895,25.116596662861372,39.938656125491455,100.0,18.57610975,OK,OPTBBS_PARSE_300INDEX_QVIX,,,,False,False,1.0,True,OK,True,,,,,16.32966107023027,OK_REPLICA_ROLLING_MEDIAN_BASIS,AVIX_CLEAN_MINUS_PRIOR_252D_MEDIAN_AVIX_QVIX_SPREAD,,,50.0,,,,,,,50.0,,,,,,,,,,,,,,,,,,,,,,50.0,,,,True,True,False,False,False,False,OK,,,,,50.0,38.9,NORMAL,正常,WARN_BREADTH_MISSING,62.0,62.0,100.0,REALIZED_VOL|DRAWDOWN|BREADTH|TURNOVER
2022-02-23,15.529463726494278,OK,1.3916500994035785,19.173518204536116,36.71904494477016,100.0,17.99355318,OK,OPTBBS_PARSE_300INDEX_QVIX,,,,False,False,1.0,True,OK,True,,,,,15.500757053490211,OK_REPLICA_ROLLING_MEDIAN_BASIS,AVIX_CLEAN_MINUS_PRIOR_252D_MEDIAN_AVIX_QVIX_SPREAD,,,50.0,,,,,,,50.0,,,,,,,,,,,,,,,,,,,,,,50.0,,,,True,True,False,False,False,False,OK,,,,,50.0,37.0,NORMAL,正常,WARN_BREADTH_MISSING,62.0,62.0,100.0,REALIZED_VOL|DRAWDOWN|BREADTH|TURNOVER
2022-02-24,17.455779065490027,OK,10.536779324055665,33.638742149837796,58.17585901110603,100.0,19.37513154,OK,OPTBBS_PARSE_300INDEX_QVIX,,,,False,False,1.0,True,OK,True,,,,,17.433325995403507,OK_REPLICA_ROLLING_MEDIAN_BASIS,AVIX_CLEAN_MINUS_PRIOR_252D_MEDIAN_AVIX_QVIX_SPREAD,,,50.0,,,,,,,50.0,,,,,,,,,,,,,,,,,,,,,,50.0,,,,True,True,False,False,False,False,OK,,,,,50.0,43.3,CAUTION,警戒,WARN_BREADTH_MISSING,62.0,62.0,100.0,REALIZED_VOL|DRAWDOWN|BREADTH|TURNOVER
2022-02-25,16.413233149346816,OK,4.572564612326044,26.023624584973927,54.09426633410721,100.0,18.82,OK,OPTBBS_PARSE_300INDEX_QVIX,,,,False,False,1.0,True,OK,True,,,,,16.39565712825428,OK_REPLICA_ROLLING_MEDIAN_BASIS,AVIX_CLEAN_MINUS_PRIOR_252D_MEDIAN_AVIX_QVIX_SPREAD,,,50.0,,,,,,,50.0,,,,,,,,,,,,,,,,,,,,,,50.0,,,,True,True,False,False,False,False,OK,,,,,50.0,40.3,CAUTION,警戒,WARN_BREADTH_MISSING,62.0,62.0,100.0,REALIZED_VOL|DRAWDOWN|BREADTH|TURNOVER
2022-02-28,17.256274952487228,OK,9.542743538767395,32.465971698494926,65.63402426178273,100.0,19.10549158,OK,OPTBBS_PARSE_300INDEX_QVIX,,,,False,False,1.0,True,OK,True,,,,,17.24871335182638,OK_REPLICA_ROLLING_MEDIAN_BASIS,AVIX_CLEAN_MINUS_PRIOR_252D_MEDIAN_AVIX_QVIX_SPREAD,,,50.0,,,,,,,50.0,,,,,,,,,,,,,,,,,,,,,,50.0,,,,True,True,False,False,False,False,OK,,,,,50.0,43.5,CAUTION,警戒,WARN_BREADTH_MISSING,62.0,62.0,100.0,REALIZED_VOL|DRAWDOWN|BREADTH|TURNOVER
2022-03-01,16.35059294403766,OK,4.174950298210735,25.833073518033565,49.87646818573599,100.0,18.3936778,OK,OPTBBS_PARSE_300INDEX_QVIX,,,,False,False,1.0,True,OK,True,,,,,16.34812535556079,OK_REPLICA_ROLLING_MEDIAN_BASIS,AVIX_CLEAN_MINUS_PRIOR_252D_MEDIAN_AVIX_QVIX_SPREAD,,,50.0,,,,,,,50.0,,,,,,,,,,,,,,,,,,,,,,50.0,,,,True,True,False,False,False,False,OK,,,,,50.0,39.8,NORMAL,正常,WARN_BREADTH_MISSING,62.0,62.0,100.0,REALIZED_VOL|DRAWDOWN|BREADTH|TURNOVER
2022-03-02,16.695338935313885,OK,6.163021868787276,28.579588795938488,65.01500926694005,100.0,19.00830657,OK,OPTBBS_PARSE_300INDEX_QVIX,,,,False,False,1.0,True,OK,True,,,,,16.703493044852994,OK_REPLICA_ROLLING_MEDIAN_BASIS,AVIX_CLEAN_MINUS_PRIOR_252D_MEDIAN_AVIX_QVIX_SPREAD,,,50.0,,,,,,,50.0,,,,,,,,,,,,,,,,,,,,,,50.0,,,,True,True,False,False,False,False,OK,,,,,50.0,41.9,CAUTION,警戒,WARN_BREADTH_MISSING,62.0,62.0,100.0,REALIZED_VOL|DRAWDOWN|BREADTH|TURNOVER
2022-03-03,16.85542069107201,OK,7.3558648111332,29.875180068475217,43.12137977725756,100.0,19.21945465,OK,OPTBBS_PARSE_300INDEX_QVIX,,,,False,False,1.0,True,OK,True,,,,,16.867547026601418,OK_REPLICA_ROLLING_MEDIAN_BASIS,AVIX_CLEAN_MINUS_PRIOR_252D_MEDIAN_AVIX_QVIX_SPREAD,,,50.0,,,,,,,50.0,,,,,,,,,,,,,,,,,,,,,,50.0,,,,True,True,False,False,False,False,OK,,,,,50.0,40.7,CAUTION,警戒,WARN_BREADTH_MISSING,62.0,62.0,100.0,REALIZED_VOL|DRAWDOWN|BREADTH|TURNOVER
2022-03-04,17.325366636183144,OK,10.934393638170974,33.55903089722243,61.11461073557742,60.0,20.14143619,OK,OPTBBS_PARSE_300INDEX_QVIX,,,,False,False,1.0,True,OK,True,,,,,17.351484934708306,OK_REPLICA_ROLLING_MEDIAN_BASIS,AVIX_CLEAN_MINUS_PRIOR_252D_MEDIAN_AVIX_QVIX_SPREAD,,,50.0,,,,,,,50.0,,,,,,,,,,,,,,,,,,,,,,50.0,,,,True,True,False,False,False,False,OK,,,,,50.0,38.8,NORMAL,正常,WARN_BREADTH_MISSING,62.0,62.0,100.0,REALIZED_VOL|DRAWDOWN|BREADTH|TURNOVER
2022-03-07,20.461926836924007,OK,47.31610337972167,57.77330004320922,87.15346322729673,60.0,20.01755313,OK,OPTBBS_PARSE_300INDEX_QVIX,,,,False,False,1.0,True,OK,True,,,,,20.490904368635285,OK_REPLICA_ROLLING_MEDIAN_BASIS,AVIX_CLEAN_MINUS_PRIOR_252D_MEDIAN_AVIX_QVIX_SPREAD,,,50.0,,,,,,,50.0,,,,,,,,,,,,,,,,,,,,,,50.0,,,,True,True,False,False,False,False,OK,,,,,50.0,54.5,CAUTION,警戒,WARN_BREADTH_MISSING,62.0,62.0,100.0,REALIZED_VOL|DRAWDOWN|BREADTH|TURNOVER
2022-03-08,22.98387938737712,OK,68.19085487077535,77.40359865275965,100.0,60.0,19.2,OK,OPTBBS_PARSE_300INDEX_QVIX,,,,False,False,1.0,True,OK,True,,,,,23.012856919088396,OK_REPLICA_ROLLING_MEDIAN_BASIS,AVIX_CLEAN_MINUS_PRIOR_252D_MEDIAN_AVIX_QVIX_SPREAD,,,50.0,,,,,,,50.0,,,,,,,,,,,,,,,,,,,,,,50.0,,,,True,True,False,False,False,False,OK,,,,,50.0,64.1,HIGH_RISK,高风险,WARN_BREADTH_MISSING,62.0,62.0,100.0,REALIZED_VOL|DRAWDOWN|BREADTH|TURNOVER
2022-03-09,24.672216951014185,OK,77.73359840954275,90.50188800025114,100.0,100.0,24.18045683,OK,OPTBBS_PARSE_300INDEX_QVIX,,,,False,False,1.0,True,OK,True,,,,,24.701194482725462,OK_REPLICA_ROLLING_MEDIAN_BASIS,AVIX_CLEAN_MINUS_PRIOR_252D_MEDIAN_AVIX_QVIX_SPREAD,,,50.0,,,,,,,50.0,,,,,,,,,,,,,,,,,,,,,,50.0,,,,True,True,False,False,False,False,OK,,,,,50.0,73.4,HIGH_RISK,高风险,WARN_BREADTH_MISSING,62.0,62.0,100.0,REALIZED_VOL|DRAWDOWN|BREADTH|TURNOVER
2022-03-10,22.60237217733458,OK,63.618290258449306,74.90026353192754,100.0,100.0,22.09762913,OK,OPTBBS_PARSE_300INDEX_QVIX,,,,False,False,1.0,True,OK,True,,,,,22.631349709045857,OK_REPLICA_ROLLING_MEDIAN_BASIS,AVIX_CLEAN_MINUS_PRIOR_252D_MEDIAN_AVIX_QVIX_SPREAD,,,50.0,,,,,,,50.0,,,,,,,,,,,,,,,,,,,,,,50.0,,,,True,True,False,False,False,False,OK,,,,,50.0,67.3,HIGH_RISK,高风险,WARN_BREADTH_MISSING,62.0,62.0,100.0,REALIZED_VOL|DRAWDOWN|BREADTH|TURNOVER
2022-03-11,23.38642768051726,OK,70.9741550695825,81.35202870517043,100.0,100.0,23.5354236,OK,OPTBBS_PARSE_300INDEX_QVIX,,,,False,False,1.0,True,OK,True,,,,,23.41540521222854,OK_REPLICA_ROLLING_MEDIAN_BASIS,AVIX_CLEAN_MINUS_PRIOR_252D_MEDIAN_AVIX_QVIX_SPREAD,,,50.0,,,,,,,50.0,,,,,,,,,,,,,,,,,,,,,,50.0,,,,True,True,False,False,False,False,OK,,,,,50.0,70.3,HIGH_RISK,高风险,WARN_BREADTH_MISSING,62.0,62.0,100.0,REALIZED_VOL|DRAWDOWN|BREADTH|TURNOVER
2022-03-14,26.719408737503542,WARN_NOT_BRACKET_30D,84.49304174950298,100.0,100.0,100.0,28.06036737,OK,OPTBBS_PARSE_300INDEX_QVIX,,,,False,False,1.0,True,OK,True,,,,,26.74908563808585,OK_REPLICA_ROLLING_MEDIAN_BASIS,AVIX_CLEAN_MINUS_PRIOR_252D_MEDIAN_AVIX_QVIX_SPREAD,,,50.0,,,,,,,50.0,,,,,,,,,,,,,,,,,,,,,,50.0,,,,True,True,False,False,False,False,OK,,,,,50.0,76.7,PANIC,恐慌区,WARN_BREADTH_MISSING|WARN_NOT_BRACKET_30D,62.0,62.0,100.0,REALIZED_VOL|DRAWDOWN|BREADTH|TURNOVER
2022-03-15,30.5651443956908,WARN_NOT_BRACKET_30D,92.44532803180915,100.0,100.0,100.0,29.38149009,OK,OPTBBS_PARSE_300INDEX_QVIX,,,,False,False,1.0,True,OK,True,,,,,30.59855146916427,OK_REPLICA_ROLLING_MEDIAN_BASIS,AVIX_CLEAN_MINUS_PRIOR_252D_MEDIAN_AVIX_QVIX_SPREAD,,,50.0,,,,,,,50.0,,,,,,,,,,,,,,,,,,,,,,50.0,,,,True,True,False,False,False,False,OK,,,,,50.0,78.9,PANIC,恐慌区,WARN_BREADTH_MISSING|WARN_NOT_BRACKET_30D,62.0,62.0,100.0,REALIZED_VOL|DRAWDOWN|BREADTH|TURNOVER
2022-03-16,28.017448227085744,OK,88.46918489065607,100.0,77.11739510651512,100.0,27.6134196,OK,OPTBBS_PARSE_300INDEX_QVIX,,,,False,False,1.0,True,OK,True,,,,,28.050855300559213,OK_REPLICA_ROLLING_MEDIAN_BASIS,AVIX_CLEAN_MINUS_PRIOR_252D_MEDIAN_AVIX_QVIX_SPREAD,,,50.0,,,,,,,50.0,,,,,,,,,,,,,,,,,,,,,,50.0,,,,True,True,False,False,False,False,OK,,,,,50.0,75.9,PANIC,恐慌区,WARN_BREADTH_MISSING,62.0,62.0,100.0,REALIZED_VOL|DRAWDOWN|BREADTH|TURNOVER
2022-03-17,26.18745290026133,OK,82.30616302186878,100.0,81.7230483136795,100.0,24.27636478,OK,OPTBBS_PARSE_300INDEX_QVIX,,,,False,False,1.0,True,OK,True,,,,,26.2208599737348,OK_REPLICA_ROLLING_MEDIAN_BASIS,AVIX_CLEAN_MINUS_PRIOR_252D_MEDIAN_AVIX_QVIX_SPREAD,,,50.0,,,,,,,50.0,,,,,,,,,,,,,,,,,,,,,,50.0,,,,True,True,False,False,False,False,OK,,,,,50.0,74.6,HIGH_RISK,高风险,WARN_BREADTH_MISSING,62.0,62.0,100.0,REALIZED_VOL|DRAWDOWN|BREADTH|TURNOVER
2022-03-18,24.54857492210929,OK,76.54075546719682,88.8211028353239,59.93864695769835,60.0,25.0,OK,OPTBBS_PARSE_300INDEX_QVIX,,,,False,False,1.0,True,OK,True,,,,,24.58198199558276,OK_REPLICA_ROLLING_MEDIAN_BASIS,AVIX_CLEAN_MINUS_PRIOR_252D_MEDIAN_AVIX_QVIX_SPREAD,,,50.0,,,,,,,50.0,,,,,,,,,,,,,,,,,,,,,,50.0,,,,True,True,False,False,False,False,OK,,,,,50.0,64.9,HIGH_RISK,高风险,WARN_BREADTH_MISSING,62.0,62.0,100.0,REALIZED_VOL|DRAWDOWN|BREADTH|TURNOVER
2022-03-21,23.78542010728649,OK,72.56461232604374,83.45284235928331,28.03852129333322,100.0,22.0352804,OK,OPTBBS_PARSE_300INDEX_QVIX,,,,False,False,1.0,True,OK,True,,,,,23.81882718075996,OK_REPLICA_ROLLING_MEDIAN_BASIS,AVIX_CLEAN_MINUS_PRIOR_252D_MEDIAN_AVIX_QVIX_SPREAD,,,50.0,,,,,,,50.0,,,,,,,,,,,,,,,,,,,,,,50.0,,,,True,True,False,False,False,False,OK,,,,,50.0,65.2,HIGH_RISK,高风险,WARN_BREADTH_MISSING,62.0,62.0,100.0,REALIZED_VOL|DRAWDOWN|BREADTH|TURNOVER
2022-03-22,22.268073073516923,OK,60.63618290258449,72.34436785226767,0.0,100.0,21.01013167,OK,OPTBBS_PARSE_300INDEX_QVIX,,,,False,False,1.0,True,OK,True,,,,,22.297749974099233,OK_REPLICA_ROLLING_MEDIAN_BASIS,AVIX_CLEAN_MINUS_PRIOR_252D_MEDIAN_AVIX_QVIX_SPREAD,,,50.0,,,,,,,50.0,,,,,,,,,,,,,,,,,,,,,,50.0,,,,True,True,False,False,False,False,OK,,,,,50.0,58.1,CAUTION,警戒,WARN_BREADTH_MISSING,62.0,62.0,100.0,REALIZED_VOL|DRAWDOWN|BREADTH|TURNOVER
2022-03-23,20.6606896958526,OK,49.10536779324055,60.16628629173793,0.0,100.0,20.09447981,OK,OPTBBS_PARSE_300INDEX_QVIX,,,,False,False,1.0,True,OK,True,,,,,20.689667227563877,OK_REPLICA_ROLLING_MEDIAN_BASIS,AVIX_CLEAN_MINUS_PRIOR_252D_MEDIAN_AVIX_QVIX_SPREAD,,,50.0,,,,,,,50.0,,,,,,,,,,,,,,,,,,,,,,50.0,,,,True,True,False,False,False,False,OK,,,,,50.0,53.2,CAUTION,警戒,WARN_BREADTH_MISSING,62.0,62.0,100.0,REALIZED_VOL|DRAWDOWN|BREADTH|TURNOVER
2022-03-24,19.63526346055417,OK,36.97813121272366,52.239371826501035,0.0,100.0,19.02090755,OK,OPTBBS_PARSE_300INDEX_QVIX,,,,False,False,1.0,True,OK,True,,,,,19.661381759079333,OK_REPLICA_ROLLING_MEDIAN_BASIS,AVIX_CLEAN_MINUS_PRIOR_252D_MEDIAN_AVIX_QVIX_SPREAD,,,50.0,,,,,,,50.0,,,,,,,,,,,,,,,,,,,,,,50.0,,,,True,True,False,False,False,False,OK,,,,,50.0,48.7,CAUTION,警戒,WARN_BREADTH_MISSING,62.0,62.0,100.0,REALIZED_VOL|DRAWDOWN|BREADTH|TURNOVER
2022-03-25,21.24023429008401,OK,55.069582504970185,65.62942859996647,23.046576898884076,60.0,19.22235849,OK,OPTBBS_PARSE_300INDEX_QVIX,,,,False,False,1.0,True,OK,True,,,,,21.25236062561342,OK_REPLICA_ROLLING_MEDIAN_BASIS,AVIX_CLEAN_MINUS_PRIOR_252D_MEDIAN_AVIX_QVIX_SPREAD,,,50.0,,,,,,,50.0,,,,,,,,,,,,,,,,,,,,,,50.0,,,,True,True,False,False,False,False,OK,,,,,50.0,52.7,CAUTION,警戒,WARN_BREADTH_MISSING,62.0,62.0,100.0,REALIZED_VOL|DRAWDOWN|BREADTH|TURNOVER
2022-03-28,22.99444713439476,OK,68.19085487077535,80.24051043274376,43.34909394642628,60.0,20.42476045,OK,OPTBBS_PARSE_300INDEX_QVIX,,,,False,False,1.0,True,OK,True,,,,,23.00260124393387,OK_REPLICA_ROLLING_MEDIAN_BASIS,AVIX_CLEAN_MINUS_PRIOR_252D_MEDIAN_AVIX_QVIX_SPREAD,,,50.0,,,,,,,50.0,,,,,,,,,,,,,,,,,,,,,,50.0,,,,True,True,False,False,False,False,OK,,,,,50.0,60.0,HIGH_RISK,高风险,WARN_BREADTH_MISSING,62.0,62.0,100.0,REALIZED_VOL|DRAWDOWN|BREADTH|TURNOVER
2022-03-29,22.982818644965786,OK,67.9920477137177,80.2921397273376,56.41946493609184,60.0,20.36755431,OK,OPTBBS_PARSE_300INDEX_QVIX,,,,False,False,1.0,True,OK,True,,,,,22.990972754504895,OK_REPLICA_ROLLING_MEDIAN_BASIS,AVIX_CLEAN_MINUS_PRIOR_252D_MEDIAN_AVIX_QVIX_SPREAD,,,50.0,,,,,,,50.0,,,,,,,,,,,,,,,,,,,,,,50.0,,,,True,True,False,False,False,False,OK,,,,,50.0,61.0,HIGH_RISK,高风险,WARN_BREADTH_MISSING,62.0,62.0,100.0,REALIZED_VOL|DRAWDOWN|BREADTH|TURNOVER
2022-03-30,21.161477962336704,OK,54.47316103379721,65.36302811342107,54.847740069244956,100.0,20.33552521,OK,OPTBBS_PARSE_300INDEX_QVIX,,,,False,False,1.0,True,OK,True,,,,,21.159010373859832,OK_REPLICA_ROLLING_MEDIAN_BASIS,AVIX_CLEAN_MINUS_PRIOR_252D_MEDIAN_AVIX_QVIX_SPREAD,,,50.0,,,,,,,50.0,,,,,,,,,,,,,,,,,,,,,,50.0,,,,True,True,False,False,False,False,OK,,,,,50.0,59.8,CAUTION,警戒,WARN_BREADTH_MISSING,62.0,62.0,100.0,REALIZED_VOL|DRAWDOWN|BREADTH|TURNOVER
2022-03-31,21.54915383749444,OK,57.057654075546715,68.88729878871554,69.49442013635453,60.0,20.11336536,OK,OPTBBS_PARSE_300INDEX_QVIX,,,,False,False,1.0,True,OK,True,,,,,21.541592236833594,OK_REPLICA_ROLLING_MEDIAN_BASIS,AVIX_CLEAN_MINUS_PRIOR_252D_MEDIAN_AVIX_QVIX_SPREAD,,,50.0,,,,,,,50.0,,,,,,,,,,,,,,,,,,,,,,50.0,,,,True,True,False,False,False,False,OK,,,,,50.0,57.4,CAUTION,警戒,WARN_BREADTH_MISSING,62.0,62.0,100.0,REALIZED_VOL|DRAWDOWN|BREADTH|TURNOVER
2022-04-01,20.894458867645035,OK,51.689860834990064,63.54907951241658,46.74414681385694,100.0,19.94785102,OK,OPTBBS_PARSE_300INDEX_QVIX,,,,False,False,1.0,True,OK,True,,,,,20.872005797558515,OK_REPLICA_ROLLING_MEDIAN_BASIS,AVIX_CLEAN_MINUS_PRIOR_252D_MEDIAN_AVIX_QVIX_SPREAD,,,50.0,,,,,,,50.0,,,,,,,,,,,,,,,,,,,,,,50.0,,,,True,True,False,False,False,False,OK,,,,,50.0,58.1,CAUTION,警戒,WARN_BREADTH_MISSING,62.0,62.0,100.0,REALIZED_VOL|DRAWDOWN|BREADTH|TURNOVER
2022-04-06,20.979270440742585,OK,53.28031809145129,64.46651421907842,32.47249275554094,100.0,20.6516468,OK,OPTBBS_PARSE_300INDEX_QVIX,,,,False,False,1.0,True,OK,True,,,,,20.95056376773852,OK_REPLICA_ROLLING_MEDIAN_BASIS,AVIX_CLEAN_MINUS_PRIOR_252D_MEDIAN_AVIX_QVIX_SPREAD,,,50.0,,,,,,,50.0,,,,,,,,,,,,,,,,,,,,,,50.0,,,,True,True,False,False,False,False,OK,,,,,50.0,57.5,CAUTION,警戒,WARN_BREADTH_MISSING,62.0,62.0,100.0,REALIZED_VOL|DRAWDOWN|BREADTH|TURNOVER
2022-04-07,21.716279283659578,OK,58.8469184890656,70.89989037584594,38.978380929933195,100.0,20.69186222,OK,OPTBBS_PARSE_300INDEX_QVIX,,,,False,False,1.0,True,OK,True,,,,,21.68524207614781,OK_REPLICA_ROLLING_MEDIAN_BASIS,AVIX_CLEAN_MINUS_PRIOR_252D_MEDIAN_AVIX_QVIX_SPREAD,,,50.0,,,,,,,50.0,,,,,,,,,,,,,,,,,,,,,,50.0,,,,True,True,False,False,False,False,OK,,,,,50.0,60.5,HIGH_RISK,高风险,WARN_BREADTH_MISSING,62.0,62.0,100.0,REALIZED_VOL|DRAWDOWN|BREADTH|TURNOVER
2022-04-08,20.79595344429397,OK,51.0934393638171,63.12408241221064,46.54537817544413,100.0,20.06126102,OK,OPTBBS_PARSE_300INDEX_QVIX,,,,False,False,1.0,True,OK,True,,,,,20.75627336965249,OK_REPLICA_ROLLING_MEDIAN_BASIS,AVIX_CLEAN_MINUS_PRIOR_252D_MEDIAN_AVIX_QVIX_SPREAD,,,50.0,,,,,,,50.0,,,,,,,,,,,,,,,,,,,,,,50.0,,,,True,True,False,False,False,False,OK,,,,,50.0,57.9,CAUTION,警戒,WARN_BREADTH_MISSING,62.0,62.0,100.0,REALIZED_VOL|DRAWDOWN|BREADTH|TURNOVER
2022-04-11,23.385892641875543,WARN_NOT_BRACKET_30D,72.36580516898609,85.48435821792764,67.04696915927411,100.0,21.58158751,OK,OPTBBS_PARSE_300INDEX_QVIX,,,,False,False,1.0,True,OK,True,,,,,23.346107382605823,OK_REPLICA_ROLLING_MEDIAN_BASIS,AVIX_CLEAN_MINUS_PRIOR_252D_MEDIAN_AVIX_QVIX_SPREAD,,,50.0,,,,,,,50.0,,,,,,,,,,,,,,,,,,,,,,50.0,,,,True,True,False,False,False,False,OK,,,,,50.0,68.6,HIGH_RISK,高风险,WARN_BREADTH_MISSING|WARN_NOT_BRACKET_30D,62.0,62.0,100.0,REALIZED_VOL|DRAWDOWN|BREADTH|TURNOVER
2022-04-12,21.999231590142827,WARN_NOT_BRACKET_30D,61.0337972166998,73.61614229794336,60.57479142672153,60.0,21.86393863,OK,OPTBBS_PARSE_300INDEX_QVIX,,,,False,False,1.0,True,OK,True,,,,,21.95282233626012,OK_REPLICA_ROLLING_MEDIAN_BASIS,AVIX_CLEAN_MINUS_PRIOR_252D_MEDIAN_AVIX_QVIX_SPREAD,,,50.0,,,,,,,50.0,,,,,,,,,,,,,,,,,,,,,,50.0,,,,True,True,False,False,False,False,OK,,,,,50.0,58.4,CAUTION,警戒,WARN_BREADTH_MISSING|WARN_NOT_BRACKET_30D,62.0,62.0,100.0,REALIZED_VOL|DRAWDOWN|BREADTH|TURNOVER
2022-04-13,22.250933593533905,WARN_NOT_BRACKET_30D,62.42544731610338,75.74294646633453,62.12304456804847,60.0,20.33405126,OK,OPTBBS_PARSE_300INDEX_QVIX,,,,False,False,1.0,True,OK,True,,,,,22.203293598477146,OK_REPLICA_ROLLING_MEDIAN_BASIS,AVIX_CLEAN_MINUS_PRIOR_252D_MEDIAN_AVIX_QVIX_SPREAD,,,50.0,,,,,,,50.0,,,,,,,,,,,,,,,,,,,,,,50.0,,,,True,True,False,False,False,False,OK,,,,,50.0,59.3,CAUTION,警戒,WARN_BREADTH_MISSING|WARN_NOT_BRACKET_30D,62.0,62.0,100.0,REALIZED_VOL|DRAWDOWN|BREADTH|TURNOVER
2022-04-14,21.31791017795332,WARN_NOT_BRACKET_30D,56.85884691848907,67.72719652390877,46.33114770258078,60.0,19.02832302,OK,OPTBBS_PARSE_300INDEX_QVIX,,,,False,False,1.0,True,OK,True,,,,,21.27027018289656,OK_REPLICA_ROLLING_MEDIAN_BASIS,AVIX_CLEAN_MINUS_PRIOR_252D_MEDIAN_AVIX_QVIX_SPREAD,,,50.0,,,,,,,50.0,,,,,,,,,,,,,,,,,,,,,,50.0,,,,True,True,False,False,False,False,OK,,,,,50.0,55.3,CAUTION,警戒,WARN_BREADTH_MISSING|WARN_NOT_BRACKET_30D,62.0,62.0,100.0,REALIZED_VOL|DRAWDOWN|BREADTH|TURNOVER
2022-04-15,21.14671526854568,WARN_NOT_BRACKET_30D,55.069582504970185,66.27182268147152,53.373366123282516,60.0,19.83565761,OK,OPTBBS_PARSE_300INDEX_QVIX,,,,False,False,1.0,True,OK,True,,,,,21.07990385499748,OK_REPLICA_ROLLING_MEDIAN_BASIS,AVIX_CLEAN_MINUS_PRIOR_252D_MEDIAN_AVIX_QVIX_SPREAD,,,50.0,,,,,,,50.0,,,,,,,,,,,,,,,,,,,,,,50.0,,,,True,True,False,False,False,False,OK,,,,,50.0,55.2,CAUTION,警戒,WARN_BREADTH_MISSING|WARN_NOT_BRACKET_30D,62.0,62.0,100.0,REALIZED_VOL|DRAWDOWN|BREADTH|TURNOVER
2022-04-18,21.588198147244466,WARN_NOT_BRACKET_30D,58.64811133200796,70.05900021451988,34.62582102671534,100.0,19.94506975,OK,OPTBBS_PARSE_300INDEX_QVIX,,,,False,False,1.0,True,OK,True,,,,,21.513008689690917,OK_REPLICA_ROLLING_MEDIAN_BASIS,AVIX_CLEAN_MINUS_PRIOR_252D_MEDIAN_AVIX_QVIX_SPREAD,,,50.0,,,,,,,50.0,,,,,,,,,,,,,,,,,,,,,,50.0,,,,True,True,False,False,False,False,OK,,,,,50.0,60.0,HIGH_RISK,高风险,WARN_BREADTH_MISSING|WARN_NOT_BRACKET_30D,62.0,62.0,100.0,REALIZED_VOL|DRAWDOWN|BREADTH|TURNOVER
2022-04-19,22.001159094826416,WARN_NOT_BRACKET_30D,61.82902584493042,73.51347731826523,50.01752338190259,60.0,19.84039876,OK,OPTBBS_PARSE_300INDEX_QVIX,,,,False,False,1.0,True,OK,True,,,,,21.925969637272868,OK_REPLICA_ROLLING_MEDIAN_BASIS,AVIX_CLEAN_MINUS_PRIOR_252D_MEDIAN_AVIX_QVIX_SPREAD,,,50.0,,,,,,,50.0,,,,,,,,,,,,,,,,,,,,,,50.0,,,,True,True,False,False,False,False,OK,,,,,50.0,57.8,CAUTION,警戒,WARN_BREADTH_MISSING|WARN_NOT_BRACKET_30D,62.0,62.0,100.0,REALIZED_VOL|DRAWDOWN|BREADTH|TURNOVER
2022-04-20,23.721044811376643,OK,76.1431411530815,88.01242091100661,63.213928410356246,60.0,19.82383749,OK,OPTBBS_PARSE_300INDEX_QVIX,,,,False,False,1.0,True,OK,True,,,,,23.645855353823094,OK_REPLICA_ROLLING_MEDIAN_BASIS,AVIX_CLEAN_MINUS_PRIOR_252D_MEDIAN_AVIX_QVIX_SPREAD,,,50.0,,,,,,,50.0,,,,,,,,,,,,,,,,,,,,,,50.0,,,,True,True,False,False,False,False,OK,,,,,50.0,64.9,HIGH_RISK,高风险,WARN_BREADTH_MISSING,62.0,62.0,100.0,REALIZED_VOL|DRAWDOWN|BREADTH|TURNOVER
2022-04-21,25.57489737176885,OK,84.29423459244532,100.0,89.93812862780558,60.0,21.6,OK,OPTBBS_PARSE_300INDEX_QVIX,,,,False,False,1.0,True,OK,True,,,,,25.4997079142153,OK_REPLICA_ROLLING_MEDIAN_BASIS,AVIX_CLEAN_MINUS_PRIOR_252D_MEDIAN_AVIX_QVIX_SPREAD,,,50.0,,,,,,,50.0,,,,,,,,,,,,,,,,,,,,,,50.0,,,,True,True,False,False,False,False,OK,,,,,50.0,71.0,HIGH_RISK,高风险,WARN_BREADTH_MISSING,62.0,62.0,100.0,REALIZED_VOL|DRAWDOWN|BREADTH|TURNOVER
2022-04-22,24.980523036690013,OK,83.1013916500994,97.30963064503936,86.2591326308428,60.0,21.07540753,OK,OPTBBS_PARSE_300INDEX_QVIX,,,,False,False,1.0,True,OK,True,,,,,24.89644369727754,OK_REPLICA_ROLLING_MEDIAN_BASIS,AVIX_CLEAN_MINUS_PRIOR_252D_MEDIAN_AVIX_QVIX_SPREAD,,,50.0,,,,,,,50.0,,,,,,,,,,,,,,,,,,,,,,50.0,,,,True,True,False,False,False,False,OK,,,,,50.0,70.0,HIGH_RISK,高风险,WARN_BREADTH_MISSING,62.0,62.0,100.0,REALIZED_VOL|DRAWDOWN|BREADTH|TURNOVER
2022-04-25,29.95564674387758,OK,94.03578528827038,100.0,100.0,60.0,21.28769151,OK,OPTBBS_PARSE_300INDEX_QVIX,,,,False,False,1.0,True,OK,True,,,,,29.86212512197829,OK_REPLICA_ROLLING_MEDIAN_BASIS,AVIX_CLEAN_MINUS_PRIOR_252D_MEDIAN_AVIX_QVIX_SPREAD,,,50.0,,,,,,,50.0,,,,,,,,,,,,,,,,,,,,,,50.0,,,,True,True,False,False,False,False,OK,,,,,50.0,74.5,HIGH_RISK,高风险,WARN_BREADTH_MISSING,62.0,62.0,100.0,REALIZED_VOL|DRAWDOWN|BREADTH|TURNOVER
2022-04-26,29.89139545653619,OK,94.03578528827038,100.0,100.0,60.0,19.34735465,OK,OPTBBS_PARSE_300INDEX_QVIX,,,,False,False,1.0,True,OK,True,,,,,29.797873834636903,OK_REPLICA_ROLLING_MEDIAN_BASIS,AVIX_CLEAN_MINUS_PRIOR_252D_MEDIAN_AVIX_QVIX_SPREAD,,,50.0,,,,,,,50.0,,,,,,,,,,,,,,,,,,,,,,50.0,,,,True,True,False,False,False,False,OK,,,,,50.0,74.5,HIGH_RISK,高风险,WARN_BREADTH_MISSING,62.0,62.0,100.0,REALIZED_VOL|DRAWDOWN|BREADTH|TURNOVER
2022-04-27,27.972420100177096,OK,91.05367793240556,100.0,85.84475576523923,30.0,21.19217047,OK,OPTBBS_PARSE_300INDEX_QVIX,,,,False,False,1.0,True,OK,True,,,,,27.878898478277808,OK_REPLICA_ROLLING_MEDIAN_BASIS,AVIX_CLEAN_MINUS_PRIOR_252D_MEDIAN_AVIX_QVIX_SPREAD,,,50.0,,,,,,,50.0,,,,,,,,,,,,,,,,,,,,,,50.0,,,,True,True,False,False,False,False,OK,,,,,50.0,69.0,HIGH_RISK,高风险,WARN_BREADTH_MISSING,62.0,62.0,100.0,REALIZED_VOL|DRAWDOWN|BREADTH|TURNOVER
2022-04-28,25.30897642519556,OK,84.29423459244532,94.04175882136886,47.92045346100331,30.0,20.24526079,OK,OPTBBS_PARSE_300INDEX_QVIX,,,,False,False,1.0,True,OK,True,,,,,25.21545480329627,OK_REPLICA_ROLLING_MEDIAN_BASIS,AVIX_CLEAN_MINUS_PRIOR_252D_MEDIAN_AVIX_QVIX_SPREAD,,,50.0,,,,,,,50.0,,,,,,,,,,,,,,,,,,,,,,50.0,,,,True,True,False,False,False,False,OK,,,,,50.0,63.2,HIGH_RISK,高风险,WARN_BREADTH_MISSING,62.0,62.0,100.0,REALIZED_VOL|DRAWDOWN|BREADTH|TURNOVER
2022-04-29,23.890861192890327,OK,77.33598409542743,83.04694653566403,41.275908497198,30.0,20.13994867,OK,OPTBBS_PARSE_300INDEX_QVIX,,,,False,False,1.0,True,OK,True,,,,,23.79733957099104,OK_REPLICA_ROLLING_MEDIAN_BASIS,AVIX_CLEAN_MINUS_PRIOR_252D_MEDIAN_AVIX_QVIX_SPREAD,,,50.0,,,,,,,50.0,,,,,,,,,,,,,,,,,,,,,,50.0,,,,True,True,False,False,False,False,OK,,,,,50.0,59.2,CAUTION,警戒,WARN_BREADTH_MISSING,62.0,62.0,100.0,REALIZED_VOL|DRAWDOWN|BREADTH|TURNOVER
2022-05-05,24.113613319778267,OK,79.72166998011929,84.38656459710984,10.995444538059765,30.0,20.42822079,OK,OPTBBS_PARSE_300INDEX_QVIX,,,,False,False,1.0,True,OK,True,,,,,24.02009169787898,OK_REPLICA_ROLLING_MEDIAN_BASIS,AVIX_CLEAN_MINUS_PRIOR_252D_MEDIAN_AVIX_QVIX_SPREAD,,,50.0,,,,,,,50.0,,,,,,,,,,,,,,,,,,,,,,50.0,,,,True,True,False,False,False,False,OK,,,,,50.0,57.6,CAUTION,警戒,WARN_BREADTH_MISSING,62.0,62.0,100.0,REALIZED_VOL|DRAWDOWN|BREADTH|TURNOVER
2022-05-06,25.565008663186006,OK,85.08946322067594,94.5743333229158,21.05262750518957,30.0,20.38936513,OK,OPTBBS_PARSE_300INDEX_QVIX,,,,False,False,1.0,True,OK,True,,,,,25.471487041286718,OK_REPLICA_ROLLING_MEDIAN_BASIS,AVIX_CLEAN_MINUS_PRIOR_252D_MEDIAN_AVIX_QVIX_SPREAD,,,50.0,,,,,,,50.0,,,,,,,,,,,,,,,,,,,,,,50.0,,,,True,True,False,False,False,False,OK,,,,,50.0,61.3,HIGH_RISK,高风险,WARN_BREADTH_MISSING,62.0,62.0,100.0,REALIZED_VOL|DRAWDOWN|BREADTH|TURNOVER
2022-05-09,26.36454557852461,OK,87.47514910536779,99.65962068422218,38.503858329781714,30.0,21.04767502,OK,OPTBBS_PARSE_300INDEX_QVIX,,,,False,False,1.0,True,OK,True,,,,,26.27102395662532,OK_REPLICA_ROLLING_MEDIAN_BASIS,AVIX_CLEAN_MINUS_PRIOR_252D_MEDIAN_AVIX_QVIX_SPREAD,,,50.0,,,,,,,50.0,,,,,,,,,,,,,,,,,,,,,,50.0,,,,True,True,False,False,False,False,OK,,,,,50.0,64.1,HIGH_RISK,高风险,WARN_BREADTH_MISSING,62.0,62.0,100.0,REALIZED_VOL|DRAWDOWN|BREADTH|TURNOVER
2022-05-10,25.87674665563153,OK,86.87872763419483,95.44439494038654,54.48671033468382,30.0,22.28671648,OK,OPTBBS_PARSE_300INDEX_QVIX,,,,False,False,1.0,True,OK,True,,,,,25.78322503373224,OK_REPLICA_ROLLING_MEDIAN_BASIS,AVIX_CLEAN_MINUS_PRIOR_252D_MEDIAN_AVIX_QVIX_SPREAD,,,50.0,,,,,,,50.0,,,,,,,,,,,,,,,,,,,,,,50.0,,,,True,True,False,False,False,False,OK,,,,,50.0,64.6,HIGH_RISK,高风险,WARN_BREADTH_MISSING,62.0,62.0,100.0,REALIZED_VOL|DRAWDOWN|BREADTH|TURNOVER
2022-05-11,25.285546735132407,OK,84.69184890656064,90.67882887286284,61.67547315253019,30.0,21.78861937,OK,OPTBBS_PARSE_300INDEX_QVIX,,,,False,False,1.0,True,OK,True,,,,,25.192025113233118,OK_REPLICA_ROLLING_MEDIAN_BASIS,AVIX_CLEAN_MINUS_PRIOR_252D_MEDIAN_AVIX_QVIX_SPREAD,,,50.0,,,,,,,50.0,,,,,,,,,,,,,,,,,,,,,,50.0,,,,True,True,False,False,False,False,OK,,,,,50.0,63.9,HIGH_RISK,高风险,WARN_BREADTH_MISSING,62.0,62.0,100.0,REALIZED_VOL|DRAWDOWN|BREADTH|TURNOVER
2022-05-12,25.60187686803554,OK,85.6858846918489,92.39171143589934,62.343762243517276,30.0,22.28170427,OK,OPTBBS_PARSE_300INDEX_QVIX,,,,False,False,1.0,True,OK,True,,,,,25.50835524613625,OK_REPLICA_ROLLING_MEDIAN_BASIS,AVIX_CLEAN_MINUS_PRIOR_252D_MEDIAN_AVIX_QVIX_SPREAD,,,50.0,,,,,,,50.0,,,,,,,,,,,,,,,,,,,,,,50.0,,,,True,True,False,False,False,False,OK,,,,,50.0,64.5,HIGH_RISK,高风险,WARN_BREADTH_MISSING,62.0,62.0,100.0,REALIZED_VOL|DRAWDOWN|BREADTH|TURNOVER
2022-05-13,24.732529373968543,OK,81.90854870775348,85.87782620846937,43.48735374835804,30.0,21.52425214,OK,OPTBBS_PARSE_300INDEX_QVIX,,,,False,False,1.0,True,OK,True,,,,,24.639007752069254,OK_REPLICA_ROLLING_MEDIAN_BASIS,AVIX_CLEAN_MINUS_PRIOR_252D_MEDIAN_AVIX_QVIX_SPREAD,,,50.0,,,,,,,50.0,,,,,,,,,,,,,,,,,,,,,,50.0,,,,True,True,False,False,False,False,OK,,,,,50.0,61.0,HIGH_RISK,高风险,WARN_BREADTH_MISSING,62.0,62.0,100.0,REALIZED_VOL|DRAWDOWN|BREADTH|TURNOVER
2022-05-16,25.130715719723405,WARN_NOT_BRACKET_30D,83.89662027833002,88.26292399695069,40.6402342105511,30.0,23.18795122,OK,OPTBBS_PARSE_300INDEX_QVIX,,,,False,False,1.0,True,OK,True,,,,,25.037194097824116,OK_REPLICA_ROLLING_MEDIAN_BASIS,AVIX_CLEAN_MINUS_PRIOR_252D_MEDIAN_AVIX_QVIX_SPREAD,,,50.0,,,,,,,50.0,,,,,,,,,,,,,,,,,,,,,,50.0,,,,True,True,False,False,False,False,OK,,,,,50.0,61.7,HIGH_RISK,高风险,WARN_BREADTH_MISSING|WARN_NOT_BRACKET_30D,62.0,62.0,100.0,REALIZED_VOL|DRAWDOWN|BREADTH|TURNOVER
2022-05-17,23.64334636972852,WARN_NOT_BRACKET_30D,75.14910536779324,77.66585310389623,32.738167856839475,30.0,22.27652761,OK,OPTBBS_PARSE_300INDEX_QVIX,,,,False,False,1.0,True,OK,True,,,,,23.541788656505847,OK_REPLICA_ROLLING_MEDIAN_BASIS,AVIX_CLEAN_MINUS_PRIOR_252D_MEDIAN_AVIX_QVIX_SPREAD,,,50.0,,,,,,,50.0,,,,,,,,,,,,,,,,,,,,,,50.0,,,,True,True,False,False,False,False,OK,,,,,50.0,57.1,CAUTION,警戒,WARN_BREADTH_MISSING|WARN_NOT_BRACKET_30D,62.0,62.0,100.0,REALIZED_VOL|DRAWDOWN|BREADTH|TURNOVER
2022-05-18,23.623587918208795,OK,74.75149105367794,77.34855492506972,36.85447592387281,30.0,22.79699317,OK,OPTBBS_PARSE_300INDEX_QVIX,,,,False,False,1.0,True,OK,True,,,,,23.522030204986123,OK_REPLICA_ROLLING_MEDIAN_BASIS,AVIX_CLEAN_MINUS_PRIOR_252D_MEDIAN_AVIX_QVIX_SPREAD,,,50.0,,,,,,,50.0,,,,,,,,,,,,,,,,,,,,,,50.0,,,,True,True,False,False,False,False,OK,,,,,50.0,57.3,CAUTION,警戒,WARN_BREADTH_MISSING,62.0,62.0,100.0,REALIZED_VOL|DRAWDOWN|BREADTH|TURNOVER
2022-05-19,23.141167064331945,OK,71.17296222664015,73.88177315286919,30.77711398748395,30.0,21.57247765,OK,OPTBBS_PARSE_300INDEX_QVIX,,,,False,False,1.0,True,OK,True,,,,,23.039609351109274,OK_REPLICA_ROLLING_MEDIAN_BASIS,AVIX_CLEAN_MINUS_PRIOR_252D_MEDIAN_AVIX_QVIX_SPREAD,,,50.0,,,,,,,50.0,,,,,,,,,,,,,,,,,,,,,,50.0,,,,True,True,False,False,False,False,OK,,,,,50.0,55.3,CAUTION,警戒,WARN_BREADTH_MISSING,62.0,62.0,100.0,REALIZED_VOL|DRAWDOWN|BREADTH|TURNOVER
2022-05-20,22.44726537657026,OK,64.61232604373758,68.99159095723289,31.52017561290301,30.0,16.91670494,OK,OPTBBS_PARSE_300INDEX_QVIX,,,,False,False,1.0,True,OK,True,,,,,22.34570766334759,OK_REPLICA_ROLLING_MEDIAN_BASIS,AVIX_CLEAN_MINUS_PRIOR_252D_MEDIAN_AVIX_QVIX_SPREAD,,,50.0,,,,,,,50.0,,,,,,,,,,,,,,,,,,,,,,50.0,,,,True,True,False,False,False,False,OK,,,,,50.0,52.9,CAUTION,警戒,WARN_BREADTH_MISSING,62.0,62.0,100.0,REALIZED_VOL|DRAWDOWN|BREADTH|TURNOVER
2022-05-23,22.152225279202657,OK,62.22664015904572,66.88029963781449,26.296015809982443,30.0,17.16749505,OK,OPTBBS_PARSE_300INDEX_QVIX,,,,False,False,1.0,True,OK,True,,,,,22.050667565979985,OK_REPLICA_ROLLING_MEDIAN_BASIS,AVIX_CLEAN_MINUS_PRIOR_252D_MEDIAN_AVIX_QVIX_SPREAD,,,50.0,,,,,,,50.0,,,,,,,,,,,,,,,,,,,,,,50.0,,,,True,True,False,False,False,False,OK,,,,,50.0,51.5,CAUTION,警戒,WARN_BREADTH_MISSING,62.0,62.0,100.0,REALIZED_VOL|DRAWDOWN|BREADTH|TURNOVER
2022-05-24,22.99181369127446,OK,69.78131212723659,72.53921469846347,44.48865936094188,30.0,19.04,OK,OPTBBS_PARSE_300INDEX_QVIX,,,,False,False,1.0,True,OK,True,,,,,22.890255978051787,OK_REPLICA_ROLLING_MEDIAN_BASIS,AVIX_CLEAN_MINUS_PRIOR_252D_MEDIAN_AVIX_QVIX_SPREAD,,,50.0,,,,,,,50.0,,,,,,,,,,,,,,,,,,,,,,50.0,,,,True,True,False,False,False,False,OK,,,,,50.0,55.9,CAUTION,警戒,WARN_BREADTH_MISSING,62.0,62.0,100.0,REALIZED_VOL|DRAWDOWN|BREADTH|TURNOVER
2022-05-25,22.55693044946599,OK,65.20874751491054,69.4348155830292,40.96955574711294,30.0,19.41,OK,OPTBBS_PARSE_300INDEX_QVIX,,,,False,False,1.0,True,OK,True,,,,,22.45537273624332,OK_REPLICA_ROLLING_MEDIAN_BASIS,AVIX_CLEAN_MINUS_PRIOR_252D_MEDIAN_AVIX_QVIX_SPREAD,,,50.0,,,,,,,50.0,,,,,,,,,,,,,,,,,,,,,,50.0,,,,True,True,False,False,False,False,OK,,,,,50.0,53.9,CAUTION,警戒,WARN_BREADTH_MISSING,62.0,62.0,100.0,REALIZED_VOL|DRAWDOWN|BREADTH|TURNOVER
2022-05-26,21.53792326454285,OK,58.05168986083499,62.39989352189048,36.14379477636447,30.0,18.46115878,OK,OPTBBS_PARSE_300INDEX_QVIX,,,,False,False,1.0,True,OK,True,,,,,21.43636555132018,OK_REPLICA_ROLLING_MEDIAN_BASIS,AVIX_CLEAN_MINUS_PRIOR_252D_MEDIAN_AVIX_QVIX_SPREAD,,,50.0,,,,,,,50.0,,,,,,,,,,,,,,,,,,,,,,50.0,,,,True,True,False,False,False,False,OK,,,,,50.0,50.5,CAUTION,警戒,WARN_BREADTH_MISSING,62.0,62.0,100.0,REALIZED_VOL|DRAWDOWN|BREADTH|TURNOVER
2022-05-27,21.279579272309253,OK,56.2624254473161,60.60924438923995,39.596183903275794,30.0,17.93939669,OK,OPTBBS_PARSE_300INDEX_QVIX,,,,False,False,1.0,True,OK,True,,,,,21.17802155908658,OK_REPLICA_ROLLING_MEDIAN_BASIS,AVIX_CLEAN_MINUS_PRIOR_252D_MEDIAN_AVIX_QVIX_SPREAD,,,50.0,,,,,,,50.0,,,,,,,,,,,,,,,,,,,,,,50.0,,,,True,True,False,False,False,False,OK,,,,,50.0,50.0,CAUTION,警戒,WARN_BREADTH_MISSING,62.0,62.0,100.0,REALIZED_VOL|DRAWDOWN|BREADTH|TURNOVER
2022-05-30,21.81563056576237,OK,60.039761431411534,64.26146737369565,46.96107538454572,30.0,17.28320474,OK,OPTBBS_PARSE_300INDEX_QVIX,,,,False,False,1.0,True,OK,True,,,,,21.714072852539697,OK_REPLICA_ROLLING_MEDIAN_BASIS,AVIX_CLEAN_MINUS_PRIOR_252D_MEDIAN_AVIX_QVIX_SPREAD,,,50.0,,,,,,,50.0,,,,,,,,,,,,,,,,,,,,,,50.0,,,,True,True,False,False,False,False,OK,,,,,50.0,52.2,CAUTION,警戒,WARN_BREADTH_MISSING,62.0,62.0,100.0,REALIZED_VOL|DRAWDOWN|BREADTH|TURNOVER
2022-05-31,21.913905456975407,OK,60.437375745526836,64.91056274156384,40.62354759156626,30.0,19.3,OK,OPTBBS_PARSE_300INDEX_QVIX,,,,False,False,1.0,True,OK,True,,,,,21.812347743752735,OK_REPLICA_ROLLING_MEDIAN_BASIS,AVIX_CLEAN_MINUS_PRIOR_252D_MEDIAN_AVIX_QVIX_SPREAD,,,50.0,,,,,,,50.0,,,,,,,,,,,,,,,,,,,,,,50.0,,,,True,True,False,False,False,False,OK,,,,,50.0,51.9,CAUTION,警戒,WARN_BREADTH_MISSING,62.0,62.0,100.0,REALIZED_VOL|DRAWDOWN|BREADTH|TURNOVER
2022-06-01,21.719522927022123,OK,59.24453280318092,63.604401929773715,42.57516421110663,30.0,19.41,OK,OPTBBS_PARSE_300INDEX_QVIX,,,,False,False,1.0,True,OK,True,,,,,21.61796521379945,OK_REPLICA_ROLLING_MEDIAN_BASIS,AVIX_CLEAN_MINUS_PRIOR_252D_MEDIAN_AVIX_QVIX_SPREAD,,,50.0,,,,,,,50.0,,,,,,,,,,,,,,,,,,,,,,50.0,,,,True,True,False,False,False,False,OK,,,,,50.0,51.5,CAUTION,警戒,WARN_BREADTH_MISSING,62.0,62.0,100.0,REALIZED_VOL|DRAWDOWN|BREADTH|TURNOVER
2022-06-02,21.50285639906178,OK,57.45526838966203,62.15385321335934,49.67437096835794,30.0,21.5876206,OK,OPTBBS_PARSE_300INDEX_QVIX,,,,False,False,1.0,True,OK,True,,,,,21.372204108893328,OK_REPLICA_ROLLING_MEDIAN_BASIS,AVIX_CLEAN_MINUS_PRIOR_252D_MEDIAN_AVIX_QVIX_SPREAD,,,50.0,,,,,,,50.0,,,,,,,,,,,,,,,,,,,,,,50.0,,,,True,True,False,False,False,False,OK,,,,,50.0,51.4,CAUTION,警戒,WARN_BREADTH_MISSING,62.0,62.0,100.0,REALIZED_VOL|DRAWDOWN|BREADTH|TURNOVER
2022-06-06,22.357028918286144,OK,64.21471172962227,67.9904836757328,60.126606660677325,30.0,22.81156197,OK,OPTBBS_PARSE_300INDEX_QVIX,,,,False,False,1.0,True,OK,True,,,,,22.255471205063472,OK_REPLICA_ROLLING_MEDIAN_BASIS,AVIX_CLEAN_MINUS_PRIOR_252D_MEDIAN_AVIX_QVIX_SPREAD,,,50.0,,,,,,,50.0,,,,,,,,,,,,,,,,,,,,,,50.0,,,,True,True,False,False,False,False,OK,,,,,50.0,54.9,CAUTION,警戒,WARN_BREADTH_MISSING,62.0,62.0,100.0,REALIZED_VOL|DRAWDOWN|BREADTH|TURNOVER
2022-06-07,22.39220936930677,OK,64.61232604373758,68.18963300920772,55.28592379492609,30.0,23.1146231,OK,OPTBBS_PARSE_300INDEX_QVIX,,,,False,False,1.0,True,OK,True,,,,,22.29868774740748,OK_REPLICA_ROLLING_MEDIAN_BASIS,AVIX_CLEAN_MINUS_PRIOR_252D_MEDIAN_AVIX_QVIX_SPREAD,,,50.0,,,,,,,50.0,,,,,,,,,,,,,,,,,,,,,,50.0,,,,True,True,False,False,False,False,OK,,,,,50.0,54.7,CAUTION,警戒,WARN_BREADTH_MISSING,62.0,62.0,100.0,REALIZED_VOL|DRAWDOWN|BREADTH|TURNOVER
2022-06-08,22.826791670580626,OK,67.59443339960238,71.06778195572305,58.33157024791888,30.0,23.44110511,OK,OPTBBS_PARSE_300INDEX_QVIX,,,,False,False,1.0,True,OK,True,,,,,22.751602213027077,OK_REPLICA_ROLLING_MEDIAN_BASIS,AVIX_CLEAN_MINUS_PRIOR_252D_MEDIAN_AVIX_QVIX_SPREAD,,,50.0,,,,,,,50.0,,,,,,,,,,,,,,,,,,,,,,50.0,,,,True,True,False,False,False,False,OK,,,,,50.0,56.1,CAUTION,警戒,WARN_BREADTH_MISSING,62.0,62.0,100.0,REALIZED_VOL|DRAWDOWN|BREADTH|TURNOVER
2022-06-09,22.33473052605084,OK,63.41948310139165,67.63891004047505,55.66501944905351,30.0,22.30961136,OK,OPTBBS_PARSE_300INDEX_QVIX,,,,False,False,1.0,True,OK,True,,,,,22.259541068497292,OK_REPLICA_ROLLING_MEDIAN_BASIS,AVIX_CLEAN_MINUS_PRIOR_252D_MEDIAN_AVIX_QVIX_SPREAD,,,50.0,,,,,,,50.0,,,,,,,,,,,,,,,,,,,,,,50.0,,,,True,True,False,False,False,False,OK,,,,,50.0,54.3,CAUTION,警戒,WARN_BREADTH_MISSING,62.0,62.0,100.0,REALIZED_VOL|DRAWDOWN|BREADTH|TURNOVER
2022-06-10,22.07012081576707,OK,61.23260437375746,65.8721942306835,55.27617732433016,30.0,22.15196338,OK,OPTBBS_PARSE_300INDEX_QVIX,,,,False,False,1.0,True,OK,True,,,,,22.003309402218868,OK_REPLICA_ROLLING_MEDIAN_BASIS,AVIX_CLEAN_MINUS_PRIOR_252D_MEDIAN_AVIX_QVIX_SPREAD,,,50.0,,,,,,,50.0,,,,,,,,,,,,,,,,,,,,,,50.0,,,,True,True,False,False,False,False,OK,,,,,50.0,53.4,CAUTION,警戒,WARN_BREADTH_MISSING,62.0,62.0,100.0,REALIZED_VOL|DRAWDOWN|BREADTH|TURNOVER
2022-06-13,22.83034466669748,WARN_NOT_BRACKET_30D,67.79324055666004,71.0823208856388,54.23415606913857,30.0,23.72446749,OK,OPTBBS_PARSE_300INDEX_QVIX,,,,False,False,1.0,True,OK,True,,,,,22.782704671640722,OK_REPLICA_ROLLING_MEDIAN_BASIS,AVIX_CLEAN_MINUS_PRIOR_252D_MEDIAN_AVIX_QVIX_SPREAD,,,50.0,,,,,,,50.0,,,,,,,,,,,,,,,,,,,,,,50.0,,,,True,True,False,False,False,False,OK,,,,,50.0,55.9,CAUTION,警戒,WARN_BREADTH_MISSING|WARN_NOT_BRACKET_30D,62.0,62.0,100.0,REALIZED_VOL|DRAWDOWN|BREADTH|TURNOVER
2022-06-14,22.836748150882936,WARN_NOT_BRACKET_30D,67.9920477137177,71.17123100543125,53.97047718020627,30.0,24.41778115,OK,OPTBBS_PARSE_300INDEX_QVIX,,,,False,False,1.0,True,OK,True,,,,,22.79033889700023,OK_REPLICA_ROLLING_MEDIAN_BASIS,AVIX_CLEAN_MINUS_PRIOR_252D_MEDIAN_AVIX_QVIX_SPREAD,,,50.0,,,,,,,50.0,,,,,,,,,,,,,,,,,,,,,,50.0,,,,True,True,False,False,False,False,OK,,,,,50.0,55.9,CAUTION,警戒,WARN_BREADTH_MISSING|WARN_NOT_BRACKET_30D,62.0,62.0,100.0,REALIZED_VOL|DRAWDOWN|BREADTH|TURNOVER
2022-06-15,23.615660185551228,OK,74.55268389662028,76.49142405470559,56.91177740923883,30.0,24.77647546,OK,OPTBBS_PARSE_300INDEX_QVIX,,,,False,False,1.0,True,OK,True,,,,,23.575874926281507,OK_REPLICA_ROLLING_MEDIAN_BASIS,AVIX_CLEAN_MINUS_PRIOR_252D_MEDIAN_AVIX_QVIX_SPREAD,,,50.0,,,,,,,50.0,,,,,,,,,,,,,,,,,,,,,,50.0,,,,True,True,False,False,False,False,OK,,,,,50.0,58.7,CAUTION,警戒,WARN_BREADTH_MISSING,62.0,62.0,100.0,REALIZED_VOL|DRAWDOWN|BREADTH|TURNOVER
2022-06-16,23.145495913674942,OK,71.37176938369781,73.32877115280559,57.26013136069352,30.0,22.85324123,OK,OPTBBS_PARSE_300INDEX_QVIX,,,,False,False,1.0,True,OK,True,,,,,23.10581583903346,OK_REPLICA_ROLLING_MEDIAN_BASIS,AVIX_CLEAN_MINUS_PRIOR_252D_MEDIAN_AVIX_QVIX_SPREAD,,,50.0,,,,,,,50.0,,,,,,,,,,,,,,,,,,,,,,50.0,,,,True,True,False,False,False,False,OK,,,,,50.0,57.4,CAUTION,警戒,WARN_BREADTH_MISSING,62.0,62.0,100.0,REALIZED_VOL|DRAWDOWN|BREADTH|TURNOVER
2022-06-17,23.149607923548547,OK,71.37176938369781,73.4139761332205,59.782339814019366,30.0,16.89019821,OK,OPTBBS_PARSE_300INDEX_QVIX,,,,False,False,1.0,True,OK,True,,,,,23.109927848907066,OK_REPLICA_ROLLING_MEDIAN_BASIS,AVIX_CLEAN_MINUS_PRIOR_252D_MEDIAN_AVIX_QVIX_SPREAD,,,50.0,,,,,,,50.0,,,,,,,,,,,,,,,,,,,,,,50.0,,,,True,True,False,False,False,False,OK,,,,,50.0,57.6,CAUTION,警戒,WARN_BREADTH_MISSING,62.0,62.0,100.0,REALIZED_VOL|DRAWDOWN|BREADTH|TURNOVER
2022-06-20,22.98161916710912,OK,68.78727634194831,72.22359595226827,51.325205577227216,30.0,24.05596244,OK,OPTBBS_PARSE_300INDEX_QVIX,,,,False,False,1.0,True,OK,True,,,,,22.94193909246764,OK_REPLICA_ROLLING_MEDIAN_BASIS,AVIX_CLEAN_MINUS_PRIOR_252D_MEDIAN_AVIX_QVIX_SPREAD,,,50.0,,,,,,,50.0,,,,,,,,,,,,,,,,,,,,,,50.0,,,,True,True,False,False,False,False,OK,,,,,50.0,56.1,CAUTION,警戒,WARN_BREADTH_MISSING,62.0,62.0,100.0,REALIZED_VOL|DRAWDOWN|BREADTH|TURNOVER
2022-06-21,22.469503310026777,OK,63.618290258449306,68.65203223142339,46.783737873450605,30.0,23.68974517,OK,OPTBBS_PARSE_300INDEX_QVIX,,,,False,False,1.0,True,OK,True,,,,,22.44079663702271,OK_REPLICA_ROLLING_MEDIAN_BASIS,AVIX_CLEAN_MINUS_PRIOR_252D_MEDIAN_AVIX_QVIX_SPREAD,,,50.0,,,,,,,50.0,,,,,,,,,,,,,,,,,,,,,,50.0,,,,True,True,False,False,False,False,OK,,,,,50.0,53.8,CAUTION,警戒,WARN_BREADTH_MISSING,62.0,62.0,100.0,REALIZED_VOL|DRAWDOWN|BREADTH|TURNOVER
2022-06-22,21.67077907996492,OK,56.461232604373755,63.15705561024856,33.52888642277936,30.0,22.9,OK,OPTBBS_PARSE_300INDEX_QVIX,,,,False,False,1.0,True,OK,True,,,,,21.64565991391408,OK_REPLICA_ROLLING_MEDIAN_BASIS,AVIX_CLEAN_MINUS_PRIOR_252D_MEDIAN_AVIX_QVIX_SPREAD,,,50.0,,,,,,,50.0,,,,,,,,,,,,,,,,,,,,,,50.0,,,,True,True,False,False,False,False,OK,,,,,50.0,49.9,CAUTION,警戒,WARN_BREADTH_MISSING,62.0,62.0,100.0,REALIZED_VOL|DRAWDOWN|BREADTH|TURNOVER
2022-06-23,21.39685688226765,OK,54.47316103379721,61.304303595684885,34.89002752043733,30.0,22.86933212,OK,OPTBBS_PARSE_300INDEX_QVIX,,,,False,False,1.0,True,OK,True,,,,,21.37440381218113,OK_REPLICA_ROLLING_MEDIAN_BASIS,AVIX_CLEAN_MINUS_PRIOR_252D_MEDIAN_AVIX_QVIX_SPREAD,,,50.0,,,,,,,50.0,,,,,,,,,,,,,,,,,,,,,,50.0,,,,True,True,False,False,False,False,OK,,,,,50.0,49.2,CAUTION,警戒,WARN_BREADTH_MISSING,62.0,62.0,100.0,REALIZED_VOL|DRAWDOWN|BREADTH|TURNOVER
2022-06-24,20.99457897975624,OK,50.89463220675944,58.585960706677994,31.381724036888414,30.0,23.2,OK,OPTBBS_PARSE_300INDEX_QVIX,,,,False,False,1.0,True,OK,True,,,,,20.97212590966972,OK_REPLICA_ROLLING_MEDIAN_BASIS,AVIX_CLEAN_MINUS_PRIOR_252D_MEDIAN_AVIX_QVIX_SPREAD,,,50.0,,,,,,,50.0,,,,,,,,,,,,,,,,,,,,,,50.0,,,,True,True,False,False,False,False,OK,,,,,50.0,47.6,CAUTION,警戒,WARN_BREADTH_MISSING,62.0,62.0,100.0,REALIZED_VOL|DRAWDOWN|BREADTH|TURNOVER
2022-06-27,21.850125408008,OK,58.05168986083499,64.45311943584018,40.15305448346744,30.0,24.36629905,OK,OPTBBS_PARSE_300INDEX_QVIX,,,,False,False,1.0,True,OK,True,,,,,21.82767233792148,OK_REPLICA_ROLLING_MEDIAN_BASIS,AVIX_CLEAN_MINUS_PRIOR_252D_MEDIAN_AVIX_QVIX_SPREAD,,,50.0,,,,,,,50.0,,,,,,,,,,,,,,,,,,,,,,50.0,,,,True,True,False,False,False,False,OK,,,,,50.0,51.1,CAUTION,警戒,WARN_BREADTH_MISSING,62.0,62.0,100.0,REALIZED_VOL|DRAWDOWN|BREADTH|TURNOVER
2022-06-28,21.86121518531329,OK,58.05168986083499,64.49126682331942,44.58565579914671,30.0,24.87,OK,OPTBBS_PARSE_300INDEX_QVIX,,,,False,False,1.0,True,OK,True,,,,,21.83876211522677,OK_REPLICA_ROLLING_MEDIAN_BASIS,AVIX_CLEAN_MINUS_PRIOR_252D_MEDIAN_AVIX_QVIX_SPREAD,,,50.0,,,,,,,50.0,,,,,,,,,,,,,,,,,,,,,,50.0,,,,True,True,False,False,False,False,OK,,,,,50.0,51.5,CAUTION,警戒,WARN_BREADTH_MISSING,62.0,62.0,100.0,REALIZED_VOL|DRAWDOWN|BREADTH|TURNOVER
2022-06-29,22.283196098458944,OK,61.63021868787276,67.32185750887143,55.65200739884997,30.0,23.92,OK,OPTBBS_PARSE_300INDEX_QVIX,,,,False,False,1.0,True,OK,True,,,,,22.275634497798098,OK_REPLICA_ROLLING_MEDIAN_BASIS,AVIX_CLEAN_MINUS_PRIOR_252D_MEDIAN_AVIX_QVIX_SPREAD,,,50.0,,,,,,,50.0,,,,,,,,,,,,,,,,,,,,,,50.0,,,,True,True,False,False,False,False,OK,,,,,50.0,53.7,CAUTION,警戒,WARN_BREADTH_MISSING,62.0,62.0,100.0,REALIZED_VOL|DRAWDOWN|BREADTH|TURNOVER
2022-06-30,22.81418145471624,OK,66.2027833001988,70.8485043917654,63.247969832645666,30.0,25.36449136,OK,OPTBBS_PARSE_300INDEX_QVIX,,,,False,False,1.0,True,OK,True,,,,,22.81171386623937,OK_REPLICA_ROLLING_MEDIAN_BASIS,AVIX_CLEAN_MINUS_PRIOR_252D_MEDIAN_AVIX_QVIX_SPREAD,,,50.0,,,,,,,50.0,,,,,,,,,,,,,,,,,,,,,,50.0,,,,True,True,False,False,False,False,OK,,,,,50.0,56.1,CAUTION,警戒,WARN_BREADTH_MISSING,62.0,62.0,100.0,REALIZED_VOL|DRAWDOWN|BREADTH|TURNOVER
2022-07-01,22.481342182399867,OK,63.618290258449306,68.50302761742287,64.16330571884501,30.0,25.00728385,OK,OPTBBS_PARSE_300INDEX_QVIX,,,,False,False,1.0,True,OK,True,,,,,22.478874593922995,OK_REPLICA_ROLLING_MEDIAN_BASIS,AVIX_CLEAN_MINUS_PRIOR_252D_MEDIAN_AVIX_QVIX_SPREAD,,,50.0,,,,,,,50.0,,,,,,,,,,,,,,,,,,,,,,50.0,,,,True,True,False,False,False,False,OK,,,,,50.0,55.1,CAUTION,警戒,WARN_BREADTH_MISSING,62.0,62.0,100.0,REALIZED_VOL|DRAWDOWN|BREADTH|TURNOVER
2022-07-04,22.824731080916933,OK,66.2027833001988,70.72572113810915,58.9208245235219,30.0,25.95450976,OK,OPTBBS_PARSE_300INDEX_QVIX,,,,False,False,1.0,True,OK,True,,,,,22.82226349244006,OK_REPLICA_ROLLING_MEDIAN_BASIS,AVIX_CLEAN_MINUS_PRIOR_252D_MEDIAN_AVIX_QVIX_SPREAD,,,50.0,,,,,,,50.0,,,,,,,,,,,,,,,,,,,,,,50.0,,,,True,True,False,False,False,False,OK,,,,,50.0,55.8,CAUTION,警戒,WARN_BREADTH_MISSING,62.0,62.0,100.0,REALIZED_VOL|DRAWDOWN|BREADTH|TURNOVER
2022-07-05,22.80058496101582,OK,65.60636182902584,70.43322254206099,58.59393924573424,30.0,26.00086491,OK,OPTBBS_PARSE_300INDEX_QVIX,,,,False,False,1.0,True,OK,True,,,,,22.808739070554928,OK_REPLICA_ROLLING_MEDIAN_BASIS,AVIX_CLEAN_MINUS_PRIOR_252D_MEDIAN_AVIX_QVIX_SPREAD,,,50.0,,,,,,,50.0,,,,,,,,,,,,,,,,,,,,,,50.0,,,,True,True,False,False,False,False,OK,,,,,50.0,55.5,CAUTION,警戒,WARN_BREADTH_MISSING,62.0,62.0,100.0,REALIZED_VOL|DRAWDOWN|BREADTH|TURNOVER
2022-07-06,23.26806360283658,OK,71.96819085487077,73.45144449051581,58.839553356941906,30.0,25.05550217,OK,OPTBBS_PARSE_300INDEX_QVIX,,,,False,False,1.0,True,OK,True,,,,,23.28018993836599,OK_REPLICA_ROLLING_MEDIAN_BASIS,AVIX_CLEAN_MINUS_PRIOR_252D_MEDIAN_AVIX_QVIX_SPREAD,,,50.0,,,,,,,50.0,,,,,,,,,,,,,,,,,,,,,,50.0,,,,True,True,False,False,False,False,OK,,,,,50.0,57.7,CAUTION,警戒,WARN_BREADTH_MISSING,62.0,62.0,100.0,REALIZED_VOL|DRAWDOWN|BREADTH|TURNOVER
2022-07-07,22.93167497558965,OK,67.79324055666004,71.03228918779,51.03000426385336,30.0,25.30407691,OK,OPTBBS_PARSE_300INDEX_QVIX,,,,False,False,1.0,True,OK,True,,,,,22.957793274114813,OK_REPLICA_ROLLING_MEDIAN_BASIS,AVIX_CLEAN_MINUS_PRIOR_252D_MEDIAN_AVIX_QVIX_SPREAD,,,50.0,,,,,,,50.0,,,,,,,,,,,,,,,,,,,,,,50.0,,,,True,True,False,False,False,False,OK,,,,,50.0,55.6,CAUTION,警戒,WARN_BREADTH_MISSING,62.0,62.0,100.0,REALIZED_VOL|DRAWDOWN|BREADTH|TURNOVER
2022-07-08,22.18283883095713,OK,59.24453280318092,65.8584932775411,47.34443478489083,30.0,24.28248649,OK,OPTBBS_PARSE_300INDEX_QVIX,,,,False,False,1.0,True,OK,True,,,,,22.208957129482293,OK_REPLICA_ROLLING_MEDIAN_BASIS,AVIX_CLEAN_MINUS_PRIOR_252D_MEDIAN_AVIX_QVIX_SPREAD,,,50.0,,,,,,,50.0,,,,,,,,,,,,,,,,,,,,,,50.0,,,,True,True,False,False,False,False,OK,,,,,50.0,52.2,CAUTION,警戒,WARN_BREADTH_MISSING,62.0,62.0,100.0,REALIZED_VOL|DRAWDOWN|BREADTH|TURNOVER
2022-07-11,23.009089900835267,WARN_NOT_BRACKET_30D,69.78131212723659,71.28016984375886,51.61543037913354,30.0,24.5414327,OK,OPTBBS_PARSE_300INDEX_QVIX,,,,False,False,1.0,True,OK,True,,,,,23.038067432546544,OK_REPLICA_ROLLING_MEDIAN_BASIS,AVIX_CLEAN_MINUS_PRIOR_252D_MEDIAN_AVIX_QVIX_SPREAD,,,50.0,,,,,,,50.0,,,,,,,,,,,,,,,,,,,,,,50.0,,,,True,True,False,False,False,False,OK,,,,,50.0,56.2,CAUTION,警戒,WARN_BREADTH_MISSING|WARN_NOT_BRACKET_30D,62.0,62.0,100.0,REALIZED_VOL|DRAWDOWN|BREADTH|TURNOVER
2022-07-12,22.17328148084337,WARN_NOT_BRACKET_30D,58.8469184890656,65.53456461768145,44.49747906691866,30.0,23.30505366,OK,OPTBBS_PARSE_300INDEX_QVIX,,,,False,False,1.0,True,OK,True,,,,,22.20668855431684,OK_REPLICA_ROLLING_MEDIAN_BASIS,AVIX_CLEAN_MINUS_PRIOR_252D_MEDIAN_AVIX_QVIX_SPREAD,,,50.0,,,,,,,50.0,,,,,,,,,,,,,,,,,,,,,,50.0,,,,True,True,False,False,False,False,OK,,,,,50.0,51.8,CAUTION,警戒,WARN_BREADTH_MISSING|WARN_NOT_BRACKET_30D,62.0,62.0,100.0,REALIZED_VOL|DRAWDOWN|BREADTH|TURNOVER
2022-07-13,21.81304056079934,WARN_NOT_BRACKET_30D,55.26838966202783,63.023655500423246,37.49338950698191,30.0,22.17740605,OK,OPTBBS_PARSE_300INDEX_QVIX,,,,False,False,1.0,True,OK,True,,,,,21.857798629733658,OK_REPLICA_ROLLING_MEDIAN_BASIS,AVIX_CLEAN_MINUS_PRIOR_252D_MEDIAN_AVIX_QVIX_SPREAD,,,50.0,,,,,,,50.0,,,,,,,,,,,,,,,,,,,,,,50.0,,,,True,True,False,False,False,False,OK,,,,,50.0,49.9,CAUTION,警戒,WARN_BREADTH_MISSING|WARN_NOT_BRACKET_30D,62.0,62.0,100.0,REALIZED_VOL|DRAWDOWN|BREADTH|TURNOVER
2022-07-14,21.162192418426923,WARN_NOT_BRACKET_30D,49.90059642147117,58.574658513373556,34.56735010376424,30.0,22.23735033,OK,OPTBBS_PARSE_300INDEX_QVIX,,,,False,False,1.0,True,OK,True,,,,,21.2230890481145,OK_REPLICA_ROLLING_MEDIAN_BASIS,AVIX_CLEAN_MINUS_PRIOR_252D_MEDIAN_AVIX_QVIX_SPREAD,,,50.0,,,,,,,50.0,,,,,,,,,,,,,,,,,,,,,,50.0,,,,True,True,False,False,False,False,OK,,,,,50.0,47.5,CAUTION,警戒,WARN_BREADTH_MISSING|WARN_NOT_BRACKET_30D,62.0,62.0,100.0,REALIZED_VOL|DRAWDOWN|BREADTH|TURNOVER
2022-07-15,21.76861966534784,WARN_NOT_BRACKET_30D,54.87077534791253,62.57908970148466,46.265408870651555,30.0,22.18139438,OK,OPTBBS_PARSE_300INDEX_QVIX,,,,False,False,1.0,True,OK,True,,,,,21.847376418407187,OK_REPLICA_ROLLING_MEDIAN_BASIS,AVIX_CLEAN_MINUS_PRIOR_252D_MEDIAN_AVIX_QVIX_SPREAD,,,50.0,,,,,,,50.0,,,,,,,,,,,,,,,,,,,,,,50.0,,,,True,True,False,False,False,False,OK,,,,,50.0,50.4,CAUTION,警戒,WARN_BREADTH_MISSING|WARN_NOT_BRACKET_30D,62.0,62.0,100.0,REALIZED_VOL|DRAWDOWN|BREADTH|TURNOVER
2022-07-18,21.574436127856,WARN_NOT_BRACKET_30D,53.08151093439364,61.19614758428173,37.52967823445128,30.0,22.31362476,OK,OPTBBS_PARSE_300INDEX_QVIX,,,,False,False,1.0,True,OK,True,,,,,21.656278692088932,OK_REPLICA_ROLLING_MEDIAN_BASIS,AVIX_CLEAN_MINUS_PRIOR_252D_MEDIAN_AVIX_QVIX_SPREAD,,,50.0,,,,,,,50.0,,,,,,,,,,,,,,,,,,,,,,50.0,,,,True,True,False,False,False,False,OK,,,,,50.0,49.0,CAUTION,警戒,WARN_BREADTH_MISSING|WARN_NOT_BRACKET_30D,62.0,62.0,100.0,REALIZED_VOL|DRAWDOWN|BREADTH|TURNOVER
2022-07-19,21.63903530831088,WARN_NOT_BRACKET_30D,53.47912524850894,61.54936543074403,45.18117178105503,30.0,22.17575634,OK,OPTBBS_PARSE_300INDEX_QVIX,,,,False,False,1.0,True,OK,True,,,,,21.7237995092491,OK_REPLICA_ROLLING_MEDIAN_BASIS,AVIX_CLEAN_MINUS_PRIOR_252D_MEDIAN_AVIX_QVIX_SPREAD,,,50.0,,,,,,,50.0,,,,,,,,,,,,,,,,,,,,,,50.0,,,,True,True,False,False,False,False,OK,,,,,50.0,49.8,CAUTION,警戒,WARN_BREADTH_MISSING|WARN_NOT_BRACKET_30D,62.0,62.0,100.0,REALIZED_VOL|DRAWDOWN|BREADTH|TURNOVER
2022-07-20,20.42765082863913,OK,41.94831013916501,53.346179440161556,37.29760091630763,30.0,21.57725645,OK,OPTBBS_PARSE_300INDEX_QVIX,,,,False,False,1.0,True,OK,True,,,,,20.51241502957735,OK_REPLICA_ROLLING_MEDIAN_BASIS,AVIX_CLEAN_MINUS_PRIOR_252D_MEDIAN_AVIX_QVIX_SPREAD,,,50.0,,,,,,,50.0,,,,,,,,,,,,,,,,,,,,,,50.0,,,,True,True,False,False,False,False,OK,,,,,50.0,44.8,CAUTION,警戒,WARN_BREADTH_MISSING,62.0,62.0,100.0,REALIZED_VOL|DRAWDOWN|BREADTH|TURNOVER
2022-07-21,20.88561305539065,OK,45.72564612326044,56.34978567721652,47.38609915676373,30.0,21.5933702,OK,OPTBBS_PARSE_300INDEX_QVIX,,,,False,False,1.0,True,OK,True,,,,,20.97037725632887,OK_REPLICA_ROLLING_MEDIAN_BASIS,AVIX_CLEAN_MINUS_PRIOR_252D_MEDIAN_AVIX_QVIX_SPREAD,,,50.0,,,,,,,50.0,,,,,,,,,,,,,,,,,,,,,,50.0,,,,True,True,False,False,False,False,OK,,,,,50.0,47.1,CAUTION,警戒,WARN_BREADTH_MISSING,62.0,62.0,100.0,REALIZED_VOL|DRAWDOWN|BREADTH|TURNOVER
2022-07-22,20.44707027825916,OK,42.14711729622266,53.32546663922646,37.85821602467176,30.0,21.251,OK,OPTBBS_PARSE_300INDEX_QVIX,,,,False,False,1.0,True,OK,True,,,,,20.531834479197382,OK_REPLICA_ROLLING_MEDIAN_BASIS,AVIX_CLEAN_MINUS_PRIOR_252D_MEDIAN_AVIX_QVIX_SPREAD,,,50.0,,,,,,,50.0,,,,,,,,,,,,,,,,,,,,,,50.0,,,,True,True,False,False,False,False,OK,,,,,50.0,44.9,CAUTION,警戒,WARN_BREADTH_MISSING,62.0,62.0,100.0,REALIZED_VOL|DRAWDOWN|BREADTH|TURNOVER
2022-07-25,21.403008462829103,OK,51.689860834990064,59.679528328145594,48.410825997852555,30.0,21.284,OK,OPTBBS_PARSE_300INDEX_QVIX,,,,False,False,1.0,True,OK,True,,,,,21.5113182920762,OK_REPLICA_ROLLING_MEDIAN_BASIS,AVIX_CLEAN_MINUS_PRIOR_252D_MEDIAN_AVIX_QVIX_SPREAD,,,50.0,,,,,,,50.0,,,,,,,,,,,,,,,,,,,,,,50.0,,,,True,True,False,False,False,False,OK,,,,,50.0,49.3,CAUTION,警戒,WARN_BREADTH_MISSING,62.0,62.0,100.0,REALIZED_VOL|DRAWDOWN|BREADTH|TURNOVER
2022-07-26,20.20733603120817,OK,39.960238568588466,51.569345503327604,36.767438966626756,30.0,20.366,OK,OPTBBS_PARSE_300INDEX_QVIX,,,,False,False,1.0,True,OK,True,,,,,20.29210023214639,OK_REPLICA_ROLLING_MEDIAN_BASIS,AVIX_CLEAN_MINUS_PRIOR_252D_MEDIAN_AVIX_QVIX_SPREAD,,,50.0,,,,,,,50.0,,,,,,,,,,,,,,,,,,,,,,50.0,,,,True,True,False,False,False,False,OK,,,,,50.0,43.9,CAUTION,警戒,WARN_BREADTH_MISSING,62.0,62.0,100.0,REALIZED_VOL|DRAWDOWN|BREADTH|TURNOVER
2022-07-27,20.414397529739464,OK,41.94831013916501,52.9049038737623,49.870241575883156,30.0,20.528,OK,OPTBBS_PARSE_300INDEX_QVIX,,,,False,False,1.0,True,OK,True,,,,,20.522707358986562,OK_REPLICA_ROLLING_MEDIAN_BASIS,AVIX_CLEAN_MINUS_PRIOR_252D_MEDIAN_AVIX_QVIX_SPREAD,,,50.0,,,,,,,50.0,,,,,,,,,,,,,,,,,,,,,,50.0,,,,True,True,False,False,False,False,OK,,,,,50.0,45.7,CAUTION,警戒,WARN_BREADTH_MISSING,62.0,62.0,100.0,REALIZED_VOL|DRAWDOWN|BREADTH|TURNOVER
2022-07-28,20.304341883885805,OK,40.75546719681908,52.11093023236825,44.433764812521815,30.0,20.418,OK,OPTBBS_PARSE_300INDEX_QVIX,,,,False,False,1.0,True,OK,True,,,,,20.412651713132902,OK_REPLICA_ROLLING_MEDIAN_BASIS,AVIX_CLEAN_MINUS_PRIOR_252D_MEDIAN_AVIX_QVIX_SPREAD,,,50.0,,,,,,,50.0,,,,,,,,,,,,,,,,,,,,,,50.0,,,,True,True,False,False,False,False,OK,,,,,50.0,44.9,CAUTION,警戒,WARN_BREADTH_MISSING,62.0,62.0,100.0,REALIZED_VOL|DRAWDOWN|BREADTH|TURNOVER
2022-07-29,21.637571769983,OK,53.87673956262425,61.02506603199045,61.64471462681544,30.0,21.283,OK,OPTBBS_PARSE_300INDEX_QVIX,,,,False,False,1.0,True,OK,True,,,,,21.7458815992301,OK_REPLICA_ROLLING_MEDIAN_BASIS,AVIX_CLEAN_MINUS_PRIOR_252D_MEDIAN_AVIX_QVIX_SPREAD,,,50.0,,,,,,,50.0,,,,,,,,,,,,,,,,,,,,,,50.0,,,,True,True,False,False,False,False,OK,,,,,50.0,51.2,CAUTION,警戒,WARN_BREADTH_MISSING,62.0,62.0,100.0,REALIZED_VOL|DRAWDOWN|BREADTH|TURNOVER
2022-08-01,21.862180391053187,OK,56.85884691848907,62.44071537881857,54.290723231937534,30.0,21.592,OK,OPTBBS_PARSE_300INDEX_QVIX,,,,False,False,1.0,True,OK,True,,,,,21.946944591991407,OK_REPLICA_ROLLING_MEDIAN_BASIS,AVIX_CLEAN_MINUS_PRIOR_252D_MEDIAN_AVIX_QVIX_SPREAD,,,50.0,,,,,,,50.0,,,,,,,,,,,,,,,,,,,,,,50.0,,,,True,True,False,False,False,False,OK,,,,,50.0,51.6,CAUTION,警戒,WARN_BREADTH_MISSING,62.0,62.0,100.0,REALIZED_VOL|DRAWDOWN|BREADTH|TURNOVER
2022-08-02,25.67615207731787,OK,86.28230616302187,87.79625033808634,100.0,30.0,24.103,OK,OPTBBS_PARSE_300INDEX_QVIX,,,,False,False,1.0,True,OK,True,,,,,25.757994641550802,OK_REPLICA_ROLLING_MEDIAN_BASIS,AVIX_CLEAN_MINUS_PRIOR_252D_MEDIAN_AVIX_QVIX_SPREAD,,,50.0,,,,,,,50.0,,,,,,,,,,,,,,,,,,,,,,50.0,,,,True,True,False,False,False,False,OK,,,,,50.0,67.1,HIGH_RISK,高风险,WARN_BREADTH_MISSING,62.0,62.0,100.0,REALIZED_VOL|DRAWDOWN|BREADTH|TURNOVER
2022-08-03,24.26559044117841,OK,80.51689860834989,78.05838927190202,87.73016476071432,30.0,22.85,OK,OPTBBS_PARSE_300INDEX_QVIX,,,,False,False,1.0,True,OK,True,,,,,24.34434719423776,OK_REPLICA_ROLLING_MEDIAN_BASIS,AVIX_CLEAN_MINUS_PRIOR_252D_MEDIAN_AVIX_QVIX_SPREAD,,,50.0,,,,,,,50.0,,,,,,,,,,,,,,,,,,,,,,50.0,,,,True,True,False,False,False,False,OK,,,,,50.0,63.1,HIGH_RISK,高风险,WARN_BREADTH_MISSING,62.0,62.0,100.0,REALIZED_VOL|DRAWDOWN|BREADTH|TURNOVER
2022-08-04,22.16172497080025,OK,59.443339960238575,63.83238928082617,68.29542762367025,30.0,21.41,OK,OPTBBS_PARSE_300INDEX_QVIX,,,,False,False,1.0,True,OK,True,,,,,22.222621600487827,OK_REPLICA_ROLLING_MEDIAN_BASIS,AVIX_CLEAN_MINUS_PRIOR_252D_MEDIAN_AVIX_QVIX_SPREAD,,,50.0,,,,,,,50.0,,,,,,,,,,,,,,,,,,,,,,50.0,,,,True,True,False,False,False,False,OK,,,,,50.0,53.6,CAUTION,警戒,WARN_BREADTH_MISSING,62.0,62.0,100.0,REALIZED_VOL|DRAWDOWN|BREADTH|TURNOVER
2022-08-05,20.470887353023503,OK,43.141153081510936,52.420047378083694,39.21612434739099,30.0,20.412,OK,OPTBBS_PARSE_300INDEX_QVIX,,,,False,False,1.0,True,OK,True,,,,,20.51564542195782,OK_REPLICA_ROLLING_MEDIAN_BASIS,AVIX_CLEAN_MINUS_PRIOR_252D_MEDIAN_AVIX_QVIX_SPREAD,,,50.0,,,,,,,50.0,,,,,,,,,,,,,,,,,,,,,,50.0,,,,True,True,False,False,False,False,OK,,,,,50.0,45.2,CAUTION,警戒,WARN_BREADTH_MISSING,62.0,62.0,100.0,REALIZED_VOL|DRAWDOWN|BREADTH|TURNOVER
2022-08-08,21.10347708007105,OK,48.9065606361829,56.58978039888627,43.05921644217492,30.0,20.838,OK,OPTBBS_PARSE_300INDEX_QVIX,,,,False,False,1.0,True,OK,True,,,,,21.136884153544518,OK_REPLICA_ROLLING_MEDIAN_BASIS,AVIX_CLEAN_MINUS_PRIOR_252D_MEDIAN_AVIX_QVIX_SPREAD,,,50.0,,,,,,,50.0,,,,,,,,,,,,,,,,,,,,,,50.0,,,,True,True,False,False,False,False,OK,,,,,50.0,47.7,CAUTION,警戒,WARN_BREADTH_MISSING,62.0,62.0,100.0,REALIZED_VOL|DRAWDOWN|BREADTH|TURNOVER
2022-08-09,20.95705858252636,OK,47.11729622266402,55.51648562241319,13.241427449245236,30.0,20.729,OK,OPTBBS_PARSE_300INDEX_QVIX,,,,False,False,1.0,True,OK,True,,,,,20.98603611423764,OK_REPLICA_ROLLING_MEDIAN_BASIS,AVIX_CLEAN_MINUS_PRIOR_252D_MEDIAN_AVIX_QVIX_SPREAD,,,50.0,,,,,,,50.0,,,,,,,,,,,,,,,,,,,,,,50.0,,,,True,True,False,False,False,False,OK,,,,,50.0,44.6,CAUTION,警戒,WARN_BREADTH_MISSING,62.0,62.0,100.0,REALIZED_VOL|DRAWDOWN|BREADTH|TURNOVER
2022-08-10,21.45095913885886,OK,52.683896620278325,58.80226076190665,26.80146041249294,30.0,20.808,OK,OPTBBS_PARSE_300INDEX_QVIX,,,,False,False,1.0,True,OK,True,,,,,21.477077437384022,OK_REPLICA_ROLLING_MEDIAN_BASIS,AVIX_CLEAN_MINUS_PRIOR_252D_MEDIAN_AVIX_QVIX_SPREAD,,,50.0,,,,,,,50.0,,,,,,,,,,,,,,,,,,,,,,50.0,,,,True,True,False,False,False,False,OK,,,,,50.0,47.7,CAUTION,警戒,WARN_BREADTH_MISSING,62.0,62.0,100.0,REALIZED_VOL|DRAWDOWN|BREADTH|TURNOVER
2022-08-11,20.71192376481398,OK,44.93041749502982,53.86970639498435,36.91617003733698,30.0,20.696,OK,OPTBBS_PARSE_300INDEX_QVIX,,,,False,False,1.0,True,OK,True,,,,,20.72405010034339,OK_REPLICA_ROLLING_MEDIAN_BASIS,AVIX_CLEAN_MINUS_PRIOR_252D_MEDIAN_AVIX_QVIX_SPREAD,,,50.0,,,,,,,50.0,,,,,,,,,,,,,,,,,,,,,,50.0,,,,True,True,False,False,False,False,OK,,,,,50.0,45.7,CAUTION,警戒,WARN_BREADTH_MISSING,62.0,62.0,100.0,REALIZED_VOL|DRAWDOWN|BREADTH|TURNOVER
2022-08-12,19.910784385378204,OK,37.17693836978131,48.52154807155525,44.527809586499686,30.0,19.988,OK,OPTBBS_PARSE_300INDEX_QVIX,,,,False,False,1.0,True,OK,True,,,,,19.922910720907613,OK_REPLICA_ROLLING_MEDIAN_BASIS,AVIX_CLEAN_MINUS_PRIOR_252D_MEDIAN_AVIX_QVIX_SPREAD,,,50.0,,,,,,,50.0,,,,,,,,,,,,,,,,,,,,,,50.0,,,,True,True,False,False,False,False,OK,,,,,50.0,43.4,CAUTION,警戒,WARN_BREADTH_MISSING,62.0,62.0,100.0,REALIZED_VOL|DRAWDOWN|BREADTH|TURNOVER
2022-08-15,19.88444941989488,WARN_NOT_BRACKET_30D,36.381709741550694,48.347994693618325,38.447139250551764,30.0,19.829,OK,OPTBBS_PARSE_300INDEX_QVIX,,,,False,False,1.0,True,OK,True,,,,,19.910567718420044,OK_REPLICA_ROLLING_MEDIAN_BASIS,AVIX_CLEAN_MINUS_PRIOR_252D_MEDIAN_AVIX_QVIX_SPREAD,,,50.0,,,,,,,50.0,,,,,,,,,,,,,,,,,,,,,,50.0,,,,True,True,False,False,False,False,OK,,,,,50.0,42.6,CAUTION,警戒,WARN_BREADTH_MISSING|WARN_NOT_BRACKET_30D,62.0,62.0,100.0,REALIZED_VOL|DRAWDOWN|BREADTH|TURNOVER
2022-08-16,19.55001710463869,WARN_NOT_BRACKET_30D,31.411530815109344,46.10233550860579,36.572147304480616,30.0,19.601,OK,OPTBBS_PARSE_300INDEX_QVIX,,,,False,False,1.0,True,OK,True,,,,,19.576135403163853,OK_REPLICA_ROLLING_MEDIAN_BASIS,AVIX_CLEAN_MINUS_PRIOR_252D_MEDIAN_AVIX_QVIX_SPREAD,,,50.0,,,,,,,50.0,,,,,,,,,,,,,,,,,,,,,,50.0,,,,True,True,False,False,False,False,OK,,,,,50.0,40.8,CAUTION,警戒,WARN_BREADTH_MISSING|WARN_NOT_BRACKET_30D,62.0,62.0,100.0,REALIZED_VOL|DRAWDOWN|BREADTH|TURNOVER
2022-08-17,18.90418979232815,OK,25.44731610337972,41.77344638958246,26.25496062861652,30.0,19.276,OK,OPTBBS_PARSE_300INDEX_QVIX,,,,False,False,1.0,True,OK,True,,,,,18.933167324039427,OK_REPLICA_ROLLING_MEDIAN_BASIS,AVIX_CLEAN_MINUS_PRIOR_252D_MEDIAN_AVIX_QVIX_SPREAD,,,50.0,,,,,,,50.0,,,,,,,,,,,,,,,,,,,,,,50.0,,,,True,True,False,False,False,False,OK,,,,,50.0,37.7,NORMAL,正常,WARN_BREADTH_MISSING,62.0,62.0,100.0,REALIZED_VOL|DRAWDOWN|BREADTH|TURNOVER
2022-08-18,19.205937073936138,OK,29.025844930417495,43.80583559171304,35.457780668000936,30.0,19.125,OK,OPTBBS_PARSE_300INDEX_QVIX,,,,False,False,1.0,True,OK,True,,,,,19.239344147409607,OK_REPLICA_ROLLING_MEDIAN_BASIS,AVIX_CLEAN_MINUS_PRIOR_252D_MEDIAN_AVIX_QVIX_SPREAD,,,50.0,,,,,,,50.0,,,,,,,,,,,,,,,,,,,,,,50.0,,,,True,True,False,False,False,False,OK,,,,,50.0,39.7,NORMAL,正常,WARN_BREADTH_MISSING,62.0,62.0,100.0,REALIZED_VOL|DRAWDOWN|BREADTH|TURNOVER
2022-08-19,18.680056918725747,OK,22.067594433399602,40.279273341897834,37.63757928536195,30.0,18.655,OK,OPTBBS_PARSE_300INDEX_QVIX,,,,False,False,1.0,True,OK,True,,,,,18.713463992199216,OK_REPLICA_ROLLING_MEDIAN_BASIS,AVIX_CLEAN_MINUS_PRIOR_252D_MEDIAN_AVIX_QVIX_SPREAD,,,50.0,,,,,,,50.0,,,,,,,,,,,,,,,,,,,,,,50.0,,,,True,True,False,False,False,False,OK,,,,,50.0,37.4,NORMAL,正常,WARN_BREADTH_MISSING,62.0,62.0,100.0,REALIZED_VOL|DRAWDOWN|BREADTH|TURNOVER
2022-08-22,17.94747958078738,OK,14.7117296222664,35.391949746347024,30.517742299975215,30.0,18.326,OK,OPTBBS_PARSE_300INDEX_QVIX,,,,False,False,1.0,True,OK,True,,,,,17.98088665426085,OK_REPLICA_ROLLING_MEDIAN_BASIS,AVIX_CLEAN_MINUS_PRIOR_252D_MEDIAN_AVIX_QVIX_SPREAD,,,50.0,,,,,,,50.0,,,,,,,,,,,,,,,,,,,,,,50.0,,,,True,True,False,False,False,False,OK,,,,,50.0,34.1,NORMAL,正常,WARN_BREADTH_MISSING,62.0,62.0,100.0,REALIZED_VOL|DRAWDOWN|BREADTH|TURNOVER
2022-08-23,17.87980804937534,OK,14.115308151093439,34.980764866726275,32.913477299546166,30.0,18.402,OK,OPTBBS_PARSE_300INDEX_QVIX,,,,False,False,1.0,True,OK,True,,,,,17.93079094473665,OK_REPLICA_ROLLING_MEDIAN_BASIS,AVIX_CLEAN_MINUS_PRIOR_252D_MEDIAN_AVIX_QVIX_SPREAD,,,50.0,,,,,,,50.0,,,,,,,,,,,,,,,,,,,,,,50.0,,,,True,True,False,False,False,False,OK,,,,,50.0,34.1,NORMAL,正常,WARN_BREADTH_MISSING,62.0,62.0,100.0,REALIZED_VOL|DRAWDOWN|BREADTH|TURNOVER
2022-08-24,19.30320750408856,OK,30.81510934393638,44.54578905145773,54.22147382293363,30.0,19.445,OK,OPTBBS_PARSE_300INDEX_QVIX,,,,False,False,1.0,True,OK,True,,,,,19.364104133776138,OK_REPLICA_ROLLING_MEDIAN_BASIS,AVIX_CLEAN_MINUS_PRIOR_252D_MEDIAN_AVIX_QVIX_SPREAD,,,50.0,,,,,,,50.0,,,,,,,,,,,,,,,,,,,,,,50.0,,,,True,True,False,False,False,False,OK,,,,,50.0,41.8,CAUTION,警戒,WARN_BREADTH_MISSING,62.0,62.0,100.0,REALIZED_VOL|DRAWDOWN|BREADTH|TURNOVER
2022-08-25,17.75781554309387,OK,13.320079522862823,34.20942672227781,34.92006377749226,30.0,18.422,OK,OPTBBS_PARSE_300INDEX_QVIX,,,,False,False,1.0,True,OK,True,,,,,17.835031157715665,OK_REPLICA_ROLLING_MEDIAN_BASIS,AVIX_CLEAN_MINUS_PRIOR_252D_MEDIAN_AVIX_QVIX_SPREAD,,,50.0,,,,,,,50.0,,,,,,,,,,,,,,,,,,,,,,50.0,,,,True,True,False,False,False,False,OK,,,,,50.0,33.9,NORMAL,正常,WARN_BREADTH_MISSING,62.0,62.0,100.0,REALIZED_VOL|DRAWDOWN|BREADTH|TURNOVER
2022-08-26,17.108673471011947,OK,9.343936381709742,29.930849319010985,33.17581734840891,30.0,17.947,OK,OPTBBS_PARSE_300INDEX_QVIX,,,,False,False,1.0,True,OK,True,,,,,17.187430224071296,OK_REPLICA_ROLLING_MEDIAN_BASIS,AVIX_CLEAN_MINUS_PRIOR_252D_MEDIAN_AVIX_QVIX_SPREAD,,,50.0,,,,,,,50.0,,,,,,,,,,,,,,,,,,,,,,50.0,,,,True,True,False,False,False,False,OK,,,,,50.0,32.1,NORMAL,正常,WARN_BREADTH_MISSING,62.0,62.0,100.0,REALIZED_VOL|DRAWDOWN|BREADTH|TURNOVER
2022-08-29,17.95747886405092,OK,15.50695825049702,35.6587342016228,50.11142827290627,30.0,18.827,OK,OPTBBS_PARSE_300INDEX_QVIX,,,,False,False,1.0,True,OK,True,,,,,18.039321428283852,OK_REPLICA_ROLLING_MEDIAN_BASIS,AVIX_CLEAN_MINUS_PRIOR_252D_MEDIAN_AVIX_QVIX_SPREAD,,,50.0,,,,,,,50.0,,,,,,,,,,,,,,,,,,,,,,50.0,,,,True,True,False,False,False,False,OK,,,,,50.0,35.9,NORMAL,正常,WARN_BREADTH_MISSING,62.0,62.0,100.0,REALIZED_VOL|DRAWDOWN|BREADTH|TURNOVER
2022-08-30,17.853962218321303,OK,14.512922465208748,35.00202637062223,49.710893640662526,30.0,18.854,OK,OPTBBS_PARSE_300INDEX_QVIX,,,,False,False,1.0,True,OK,True,,,,,17.938726419259524,OK_REPLICA_ROLLING_MEDIAN_BASIS,AVIX_CLEAN_MINUS_PRIOR_252D_MEDIAN_AVIX_QVIX_SPREAD,,,50.0,,,,,,,50.0,,,,,,,,,,,,,,,,,,,,,,50.0,,,,True,True,False,False,False,False,OK,,,,,50.0,35.5,NORMAL,正常,WARN_BREADTH_MISSING,62.0,62.0,100.0,REALIZED_VOL|DRAWDOWN|BREADTH|TURNOVER
2022-08-31,18.023498496373865,OK,16.69980119284294,36.18523122008885,36.74097030305823,30.0,19.012,OK,OPTBBS_PARSE_300INDEX_QVIX,,,,False,False,1.0,True,OK,True,,,,,18.131808325620963,OK_REPLICA_ROLLING_MEDIAN_BASIS,AVIX_CLEAN_MINUS_PRIOR_252D_MEDIAN_AVIX_QVIX_SPREAD,,,50.0,,,,,,,50.0,,,,,,,,,,,,,,,,,,,,,,50.0,,,,True,True,False,False,False,False,OK,,,,,50.0,35.3,NORMAL,正常,WARN_BREADTH_MISSING,62.0,62.0,100.0,REALIZED_VOL|DRAWDOWN|BREADTH|TURNOVER
2022-09-01,18.266130802704016,OK,19.4831013916501,37.8702011066235,55.72497510604939,30.0,19.254,OK,OPTBBS_PARSE_300INDEX_QVIX,,,,False,False,1.0,True,OK,True,,,,,18.37973327296455,OK_REPLICA_ROLLING_MEDIAN_BASIS,AVIX_CLEAN_MINUS_PRIOR_252D_MEDIAN_AVIX_QVIX_SPREAD,,,50.0,,,,,,,50.0,,,,,,,,,,,,,,,,,,,,,,50.0,,,,True,True,False,False,False,False,OK,,,,,50.0,37.8,NORMAL,正常,WARN_BREADTH_MISSING,62.0,62.0,100.0,REALIZED_VOL|DRAWDOWN|BREADTH|TURNOVER
2022-09-02,18.674333030302613,OK,23.45924453280318,40.61571992731568,68.30252429498333,30.0,19.464,OK,OPTBBS_PARSE_300INDEX_QVIX,,,,False,False,1.0,True,OK,True,,,,,18.787991146416807,OK_REPLICA_ROLLING_MEDIAN_BASIS,AVIX_CLEAN_MINUS_PRIOR_252D_MEDIAN_AVIX_QVIX_SPREAD,,,50.0,,,,,,,50.0,,,,,,,,,,,,,,,,,,,,,,50.0,,,,True,True,False,False,False,False,OK,,,,,50.0,40.3,CAUTION,警戒,WARN_BREADTH_MISSING,62.0,62.0,100.0,REALIZED_VOL|DRAWDOWN|BREADTH|TURNOVER
2022-09-05,19.240948854481765,OK,31.411530815109344,44.422394051343026,64.29454546651563,30.0,20.024,OK,OPTBBS_PARSE_300INDEX_QVIX,,,,False,False,1.0,True,OK,True,,,,,19.382741350393204,OK_REPLICA_ROLLING_MEDIAN_BASIS,AVIX_CLEAN_MINUS_PRIOR_252D_MEDIAN_AVIX_QVIX_SPREAD,,,50.0,,,,,,,50.0,,,,,,,,,,,,,,,,,,,,,,50.0,,,,True,True,False,False,False,False,OK,,,,,50.0,42.8,CAUTION,警戒,WARN_BREADTH_MISSING,62.0,62.0,100.0,REALIZED_VOL|DRAWDOWN|BREADTH|TURNOVER
2022-09-06,17.952791149780488,OK,15.705765407554672,35.908857641130055,51.10708122097143,30.0,19.183,OK,OPTBBS_PARSE_300INDEX_QVIX,,,,False,False,1.0,True,OK,True,,,,,18.101787069263228,OK_REPLICA_ROLLING_MEDIAN_BASIS,AVIX_CLEAN_MINUS_PRIOR_252D_MEDIAN_AVIX_QVIX_SPREAD,,,50.0,,,,,,,50.0,,,,,,,,,,,,,,,,,,,,,,50.0,,,,True,True,False,False,False,False,OK,,,,,50.0,36.1,NORMAL,正常,WARN_BREADTH_MISSING,62.0,62.0,100.0,REALIZED_VOL|DRAWDOWN|BREADTH|TURNOVER
2022-09-07,17.613243706941752,OK,12.72365805168986,33.73031287583115,45.44755653831967,30.0,18.89,OK,OPTBBS_PARSE_300INDEX_QVIX,,,,False,False,1.0,True,OK,True,,,,,17.771907675733583,OK_REPLICA_ROLLING_MEDIAN_BASIS,AVIX_CLEAN_MINUS_PRIOR_252D_MEDIAN_AVIX_QVIX_SPREAD,,,50.0,,,,,,,50.0,,,,,,,,,,,,,,,,,,,,,,50.0,,,,True,True,False,False,False,False,OK,,,,,50.0,34.5,NORMAL,正常,WARN_BREADTH_MISSING,62.0,62.0,100.0,REALIZED_VOL|DRAWDOWN|BREADTH|TURNOVER
2022-09-08,17.240636561622154,OK,10.139165009940358,31.318011156391144,38.771631472932924,30.0,18.675,OK,OPTBBS_PARSE_300INDEX_QVIX,,,,False,False,1.0,True,OK,True,,,,,17.423496760696075,OK_REPLICA_ROLLING_MEDIAN_BASIS,AVIX_CLEAN_MINUS_PRIOR_252D_MEDIAN_AVIX_QVIX_SPREAD,,,50.0,,,,,,,50.0,,,,,,,,,,,,,,,,,,,,,,50.0,,,,True,True,False,False,False,False,OK,,,,,50.0,32.9,NORMAL,正常,WARN_BREADTH_MISSING,62.0,62.0,100.0,REALIZED_VOL|DRAWDOWN|BREADTH|TURNOVER
2022-09-09,16.56795255179145,OK,5.566600397614314,26.955995022257426,27.44090270754875,30.0,18.152,OK,OPTBBS_PARSE_300INDEX_QVIX,,,,False,False,1.0,True,OK,True,,,,,16.758423902651842,OK_REPLICA_ROLLING_MEDIAN_BASIS,AVIX_CLEAN_MINUS_PRIOR_252D_MEDIAN_AVIX_QVIX_SPREAD,,,50.0,,,,,,,50.0,,,,,,,,,,,,,,,,,,,,,,50.0,,,,True,True,False,False,False,False,OK,,,,,50.0,30.1,NORMAL,正常,WARN_BREADTH_MISSING,62.0,62.0,100.0,REALIZED_VOL|DRAWDOWN|BREADTH|TURNOVER
2022-09-13,16.70104848424119,WARN_NOT_BRACKET_30D,6.560636182902585,27.97551906181969,23.599011260310498,100.0,18.214,OK,OPTBBS_PARSE_300INDEX_QVIX,,,,False,False,1.0,True,OK,True,,,,,16.905785868020832,OK_REPLICA_ROLLING_MEDIAN_BASIS,AVIX_CLEAN_MINUS_PRIOR_252D_MEDIAN_AVIX_QVIX_SPREAD,,,50.0,,,,,,,50.0,,,,,,,,,,,,,,,,,,,,,,50.0,,,,True,True,False,False,False,False,OK,,,,,50.0,38.6,NORMAL,正常,WARN_BREADTH_MISSING|WARN_NOT_BRACKET_30D,62.0,62.0,100.0,REALIZED_VOL|DRAWDOWN|BREADTH|TURNOVER
2022-09-14,16.703013482410128,WARN_NOT_BRACKET_30D,6.759443339960239,28.110328412505154,36.077065600068096,100.0,18.397,OK,OPTBBS_PARSE_300INDEX_QVIX,,,,False,False,1.0,True,OK,True,,,,,16.914204535892672,OK_REPLICA_ROLLING_MEDIAN_BASIS,AVIX_CLEAN_MINUS_PRIOR_252D_MEDIAN_AVIX_QVIX_SPREAD,,,50.0,,,,,,,50.0,,,,,,,,,,,,,,,,,,,,,,50.0,,,,True,True,False,False,False,False,OK,,,,,50.0,39.7,NORMAL,正常,WARN_BREADTH_MISSING|WARN_NOT_BRACKET_30D,62.0,62.0,100.0,REALIZED_VOL|DRAWDOWN|BREADTH|TURNOVER
2022-09-15,17.18028517939623,WARN_NOT_BRACKET_30D,10.139165009940358,31.370058277991216,45.08371615416999,100.0,18.78,OK,OPTBBS_PARSE_300INDEX_QVIX,,,,False,False,1.0,True,OK,True,,,,,17.416748976495015,OK_REPLICA_ROLLING_MEDIAN_BASIS,AVIX_CLEAN_MINUS_PRIOR_252D_MEDIAN_AVIX_QVIX_SPREAD,,,50.0,,,,,,,50.0,,,,,,,,,,,,,,,,,,,,,,50.0,,,,True,True,False,False,False,False,OK,,,,,50.0,41.8,CAUTION,警戒,WARN_BREADTH_MISSING|WARN_NOT_BRACKET_30D,62.0,62.0,100.0,REALIZED_VOL|DRAWDOWN|BREADTH|TURNOVER
2022-09-16,18.436176026257098,WARN_NOT_BRACKET_30D,22.46520874751491,39.69589595147025,63.86885525208772,100.0,19.92,OK,OPTBBS_PARSE_300INDEX_QVIX,,,,False,False,1.0,True,OK,True,,,,,18.690134613889374,OK_REPLICA_ROLLING_MEDIAN_BASIS,AVIX_CLEAN_MINUS_PRIOR_252D_MEDIAN_AVIX_QVIX_SPREAD,,,50.0,,,,,,,50.0,,,,,,,,,,,,,,,,,,,,,,50.0,,,,True,True,False,False,False,False,OK,,,,,50.0,48.0,CAUTION,警戒,WARN_BREADTH_MISSING|WARN_NOT_BRACKET_30D,62.0,62.0,100.0,REALIZED_VOL|DRAWDOWN|BREADTH|TURNOVER
2022-09-19,18.773023718445096,WARN_NOT_BRACKET_30D,27.236580516898606,41.940956101274175,76.61851136717814,60.0,19.13,OK,OPTBBS_PARSE_300INDEX_QVIX,,,,False,False,1.0,True,OK,True,,,,,19.034332204259407,OK_REPLICA_ROLLING_MEDIAN_BASIS,AVIX_CLEAN_MINUS_PRIOR_252D_MEDIAN_AVIX_QVIX_SPREAD,,,50.0,,,,,,,50.0,,,,,,,,,,,,,,,,,,,,,,50.0,,,,True,True,False,False,False,False,OK,,,,,50.0,45.8,CAUTION,警戒,WARN_BREADTH_MISSING|WARN_NOT_BRACKET_30D,62.0,62.0,100.0,REALIZED_VOL|DRAWDOWN|BREADTH|TURNOVER
2022-09-20,18.138185996558214,WARN_NOT_BRACKET_30D,19.880715705765407,37.81067563788559,67.21014717935918,100.0,18.06,OK,OPTBBS_PARSE_300INDEX_QVIX,,,,False,False,1.0,True,OK,True,,,,,18.441507949605757,OK_REPLICA_ROLLING_MEDIAN_BASIS,AVIX_CLEAN_MINUS_PRIOR_252D_MEDIAN_AVIX_QVIX_SPREAD,,,50.0,,,,,,,50.0,,,,,,,,,,,,,,,,,,,,,,50.0,,,,True,True,False,False,False,False,OK,,,,,50.0,47.2,CAUTION,警戒,WARN_BREADTH_MISSING|WARN_NOT_BRACKET_30D,62.0,62.0,100.0,REALIZED_VOL|DRAWDOWN|BREADTH|TURNOVER
2022-09-21,19.183685539373457,OK,32.80318091451292,44.71249985495346,79.70328748852071,100.0,19.23,OK,OPTBBS_PARSE_300INDEX_QVIX,,,,False,False,1.0,True,OK,True,,,,,19.487007492421,OK_REPLICA_ROLLING_MEDIAN_BASIS,AVIX_CLEAN_MINUS_PRIOR_252D_MEDIAN_AVIX_QVIX_SPREAD,,,50.0,,,,,,,50.0,,,,,,,,,,,,,,,,,,,,,,50.0,,,,True,True,False,False,False,False,OK,,,,,50.0,52.8,CAUTION,警戒,WARN_BREADTH_MISSING,62.0,62.0,100.0,REALIZED_VOL|DRAWDOWN|BREADTH|TURNOVER
2022-09-22,19.638748357003976,OK,38.36978131212724,47.708176345087125,78.61958520404659,100.0,19.68,OK,OPTBBS_PARSE_300INDEX_QVIX,,,,False,False,1.0,True,OK,True,,,,,19.94207031005152,OK_REPLICA_ROLLING_MEDIAN_BASIS,AVIX_CLEAN_MINUS_PRIOR_252D_MEDIAN_AVIX_QVIX_SPREAD,,,50.0,,,,,,,50.0,,,,,,,,,,,,,,,,,,,,,,50.0,,,,True,True,False,False,False,False,OK,,,,,50.0,54.7,CAUTION,警戒,WARN_BREADTH_MISSING,62.0,62.0,100.0,REALIZED_VOL|DRAWDOWN|BREADTH|TURNOVER
2022-09-23,19.254308758149072,OK,34.1948310139165,45.18558320073073,58.87529746653293,100.0,19.42,OK,OPTBBS_PARSE_300INDEX_QVIX,,,,False,False,1.0,True,OK,True,,,,,19.557630711196616,OK_REPLICA_ROLLING_MEDIAN_BASIS,AVIX_CLEAN_MINUS_PRIOR_252D_MEDIAN_AVIX_QVIX_SPREAD,,,50.0,,,,,,,50.0,,,,,,,,,,,,,,,,,,,,,,50.0,,,,True,True,False,False,False,False,OK,,,,,50.0,51.6,CAUTION,警戒,WARN_BREADTH_MISSING,62.0,62.0,100.0,REALIZED_VOL|DRAWDOWN|BREADTH|TURNOVER
2022-09-26,20.903917070380576,OK,52.88270377733598,56.02761408661334,72.70165300906544,100.0,20.96,OK,OPTBBS_PARSE_300INDEX_QVIX,,,,False,False,1.0,True,OK,True,,,,,21.165225556194887,OK_REPLICA_ROLLING_MEDIAN_BASIS,AVIX_CLEAN_MINUS_PRIOR_252D_MEDIAN_AVIX_QVIX_SPREAD,,,50.0,,,,,,,50.0,,,,,,,,,,,,,,,,,,,,,,50.0,,,,True,True,False,False,False,False,OK,,,,,50.0,59.5,CAUTION,警戒,WARN_BREADTH_MISSING,62.0,62.0,100.0,REALIZED_VOL|DRAWDOWN|BREADTH|TURNOVER
2022-09-27,19.660008821968685,OK,38.767395626242546,47.83934558067802,66.78031999119693,100.0,19.78,OK,OPTBBS_PARSE_300INDEX_QVIX,,,,False,False,1.0,True,OK,True,,,,,19.921317307782996,OK_REPLICA_ROLLING_MEDIAN_BASIS,AVIX_CLEAN_MINUS_PRIOR_252D_MEDIAN_AVIX_QVIX_SPREAD,,,50.0,,,,,,,50.0,,,,,,,,,,,,,,,,,,,,,,50.0,,,,True,True,False,False,False,False,OK,,,,,50.0,53.9,CAUTION,警戒,WARN_BREADTH_MISSING,62.0,62.0,100.0,REALIZED_VOL|DRAWDOWN|BREADTH|TURNOVER
2022-09-28,20.07365377876956,OK,44.731610337972164,50.55866905783382,59.27838644528962,100.0,20.3,OK,OPTBBS_PARSE_300INDEX_QVIX,,,,False,False,1.0,True,OK,True,,,,,20.334962264583872,OK_REPLICA_ROLLING_MEDIAN_BASIS,AVIX_CLEAN_MINUS_PRIOR_252D_MEDIAN_AVIX_QVIX_SPREAD,,,50.0,,,,,,,50.0,,,,,,,,,,,,,,,,,,,,,,50.0,,,,True,True,False,False,False,False,OK,,,,,50.0,55.3,CAUTION,警戒,WARN_BREADTH_MISSING,62.0,62.0,100.0,REALIZED_VOL|DRAWDOWN|BREADTH|TURNOVER
2022-09-29,19.85994186814768,OK,41.5506958250497,49.14426336604516,52.252623304934964,100.0,20.16,OK,OPTBBS_PARSE_300INDEX_QVIX,,,,False,False,1.0,True,OK,True,,,,,20.12125035396199,OK_REPLICA_ROLLING_MEDIAN_BASIS,AVIX_CLEAN_MINUS_PRIOR_252D_MEDIAN_AVIX_QVIX_SPREAD,,,50.0,,,,,,,50.0,,,,,,,,,,,,,,,,,,,,,,50.0,,,,True,True,False,False,False,False,OK,,,,,50.0,53.7,CAUTION,警戒,WARN_BREADTH_MISSING,62.0,62.0,100.0,REALIZED_VOL|DRAWDOWN|BREADTH|TURNOVER
2022-09-30,19.846193572551893,OK,41.35188866799205,49.027492163035454,56.14807648342417,100.0,20.12,OK,OPTBBS_PARSE_300INDEX_QVIX,,,,False,False,1.0,True,OK,True,,,,,20.107502058366205,OK_REPLICA_ROLLING_MEDIAN_BASIS,AVIX_CLEAN_MINUS_PRIOR_252D_MEDIAN_AVIX_QVIX_SPREAD,,,50.0,,,,,,,50.0,,,,,,,,,,,,,,,,,,,,,,50.0,,,,True,True,False,False,False,False,OK,,,,,50.0,53.9,CAUTION,警戒,WARN_BREADTH_MISSING,62.0,62.0,100.0,REALIZED_VOL|DRAWDOWN|BREADTH|TURNOVER
2022-10-10,21.52376972246112,OK,60.63618290258449,60.02040335842405,55.9304928353245,100.0,21.84,OK,OPTBBS_PARSE_300INDEX_QVIX,,,,False,False,1.0,True,OK,True,,,,,21.79757614990923,OK_REPLICA_ROLLING_MEDIAN_BASIS,AVIX_CLEAN_MINUS_PRIOR_252D_MEDIAN_AVIX_QVIX_SPREAD,,,50.0,,,,,,,50.0,,,,,,,,,,,,,,,,,,,,,,50.0,,,,True,True,False,False,False,False,OK,,,,,50.0,60.9,HIGH_RISK,高风险,WARN_BREADTH_MISSING,62.0,62.0,100.0,REALIZED_VOL|DRAWDOWN|BREADTH|TURNOVER
2022-10-11,21.25195537237344,OK,58.4493041749503,58.203978665093025,66.19476944105811,100.0,21.23,OK,OPTBBS_PARSE_300INDEX_QVIX,,,,False,False,1.0,True,OK,True,,,,,21.552013504225762,OK_REPLICA_ROLLING_MEDIAN_BASIS,AVIX_CLEAN_MINUS_PRIOR_252D_MEDIAN_AVIX_QVIX_SPREAD,,,50.0,,,,,,,50.0,,,,,,,,,,,,,,,,,,,,,,50.0,,,,True,True,False,False,False,False,OK,,,,,50.0,60.8,HIGH_RISK,高风险,WARN_BREADTH_MISSING,62.0,62.0,100.0,REALIZED_VOL|DRAWDOWN|BREADTH|TURNOVER
2022-10-12,20.67005076851945,OK,51.29224652087475,54.324714884849385,55.9420870392878,100.0,20.8,OK,OPTBBS_PARSE_300INDEX_QVIX,,,,False,False,1.0,True,OK,True,,,,,20.97010890037177,OK_REPLICA_ROLLING_MEDIAN_BASIS,AVIX_CLEAN_MINUS_PRIOR_252D_MEDIAN_AVIX_QVIX_SPREAD,,,50.0,,,,,,,50.0,,,,,,,,,,,,,,,,,,,,,,50.0,,,,True,True,False,False,False,False,OK,,,,,50.0,57.4,CAUTION,警戒,WARN_BREADTH_MISSING,62.0,62.0,100.0,REALIZED_VOL|DRAWDOWN|BREADTH|TURNOVER
2022-10-13,21.338443596212045,OK,59.64214711729622,58.705340187715265,64.88928555662751,100.0,21.36,OK,OPTBBS_PARSE_300INDEX_QVIX,,,,False,False,1.0,True,OK,True,,,,,21.612250023660152,OK_REPLICA_ROLLING_MEDIAN_BASIS,AVIX_CLEAN_MINUS_PRIOR_252D_MEDIAN_AVIX_QVIX_SPREAD,,,50.0,,,,,,,50.0,,,,,,,,,,,,,,,,,,,,,,50.0,,,,True,True,False,False,False,False,OK,,,,,50.0,61.1,HIGH_RISK,高风险,WARN_BREADTH_MISSING,62.0,62.0,100.0,REALIZED_VOL|DRAWDOWN|BREADTH|TURNOVER
2022-10-14,20.05335762016105,OK,45.12922465208747,50.2360962470878,52.08769552561128,100.0,19.63,OK,OPTBBS_PARSE_300INDEX_QVIX,,,,False,False,1.0,True,OK,True,,,,,20.32716404760916,OK_REPLICA_ROLLING_MEDIAN_BASIS,AVIX_CLEAN_MINUS_PRIOR_252D_MEDIAN_AVIX_QVIX_SPREAD,,,50.0,,,,,,,50.0,,,,,,,,,,,,,,,,,,,,,,50.0,,,,True,True,False,False,False,False,OK,,,,,50.0,54.8,CAUTION,警戒,WARN_BREADTH_MISSING,62.0,62.0,100.0,REALIZED_VOL|DRAWDOWN|BREADTH|TURNOVER
2022-10-17,20.08357745492667,WARN_NOT_BRACKET_30D,45.72564612326044,50.40783100422072,36.617657723483816,100.0,19.7,OK,OPTBBS_PARSE_300INDEX_QVIX,,,,False,False,1.0,True,OK,True,,,,,20.357383882374776,OK_REPLICA_ROLLING_MEDIAN_BASIS,AVIX_CLEAN_MINUS_PRIOR_252D_MEDIAN_AVIX_QVIX_SPREAD,,,50.0,,,,,,,50.0,,,,,,,,,,,,,,,,,,,,,,50.0,,,,True,True,False,False,False,False,OK,,,,,50.0,53.8,CAUTION,警戒,WARN_BREADTH_MISSING|WARN_NOT_BRACKET_30D,62.0,62.0,100.0,REALIZED_VOL|DRAWDOWN|BREADTH|TURNOVER
2022-10-18,19.499157298401578,WARN_NOT_BRACKET_30D,35.984095427435385,46.56169239625573,33.50459481718637,60.0,21.251,OK,OPTBBS_PARSE_300INDEX_QVIX,,,,False,False,1.0,True,OK,True,,,,,19.772963725849685,OK_REPLICA_ROLLING_MEDIAN_BASIS,AVIX_CLEAN_MINUS_PRIOR_252D_MEDIAN_AVIX_QVIX_SPREAD,,,50.0,,,,,,,50.0,,,,,,,,,,,,,,,,,,,,,,50.0,,,,True,True,False,False,False,False,OK,,,,,50.0,45.5,CAUTION,警戒,WARN_BREADTH_MISSING|WARN_NOT_BRACKET_30D,62.0,62.0,100.0,REALIZED_VOL|DRAWDOWN|BREADTH|TURNOVER
2022-10-19,19.99254848774901,OK,44.93041749502982,49.80016777967884,43.44459974135837,60.0,19.84,OK,OPTBBS_PARSE_300INDEX_QVIX,,,,False,False,1.0,True,OK,True,,,,,20.29260661960133,OK_REPLICA_ROLLING_MEDIAN_BASIS,AVIX_CLEAN_MINUS_PRIOR_252D_MEDIAN_AVIX_QVIX_SPREAD,,,50.0,,,,,,,50.0,,,,,,,,,,,,,,,,,,,,,,50.0,,,,True,True,False,False,False,False,OK,,,,,50.0,49.2,CAUTION,警戒,WARN_BREADTH_MISSING,62.0,62.0,100.0,REALIZED_VOL|DRAWDOWN|BREADTH|TURNOVER
2022-10-20,20.936773476006508,OK,55.069582504970185,56.00384039140225,46.23524444606784,100.0,20.63,OK,OPTBBS_PARSE_300INDEX_QVIX,,,,False,False,1.0,True,OK,True,,,,,21.23683160785883,OK_REPLICA_ROLLING_MEDIAN_BASIS,AVIX_CLEAN_MINUS_PRIOR_252D_MEDIAN_AVIX_QVIX_SPREAD,,,50.0,,,,,,,50.0,,,,,,,,,,,,,,,,,,,,,,50.0,,,,True,True,False,False,False,False,OK,,,,,50.0,58.0,CAUTION,警戒,WARN_BREADTH_MISSING,62.0,62.0,100.0,REALIZED_VOL|DRAWDOWN|BREADTH|TURNOVER
2022-10-21,21.38568632391124,OK,60.834990059642145,58.9231480013338,63.28783667041078,100.0,21.04,OK,OPTBBS_PARSE_300INDEX_QVIX,,,,False,False,1.0,True,OK,True,,,,,21.68574445576356,OK_REPLICA_ROLLING_MEDIAN_BASIS,AVIX_CLEAN_MINUS_PRIOR_252D_MEDIAN_AVIX_QVIX_SPREAD,,,50.0,,,,,,,50.0,,,,,,,,,,,,,,,,,,,,,,50.0,,,,True,True,False,False,False,False,OK,,,,,50.0,61.3,HIGH_RISK,高风险,WARN_BREADTH_MISSING,62.0,62.0,100.0,REALIZED_VOL|DRAWDOWN|BREADTH|TURNOVER
2022-10-24,25.58824423313364,OK,95.02982107355865,86.18594074602478,100.0,100.0,24.07,OK,OPTBBS_PARSE_300INDEX_QVIX,,,,False,False,1.0,True,OK,True,,,,,25.88830236498596,OK_REPLICA_ROLLING_MEDIAN_BASIS,AVIX_CLEAN_MINUS_PRIOR_252D_MEDIAN_AVIX_QVIX_SPREAD,,,50.0,,,,,,,50.0,,,,,,,,,,,,,,,,,,,,,,50.0,,,,True,True,False,False,False,False,OK,,,,,50.0,77.7,PANIC,恐慌区,WARN_BREADTH_MISSING,62.0,62.0,100.0,REALIZED_VOL|DRAWDOWN|BREADTH|TURNOVER
2022-10-25,24.61952036574467,OK,90.65606361829026,79.57461978472455,100.0,100.0,23.69,OK,OPTBBS_PARSE_300INDEX_QVIX,,,,False,False,1.0,True,OK,True,,,,,24.91957849759699,OK_REPLICA_ROLLING_MEDIAN_BASIS,AVIX_CLEAN_MINUS_PRIOR_252D_MEDIAN_AVIX_QVIX_SPREAD,,,50.0,,,,,,,50.0,,,,,,,,,,,,,,,,,,,,,,50.0,,,,True,True,False,False,False,False,OK,,,,,50.0,75.5,PANIC,恐慌区,WARN_BREADTH_MISSING,62.0,62.0,100.0,REALIZED_VOL|DRAWDOWN|BREADTH|TURNOVER
2022-10-26,22.667854608765644,OK,74.55268389662028,66.73256710775428,76.76303246338009,100.0,22.29,OK,OPTBBS_PARSE_300INDEX_QVIX,,,,False,False,1.0,True,OK,True,,,,,22.967912740617965,OK_REPLICA_ROLLING_MEDIAN_BASIS,AVIX_CLEAN_MINUS_PRIOR_252D_MEDIAN_AVIX_QVIX_SPREAD,,,50.0,,,,,,,50.0,,,,,,,,,,,,,,,,,,,,,,50.0,,,,True,True,False,False,False,False,OK,,,,,50.0,67.4,HIGH_RISK,高风险,WARN_BREADTH_MISSING,62.0,62.0,100.0,REALIZED_VOL|DRAWDOWN|BREADTH|TURNOVER
2022-10-27,21.91848710108017,OK,67.39562624254472,61.75491434031851,59.37788839525542,100.0,22.07,OK,OPTBBS_PARSE_300INDEX_QVIX,,,,False,False,1.0,True,OK,True,,,,,22.19229352852828,OK_REPLICA_ROLLING_MEDIAN_BASIS,AVIX_CLEAN_MINUS_PRIOR_252D_MEDIAN_AVIX_QVIX_SPREAD,,,50.0,,,,,,,50.0,,,,,,,,,,,,,,,,,,,,,,50.0,,,,True,True,False,False,False,False,OK,,,,,50.0,63.3,HIGH_RISK,高风险,WARN_BREADTH_MISSING,62.0,62.0,100.0,REALIZED_VOL|DRAWDOWN|BREADTH|TURNOVER
2022-10-28,23.851773269221912,OK,86.28230616302187,74.1447536034349,73.06296751910506,100.0,23.0,OK,OPTBBS_PARSE_300INDEX_QVIX,,,,False,False,1.0,True,OK,True,,,,,24.12557969667002,OK_REPLICA_ROLLING_MEDIAN_BASIS,AVIX_CLEAN_MINUS_PRIOR_252D_MEDIAN_AVIX_QVIX_SPREAD,,,50.0,,,,,,,50.0,,,,,,,,,,,,,,,,,,,,,,50.0,,,,True,True,False,False,False,False,OK,,,,,50.0,71.4,HIGH_RISK,高风险,WARN_BREADTH_MISSING,62.0,62.0,100.0,REALIZED_VOL|DRAWDOWN|BREADTH|TURNOVER
2022-10-31,26.334731513666444,OK,97.01789264413519,89.79980369363346,55.83461118888491,100.0,24.35,OK,OPTBBS_PARSE_300INDEX_QVIX,,,,False,False,1.0,True,OK,True,,,,,26.60853794111455,OK_REPLICA_ROLLING_MEDIAN_BASIS,AVIX_CLEAN_MINUS_PRIOR_252D_MEDIAN_AVIX_QVIX_SPREAD,,,50.0,,,,,,,50.0,,,,,,,,,,,,,,,,,,,,,,50.0,,,,True,True,False,False,False,False,OK,,,,,50.0,75.2,PANIC,恐慌区,WARN_BREADTH_MISSING,62.0,62.0,100.0,REALIZED_VOL|DRAWDOWN|BREADTH|TURNOVER
2022-11-01,23.55170523730367,OK,83.89662027833002,71.65207403503838,41.32545953310489,100.0,22.93,OK,OPTBBS_PARSE_300INDEX_QVIX,,,,False,False,1.0,True,OK,True,,,,,23.825511664751776,OK_REPLICA_ROLLING_MEDIAN_BASIS,AVIX_CLEAN_MINUS_PRIOR_252D_MEDIAN_AVIX_QVIX_SPREAD,,,50.0,,,,,,,50.0,,,,,,,,,,,,,,,,,,,,,,50.0,,,,True,True,False,False,False,False,OK,,,,,50.0,67.8,HIGH_RISK,高风险,WARN_BREADTH_MISSING,62.0,62.0,100.0,REALIZED_VOL|DRAWDOWN|BREADTH|TURNOVER
2022-11-02,22.01930764103054,OK,68.389662027833,61.66468757800061,44.27782664986468,100.0,21.73,OK,OPTBBS_PARSE_300INDEX_QVIX,,,,False,False,1.0,True,OK,True,,,,,22.293114068478648,OK_REPLICA_ROLLING_MEDIAN_BASIS,AVIX_CLEAN_MINUS_PRIOR_252D_MEDIAN_AVIX_QVIX_SPREAD,,,50.0,,,,,,,50.0,,,,,,,,,,,,,,,,,,,,,,50.0,,,,True,True,False,False,False,False,OK,,,,,50.0,62.3,HIGH_RISK,高风险,WARN_BREADTH_MISSING,62.0,62.0,100.0,REALIZED_VOL|DRAWDOWN|BREADTH|TURNOVER
2022-11-03,22.472058754925552,OK,73.35984095427436,64.46910286394017,55.051184886005224,100.0,22.08,OK,OPTBBS_PARSE_300INDEX_QVIX,,,,False,False,1.0,True,OK,True,,,,,22.733367240739863,OK_REPLICA_ROLLING_MEDIAN_BASIS,AVIX_CLEAN_MINUS_PRIOR_252D_MEDIAN_AVIX_QVIX_SPREAD,,,50.0,,,,,,,50.0,,,,,,,,,,,,,,,,,,,,,,50.0,,,,True,True,False,False,False,False,OK,,,,,50.0,65.0,HIGH_RISK,高风险,WARN_BREADTH_MISSING,62.0,62.0,100.0,REALIZED_VOL|DRAWDOWN|BREADTH|TURNOVER
2022-11-04,22.86925672259248,OK,77.73359840954275,66.90151087399042,41.76148007496563,100.0,23.69,OK,OPTBBS_PARSE_300INDEX_QVIX,,,,False,False,1.0,True,OK,True,,,,,23.123215310224754,OK_REPLICA_ROLLING_MEDIAN_BASIS,AVIX_CLEAN_MINUS_PRIOR_252D_MEDIAN_AVIX_QVIX_SPREAD,,,50.0,,,,,,,50.0,,,,,,,,,,,,,,,,,,,,,,50.0,,,,True,True,False,False,False,False,OK,,,,,50.0,65.5,HIGH_RISK,高风险,WARN_BREADTH_MISSING,62.0,62.0,100.0,REALIZED_VOL|DRAWDOWN|BREADTH|TURNOVER
2022-11-07,23.449753255429098,OK,83.49900596421472,70.48605781546206,28.089936047077725,60.0,22.96,OK,OPTBBS_PARSE_300INDEX_QVIX,,,,False,False,1.0,True,OK,True,,,,,23.703711843061374,OK_REPLICA_ROLLING_MEDIAN_BASIS,AVIX_CLEAN_MINUS_PRIOR_252D_MEDIAN_AVIX_QVIX_SPREAD,,,50.0,,,,,,,50.0,,,,,,,,,,,,,,,,,,,,,,50.0,,,,True,True,False,False,False,False,OK,,,,,50.0,61.7,HIGH_RISK,高风险,WARN_BREADTH_MISSING,62.0,62.0,100.0,REALIZED_VOL|DRAWDOWN|BREADTH|TURNOVER
2022-11-08,22.6356559114514,OK,74.55268389662028,65.13363909934459,42.22095116576669,100.0,22.23,OK,OPTBBS_PARSE_300INDEX_QVIX,,,,False,False,1.0,True,OK,True,,,,,22.872119708550187,OK_REPLICA_ROLLING_MEDIAN_BASIS,AVIX_CLEAN_MINUS_PRIOR_252D_MEDIAN_AVIX_QVIX_SPREAD,,,50.0,,,,,,,50.0,,,,,,,,,,,,,,,,,,,,,,50.0,,,,True,True,False,False,False,False,OK,,,,,50.0,64.4,HIGH_RISK,高风险,WARN_BREADTH_MISSING,62.0,62.0,100.0,REALIZED_VOL|DRAWDOWN|BREADTH|TURNOVER
2022-11-09,23.48043807426048,OK,84.09542743538768,70.41916152805922,63.27135672973916,100.0,22.85,OK,OPTBBS_PARSE_300INDEX_QVIX,,,,False,False,1.0,True,OK,True,,,,,23.70678429549092,OK_REPLICA_ROLLING_MEDIAN_BASIS,AVIX_CLEAN_MINUS_PRIOR_252D_MEDIAN_AVIX_QVIX_SPREAD,,,50.0,,,,,,,50.0,,,,,,,,,,,,,,,,,,,,,,50.0,,,,True,True,False,False,False,False,OK,,,,,50.0,69.5,HIGH_RISK,高风险,WARN_BREADTH_MISSING,62.0,62.0,100.0,REALIZED_VOL|DRAWDOWN|BREADTH|TURNOVER
2022-11-10,23.533738103898425,OK,84.49304174950298,70.60517712924306,59.44888370532735,60.0,22.85,OK,OPTBBS_PARSE_300INDEX_QVIX,,,,False,False,1.0,True,OK,True,,,,,23.716598302972347,OK_REPLICA_ROLLING_MEDIAN_BASIS,AVIX_CLEAN_MINUS_PRIOR_252D_MEDIAN_AVIX_QVIX_SPREAD,,,50.0,,,,,,,50.0,,,,,,,,,,,,,,,,,,,,,,50.0,,,,True,True,False,False,False,False,OK,,,,,50.0,64.5,HIGH_RISK,高风险,WARN_BREADTH_MISSING,62.0,62.0,100.0,REALIZED_VOL|DRAWDOWN|BREADTH|TURNOVER
2022-11-11,22.45768434311263,OK,72.96222664015905,63.599551716400036,46.400649269258864,100.0,22.04,OK,OPTBBS_PARSE_300INDEX_QVIX,,,,False,False,1.0,True,OK,True,,,,,22.623375584963558,OK_REPLICA_ROLLING_MEDIAN_BASIS,AVIX_CLEAN_MINUS_PRIOR_252D_MEDIAN_AVIX_QVIX_SPREAD,,,50.0,,,,,,,50.0,,,,,,,,,,,,,,,,,,,,,,50.0,,,,True,True,False,False,False,False,OK,,,,,50.0,64.0,HIGH_RISK,高风险,WARN_BREADTH_MISSING,62.0,62.0,100.0,REALIZED_VOL|DRAWDOWN|BREADTH|TURNOVER
2022-11-14,23.433019185070084,WARN_NOT_BRACKET_30D,83.69781312127238,69.70330257156652,49.857277215868876,100.0,22.9,OK,OPTBBS_PARSE_300INDEX_QVIX,,,,False,False,1.0,True,OK,True,,,,,23.591683153861915,OK_REPLICA_ROLLING_MEDIAN_BASIS,AVIX_CLEAN_MINUS_PRIOR_252D_MEDIAN_AVIX_QVIX_SPREAD,,,50.0,,,,,,,50.0,,,,,,,,,,,,,,,,,,,,,,50.0,,,,True,True,False,False,False,False,OK,,,,,50.0,68.2,HIGH_RISK,高风险,WARN_BREADTH_MISSING|WARN_NOT_BRACKET_30D,62.0,62.0,100.0,REALIZED_VOL|DRAWDOWN|BREADTH|TURNOVER
2022-11-15,23.73281783937964,WARN_NOT_BRACKET_30D,86.67992047713717,71.45914796501305,59.6941032521455,100.0,23.09,OK,OPTBBS_PARSE_300INDEX_QVIX,,,,False,False,1.0,True,OK,True,,,,,23.884330738299468,OK_REPLICA_ROLLING_MEDIAN_BASIS,AVIX_CLEAN_MINUS_PRIOR_252D_MEDIAN_AVIX_QVIX_SPREAD,,,50.0,,,,,,,50.0,,,,,,,,,,,,,,,,,,,,,,50.0,,,,True,True,False,False,False,False,OK,,,,,50.0,70.1,HIGH_RISK,高风险,WARN_BREADTH_MISSING|WARN_NOT_BRACKET_30D,62.0,62.0,100.0,REALIZED_VOL|DRAWDOWN|BREADTH|TURNOVER
2022-11-16,23.094572192706647,OK,80.51689860834989,67.26413783472039,46.713299127269494,100.0,22.63,OK,OPTBBS_PARSE_300INDEX_QVIX,,,,False,False,1.0,True,OK,True,,,,,23.243568112189386,OK_REPLICA_ROLLING_MEDIAN_BASIS,AVIX_CLEAN_MINUS_PRIOR_252D_MEDIAN_AVIX_QVIX_SPREAD,,,50.0,,,,,,,50.0,,,,,,,,,,,,,,,,,,,,,,50.0,,,,True,True,False,False,False,False,OK,,,,,50.0,66.7,HIGH_RISK,高风险,WARN_BREADTH_MISSING,62.0,62.0,100.0,REALIZED_VOL|DRAWDOWN|BREADTH|TURNOVER
2022-11-17,22.496938722559168,OK,73.35984095427436,63.366248224625856,41.188825364148094,100.0,22.27,OK,OPTBBS_PARSE_300INDEX_QVIX,,,,False,False,1.0,True,OK,True,,,,,22.645934642041908,OK_REPLICA_ROLLING_MEDIAN_BASIS,AVIX_CLEAN_MINUS_PRIOR_252D_MEDIAN_AVIX_QVIX_SPREAD,,,50.0,,,,,,,50.0,,,,,,,,,,,,,,,,,,,,,,50.0,,,,True,True,False,False,False,False,OK,,,,,50.0,63.7,HIGH_RISK,高风险,WARN_BREADTH_MISSING,62.0,62.0,100.0,REALIZED_VOL|DRAWDOWN|BREADTH|TURNOVER
2022-11-18,21.85136206541913,OK,66.2027833001988,59.16642427700218,44.60031347462192,100.0,21.82,OK,OPTBBS_PARSE_300INDEX_QVIX,,,,False,False,1.0,True,OK,True,,,,,21.99315456133057,OK_REPLICA_ROLLING_MEDIAN_BASIS,AVIX_CLEAN_MINUS_PRIOR_252D_MEDIAN_AVIX_QVIX_SPREAD,,,50.0,,,,,,,50.0,,,,,,,,,,,,,,,,,,,,,,50.0,,,,True,True,False,False,False,False,OK,,,,,50.0,61.4,HIGH_RISK,高风险,WARN_BREADTH_MISSING,62.0,62.0,100.0,REALIZED_VOL|DRAWDOWN|BREADTH|TURNOVER
2022-11-21,22.34196096631811,OK,71.17296222664015,62.19958630231551,40.687856224287785,100.0,22.9,OK,OPTBBS_PARSE_300INDEX_QVIX,,,,False,False,1.0,True,OK,True,,,,,22.483753462229547,OK_REPLICA_ROLLING_MEDIAN_BASIS,AVIX_CLEAN_MINUS_PRIOR_252D_MEDIAN_AVIX_QVIX_SPREAD,,,50.0,,,,,,,50.0,,,,,,,,,,,,,,,,,,,,,,50.0,,,,True,True,False,False,False,False,OK,,,,,50.0,62.9,HIGH_RISK,高风险,WARN_BREADTH_MISSING,62.0,62.0,100.0,REALIZED_VOL|DRAWDOWN|BREADTH|TURNOVER
2022-11-22,22.38817096115272,OK,72.16699801192843,62.40087407963849,38.66845995846513,60.0,22.2,OK,OPTBBS_PARSE_300INDEX_QVIX,,,,False,False,1.0,True,OK,True,,,,,22.53716688063546,OK_REPLICA_ROLLING_MEDIAN_BASIS,AVIX_CLEAN_MINUS_PRIOR_252D_MEDIAN_AVIX_QVIX_SPREAD,,,50.0,,,,,,,50.0,,,,,,,,,,,,,,,,,,,,,,50.0,,,,True,True,False,False,False,False,OK,,,,,50.0,58.2,CAUTION,警戒,WARN_BREADTH_MISSING,62.0,62.0,100.0,REALIZED_VOL|DRAWDOWN|BREADTH|TURNOVER
2022-11-23,22.27849989961101,OK,70.77534791252485,61.60837641540438,42.93277843567629,100.0,22.09,OK,OPTBBS_PARSE_300INDEX_QVIX,,,,False,False,1.0,True,OK,True,,,,,22.42749581909375,OK_REPLICA_ROLLING_MEDIAN_BASIS,AVIX_CLEAN_MINUS_PRIOR_252D_MEDIAN_AVIX_QVIX_SPREAD,,,50.0,,,,,,,50.0,,,,,,,,,,,,,,,,,,,,,,50.0,,,,True,True,False,False,False,False,OK,,,,,50.0,62.9,HIGH_RISK,高风险,WARN_BREADTH_MISSING,62.0,62.0,100.0,REALIZED_VOL|DRAWDOWN|BREADTH|TURNOVER
2022-11-24,22.47228808512273,OK,73.95626242544732,62.747792778353826,49.78085340640841,100.0,22.42,OK,OPTBBS_PARSE_300INDEX_QVIX,,,,False,False,1.0,True,OK,True,,,,,22.62128400460547,OK_REPLICA_ROLLING_MEDIAN_BASIS,AVIX_CLEAN_MINUS_PRIOR_252D_MEDIAN_AVIX_QVIX_SPREAD,,,50.0,,,,,,,50.0,,,,,,,,,,,,,,,,,,,,,,50.0,,,,True,True,False,False,False,False,OK,,,,,50.0,64.5,HIGH_RISK,高风险,WARN_BREADTH_MISSING,62.0,62.0,100.0,REALIZED_VOL|DRAWDOWN|BREADTH|TURNOVER
2022-11-25,21.912038238118782,OK,66.99801192842942,59.08552735448088,50.55535368933066,100.0,21.98,OK,OPTBBS_PARSE_300INDEX_QVIX,,,,False,False,1.0,True,OK,True,,,,,22.061034157601522,OK_REPLICA_ROLLING_MEDIAN_BASIS,AVIX_CLEAN_MINUS_PRIOR_252D_MEDIAN_AVIX_QVIX_SPREAD,,,50.0,,,,,,,50.0,,,,,,,,,,,,,,,,,,,,,,50.0,,,,True,True,False,False,False,False,OK,,,,,50.0,62.1,HIGH_RISK,高风险,WARN_BREADTH_MISSING,62.0,62.0,100.0,REALIZED_VOL|DRAWDOWN|BREADTH|TURNOVER
2022-11-28,22.933093411918847,OK,78.52882703777337,65.48094061626763,55.29167915468034,100.0,22.86,OK,OPTBBS_PARSE_300INDEX_QVIX,,,,False,False,1.0,True,OK,True,,,,,23.082089331401587,OK_REPLICA_ROLLING_MEDIAN_BASIS,AVIX_CLEAN_MINUS_PRIOR_252D_MEDIAN_AVIX_QVIX_SPREAD,,,50.0,,,,,,,50.0,,,,,,,,,,,,,,,,,,,,,,50.0,,,,True,True,False,False,False,False,OK,,,,,50.0,66.6,HIGH_RISK,高风险,WARN_BREADTH_MISSING,62.0,62.0,100.0,REALIZED_VOL|DRAWDOWN|BREADTH|TURNOVER
2022-11-29,22.897254933723985,OK,78.33001988071571,65.13609735656732,54.54779422092688,60.0,23.05,OK,OPTBBS_PARSE_300INDEX_QVIX,,,,False,False,1.0,True,OK,True,,,,,23.046250853206725,OK_REPLICA_ROLLING_MEDIAN_BASIS,AVIX_CLEAN_MINUS_PRIOR_252D_MEDIAN_AVIX_QVIX_SPREAD,,,50.0,,,,,,,50.0,,,,,,,,,,,,,,,,,,,,,,50.0,,,,True,True,False,False,False,False,OK,,,,,50.0,61.6,HIGH_RISK,高风险,WARN_BREADTH_MISSING,62.0,62.0,100.0,REALIZED_VOL|DRAWDOWN|BREADTH|TURNOVER
2022-11-30,22.394734173536747,OK,72.96222664015905,61.826326381826334,51.0434658926723,100.0,22.72,OK,OPTBBS_PARSE_300INDEX_QVIX,,,,False,False,1.0,True,OK,True,,,,,22.546247072456577,OK_REPLICA_ROLLING_MEDIAN_BASIS,AVIX_CLEAN_MINUS_PRIOR_252D_MEDIAN_AVIX_QVIX_SPREAD,,,50.0,,,,,,,50.0,,,,,,,,,,,,,,,,,,,,,,50.0,,,,True,True,False,False,False,False,OK,,,,,50.0,64.2,HIGH_RISK,高风险,WARN_BREADTH_MISSING,62.0,62.0,100.0,REALIZED_VOL|DRAWDOWN|BREADTH|TURNOVER
2022-12-01,21.679405139650303,OK,64.01590457256461,57.173096204881375,42.94346047479394,100.0,22.29,OK,OPTBBS_PARSE_300INDEX_QVIX,,,,False,False,1.0,True,OK,True,,,,,21.832150205926318,OK_REPLICA_ROLLING_MEDIAN_BASIS,AVIX_CLEAN_MINUS_PRIOR_252D_MEDIAN_AVIX_QVIX_SPREAD,,,50.0,,,,,,,50.0,,,,,,,,,,,,,,,,,,,,,,50.0,,,,True,True,False,False,False,False,OK,,,,,50.0,60.4,HIGH_RISK,高风险,WARN_BREADTH_MISSING,62.0,62.0,100.0,REALIZED_VOL|DRAWDOWN|BREADTH|TURNOVER
2022-12-02,21.054285143525423,OK,56.85884691848907,53.09366527568297,42.17094197014326,100.0,21.71,OK,OPTBBS_PARSE_300INDEX_QVIX,,,,False,False,1.0,True,OK,True,,,,,21.212949112317254,OK_REPLICA_ROLLING_MEDIAN_BASIS,AVIX_CLEAN_MINUS_PRIOR_252D_MEDIAN_AVIX_QVIX_SPREAD,,,50.0,,,,,,,50.0,,,,,,,,,,,,,,,,,,,,,,50.0,,,,True,True,False,False,False,False,OK,,,,,50.0,57.7,CAUTION,警戒,WARN_BREADTH_MISSING,62.0,62.0,100.0,REALIZED_VOL|DRAWDOWN|BREADTH|TURNOVER
2022-12-05,21.203587474866936,OK,59.04572564612326,53.95467076742874,34.91694159190013,100.0,22.44,OK,OPTBBS_PARSE_300INDEX_QVIX,,,,False,False,1.0,True,OK,True,,,,,21.369278716717865,OK_REPLICA_ROLLING_MEDIAN_BASIS,AVIX_CLEAN_MINUS_PRIOR_252D_MEDIAN_AVIX_QVIX_SPREAD,,,50.0,,,,,,,50.0,,,,,,,,,,,,,,,,,,,,,,50.0,,,,True,True,False,False,False,False,OK,,,,,50.0,57.9,CAUTION,警戒,WARN_BREADTH_MISSING,62.0,62.0,100.0,REALIZED_VOL|DRAWDOWN|BREADTH|TURNOVER
2022-12-06,20.506617765699424,OK,50.89463220675944,49.392183308573195,29.11856967182964,100.0,21.99,OK,OPTBBS_PARSE_300INDEX_QVIX,,,,False,False,1.0,True,OK,True,,,,,20.732963986929864,OK_REPLICA_ROLLING_MEDIAN_BASIS,AVIX_CLEAN_MINUS_PRIOR_252D_MEDIAN_AVIX_QVIX_SPREAD,,,50.0,,,,,,,50.0,,,,,,,,,,,,,,,,,,,,,,50.0,,,,True,True,False,False,False,False,OK,,,,,50.0,54.5,CAUTION,警戒,WARN_BREADTH_MISSING,62.0,62.0,100.0,REALIZED_VOL|DRAWDOWN|BREADTH|TURNOVER
2022-12-07,20.42992172448402,OK,49.90059642147117,48.806006809957545,32.452906707198224,100.0,21.74,OK,OPTBBS_PARSE_300INDEX_QVIX,,,,False,False,1.0,True,OK,True,,,,,20.65626794571446,OK_REPLICA_ROLLING_MEDIAN_BASIS,AVIX_CLEAN_MINUS_PRIOR_252D_MEDIAN_AVIX_QVIX_SPREAD,,,50.0,,,,,,,50.0,,,,,,,,,,,,,,,,,,,,,,50.0,,,,True,True,False,False,False,False,OK,,,,,50.0,54.4,CAUTION,警戒,WARN_BREADTH_MISSING,62.0,62.0,100.0,REALIZED_VOL|DRAWDOWN|BREADTH|TURNOVER
2022-12-08,20.020513372066645,OK,45.32803180914513,46.036852286199505,34.696150499538874,100.0,21.54,OK,OPTBBS_PARSE_300INDEX_QVIX,,,,False,False,1.0,True,OK,True,,,,,20.246859593297085,OK_REPLICA_ROLLING_MEDIAN_BASIS,AVIX_CLEAN_MINUS_PRIOR_252D_MEDIAN_AVIX_QVIX_SPREAD,,,50.0,,,,,,,50.0,,,,,,,,,,,,,,,,,,,,,,50.0,,,,True,True,False,False,False,False,OK,,,,,50.0,52.9,CAUTION,警戒,WARN_BREADTH_MISSING,62.0,62.0,100.0,REALIZED_VOL|DRAWDOWN|BREADTH|TURNOVER
2022-12-09,19.372676501264248,OK,35.188866799204774,41.700376703152216,34.02597256760056,100.0,21.46,OK,OPTBBS_PARSE_300INDEX_QVIX,,,,False,False,1.0,True,OK,True,,,,,19.599022722494688,OK_REPLICA_ROLLING_MEDIAN_BASIS,AVIX_CLEAN_MINUS_PRIOR_252D_MEDIAN_AVIX_QVIX_SPREAD,,,50.0,,,,,,,50.0,,,,,,,,,,,,,,,,,,,,,,50.0,,,,True,True,False,False,False,False,OK,,,,,50.0,49.4,CAUTION,警戒,WARN_BREADTH_MISSING,62.0,62.0,100.0,REALIZED_VOL|DRAWDOWN|BREADTH|TURNOVER
2022-12-12,19.77656036771516,WARN_NOT_BRACKET_30D,40.15904572564612,44.221268866158525,36.53975787028245,100.0,21.49,OK,OPTBBS_PARSE_300INDEX_QVIX,,,,False,False,1.0,True,OK,True,,,,,20.0029065889456,OK_REPLICA_ROLLING_MEDIAN_BASIS,AVIX_CLEAN_MINUS_PRIOR_252D_MEDIAN_AVIX_QVIX_SPREAD,,,50.0,,,,,,,50.0,,,,,,,,,,,,,,,,,,,,,,50.0,,,,True,True,False,False,False,False,OK,,,,,50.0,51.4,CAUTION,警戒,WARN_BREADTH_MISSING|WARN_NOT_BRACKET_30D,62.0,62.0,100.0,REALIZED_VOL|DRAWDOWN|BREADTH|TURNOVER
2022-12-13,19.69132064849696,WARN_NOT_BRACKET_30D,39.761431411530815,43.545358011087394,42.04844868600244,100.0,21.43,OK,OPTBBS_PARSE_300INDEX_QVIX,,,,False,False,1.0,True,OK,True,,,,,19.917666869727398,OK_REPLICA_ROLLING_MEDIAN_BASIS,AVIX_CLEAN_MINUS_PRIOR_252D_MEDIAN_AVIX_QVIX_SPREAD,,,50.0,,,,,,,50.0,,,,,,,,,,,,,,,,,,,,,,50.0,,,,True,True,False,False,False,False,OK,,,,,50.0,51.6,CAUTION,警戒,WARN_BREADTH_MISSING|WARN_NOT_BRACKET_30D,62.0,62.0,100.0,REALIZED_VOL|DRAWDOWN|BREADTH|TURNOVER
2022-12-14,19.66119314999081,WARN_NOT_BRACKET_30D,39.562624254473164,43.20853933617208,42.47448340859832,100.0,21.3,OK,OPTBBS_PARSE_300INDEX_QVIX,,,,False,False,1.0,True,OK,True,,,,,19.88753937122125,OK_REPLICA_ROLLING_MEDIAN_BASIS,AVIX_CLEAN_MINUS_PRIOR_252D_MEDIAN_AVIX_QVIX_SPREAD,,,50.0,,,,,,,50.0,,,,,,,,,,,,,,,,,,,,,,50.0,,,,True,True,False,False,False,False,OK,,,,,50.0,51.5,CAUTION,警戒,WARN_BREADTH_MISSING|WARN_NOT_BRACKET_30D,62.0,62.0,100.0,REALIZED_VOL|DRAWDOWN|BREADTH|TURNOVER
2022-12-15,19.06197014872281,WARN_NOT_BRACKET_30D,31.809145129224653,39.088718578052195,40.42438916994777,100.0,21.1,OK,OPTBBS_PARSE_300INDEX_QVIX,,,,False,False,1.0,True,OK,True,,,,,19.28831636995325,OK_REPLICA_ROLLING_MEDIAN_BASIS,AVIX_CLEAN_MINUS_PRIOR_252D_MEDIAN_AVIX_QVIX_SPREAD,,,50.0,,,,,,,50.0,,,,,,,,,,,,,,,,,,,,,,50.0,,,,True,True,False,False,False,False,OK,,,,,50.0,48.6,CAUTION,警戒,WARN_BREADTH_MISSING|WARN_NOT_BRACKET_30D,62.0,62.0,100.0,REALIZED_VOL|DRAWDOWN|BREADTH|TURNOVER
2022-12-16,18.176002901742745,WARN_NOT_BRACKET_30D,20.47713717693837,33.01381583590023,37.64575871131272,100.0,20.39,OK,OPTBBS_PARSE_300INDEX_QVIX,,,,False,False,1.0,True,OK,True,,,,,18.402349122973185,OK_REPLICA_ROLLING_MEDIAN_BASIS,AVIX_CLEAN_MINUS_PRIOR_252D_MEDIAN_AVIX_QVIX_SPREAD,,,50.0,,,,,,,50.0,,,,,,,,,,,,,,,,,,,,,,50.0,,,,True,True,False,False,False,False,OK,,,,,50.0,44.4,CAUTION,警戒,WARN_BREADTH_MISSING|WARN_NOT_BRACKET_30D,62.0,62.0,100.0,REALIZED_VOL|DRAWDOWN|BREADTH|TURNOVER
2022-12-19,18.629545561267044,WARN_NOT_BRACKET_30D,24.85089463220676,35.86263353911814,38.40025985185376,60.0,18.85,OK,OPTBBS_PARSE_300INDEX_QVIX,,,,False,False,1.0,True,OK,True,,,,,18.855891782497483,OK_REPLICA_ROLLING_MEDIAN_BASIS,AVIX_CLEAN_MINUS_PRIOR_252D_MEDIAN_AVIX_QVIX_SPREAD,,,50.0,,,,,,,50.0,,,,,,,,,,,,,,,,,,,,,,50.0,,,,True,True,False,False,False,False,OK,,,,,50.0,41.3,CAUTION,警戒,WARN_BREADTH_MISSING|WARN_NOT_BRACKET_30D,62.0,62.0,100.0,REALIZED_VOL|DRAWDOWN|BREADTH|TURNOVER
2022-12-20,20.00445286093517,WARN_NOT_BRACKET_30D,46.52087475149106,44.94840192620976,53.18040844520109,100.0,19.92,OK,OPTBBS_PARSE_300INDEX_QVIX,,,,False,False,1.0,True,OK,True,,,,,20.22490729966813,OK_REPLICA_ROLLING_MEDIAN_BASIS,AVIX_CLEAN_MINUS_PRIOR_252D_MEDIAN_AVIX_QVIX_SPREAD,,,50.0,,,,,,,50.0,,,,,,,,,,,,,,,,,,,,,,50.0,,,,True,True,False,False,False,False,OK,,,,,50.0,54.6,CAUTION,警戒,WARN_BREADTH_MISSING|WARN_NOT_BRACKET_30D,62.0,62.0,100.0,REALIZED_VOL|DRAWDOWN|BREADTH|TURNOVER
2022-12-21,19.60087610643656,OK,38.56858846918489,42.1105787863906,49.386435572916575,100.0,19.48,OK,OPTBBS_PARSE_300INDEX_QVIX,,,,False,False,1.0,True,OK,True,,,,,19.766567348287488,OK_REPLICA_ROLLING_MEDIAN_BASIS,AVIX_CLEAN_MINUS_PRIOR_252D_MEDIAN_AVIX_QVIX_SPREAD,,,50.0,,,,,,,50.0,,,,,,,,,,,,,,,,,,,,,,50.0,,,,True,True,False,False,False,False,OK,,,,,50.0,51.6,CAUTION,警戒,WARN_BREADTH_MISSING,62.0,62.0,100.0,REALIZED_VOL|DRAWDOWN|BREADTH|TURNOVER
2022-12-22,19.13045665909562,OK,33.00198807157058,38.81602832420486,50.71856696698687,100.0,19.11,OK,OPTBBS_PARSE_300INDEX_QVIX,,,,False,False,1.0,True,OK,True,,,,,19.289120627887453,OK_REPLICA_ROLLING_MEDIAN_BASIS,AVIX_CLEAN_MINUS_PRIOR_252D_MEDIAN_AVIX_QVIX_SPREAD,,,50.0,,,,,,,50.0,,,,,,,,,,,,,,,,,,,,,,50.0,,,,True,True,False,False,False,False,OK,,,,,50.0,49.7,CAUTION,警戒,WARN_BREADTH_MISSING,62.0,62.0,100.0,REALIZED_VOL|DRAWDOWN|BREADTH|TURNOVER
2022-12-23,19.65416068124461,OK,39.960238568588466,42.26988194254286,66.26493775878671,100.0,19.71,OK,OPTBBS_PARSE_300INDEX_QVIX,,,,False,False,1.0,True,OK,True,,,,,19.806905747520624,OK_REPLICA_ROLLING_MEDIAN_BASIS,AVIX_CLEAN_MINUS_PRIOR_252D_MEDIAN_AVIX_QVIX_SPREAD,,,50.0,,,,,,,50.0,,,,,,,,,,,,,,,,,,,,,,50.0,,,,True,True,False,False,False,False,OK,,,,,50.0,53.4,CAUTION,警戒,WARN_BREADTH_MISSING,62.0,62.0,100.0,REALIZED_VOL|DRAWDOWN|BREADTH|TURNOVER
2022-12-26,19.43796366583122,OK,36.58051689860835,40.69721695558541,58.67888163890558,60.0,19.9,OK,OPTBBS_PARSE_300INDEX_QVIX,,,,False,False,1.0,True,OK,True,,,,,19.58947656475105,OK_REPLICA_ROLLING_MEDIAN_BASIS,AVIX_CLEAN_MINUS_PRIOR_252D_MEDIAN_AVIX_QVIX_SPREAD,,,50.0,,,,,,,50.0,,,,,,,,,,,,,,,,,,,,,,50.0,,,,True,True,False,False,False,False,OK,,,,,50.0,46.8,CAUTION,警戒,WARN_BREADTH_MISSING,62.0,62.0,100.0,REALIZED_VOL|DRAWDOWN|BREADTH|TURNOVER
2022-12-27,18.374177172663444,OK,22.266401590457257,33.30023086481404,33.700872004799095,100.0,19.39,OK,OPTBBS_PARSE_300INDEX_QVIX,,,,False,False,1.0,True,OK,True,,,,,18.525690071583274,OK_REPLICA_ROLLING_MEDIAN_BASIS,AVIX_CLEAN_MINUS_PRIOR_252D_MEDIAN_AVIX_QVIX_SPREAD,,,50.0,,,,,,,50.0,,,,,,,,,,,,,,,,,,,,,,50.0,,,,True,True,False,False,False,False,OK,,,,,50.0,44.6,CAUTION,警戒,WARN_BREADTH_MISSING,62.0,62.0,100.0,REALIZED_VOL|DRAWDOWN|BREADTH|TURNOVER
2022-12-28,18.07992963680441,OK,19.4831013916501,31.154332479302248,34.48083176105887,100.0,19.04,OK,OPTBBS_PARSE_300INDEX_QVIX,,,,False,False,1.0,True,OK,True,,,,,18.231442535724238,OK_REPLICA_ROLLING_MEDIAN_BASIS,AVIX_CLEAN_MINUS_PRIOR_252D_MEDIAN_AVIX_QVIX_SPREAD,,,50.0,,,,,,,50.0,,,,,,,,,,,,,,,,,,,,,,50.0,,,,True,True,False,False,False,False,OK,,,,,50.0,43.6,CAUTION,警戒,WARN_BREADTH_MISSING,62.0,62.0,100.0,REALIZED_VOL|DRAWDOWN|BREADTH|TURNOVER
2022-12-29,18.011745431475607,OK,17.892644135188867,30.553421213426827,38.304395994769735,100.0,18.99,OK,OPTBBS_PARSE_300INDEX_QVIX,,,,False,False,1.0,True,OK,True,,,,,18.163258330395436,OK_REPLICA_ROLLING_MEDIAN_BASIS,AVIX_CLEAN_MINUS_PRIOR_252D_MEDIAN_AVIX_QVIX_SPREAD,,,50.0,,,,,,,50.0,,,,,,,,,,,,,,,,,,,,,,50.0,,,,True,True,False,False,False,False,OK,,,,,50.0,43.4,CAUTION,警戒,WARN_BREADTH_MISSING,62.0,62.0,100.0,REALIZED_VOL|DRAWDOWN|BREADTH|TURNOVER
2022-12-30,17.32676528863315,OK,12.127236580516898,25.718185455188177,26.316512006209216,100.0,18.2,OK,OPTBBS_PARSE_300INDEX_QVIX,,,,False,False,1.0,True,OK,True,,,,,17.47827818755298,OK_REPLICA_ROLLING_MEDIAN_BASIS,AVIX_CLEAN_MINUS_PRIOR_252D_MEDIAN_AVIX_QVIX_SPREAD,,,50.0,,,,,,,50.0,,,,,,,,,,,,,,,,,,,,,,50.0,,,,True,True,False,False,False,False,OK,,,,,50.0,40.1,CAUTION,警戒,WARN_BREADTH_MISSING,62.0,62.0,100.0,REALIZED_VOL|DRAWDOWN|BREADTH|TURNOVER
2023-01-03,17.53845229738058,OK,13.518886679920477,27.158864405573095,30.455654706365443,100.0,18.62,OK,OPTBBS_PARSE_300INDEX_QVIX,,,,False,False,1.0,True,OK,True,,,,,17.68996519630041,OK_REPLICA_ROLLING_MEDIAN_BASIS,AVIX_CLEAN_MINUS_PRIOR_252D_MEDIAN_AVIX_QVIX_SPREAD,,,50.0,,,,,,,50.0,,,,,,,,,,,,,,,,,,,,,,50.0,,,,True,True,False,False,False,False,OK,,,,,50.0,41.0,CAUTION,警戒,WARN_BREADTH_MISSING,62.0,62.0,100.0,REALIZED_VOL|DRAWDOWN|BREADTH|TURNOVER
2023-01-04,17.310771080732152,OK,11.928429423459244,25.490538567174866,38.42499359902336,100.0,18.43,OK,OPTBBS_PARSE_300INDEX_QVIX,,,,False,False,1.0,True,OK,True,,,,,17.462283979651982,OK_REPLICA_ROLLING_MEDIAN_BASIS,AVIX_CLEAN_MINUS_PRIOR_252D_MEDIAN_AVIX_QVIX_SPREAD,,,50.0,,,,,,,50.0,,,,,,,,,,,,,,,,,,,,,,50.0,,,,True,True,False,False,False,False,OK,,,,,50.0,41.0,CAUTION,警戒,WARN_BREADTH_MISSING,62.0,62.0,100.0,REALIZED_VOL|DRAWDOWN|BREADTH|TURNOVER
2023-01-05,17.16543163292363,OK,10.139165009940358,24.382070703438103,39.88383226869225,60.0,18.43,OK,OPTBBS_PARSE_300INDEX_QVIX,,,,False,False,1.0,True,OK,True,,,,,17.31694453184346,OK_REPLICA_ROLLING_MEDIAN_BASIS,AVIX_CLEAN_MINUS_PRIOR_252D_MEDIAN_AVIX_QVIX_SPREAD,,,50.0,,,,,,,50.0,,,,,,,,,,,,,,,,,,,,,,50.0,,,,True,True,False,False,False,False,OK,,,,,50.0,35.6,NORMAL,正常,WARN_BREADTH_MISSING,62.0,62.0,100.0,REALIZED_VOL|DRAWDOWN|BREADTH|TURNOVER
2023-01-06,17.259780232774876,OK,11.530815109343937,24.87708149816625,41.65027951831178,100.0,18.63,OK,OPTBBS_PARSE_300INDEX_QVIX,,,,False,False,1.0,True,OK,True,,,,,17.411293131694705,OK_REPLICA_ROLLING_MEDIAN_BASIS,AVIX_CLEAN_MINUS_PRIOR_252D_MEDIAN_AVIX_QVIX_SPREAD,,,50.0,,,,,,,50.0,,,,,,,,,,,,,,,,,,,,,,50.0,,,,True,True,False,False,False,False,OK,,,,,50.0,41.0,CAUTION,警戒,WARN_BREADTH_MISSING,62.0,62.0,100.0,REALIZED_VOL|DRAWDOWN|BREADTH|TURNOVER
2023-01-09,18.53763917165489,OK,25.04970178926441,33.65860319295784,63.976917939970114,100.0,19.75,OK,OPTBBS_PARSE_300INDEX_QVIX,,,,False,False,1.0,True,OK,True,,,,,18.68915207057472,OK_REPLICA_ROLLING_MEDIAN_BASIS,AVIX_CLEAN_MINUS_PRIOR_252D_MEDIAN_AVIX_QVIX_SPREAD,,,50.0,,,,,,,50.0,,,,,,,,,,,,,,,,,,,,,,50.0,,,,True,True,False,False,False,False,OK,,,,,50.0,47.8,CAUTION,警戒,WARN_BREADTH_MISSING,62.0,62.0,100.0,REALIZED_VOL|DRAWDOWN|BREADTH|TURNOVER
2023-01-10,18.19688744613968,OK,22.067594433399602,31.109675395075367,57.50847495086484,100.0,19.47,OK,OPTBBS_PARSE_300INDEX_QVIX,,,,False,False,1.0,True,OK,True,,,,,18.34840034505951,OK_REPLICA_ROLLING_MEDIAN_BASIS,AVIX_CLEAN_MINUS_PRIOR_252D_MEDIAN_AVIX_QVIX_SPREAD,,,50.0,,,,,,,50.0,,,,,,,,,,,,,,,,,,,,,,50.0,,,,True,True,False,False,False,False,OK,,,,,50.0,46.1,CAUTION,警戒,WARN_BREADTH_MISSING,62.0,62.0,100.0,REALIZED_VOL|DRAWDOWN|BREADTH|TURNOVER
2023-01-11,17.602620138965165,OK,14.7117296222664,26.786255322567992,53.371878200825584,60.0,19.47,OK,OPTBBS_PARSE_300INDEX_QVIX,,,,False,False,1.0,True,OK,True,,,,,17.754133037884994,OK_REPLICA_ROLLING_MEDIAN_BASIS,AVIX_CLEAN_MINUS_PRIOR_252D_MEDIAN_AVIX_QVIX_SPREAD,,,50.0,,,,,,,50.0,,,,,,,,,,,,,,,,,,,,,,50.0,,,,True,True,False,False,False,False,OK,,,,,50.0,38.3,NORMAL,正常,WARN_BREADTH_MISSING,62.0,62.0,100.0,REALIZED_VOL|DRAWDOWN|BREADTH|TURNOVER
2023-01-12,17.551875605675594,OK,14.314115308151093,26.40756406639401,54.50258380932005,100.0,18.99,OK,OPTBBS_PARSE_300INDEX_QVIX,,,,False,False,1.0,True,OK,True,,,,,17.703388504595424,OK_REPLICA_ROLLING_MEDIAN_BASIS,AVIX_CLEAN_MINUS_PRIOR_252D_MEDIAN_AVIX_QVIX_SPREAD,,,50.0,,,,,,,50.0,,,,,,,,,,,,,,,,,,,,,,50.0,,,,True,True,False,False,False,False,OK,,,,,50.0,43.1,CAUTION,警戒,WARN_BREADTH_MISSING,62.0,62.0,100.0,REALIZED_VOL|DRAWDOWN|BREADTH|TURNOVER
2023-01-13,17.000092223337628,OK,9.145129224652088,22.641421070484704,46.99083063706544,100.0,18.89,OK,OPTBBS_PARSE_300INDEX_QVIX,,,,False,False,1.0,True,OK,True,,,,,17.151605122257457,OK_REPLICA_ROLLING_MEDIAN_BASIS,AVIX_CLEAN_MINUS_PRIOR_252D_MEDIAN_AVIX_QVIX_SPREAD,,,50.0,,,,,,,50.0,,,,,,,,,,,,,,,,,,,,,,50.0,,,,True,True,False,False,False,False,OK,,,,,50.0,40.5,CAUTION,警戒,WARN_BREADTH_MISSING,62.0,62.0,100.0,REALIZED_VOL|DRAWDOWN|BREADTH|TURNOVER
2023-01-16,18.603033136733217,WARN_NOT_BRACKET_30D,27.037773359840955,33.92640033889457,50.7055263561103,100.0,19.3,OK,OPTBBS_PARSE_300INDEX_QVIX,,,,False,False,1.0,True,OK,True,,,,,18.75516211933114,OK_REPLICA_ROLLING_MEDIAN_BASIS,AVIX_CLEAN_MINUS_PRIOR_252D_MEDIAN_AVIX_QVIX_SPREAD,,,50.0,,,,,,,50.0,,,,,,,,,,,,,,,,,,,,,,50.0,,,,True,True,False,False,False,False,OK,,,,,50.0,47.4,CAUTION,警戒,WARN_BREADTH_MISSING|WARN_NOT_BRACKET_30D,62.0,62.0,100.0,REALIZED_VOL|DRAWDOWN|BREADTH|TURNOVER
2023-01-17,19.075881153981605,WARN_NOT_BRACKET_30D,34.1948310139165,37.20515311363817,59.660923720538776,60.0,19.01,OK,OPTBBS_PARSE_300INDEX_QVIX,,,,False,False,1.0,True,OK,True,,,,,19.228010136579528,OK_REPLICA_ROLLING_MEDIAN_BASIS,AVIX_CLEAN_MINUS_PRIOR_252D_MEDIAN_AVIX_QVIX_SPREAD,,,50.0,,,,,,,50.0,,,,,,,,,,,,,,,,,,,,,,50.0,,,,True,True,False,False,False,False,OK,,,,,50.0,45.8,CAUTION,警戒,WARN_BREADTH_MISSING|WARN_NOT_BRACKET_30D,62.0,62.0,100.0,REALIZED_VOL|DRAWDOWN|BREADTH|TURNOVER
2023-01-18,19.54245301686188,OK,38.9662027833002,40.45645977556539,72.04027426124706,100.0,19.87,OK,OPTBBS_PARSE_300INDEX_QVIX,,,,False,False,1.0,True,OK,True,,,,,19.692707426063166,OK_REPLICA_ROLLING_MEDIAN_BASIS,AVIX_CLEAN_MINUS_PRIOR_252D_MEDIAN_AVIX_QVIX_SPREAD,,,50.0,,,,,,,50.0,,,,,,,,,,,,,,,,,,,,,,50.0,,,,True,True,False,False,False,False,OK,,,,,50.0,53.3,CAUTION,警戒,WARN_BREADTH_MISSING,62.0,62.0,100.0,REALIZED_VOL|DRAWDOWN|BREADTH|TURNOVER
2023-01-19,19.93130937866554,OK,47.31610337972167,43.17374707826074,77.11315675255275,100.0,20.31,OK,OPTBBS_PARSE_300INDEX_QVIX,,,,False,False,1.0,True,OK,True,,,,,20.081563787866823,OK_REPLICA_ROLLING_MEDIAN_BASIS,AVIX_CLEAN_MINUS_PRIOR_252D_MEDIAN_AVIX_QVIX_SPREAD,,,50.0,,,,,,,50.0,,,,,,,,,,,,,,,,,,,,,,50.0,,,,True,True,False,False,False,False,OK,,,,,50.0,56.5,CAUTION,警戒,WARN_BREADTH_MISSING,62.0,62.0,100.0,REALIZED_VOL|DRAWDOWN|BREADTH|TURNOVER
2023-01-20,19.12540730564424,OK,34.1948310139165,37.30258005651875,75.00357120873727,100.0,19.86,OK,OPTBBS_PARSE_300INDEX_QVIX,,,,False,False,1.0,True,OK,True,,,,,19.275661714845526,OK_REPLICA_ROLLING_MEDIAN_BASIS,AVIX_CLEAN_MINUS_PRIOR_252D_MEDIAN_AVIX_QVIX_SPREAD,,,50.0,,,,,,,50.0,,,,,,,,,,,,,,,,,,,,,,50.0,,,,True,True,False,False,False,False,OK,,,,,50.0,51.8,CAUTION,警戒,WARN_BREADTH_MISSING,62.0,62.0,100.0,REALIZED_VOL|DRAWDOWN|BREADTH|TURNOVER
2023-01-30,19.04549583398876,OK,32.80318091451292,36.644476257208424,54.75688769679032,60.0,20.38,OK,OPTBBS_PARSE_300INDEX_QVIX,,,,False,False,1.0,True,OK,True,,,,,19.195750243190044,OK_REPLICA_ROLLING_MEDIAN_BASIS,AVIX_CLEAN_MINUS_PRIOR_252D_MEDIAN_AVIX_QVIX_SPREAD,,,50.0,,,,,,,50.0,,,,,,,,,,,,,,,,,,,,,,50.0,,,,True,True,False,False,False,False,OK,,,,,50.0,44.9,CAUTION,警戒,WARN_BREADTH_MISSING,62.0,62.0,100.0,REALIZED_VOL|DRAWDOWN|BREADTH|TURNOVER
2023-01-31,18.438195368414963,OK,24.85089463220676,32.21626391878013,43.31421934935318,100.0,19.82,OK,OPTBBS_PARSE_300INDEX_QVIX,,,,False,False,1.0,True,OK,True,,,,,18.588449777616248,OK_REPLICA_ROLLING_MEDIAN_BASIS,AVIX_CLEAN_MINUS_PRIOR_252D_MEDIAN_AVIX_QVIX_SPREAD,,,50.0,,,,,,,50.0,,,,,,,,,,,,,,,,,,,,,,50.0,,,,True,True,False,False,False,False,OK,,,,,50.0,45.9,CAUTION,警戒,WARN_BREADTH_MISSING,62.0,62.0,100.0,REALIZED_VOL|DRAWDOWN|BREADTH|TURNOVER
2023-02-01,18.780167406665,OK,29.025844930417495,34.575446513564344,42.198670151191834,100.0,20.38,OK,OPTBBS_PARSE_300INDEX_QVIX,,,,False,False,1.0,True,OK,True,,,,,18.930421815866286,OK_REPLICA_ROLLING_MEDIAN_BASIS,AVIX_CLEAN_MINUS_PRIOR_252D_MEDIAN_AVIX_QVIX_SPREAD,,,50.0,,,,,,,50.0,,,,,,,,,,,,,,,,,,,,,,50.0,,,,True,True,False,False,False,False,OK,,,,,50.0,47.3,CAUTION,警戒,WARN_BREADTH_MISSING,62.0,62.0,100.0,REALIZED_VOL|DRAWDOWN|BREADTH|TURNOVER
2023-02-02,18.818236495293515,OK,29.62226640159046,34.80230981605512,38.83091058168555,100.0,20.41,OK,OPTBBS_PARSE_300INDEX_QVIX,,,,False,False,1.0,True,OK,True,,,,,18.9684909044948,OK_REPLICA_ROLLING_MEDIAN_BASIS,AVIX_CLEAN_MINUS_PRIOR_252D_MEDIAN_AVIX_QVIX_SPREAD,,,50.0,,,,,,,50.0,,,,,,,,,,,,,,,,,,,,,,50.0,,,,True,True,False,False,False,False,OK,,,,,50.0,47.3,CAUTION,警戒,WARN_BREADTH_MISSING,62.0,62.0,100.0,REALIZED_VOL|DRAWDOWN|BREADTH|TURNOVER
2023-02-03,19.11319883470909,OK,33.99602385685885,36.90145232804924,49.87233243465046,100.0,20.45,OK,OPTBBS_PARSE_300INDEX_QVIX,,,,False,False,1.0,True,OK,True,,,,,19.263453243910377,OK_REPLICA_ROLLING_MEDIAN_BASIS,AVIX_CLEAN_MINUS_PRIOR_252D_MEDIAN_AVIX_QVIX_SPREAD,,,50.0,,,,,,,50.0,,,,,,,,,,,,,,,,,,,,,,50.0,,,,True,True,False,False,False,False,OK,,,,,50.0,49.7,CAUTION,警戒,WARN_BREADTH_MISSING,62.0,62.0,100.0,REALIZED_VOL|DRAWDOWN|BREADTH|TURNOVER
2023-02-06,19.5025709800562,OK,38.36978131212724,39.63903212622375,54.79982406393158,100.0,20.54,OK,OPTBBS_PARSE_300INDEX_QVIX,,,,False,False,1.0,True,OK,True,,,,,19.652825389257483,OK_REPLICA_ROLLING_MEDIAN_BASIS,AVIX_CLEAN_MINUS_PRIOR_252D_MEDIAN_AVIX_QVIX_SPREAD,,,50.0,,,,,,,50.0,,,,,,,,,,,,,,,,,,,,,,50.0,,,,True,True,False,False,False,False,OK,,,,,50.0,51.7,CAUTION,警戒,WARN_BREADTH_MISSING,62.0,62.0,100.0,REALIZED_VOL|DRAWDOWN|BREADTH|TURNOVER
2023-02-07,18.93254568864023,OK,31.21272365805169,35.36793501898428,55.36224191519415,100.0,20.29,OK,OPTBBS_PARSE_300INDEX_QVIX,,,,False,False,1.0,True,OK,True,,,,,19.082800097841513,OK_REPLICA_ROLLING_MEDIAN_BASIS,AVIX_CLEAN_MINUS_PRIOR_252D_MEDIAN_AVIX_QVIX_SPREAD,,,50.0,,,,,,,50.0,,,,,,,,,,,,,,,,,,,,,,50.0,,,,True,True,False,False,False,False,OK,,,,,50.0,49.1,CAUTION,警戒,WARN_BREADTH_MISSING,62.0,62.0,100.0,REALIZED_VOL|DRAWDOWN|BREADTH|TURNOVER
2023-02-08,18.0749720482124,OK,20.87475149105368,29.02280043239287,42.4899992296945,100.0,19.59,OK,OPTBBS_PARSE_300INDEX_QVIX,,,,False,False,1.0,True,OK,True,,,,,18.22710103081032,OK_REPLICA_ROLLING_MEDIAN_BASIS,AVIX_CLEAN_MINUS_PRIOR_252D_MEDIAN_AVIX_QVIX_SPREAD,,,50.0,,,,,,,50.0,,,,,,,,,,,,,,,,,,,,,,50.0,,,,True,True,False,False,False,False,OK,,,,,50.0,44.3,CAUTION,警戒,WARN_BREADTH_MISSING,62.0,62.0,100.0,REALIZED_VOL|DRAWDOWN|BREADTH|TURNOVER
2023-02-09,17.845645920493247,OK,17.296222664015904,27.243279233643495,39.66331861071557,60.0,19.73,OK,OPTBBS_PARSE_300INDEX_QVIX,,,,False,False,1.0,True,OK,True,,,,,18.00135043802717,OK_REPLICA_ROLLING_MEDIAN_BASIS,AVIX_CLEAN_MINUS_PRIOR_252D_MEDIAN_AVIX_QVIX_SPREAD,,,50.0,,,,,,,50.0,,,,,,,,,,,,,,,,,,,,,,50.0,,,,True,True,False,False,False,False,OK,,,,,50.0,38.0,NORMAL,正常,WARN_BREADTH_MISSING,62.0,62.0,100.0,REALIZED_VOL|DRAWDOWN|BREADTH|TURNOVER
2023-02-10,17.486957923854593,OK,14.115308151093439,24.586680875570327,32.983058723783216,100.0,19.44,OK,OPTBBS_PARSE_300INDEX_QVIX,,,,False,False,1.0,True,OK,True,,,,,17.64913552917597,OK_REPLICA_ROLLING_MEDIAN_BASIS,AVIX_CLEAN_MINUS_PRIOR_252D_MEDIAN_AVIX_QVIX_SPREAD,,,50.0,,,,,,,50.0,,,,,,,,,,,,,,,,,,,,,,50.0,,,,True,True,False,False,False,False,OK,,,,,50.0,41.0,CAUTION,警戒,WARN_BREADTH_MISSING,62.0,62.0,100.0,REALIZED_VOL|DRAWDOWN|BREADTH|TURNOVER
2023-02-13,18.042278404738383,WARN_NOT_BRACKET_30D,20.675944333996025,28.66553211453204,35.02461468479056,60.0,17.93,OK,OPTBBS_PARSE_300INDEX_QVIX,,,,False,False,1.0,True,OK,True,,,,,18.235351245030326,OK_REPLICA_ROLLING_MEDIAN_BASIS,AVIX_CLEAN_MINUS_PRIOR_252D_MEDIAN_AVIX_QVIX_SPREAD,,,50.0,,,,,,,50.0,,,,,,,,,,,,,,,,,,,,,,50.0,,,,True,True,False,False,False,False,OK,,,,,50.0,38.8,NORMAL,正常,WARN_BREADTH_MISSING|WARN_NOT_BRACKET_30D,62.0,62.0,100.0,REALIZED_VOL|DRAWDOWN|BREADTH|TURNOVER
2023-02-14,18.003462651941142,WARN_NOT_BRACKET_30D,19.284294234592444,28.500664543542243,40.18533427064117,30.0,17.86,OK,OPTBBS_PARSE_300INDEX_QVIX,,,,False,False,1.0,True,OK,True,,,,,18.165640257262524,OK_REPLICA_ROLLING_MEDIAN_BASIS,AVIX_CLEAN_MINUS_PRIOR_252D_MEDIAN_AVIX_QVIX_SPREAD,,,50.0,,,,,,,50.0,,,,,,,,,,,,,,,,,,,,,,50.0,,,,True,True,False,False,False,False,OK,,,,,50.0,35.2,NORMAL,正常,WARN_BREADTH_MISSING|WARN_NOT_BRACKET_30D,62.0,62.0,100.0,REALIZED_VOL|DRAWDOWN|BREADTH|TURNOVER
2023-02-15,17.594755723883708,OK,15.308151093439365,25.594742357066835,44.6863948331673,30.0,17.45,OK,OPTBBS_PARSE_300INDEX_QVIX,,,,False,False,1.0,True,OK,True,,,,,17.75046024141763,OK_REPLICA_ROLLING_MEDIAN_BASIS,AVIX_CLEAN_MINUS_PRIOR_252D_MEDIAN_AVIX_QVIX_SPREAD,,,50.0,,,,,,,50.0,,,,,,,,,,,,,,,,,,,,,,50.0,,,,True,True,False,False,False,False,OK,,,,,50.0,34.0,NORMAL,正常,WARN_BREADTH_MISSING,62.0,62.0,100.0,REALIZED_VOL|DRAWDOWN|BREADTH|TURNOVER
2023-02-16,18.250392382681422,OK,24.055666003976143,30.467116846746784,54.53608083441104,30.0,18.07,OK,OPTBBS_PARSE_300INDEX_QVIX,,,,False,False,1.0,True,OK,True,,,,,18.402521365279345,OK_REPLICA_ROLLING_MEDIAN_BASIS,AVIX_CLEAN_MINUS_PRIOR_252D_MEDIAN_AVIX_QVIX_SPREAD,,,50.0,,,,,,,50.0,,,,,,,,,,,,,,,,,,,,,,50.0,,,,True,True,False,False,False,False,OK,,,,,50.0,38.0,NORMAL,正常,WARN_BREADTH_MISSING,62.0,62.0,100.0,REALIZED_VOL|DRAWDOWN|BREADTH|TURNOVER
2023-02-17,18.08385707155759,OK,22.266401590457257,29.40135381609408,56.826792290598945,30.0,17.87,OK,OPTBBS_PARSE_300INDEX_QVIX,,,,False,False,1.0,True,OK,True,,,,,18.234111480758873,OK_REPLICA_ROLLING_MEDIAN_BASIS,AVIX_CLEAN_MINUS_PRIOR_252D_MEDIAN_AVIX_QVIX_SPREAD,,,50.0,,,,,,,50.0,,,,,,,,,,,,,,,,,,,,,,50.0,,,,True,True,False,False,False,False,OK,,,,,50.0,37.5,NORMAL,正常,WARN_BREADTH_MISSING,62.0,62.0,100.0,REALIZED_VOL|DRAWDOWN|BREADTH|TURNOVER
2023-02-20,18.04746687995976,OK,21.47117296222664,29.19344842712011,50.057514634293824,30.0,18.59,OK,OPTBBS_PARSE_300INDEX_QVIX,,,,False,False,1.0,True,OK,True,,,,,18.197721289161045,OK_REPLICA_ROLLING_MEDIAN_BASIS,AVIX_CLEAN_MINUS_PRIOR_252D_MEDIAN_AVIX_QVIX_SPREAD,,,50.0,,,,,,,50.0,,,,,,,,,,,,,,,,,,,,,,50.0,,,,True,True,False,False,False,False,OK,,,,,50.0,36.7,NORMAL,正常,WARN_BREADTH_MISSING,62.0,62.0,100.0,REALIZED_VOL|DRAWDOWN|BREADTH|TURNOVER
2023-02-21,18.09158893102876,OK,22.664015904572565,29.521948639683345,50.97899255039269,30.0,18.72,OK,OPTBBS_PARSE_300INDEX_QVIX,,,,False,False,1.0,True,OK,True,,,,,18.241843340230044,OK_REPLICA_ROLLING_MEDIAN_BASIS,AVIX_CLEAN_MINUS_PRIOR_252D_MEDIAN_AVIX_QVIX_SPREAD,,,50.0,,,,,,,50.0,,,,,,,,,,,,,,,,,,,,,,50.0,,,,True,True,False,False,False,False,OK,,,,,50.0,37.2,NORMAL,正常,WARN_BREADTH_MISSING,62.0,62.0,100.0,REALIZED_VOL|DRAWDOWN|BREADTH|TURNOVER
2023-02-22,17.850795628985537,OK,17.892644135188867,27.73933856834455,52.910411592179955,30.0,18.58,OK,OPTBBS_PARSE_300INDEX_QVIX,,,,False,False,1.0,True,OK,True,,,,,18.001050038186822,OK_REPLICA_ROLLING_MEDIAN_BASIS,AVIX_CLEAN_MINUS_PRIOR_252D_MEDIAN_AVIX_QVIX_SPREAD,,,50.0,,,,,,,50.0,,,,,,,,,,,,,,,,,,,,,,50.0,,,,True,True,False,False,False,False,OK,,,,,50.0,35.7,NORMAL,正常,WARN_BREADTH_MISSING,62.0,62.0,100.0,REALIZED_VOL|DRAWDOWN|BREADTH|TURNOVER
2023-02-23,17.487247614037198,OK,14.314115308151093,25.041685883116507,41.63694946779988,30.0,17.9,OK,OPTBBS_PARSE_300INDEX_QVIX,,,,False,False,1.0,True,OK,True,,,,,17.637502023238483,OK_REPLICA_ROLLING_MEDIAN_BASIS,AVIX_CLEAN_MINUS_PRIOR_252D_MEDIAN_AVIX_QVIX_SPREAD,,,50.0,,,,,,,50.0,,,,,,,,,,,,,,,,,,,,,,50.0,,,,True,True,False,False,False,False,OK,,,,,50.0,33.4,NORMAL,正常,WARN_BREADTH_MISSING,62.0,62.0,100.0,REALIZED_VOL|DRAWDOWN|BREADTH|TURNOVER
2023-02-24,17.580064778103857,OK,15.50695825049702,25.65681724078575,44.42826503814721,30.0,18.0,OK,OPTBBS_PARSE_300INDEX_QVIX,,,,False,False,1.0,True,OK,True,,,,,17.730319187305142,OK_REPLICA_ROLLING_MEDIAN_BASIS,AVIX_CLEAN_MINUS_PRIOR_252D_MEDIAN_AVIX_QVIX_SPREAD,,,50.0,,,,,,,50.0,,,,,,,,,,,,,,,,,,,,,,50.0,,,,True,True,False,False,False,False,OK,,,,,50.0,34.1,NORMAL,正常,WARN_BREADTH_MISSING,62.0,62.0,100.0,REALIZED_VOL|DRAWDOWN|BREADTH|TURNOVER
2023-02-27,18.224593508732266,OK,25.04970178926441,30.334975130336225,51.96289739663342,30.0,17.02,OK,OPTBBS_PARSE_300INDEX_QVIX,,,,False,False,1.0,True,OK,True,,,,,18.37484791793355,OK_REPLICA_ROLLING_MEDIAN_BASIS,AVIX_CLEAN_MINUS_PRIOR_252D_MEDIAN_AVIX_QVIX_SPREAD,,,50.0,,,,,,,50.0,,,,,,,,,,,,,,,,,,,,,,50.0,,,,True,True,False,False,False,False,OK,,,,,50.0,38.0,NORMAL,正常,WARN_BREADTH_MISSING,62.0,62.0,100.0,REALIZED_VOL|DRAWDOWN|BREADTH|TURNOVER
2023-02-28,17.401654903877063,OK,13.12127236580517,24.3060263625415,42.37287526505318,30.0,16.18,OK,OPTBBS_PARSE_300INDEX_QVIX,,,,False,False,1.0,True,OK,True,,,,,17.547049111574154,OK_REPLICA_ROLLING_MEDIAN_BASIS,AVIX_CLEAN_MINUS_PRIOR_252D_MEDIAN_AVIX_QVIX_SPREAD,,,50.0,,,,,,,50.0,,,,,,,,,,,,,,,,,,,,,,50.0,,,,True,True,False,False,False,False,OK,,,,,50.0,33.1,NORMAL,正常,WARN_BREADTH_MISSING,62.0,62.0,100.0,REALIZED_VOL|DRAWDOWN|BREADTH|TURNOVER
2023-03-01,17.301191260067338,OK,12.524850894632205,23.514892557009098,43.84224232531384,30.0,16.28,OK,OPTBBS_PARSE_300INDEX_QVIX,,,,False,False,1.0,True,OK,True,,,,,17.437062123763333,OK_REPLICA_ROLLING_MEDIAN_BASIS,AVIX_CLEAN_MINUS_PRIOR_252D_MEDIAN_AVIX_QVIX_SPREAD,,,50.0,,,,,,,50.0,,,,,,,,,,,,,,,,,,,,,,50.0,,,,True,True,False,False,False,False,OK,,,,,50.0,32.9,NORMAL,正常,WARN_BREADTH_MISSING,62.0,62.0,100.0,REALIZED_VOL|DRAWDOWN|BREADTH|TURNOVER
2023-03-02,17.26840228364494,OK,11.928429423459244,23.232541001267812,47.49708661737495,30.0,16.36,OK,OPTBBS_PARSE_300INDEX_QVIX,,,,False,False,1.0,True,OK,True,,,,,17.39337248840087,OK_REPLICA_ROLLING_MEDIAN_BASIS,AVIX_CLEAN_MINUS_PRIOR_252D_MEDIAN_AVIX_QVIX_SPREAD,,,50.0,,,,,,,50.0,,,,,,,,,,,,,,,,,,,,,,50.0,,,,True,True,False,False,False,False,OK,,,,,50.0,33.0,NORMAL,正常,WARN_BREADTH_MISSING,62.0,62.0,100.0,REALIZED_VOL|DRAWDOWN|BREADTH|TURNOVER
2023-03-03,17.124012885456775,OK,10.337972166998012,22.076741322474245,44.81171544697493,30.0,15.78,OK,OPTBBS_PARSE_300INDEX_QVIX,,,,False,False,1.0,True,OK,True,,,,,17.240837532529532,OK_REPLICA_ROLLING_MEDIAN_BASIS,AVIX_CLEAN_MINUS_PRIOR_252D_MEDIAN_AVIX_QVIX_SPREAD,,,50.0,,,,,,,50.0,,,,,,,,,,,,,,,,,,,,,,50.0,,,,True,True,False,False,False,False,OK,,,,,50.0,32.2,NORMAL,正常,WARN_BREADTH_MISSING,62.0,62.0,100.0,REALIZED_VOL|DRAWDOWN|BREADTH|TURNOVER
2023-03-06,17.13222069818321,OK,10.536779324055665,22.030218489280607,38.012102327268394,30.0,15.8,OK,OPTBBS_PARSE_300INDEX_QVIX,,,,False,False,1.0,True,OK,True,,,,,17.245850991370574,OK_REPLICA_ROLLING_MEDIAN_BASIS,AVIX_CLEAN_MINUS_PRIOR_252D_MEDIAN_AVIX_QVIX_SPREAD,,,50.0,,,,,,,50.0,,,,,,,,,,,,,,,,,,,,,,50.0,,,,True,True,False,False,False,False,OK,,,,,50.0,31.7,NORMAL,正常,WARN_BREADTH_MISSING,62.0,62.0,100.0,REALIZED_VOL|DRAWDOWN|BREADTH|TURNOVER
2023-03-07,17.37682232758863,OK,13.916500994035786,23.743854161561607,49.714595233320026,30.0,16.73,OK,OPTBBS_PARSE_300INDEX_QVIX,,,,False,False,1.0,True,OK,True,,,,,17.47600566318801,OK_REPLICA_ROLLING_MEDIAN_BASIS,AVIX_CLEAN_MINUS_PRIOR_252D_MEDIAN_AVIX_QVIX_SPREAD,,,50.0,,,,,,,50.0,,,,,,,,,,,,,,,,,,,,,,50.0,,,,True,True,False,False,False,False,OK,,,,,50.0,33.8,NORMAL,正常,WARN_BREADTH_MISSING,62.0,62.0,100.0,REALIZED_VOL|DRAWDOWN|BREADTH|TURNOVER
2023-03-08,17.18031093573841,OK,11.133200795228628,22.129847171306984,48.60263582418249,30.0,16.48,OK,OPTBBS_PARSE_300INDEX_QVIX,,,,False,False,1.0,True,OK,True,,,,,17.263614318323988,OK_REPLICA_ROLLING_MEDIAN_BASIS,AVIX_CLEAN_MINUS_PRIOR_252D_MEDIAN_AVIX_QVIX_SPREAD,,,50.0,,,,,,,50.0,,,,,,,,,,,,,,,,,,,,,,50.0,,,,True,True,False,False,False,False,OK,,,,,50.0,32.7,NORMAL,正常,WARN_BREADTH_MISSING,62.0,62.0,100.0,REALIZED_VOL|DRAWDOWN|BREADTH|TURNOVER
2023-03-09,16.995745636318542,OK,9.145129224652088,20.80229622773473,46.84213231950669,30.0,16.36,OK,OPTBBS_PARSE_300INDEX_QVIX,,,,False,False,1.0,True,OK,True,,,,,17.075274725745906,OK_REPLICA_ROLLING_MEDIAN_BASIS,AVIX_CLEAN_MINUS_PRIOR_252D_MEDIAN_AVIX_QVIX_SPREAD,,,50.0,,,,,,,50.0,,,,,,,,,,,,,,,,,,,,,,50.0,,,,True,True,False,False,False,False,OK,,,,,50.0,31.8,NORMAL,正常,WARN_BREADTH_MISSING,62.0,62.0,100.0,REALIZED_VOL|DRAWDOWN|BREADTH|TURNOVER
2023-03-10,17.510778936043575,OK,16.302186878727635,24.524098713020194,54.51723615456139,30.0,17.34,OK,OPTBBS_PARSE_300INDEX_QVIX,,,,False,False,1.0,True,OK,True,,,,,17.583367624295082,OK_REPLICA_ROLLING_MEDIAN_BASIS,AVIX_CLEAN_MINUS_PRIOR_252D_MEDIAN_AVIX_QVIX_SPREAD,,,50.0,,,,,,,50.0,,,,,,,,,,,,,,,,,,,,,,50.0,,,,True,True,False,False,False,False,OK,,,,,50.0,35.0,NORMAL,正常,WARN_BREADTH_MISSING,62.0,62.0,100.0,REALIZED_VOL|DRAWDOWN|BREADTH|TURNOVER
2023-03-13,17.43409905639228,WARN_NOT_BRACKET_30D,15.109343936381709,23.940367689762,53.52410074008773,30.0,17.12,OK,OPTBBS_PARSE_300INDEX_QVIX,,,,False,False,1.0,True,OK,True,,,,,17.496121402142602,OK_REPLICA_ROLLING_MEDIAN_BASIS,AVIX_CLEAN_MINUS_PRIOR_252D_MEDIAN_AVIX_QVIX_SPREAD,,,50.0,,,,,,,50.0,,,,,,,,,,,,,,,,,,,,,,50.0,,,,True,True,False,False,False,False,OK,,,,,50.0,34.5,NORMAL,正常,WARN_BREADTH_MISSING|WARN_NOT_BRACKET_30D,62.0,62.0,100.0,REALIZED_VOL|DRAWDOWN|BREADTH|TURNOVER
2023-03-14,17.730062870777154,WARN_NOT_BRACKET_30D,18.886679920477135,26.02690567495985,54.06565178062151,30.0,17.75,OK,OPTBBS_PARSE_300INDEX_QVIX,,,,False,False,1.0,True,OK,True,,,,,17.786023994964562,OK_REPLICA_ROLLING_MEDIAN_BASIS,AVIX_CLEAN_MINUS_PRIOR_252D_MEDIAN_AVIX_QVIX_SPREAD,,,50.0,,,,,,,50.0,,,,,,,,,,,,,,,,,,,,,,50.0,,,,True,True,False,False,False,False,OK,,,,,50.0,35.9,NORMAL,正常,WARN_BREADTH_MISSING|WARN_NOT_BRACKET_30D,62.0,62.0,100.0,REALIZED_VOL|DRAWDOWN|BREADTH|TURNOVER
2023-03-15,16.896192068177413,WARN_NOT_BRACKET_30D,8.548707753479125,19.79507643013403,46.69250610627802,30.0,16.87,OK,OPTBBS_PARSE_300INDEX_QVIX,,,,False,False,1.0,True,OK,True,,,,,16.949603175235765,OK_REPLICA_ROLLING_MEDIAN_BASIS,AVIX_CLEAN_MINUS_PRIOR_252D_MEDIAN_AVIX_QVIX_SPREAD,,,50.0,,,,,,,50.0,,,,,,,,,,,,,,,,,,,,,,50.0,,,,True,True,False,False,False,False,OK,,,,,50.0,31.5,NORMAL,正常,WARN_BREADTH_MISSING|WARN_NOT_BRACKET_30D,62.0,62.0,100.0,REALIZED_VOL|DRAWDOWN|BREADTH|TURNOVER
2023-03-16,17.676766073701618,WARN_NOT_BRACKET_30D,19.08548707753479,25.547418542740065,58.01401070545311,30.0,17.96,OK,OPTBBS_PARSE_300INDEX_QVIX,,,,False,False,1.0,True,OK,True,,,,,17.725414751695546,OK_REPLICA_ROLLING_MEDIAN_BASIS,AVIX_CLEAN_MINUS_PRIOR_252D_MEDIAN_AVIX_QVIX_SPREAD,,,50.0,,,,,,,50.0,,,,,,,,,,,,,,,,,,,,,,50.0,,,,True,True,False,False,False,False,OK,,,,,50.0,36.2,NORMAL,正常,WARN_BREADTH_MISSING|WARN_NOT_BRACKET_30D,62.0,62.0,100.0,REALIZED_VOL|DRAWDOWN|BREADTH|TURNOVER
2023-03-17,16.729232465536402,WARN_NOT_BRACKET_30D,6.958250497017893,18.532102258257535,41.07353849464155,30.0,16.63,OK,OPTBBS_PARSE_300INDEX_QVIX,,,,False,False,1.0,True,OK,True,,,,,16.77788114353033,OK_REPLICA_ROLLING_MEDIAN_BASIS,AVIX_CLEAN_MINUS_PRIOR_252D_MEDIAN_AVIX_QVIX_SPREAD,,,50.0,,,,,,,50.0,,,,,,,,,,,,,,,,,,,,,,50.0,,,,True,True,False,False,False,False,OK,,,,,50.0,30.4,NORMAL,正常,WARN_BREADTH_MISSING|WARN_NOT_BRACKET_30D,62.0,62.0,100.0,REALIZED_VOL|DRAWDOWN|BREADTH|TURNOVER
2023-03-20,17.640796693983816,WARN_NOT_BRACKET_30D,19.284294234592444,25.484407840042884,52.37118805993877,30.0,17.99,OK,OPTBBS_PARSE_300INDEX_QVIX,,,,False,False,1.0,True,OK,True,,,,,17.684579745795098,OK_REPLICA_ROLLING_MEDIAN_BASIS,AVIX_CLEAN_MINUS_PRIOR_252D_MEDIAN_AVIX_QVIX_SPREAD,,,50.0,,,,,,,50.0,,,,,,,,,,,,,,,,,,,,,,50.0,,,,True,True,False,False,False,False,OK,,,,,50.0,35.8,NORMAL,正常,WARN_BREADTH_MISSING|WARN_NOT_BRACKET_30D,62.0,62.0,100.0,REALIZED_VOL|DRAWDOWN|BREADTH|TURNOVER
2023-03-21,16.73661124531734,WARN_NOT_BRACKET_30D,7.3558648111332,19.06029973203047,38.79359162231479,100.0,17.1,OK,OPTBBS_PARSE_300INDEX_QVIX,,,,False,False,1.0,True,OK,True,,,,,16.785259923311266,OK_REPLICA_ROLLING_MEDIAN_BASIS,AVIX_CLEAN_MINUS_PRIOR_252D_MEDIAN_AVIX_QVIX_SPREAD,,,50.0,,,,,,,50.0,,,,,,,,,,,,,,,,,,,,,,50.0,,,,True,True,False,False,False,False,OK,,,,,50.0,38.8,NORMAL,正常,WARN_BREADTH_MISSING|WARN_NOT_BRACKET_30D,62.0,62.0,100.0,REALIZED_VOL|DRAWDOWN|BREADTH|TURNOVER
2023-03-22,16.38243391151469,OK,4.7713717693836974,16.73635143743249,43.91865155663866,60.0,17.99,OK,OPTBBS_PARSE_300INDEX_QVIX,,,,False,False,1.0,True,OK,True,,,,,16.43584501857304,OK_REPLICA_ROLLING_MEDIAN_BASIS,AVIX_CLEAN_MINUS_PRIOR_252D_MEDIAN_AVIX_QVIX_SPREAD,,,50.0,,,,,,,50.0,,,,,,,,,,,,,,,,,,,,,,50.0,,,,True,True,False,False,False,False,OK,,,,,50.0,33.4,NORMAL,正常,WARN_BREADTH_MISSING,62.0,62.0,100.0,REALIZED_VOL|DRAWDOWN|BREADTH|TURNOVER
2023-03-23,15.421048258725326,OK,1.1928429423459244,10.12643478104679,24.478161836036215,100.0,16.87,OK,OPTBBS_PARSE_300INDEX_QVIX,,,,False,False,1.0,True,OK,True,,,,,15.477009382912735,OK_REPLICA_ROLLING_MEDIAN_BASIS,AVIX_CLEAN_MINUS_PRIOR_252D_MEDIAN_AVIX_QVIX_SPREAD,,,50.0,,,,,,,50.0,,,,,,,,,,,,,,,,,,,,,,50.0,,,,True,True,False,False,False,False,OK,,,,,50.0,34.7,NORMAL,正常,WARN_BREADTH_MISSING,62.0,62.0,100.0,REALIZED_VOL|DRAWDOWN|BREADTH|TURNOVER
2023-03-24,15.20958682928216,OK,0.5964214711729622,9.087540538646095,31.832452392722278,100.0,15.98,OK,OPTBBS_PARSE_300INDEX_QVIX,,,,False,False,1.0,True,OK,True,,,,,15.27160917503248,OK_REPLICA_ROLLING_MEDIAN_BASIS,AVIX_CLEAN_MINUS_PRIOR_252D_MEDIAN_AVIX_QVIX_SPREAD,,,50.0,,,,,,,50.0,,,,,,,,,,,,,,,,,,,,,,50.0,,,,True,True,False,False,False,False,OK,,,,,50.0,35.0,NORMAL,正常,WARN_BREADTH_MISSING,62.0,62.0,100.0,REALIZED_VOL|DRAWDOWN|BREADTH|TURNOVER
2023-03-27,15.769866480774178,OK,2.3856858846918487,13.395211955511279,28.788597299035867,100.0,16.72,OK,OPTBBS_PARSE_300INDEX_QVIX,,,,False,False,1.0,True,OK,True,,,,,15.8318888265245,OK_REPLICA_ROLLING_MEDIAN_BASIS,AVIX_CLEAN_MINUS_PRIOR_252D_MEDIAN_AVIX_QVIX_SPREAD,,,50.0,,,,,,,50.0,,,,,,,,,,,,,,,,,,,,,,50.0,,,,True,True,False,False,False,False,OK,,,,,50.0,35.8,NORMAL,正常,WARN_BREADTH_MISSING,62.0,62.0,100.0,REALIZED_VOL|DRAWDOWN|BREADTH|TURNOVER
2023-03-28,15.639222004217553,OK,1.9880715705765408,12.158060686325797,36.88636277661259,60.0,16.73,OK,OPTBBS_PARSE_300INDEX_QVIX,,,,False,False,1.0,True,OK,True,,,,,15.701244349967874,OK_REPLICA_ROLLING_MEDIAN_BASIS,AVIX_CLEAN_MINUS_PRIOR_252D_MEDIAN_AVIX_QVIX_SPREAD,,,50.0,,,,,,,50.0,,,,,,,,,,,,,,,,,,,,,,50.0,,,,True,True,False,False,False,False,OK,,,,,50.0,31.4,NORMAL,正常,WARN_BREADTH_MISSING,62.0,62.0,100.0,REALIZED_VOL|DRAWDOWN|BREADTH|TURNOVER
2023-03-29,15.74097052603584,OK,2.584493041749503,12.979916402072675,42.16888785947752,100.0,16.86,OK,OPTBBS_PARSE_300INDEX_QVIX,,,,False,False,1.0,True,OK,True,,,,,15.813559214287347,OK_REPLICA_ROLLING_MEDIAN_BASIS,AVIX_CLEAN_MINUS_PRIOR_252D_MEDIAN_AVIX_QVIX_SPREAD,,,50.0,,,,,,,50.0,,,,,,,,,,,,,,,,,,,,,,50.0,,,,True,True,False,False,False,False,OK,,,,,50.0,36.9,NORMAL,正常,WARN_BREADTH_MISSING,62.0,62.0,100.0,REALIZED_VOL|DRAWDOWN|BREADTH|TURNOVER
2023-03-30,15.62146362360478,OK,1.9880715705765408,12.339590718869225,52.59924437712669,100.0,16.74,OK,OPTBBS_PARSE_300INDEX_QVIX,,,,False,False,1.0,True,OK,True,,,,,15.700992713032145,OK_REPLICA_ROLLING_MEDIAN_BASIS,AVIX_CLEAN_MINUS_PRIOR_252D_MEDIAN_AVIX_QVIX_SPREAD,,,50.0,,,,,,,50.0,,,,,,,,,,,,,,,,,,,,,,50.0,,,,True,True,False,False,False,False,OK,,,,,50.0,37.5,NORMAL,正常,WARN_BREADTH_MISSING,62.0,62.0,100.0,REALIZED_VOL|DRAWDOWN|BREADTH|TURNOVER
2023-03-31,15.448792472076558,OK,1.5904572564612325,11.432586060015325,53.145458788319864,100.0,16.68,OK,OPTBBS_PARSE_300INDEX_QVIX,,,,False,False,1.0,True,OK,True,,,,,15.532095854662135,OK_REPLICA_ROLLING_MEDIAN_BASIS,AVIX_CLEAN_MINUS_PRIOR_252D_MEDIAN_AVIX_QVIX_SPREAD,,,50.0,,,,,,,50.0,,,,,,,,,,,,,,,,,,,,,,50.0,,,,True,True,False,False,False,False,OK,,,,,50.0,37.3,NORMAL,正常,WARN_BREADTH_MISSING,62.0,62.0,100.0,REALIZED_VOL|DRAWDOWN|BREADTH|TURNOVER
2023-04-03,15.787309639889257,OK,3.3797216699801194,14.335597017923341,50.22122139253802,100.0,17.26,OK,OPTBBS_PARSE_300INDEX_QVIX,,,,False,False,1.0,True,OK,True,,,,,15.870613022474833,OK_REPLICA_ROLLING_MEDIAN_BASIS,AVIX_CLEAN_MINUS_PRIOR_252D_MEDIAN_AVIX_QVIX_SPREAD,,,50.0,,,,,,,50.0,,,,,,,,,,,,,,,,,,,,,,50.0,,,,True,True,False,False,False,False,OK,,,,,50.0,38.0,NORMAL,正常,WARN_BREADTH_MISSING,62.0,62.0,100.0,REALIZED_VOL|DRAWDOWN|BREADTH|TURNOVER
2023-04-04,16.05875805481971,OK,4.572564612326044,16.707418128189204,55.36517801830571,100.0,17.55,OK,OPTBBS_PARSE_300INDEX_QVIX,,,,False,False,1.0,True,OK,True,,,,,16.157941390419087,OK_REPLICA_ROLLING_MEDIAN_BASIS,AVIX_CLEAN_MINUS_PRIOR_252D_MEDIAN_AVIX_QVIX_SPREAD,,,50.0,,,,,,,50.0,,,,,,,,,,,,,,,,,,,,,,50.0,,,,True,True,False,False,False,False,OK,,,,,50.0,39.0,NORMAL,正常,WARN_BREADTH_MISSING,62.0,62.0,100.0,REALIZED_VOL|DRAWDOWN|BREADTH|TURNOVER
2023-04-06,16.23063700281003,OK,5.964214711729622,18.277484913648987,56.22155382305398,100.0,17.76,OK,OPTBBS_PARSE_300INDEX_QVIX,,,,False,False,1.0,True,OK,True,,,,,16.344267295997398,OK_REPLICA_ROLLING_MEDIAN_BASIS,AVIX_CLEAN_MINUS_PRIOR_252D_MEDIAN_AVIX_QVIX_SPREAD,,,50.0,,,,,,,50.0,,,,,,,,,,,,,,,,,,,,,,50.0,,,,True,True,False,False,False,False,OK,,,,,50.0,39.7,NORMAL,正常,WARN_BREADTH_MISSING,62.0,62.0,100.0,REALIZED_VOL|DRAWDOWN|BREADTH|TURNOVER
2023-04-07,15.673151823156587,OK,2.584493041749503,14.486117194456014,50.661758728851815,100.0,17.49,OK,OPTBBS_PARSE_300INDEX_QVIX,,,,False,False,1.0,True,OK,True,,,,,15.789976470229343,OK_REPLICA_ROLLING_MEDIAN_BASIS,AVIX_CLEAN_MINUS_PRIOR_252D_MEDIAN_AVIX_QVIX_SPREAD,,,50.0,,,,,,,50.0,,,,,,,,,,,,,,,,,,,,,,50.0,,,,True,True,False,False,False,False,OK,,,,,50.0,37.8,NORMAL,正常,WARN_BREADTH_MISSING,62.0,62.0,100.0,REALIZED_VOL|DRAWDOWN|BREADTH|TURNOVER
2023-04-10,15.717166947812103,OK,3.180914512922465,15.17898628737857,53.47437479298951,60.0,17.49,OK,OPTBBS_PARSE_300INDEX_QVIX,,,,False,False,1.0,True,OK,True,,,,,15.842137152568037,OK_REPLICA_ROLLING_MEDIAN_BASIS,AVIX_CLEAN_MINUS_PRIOR_252D_MEDIAN_AVIX_QVIX_SPREAD,,,50.0,,,,,,,50.0,,,,,,,,,,,,,,,,,,,,,,50.0,,,,True,True,False,False,False,False,OK,,,,,50.0,33.5,NORMAL,正常,WARN_BREADTH_MISSING,62.0,62.0,100.0,REALIZED_VOL|DRAWDOWN|BREADTH|TURNOVER
2023-04-11,15.236070584026717,OK,0.7952286282306162,12.096648510605249,43.01668151906335,100.0,17.07,OK,OPTBBS_PARSE_300INDEX_QVIX,,,,False,False,1.0,True,OK,True,,,,,15.371941447722712,OK_REPLICA_ROLLING_MEDIAN_BASIS,AVIX_CLEAN_MINUS_PRIOR_252D_MEDIAN_AVIX_QVIX_SPREAD,,,50.0,,,,,,,50.0,,,,,,,,,,,,,,,,,,,,,,50.0,,,,True,True,False,False,False,False,OK,,,,,50.0,36.4,NORMAL,正常,WARN_BREADTH_MISSING,62.0,62.0,100.0,REALIZED_VOL|DRAWDOWN|BREADTH|TURNOVER
2023-04-12,14.901830535845551,OK,0.3976143141153081,10.151096591021897,35.591320137899096,100.0,16.81,OK,OPTBBS_PARSE_300INDEX_QVIX,,,,False,False,1.0,True,OK,True,,,,,15.048483233261186,OK_REPLICA_ROLLING_MEDIAN_BASIS,AVIX_CLEAN_MINUS_PRIOR_252D_MEDIAN_AVIX_QVIX_SPREAD,,,50.0,,,,,,,50.0,,,,,,,,,,,,,,,,,,,,,,50.0,,,,True,True,False,False,False,False,OK,,,,,50.0,35.4,NORMAL,正常,WARN_BREADTH_MISSING,62.0,62.0,100.0,REALIZED_VOL|DRAWDOWN|BREADTH|TURNOVER
2023-04-13,14.557162445691176,OK,0.19880715705765406,8.213290363032812,29.378818504423165,100.0,16.36,OK,OPTBBS_PARSE_300INDEX_QVIX,,,,False,False,1.0,True,OK,True,,,,,14.709291428289099,OK_REPLICA_ROLLING_MEDIAN_BASIS,AVIX_CLEAN_MINUS_PRIOR_252D_MEDIAN_AVIX_QVIX_SPREAD,,,50.0,,,,,,,50.0,,,,,,,,,,,,,,,,,,,,,,50.0,,,,True,True,False,False,False,False,OK,,,,,50.0,34.6,NORMAL,正常,WARN_BREADTH_MISSING,62.0,62.0,100.0,REALIZED_VOL|DRAWDOWN|BREADTH|TURNOVER
2023-04-14,14.095583158777522,OK,0.19880715705765406,5.548639200586479,29.869158645573044,100.0,16.1,OK,OPTBBS_PARSE_300INDEX_QVIX,,,,False,False,1.0,True,OK,True,,,,,14.251287676311446,OK_REPLICA_ROLLING_MEDIAN_BASIS,AVIX_CLEAN_MINUS_PRIOR_252D_MEDIAN_AVIX_QVIX_SPREAD,,,50.0,,,,,,,50.0,,,,,,,,,,,,,,,,,,,,,,50.0,,,,True,True,False,False,False,False,OK,,,,,50.0,34.2,NORMAL,正常,WARN_BREADTH_MISSING,62.0,62.0,100.0,REALIZED_VOL|DRAWDOWN|BREADTH|TURNOVER
2023-04-17,15.149133417926006,WARN_NOT_BRACKET_30D,1.1928429423459244,13.430234328464941,42.77180764482278,100.0,17.19,OK,OPTBBS_PARSE_300INDEX_QVIX,,,,False,False,1.0,True,OK,True,,,,,15.311311023247386,OK_REPLICA_ROLLING_MEDIAN_BASIS,AVIX_CLEAN_MINUS_PRIOR_252D_MEDIAN_AVIX_QVIX_SPREAD,,,50.0,,,,,,,50.0,,,,,,,,,,,,,,,,,,,,,,50.0,,,,True,True,False,False,False,False,OK,,,,,50.0,36.6,NORMAL,正常,WARN_BREADTH_MISSING|WARN_NOT_BRACKET_30D,62.0,62.0,100.0,REALIZED_VOL|DRAWDOWN|BREADTH|TURNOVER
2023-04-18,14.618246991366869,WARN_NOT_BRACKET_30D,0.5964214711729622,10.181606381705272,41.889987785859105,100.0,16.8,OK,OPTBBS_PARSE_300INDEX_QVIX,,,,False,False,1.0,True,OK,True,,,,,14.811319831658812,OK_REPLICA_ROLLING_MEDIAN_BASIS,AVIX_CLEAN_MINUS_PRIOR_252D_MEDIAN_AVIX_QVIX_SPREAD,,,50.0,,,,,,,50.0,,,,,,,,,,,,,,,,,,,,,,50.0,,,,True,True,False,False,False,False,OK,,,,,50.0,35.9,NORMAL,正常,WARN_BREADTH_MISSING|WARN_NOT_BRACKET_30D,62.0,62.0,100.0,REALIZED_VOL|DRAWDOWN|BREADTH|TURNOVER
2023-04-19,14.247462598345892,OK,0.3976143141153081,8.147053519507857,41.21761670922761,100.0,15.0,OK,OPTBBS_PARSE_300INDEX_QVIX,,,,False,False,1.0,True,OK,True,,,,,14.470862928327591,OK_REPLICA_ROLLING_MEDIAN_BASIS,AVIX_CLEAN_MINUS_PRIOR_252D_MEDIAN_AVIX_QVIX_SPREAD,,,50.0,,,,,,,50.0,,,,,,,,,,,,,,,,,,,,,,50.0,,,,True,True,False,False,False,False,OK,,,,,50.0,35.5,NORMAL,正常,WARN_BREADTH_MISSING,62.0,62.0,100.0,REALIZED_VOL|DRAWDOWN|BREADTH|TURNOVER
2023-04-20,14.102070997972508,OK,0.3976143141153081,7.7037726045030865,43.74752532416271,60.0,15.83,OK,OPTBBS_PARSE_300INDEX_QVIX,,,,False,False,1.0,True,OK,True,,,,,14.352147322311781,OK_REPLICA_ROLLING_MEDIAN_BASIS,AVIX_CLEAN_MINUS_PRIOR_252D_MEDIAN_AVIX_QVIX_SPREAD,,,50.0,,,,,,,50.0,,,,,,,,,,,,,,,,,,,,,,50.0,,,,True,True,False,False,False,False,OK,,,,,50.0,30.9,NORMAL,正常,WARN_BREADTH_MISSING,62.0,62.0,100.0,REALIZED_VOL|DRAWDOWN|BREADTH|TURNOVER
2023-04-21,15.152640235290605,OK,1.9880715705765408,15.279131679837946,64.9984156683129,60.0,15.8,OK,OPTBBS_PARSE_300INDEX_QVIX,,,,False,False,1.0,True,OK,True,,,,,15.43116041216385,OK_REPLICA_ROLLING_MEDIAN_BASIS,AVIX_CLEAN_MINUS_PRIOR_252D_MEDIAN_AVIX_QVIX_SPREAD,,,50.0,,,,,,,50.0,,,,,,,,,,,,,,,,,,,,,,50.0,,,,True,True,False,False,False,False,OK,,,,,50.0,34.1,NORMAL,正常,WARN_BREADTH_MISSING,62.0,62.0,100.0,REALIZED_VOL|DRAWDOWN|BREADTH|TURNOVER
2023-04-24,16.48728894640025,OK,9.343936381709742,24.630814509612794,67.66643004002857,100.0,17.08,OK,OPTBBS_PARSE_300INDEX_QVIX,,,,False,False,1.0,True,OK,True,,,,,16.7789349754756,OK_REPLICA_ROLLING_MEDIAN_BASIS,AVIX_CLEAN_MINUS_PRIOR_252D_MEDIAN_AVIX_QVIX_SPREAD,,,50.0,,,,,,,50.0,,,,,,,,,,,,,,,,,,,,,,50.0,,,,True,True,False,False,False,False,OK,,,,,50.0,42.5,CAUTION,警戒,WARN_BREADTH_MISSING,62.0,62.0,100.0,REALIZED_VOL|DRAWDOWN|BREADTH|TURNOVER
2023-04-25,17.125938277548283,OK,15.904572564612327,29.156808902148864,84.30905617701474,100.0,17.69,OK,OPTBBS_PARSE_300INDEX_QVIX,,,,False,False,1.0,True,OK,True,,,,,17.43408248224388,OK_REPLICA_ROLLING_MEDIAN_BASIS,AVIX_CLEAN_MINUS_PRIOR_252D_MEDIAN_AVIX_QVIX_SPREAD,,,50.0,,,,,,,50.0,,,,,,,,,,,,,,,,,,,,,,50.0,,,,True,True,False,False,False,False,OK,,,,,50.0,46.3,CAUTION,警戒,WARN_BREADTH_MISSING,62.0,62.0,100.0,REALIZED_VOL|DRAWDOWN|BREADTH|TURNOVER
2023-04-26,16.87024212456905,OK,13.320079522862823,27.58261520557131,86.81749656289895,100.0,17.57,OK,OPTBBS_PARSE_300INDEX_QVIX,,,,False,False,1.0,True,OK,True,,,,,17.190990176570114,OK_REPLICA_ROLLING_MEDIAN_BASIS,AVIX_CLEAN_MINUS_PRIOR_252D_MEDIAN_AVIX_QVIX_SPREAD,,,50.0,,,,,,,50.0,,,,,,,,,,,,,,,,,,,,,,50.0,,,,True,True,False,False,False,False,OK,,,,,50.0,45.5,CAUTION,警戒,WARN_BREADTH_MISSING,62.0,62.0,100.0,REALIZED_VOL|DRAWDOWN|BREADTH|TURNOVER
2023-04-27,15.805196536632012,OK,5.7654075546719685,20.5984581831586,74.15426129827836,100.0,16.75,OK,OPTBBS_PARSE_300INDEX_QVIX,,,,False,False,1.0,True,OK,True,,,,,16.131602941432696,OK_REPLICA_ROLLING_MEDIAN_BASIS,AVIX_CLEAN_MINUS_PRIOR_252D_MEDIAN_AVIX_QVIX_SPREAD,,,50.0,,,,,,,50.0,,,,,,,,,,,,,,,,,,,,,,50.0,,,,True,True,False,False,False,False,OK,,,,,50.0,41.4,CAUTION,警戒,WARN_BREADTH_MISSING,62.0,62.0,100.0,REALIZED_VOL|DRAWDOWN|BREADTH|TURNOVER
2023-04-28,14.857772252007845,OK,1.1928429423459244,14.564377569773079,46.10803162083912,100.0,15.97,OK,OPTBBS_PARSE_300INDEX_QVIX,,,,False,False,1.0,True,OK,True,,,,,15.196147396584996,OK_REPLICA_ROLLING_MEDIAN_BASIS,AVIX_CLEAN_MINUS_PRIOR_252D_MEDIAN_AVIX_QVIX_SPREAD,,,50.0,,,,,,,50.0,,,,,,,,,,,,,,,,,,,,,,50.0,,,,True,True,False,False,False,False,OK,,,,,50.0,37.1,NORMAL,正常,WARN_BREADTH_MISSING,62.0,62.0,100.0,REALIZED_VOL|DRAWDOWN|BREADTH|TURNOVER
2023-05-04,15.4906013619641,OK,3.9761431411530817,19.126618423260403,37.90962434544145,100.0,16.77,OK,OPTBBS_PARSE_300INDEX_QVIX,,,,False,False,1.0,True,OK,True,,,,,15.843691155749642,OK_REPLICA_ROLLING_MEDIAN_BASIS,AVIX_CLEAN_MINUS_PRIOR_252D_MEDIAN_AVIX_QVIX_SPREAD,,,50.0,,,,,,,50.0,,,,,,,,,,,,,,,,,,,,,,50.0,,,,True,True,False,False,False,False,OK,,,,,50.0,37.8,NORMAL,正常,WARN_BREADTH_MISSING,62.0,62.0,100.0,REALIZED_VOL|DRAWDOWN|BREADTH|TURNOVER
2023-05-05,14.880305276922238,OK,1.5904572564612325,15.371193804281859,23.775066052059547,100.0,16.27,OK,OPTBBS_PARSE_300INDEX_QVIX,,,,False,False,1.0,True,OK,True,,,,,15.24048779504102,OK_REPLICA_ROLLING_MEDIAN_BASIS,AVIX_CLEAN_MINUS_PRIOR_252D_MEDIAN_AVIX_QVIX_SPREAD,,,50.0,,,,,,,50.0,,,,,,,,,,,,,,,,,,,,,,50.0,,,,True,True,False,False,False,False,OK,,,,,50.0,35.5,NORMAL,正常,WARN_BREADTH_MISSING,62.0,62.0,100.0,REALIZED_VOL|DRAWDOWN|BREADTH|TURNOVER
2023-05-08,15.512758902303776,OK,4.3737574552683895,19.8019100209377,33.906772502235796,100.0,16.89,OK,OPTBBS_PARSE_300INDEX_QVIX,,,,False,False,1.0,True,OK,True,,,,,15.876636024245435,OK_REPLICA_ROLLING_MEDIAN_BASIS,AVIX_CLEAN_MINUS_PRIOR_252D_MEDIAN_AVIX_QVIX_SPREAD,,,50.0,,,,,,,50.0,,,,,,,,,,,,,,,,,,,,,,50.0,,,,True,True,False,False,False,False,OK,,,,,50.0,37.7,NORMAL,正常,WARN_BREADTH_MISSING,62.0,62.0,100.0,REALIZED_VOL|DRAWDOWN|BREADTH|TURNOVER
2023-05-09,16.284011893794048,OK,9.343936381709742,25.14513621500619,56.05896112778193,100.0,17.36,OK,OPTBBS_PARSE_300INDEX_QVIX,,,,False,False,1.0,True,OK,True,,,,,16.652099742230302,OK_REPLICA_ROLLING_MEDIAN_BASIS,AVIX_CLEAN_MINUS_PRIOR_252D_MEDIAN_AVIX_QVIX_SPREAD,,,50.0,,,,,,,50.0,,,,,,,,,,,,,,,,,,,,,,50.0,,,,True,True,False,False,False,False,OK,,,,,50.0,41.6,CAUTION,警戒,WARN_BREADTH_MISSING,62.0,62.0,100.0,REALIZED_VOL|DRAWDOWN|BREADTH|TURNOVER
2023-05-10,16.317808583161046,OK,9.542743538767395,25.247491913894464,69.65350264345176,60.0,17.28,OK,OPTBBS_PARSE_300INDEX_QVIX,,,,False,False,1.0,True,OK,True,,,,,16.69297389660328,OK_REPLICA_ROLLING_MEDIAN_BASIS,AVIX_CLEAN_MINUS_PRIOR_252D_MEDIAN_AVIX_QVIX_SPREAD,,,50.0,,,,,,,50.0,,,,,,,,,,,,,,,,,,,,,,50.0,,,,True,True,False,False,False,False,OK,,,,,50.0,38.0,NORMAL,正常,WARN_BREADTH_MISSING,62.0,62.0,100.0,REALIZED_VOL|DRAWDOWN|BREADTH|TURNOVER
2023-05-11,15.884563004517467,OK,6.958250497017893,22.103822091427947,55.08646027804587,100.0,16.99,OK,OPTBBS_PARSE_300INDEX_QVIX,,,,False,False,1.0,True,OK,True,,,,,16.263168524791006,OK_REPLICA_ROLLING_MEDIAN_BASIS,AVIX_CLEAN_MINUS_PRIOR_252D_MEDIAN_AVIX_QVIX_SPREAD,,,50.0,,,,,,,50.0,,,,,,,,,,,,,,,,,,,,,,50.0,,,,True,True,False,False,False,False,OK,,,,,50.0,40.4,CAUTION,警戒,WARN_BREADTH_MISSING,62.0,62.0,100.0,REALIZED_VOL|DRAWDOWN|BREADTH|TURNOVER
2023-05-12,16.508179906999416,OK,11.530815109343937,26.469616386590925,71.87958647060606,100.0,17.58,OK,OPTBBS_PARSE_300INDEX_QVIX,,,,False,False,1.0,True,OK,True,,,,,16.903901410648047,OK_REPLICA_ROLLING_MEDIAN_BASIS,AVIX_CLEAN_MINUS_PRIOR_252D_MEDIAN_AVIX_QVIX_SPREAD,,,50.0,,,,,,,50.0,,,,,,,,,,,,,,,,,,,,,,50.0,,,,True,True,False,False,False,False,OK,,,,,50.0,43.7,CAUTION,警戒,WARN_BREADTH_MISSING,62.0,62.0,100.0,REALIZED_VOL|DRAWDOWN|BREADTH|TURNOVER
2023-05-15,15.964983098976743,WARN_NOT_BRACKET_30D,7.5546719681908545,22.773071665428958,55.83035164178058,100.0,17.14,OK,OPTBBS_PARSE_300INDEX_QVIX,,,,False,False,1.0,True,OK,True,,,,,16.377746649284227,OK_REPLICA_ROLLING_MEDIAN_BASIS,AVIX_CLEAN_MINUS_PRIOR_252D_MEDIAN_AVIX_QVIX_SPREAD,,,50.0,,,,,,,50.0,,,,,,,,,,,,,,,,,,,,,,50.0,,,,True,True,False,False,False,False,OK,,,,,50.0,40.8,CAUTION,警戒,WARN_BREADTH_MISSING|WARN_NOT_BRACKET_30D,62.0,62.0,100.0,REALIZED_VOL|DRAWDOWN|BREADTH|TURNOVER
2023-05-16,16.25855163570613,WARN_NOT_BRACKET_30D,9.74155069582505,25.050462987742307,49.68729747615057,100.0,17.33,OK,OPTBBS_PARSE_300INDEX_QVIX,,,,False,False,1.0,True,OK,True,,,,,16.674906603980283,OK_REPLICA_ROLLING_MEDIAN_BASIS,AVIX_CLEAN_MINUS_PRIOR_252D_MEDIAN_AVIX_QVIX_SPREAD,,,50.0,,,,,,,50.0,,,,,,,,,,,,,,,,,,,,,,50.0,,,,True,True,False,False,False,False,OK,,,,,50.0,41.2,CAUTION,警戒,WARN_BREADTH_MISSING|WARN_NOT_BRACKET_30D,62.0,62.0,100.0,REALIZED_VOL|DRAWDOWN|BREADTH|TURNOVER
2023-05-17,16.7632775597856,OK,14.314115308151093,28.80227150922694,55.459911781098455,100.0,17.76,OK,OPTBBS_PARSE_300INDEX_QVIX,,,,False,False,1.0,True,OK,True,,,,,17.2005116965906,OK_REPLICA_ROLLING_MEDIAN_BASIS,AVIX_CLEAN_MINUS_PRIOR_252D_MEDIAN_AVIX_QVIX_SPREAD,,,50.0,,,,,,,50.0,,,,,,,,,,,,,,,,,,,,,,50.0,,,,True,True,False,False,False,False,OK,,,,,50.0,43.5,CAUTION,警戒,WARN_BREADTH_MISSING,62.0,62.0,100.0,REALIZED_VOL|DRAWDOWN|BREADTH|TURNOVER
2023-05-18,16.293273090739575,OK,10.139165009940358,25.564407393832195,55.14600352689429,100.0,17.33,OK,OPTBBS_PARSE_300INDEX_QVIX,,,,False,False,1.0,True,OK,True,,,,,16.751557783680894,OK_REPLICA_ROLLING_MEDIAN_BASIS,AVIX_CLEAN_MINUS_PRIOR_252D_MEDIAN_AVIX_QVIX_SPREAD,,,50.0,,,,,,,50.0,,,,,,,,,,,,,,,,,,,,,,50.0,,,,True,True,False,False,False,False,OK,,,,,50.0,41.8,CAUTION,警戒,WARN_BREADTH_MISSING,62.0,62.0,100.0,REALIZED_VOL|DRAWDOWN|BREADTH|TURNOVER
2023-05-19,15.551176602162036,OK,4.7713717693836974,20.323632889548108,38.40570783419177,100.0,16.74,OK,OPTBBS_PARSE_300INDEX_QVIX,,,,False,False,1.0,True,OK,True,,,,,16.043290744558753,OK_REPLICA_ROLLING_MEDIAN_BASIS,AVIX_CLEAN_MINUS_PRIOR_252D_MEDIAN_AVIX_QVIX_SPREAD,,,50.0,,,,,,,50.0,,,,,,,,,,,,,,,,,,,,,,50.0,,,,True,True,False,False,False,False,OK,,,,,50.0,38.3,NORMAL,正常,WARN_BREADTH_MISSING,62.0,62.0,100.0,REALIZED_VOL|DRAWDOWN|BREADTH|TURNOVER
2023-05-22,14.895606897266406,OK,1.7892644135188867,15.74190468319425,36.60347843676857,100.0,15.98,OK,OPTBBS_PARSE_300INDEX_QVIX,,,,False,False,1.0,True,OK,True,,,,,15.425063388423295,OK_REPLICA_ROLLING_MEDIAN_BASIS,AVIX_CLEAN_MINUS_PRIOR_252D_MEDIAN_AVIX_QVIX_SPREAD,,,50.0,,,,,,,50.0,,,,,,,,,,,,,,,,,,,,,,50.0,,,,True,True,False,False,False,False,OK,,,,,50.0,36.6,NORMAL,正常,WARN_BREADTH_MISSING,62.0,62.0,100.0,REALIZED_VOL|DRAWDOWN|BREADTH|TURNOVER
2023-05-23,15.852285267636992,OK,7.3558648111332,22.840109531102918,45.00242854133552,100.0,17.04,OK,OPTBBS_PARSE_300INDEX_QVIX,,,,False,False,1.0,True,OK,True,,,,,16.391912343501673,OK_REPLICA_ROLLING_MEDIAN_BASIS,AVIX_CLEAN_MINUS_PRIOR_252D_MEDIAN_AVIX_QVIX_SPREAD,,,50.0,,,,,,,50.0,,,,,,,,,,,,,,,,,,,,,,50.0,,,,True,True,False,False,False,False,OK,,,,,50.0,39.9,NORMAL,正常,WARN_BREADTH_MISSING,62.0,62.0,100.0,REALIZED_VOL|DRAWDOWN|BREADTH|TURNOVER
2023-05-24,16.65592406872371,OK,13.717693836978132,28.814180713199626,48.719182562252314,100.0,18.08,OK,OPTBBS_PARSE_300INDEX_QVIX,,,,False,False,1.0,True,OK,True,,,,,17.206210145584777,OK_REPLICA_ROLLING_MEDIAN_BASIS,AVIX_CLEAN_MINUS_PRIOR_252D_MEDIAN_AVIX_QVIX_SPREAD,,,50.0,,,,,,,50.0,,,,,,,,,,,,,,,,,,,,,,50.0,,,,True,True,False,False,False,False,OK,,,,,50.0,42.8,CAUTION,警戒,WARN_BREADTH_MISSING,62.0,62.0,100.0,REALIZED_VOL|DRAWDOWN|BREADTH|TURNOVER
2023-05-25,16.728839178087288,OK,14.7117296222664,29.477104764112212,55.34657566864536,100.0,18.17,OK,OPTBBS_PARSE_300INDEX_QVIX,,,,False,False,1.0,True,OK,True,,,,,17.289889556154094,OK_REPLICA_ROLLING_MEDIAN_BASIS,AVIX_CLEAN_MINUS_PRIOR_252D_MEDIAN_AVIX_QVIX_SPREAD,,,50.0,,,,,,,50.0,,,,,,,,,,,,,,,,,,,,,,50.0,,,,True,True,False,False,False,False,OK,,,,,50.0,43.7,CAUTION,警戒,WARN_BREADTH_MISSING,62.0,62.0,100.0,REALIZED_VOL|DRAWDOWN|BREADTH|TURNOVER
2023-05-26,15.599303934070448,OK,5.168986083499006,21.261260580916638,50.618954219859134,100.0,17.52,OK,OPTBBS_PARSE_300INDEX_QVIX,,,,False,False,1.0,True,OK,True,,,,,16.177690322096183,OK_REPLICA_ROLLING_MEDIAN_BASIS,AVIX_CLEAN_MINUS_PRIOR_252D_MEDIAN_AVIX_QVIX_SPREAD,,,50.0,,,,,,,50.0,,,,,,,,,,,,,,,,,,,,,,50.0,,,,True,True,False,False,False,False,OK,,,,,50.0,39.5,NORMAL,正常,WARN_BREADTH_MISSING,62.0,62.0,100.0,REALIZED_VOL|DRAWDOWN|BREADTH|TURNOVER
2023-05-29,15.985064662192434,OK,8.747514910536779,24.317073148696554,64.6279070391682,100.0,18.09,OK,OPTBBS_PARSE_300INDEX_QVIX,,,,False,False,1.0,True,OK,True,,,,,16.586717619167157,OK_REPLICA_ROLLING_MEDIAN_BASIS,AVIX_CLEAN_MINUS_PRIOR_252D_MEDIAN_AVIX_QVIX_SPREAD,,,50.0,,,,,,,50.0,,,,,,,,,,,,,,,,,,,,,,50.0,,,,True,True,False,False,False,False,OK,,,,,50.0,42.0,CAUTION,警戒,WARN_BREADTH_MISSING,62.0,62.0,100.0,REALIZED_VOL|DRAWDOWN|BREADTH|TURNOVER
2023-05-30,15.754971189747504,OK,6.759443339960239,22.80320754860044,48.77223912834627,100.0,17.88,OK,OPTBBS_PARSE_300INDEX_QVIX,,,,False,False,1.0,True,OK,True,,,,,16.36742533963204,OK_REPLICA_ROLLING_MEDIAN_BASIS,AVIX_CLEAN_MINUS_PRIOR_252D_MEDIAN_AVIX_QVIX_SPREAD,,,50.0,,,,,,,50.0,,,,,,,,,,,,,,,,,,,,,,50.0,,,,True,True,False,False,False,False,OK,,,,,50.0,40.0,CAUTION,警戒,WARN_BREADTH_MISSING,62.0,62.0,100.0,REALIZED_VOL|DRAWDOWN|BREADTH|TURNOVER
2023-05-31,16.68463945716418,OK,14.7117296222664,29.8909405519291,50.34480690860485,100.0,18.8,OK,OPTBBS_PARSE_300INDEX_QVIX,,,,False,False,1.0,True,OK,True,,,,,17.306001711359485,OK_REPLICA_ROLLING_MEDIAN_BASIS,AVIX_CLEAN_MINUS_PRIOR_252D_MEDIAN_AVIX_QVIX_SPREAD,,,50.0,,,,,,,50.0,,,,,,,,,,,,,,,,,,,,,,50.0,,,,True,True,False,False,False,False,OK,,,,,50.0,43.3,CAUTION,警戒,WARN_BREADTH_MISSING,62.0,62.0,100.0,REALIZED_VOL|DRAWDOWN|BREADTH|TURNOVER
2023-06-01,16.420036053543726,OK,12.72365805168986,28.087134338372177,46.30813445862931,100.0,17.63,OK,OPTBBS_PARSE_300INDEX_QVIX,,,,False,False,1.0,True,OK,True,,,,,17.057921470384045,OK_REPLICA_ROLLING_MEDIAN_BASIS,AVIX_CLEAN_MINUS_PRIOR_252D_MEDIAN_AVIX_QVIX_SPREAD,,,50.0,,,,,,,50.0,,,,,,,,,,,,,,,,,,,,,,50.0,,,,True,True,False,False,False,False,OK,,,,,50.0,42.2,CAUTION,警戒,WARN_BREADTH_MISSING,62.0,62.0,100.0,REALIZED_VOL|DRAWDOWN|BREADTH|TURNOVER
2023-06-02,15.57405020556468,OK,5.168986083499006,22.007353070179096,49.676219802979645,100.0,16.41,OK,OPTBBS_PARSE_300INDEX_QVIX,,,,False,False,1.0,True,OK,True,,,,,16.225587516156665,OK_REPLICA_ROLLING_MEDIAN_BASIS,AVIX_CLEAN_MINUS_PRIOR_252D_MEDIAN_AVIX_QVIX_SPREAD,,,50.0,,,,,,,50.0,,,,,,,,,,,,,,,,,,,,,,50.0,,,,True,True,False,False,False,False,OK,,,,,50.0,39.5,NORMAL,正常,WARN_BREADTH_MISSING,62.0,62.0,100.0,REALIZED_VOL|DRAWDOWN|BREADTH|TURNOVER
2023-06-05,15.826004440032012,OK,7.952286282306163,24.089520279860288,48.0098895372425,60.0,16.41,OK,OPTBBS_PARSE_300INDEX_QVIX,,,,False,False,1.0,True,OK,True,,,,,16.485954096722367,OK_REPLICA_ROLLING_MEDIAN_BASIS,AVIX_CLEAN_MINUS_PRIOR_252D_MEDIAN_AVIX_QVIX_SPREAD,,,50.0,,,,,,,50.0,,,,,,,,,,,,,,,,,,,,,,50.0,,,,True,True,False,False,False,False,OK,,,,,50.0,35.6,NORMAL,正常,WARN_BREADTH_MISSING,62.0,62.0,100.0,REALIZED_VOL|DRAWDOWN|BREADTH|TURNOVER
2023-06-06,16.282974924548927,OK,11.530815109343937,27.676002881632414,56.70269375224271,100.0,17.84,OK,OPTBBS_PARSE_300INDEX_QVIX,,,,False,False,1.0,True,OK,True,,,,,16.942924581239282,OK_REPLICA_ROLLING_MEDIAN_BASIS,AVIX_CLEAN_MINUS_PRIOR_252D_MEDIAN_AVIX_QVIX_SPREAD,,,50.0,,,,,,,50.0,,,,,,,,,,,,,,,,,,,,,,50.0,,,,True,True,False,False,False,False,OK,,,,,50.0,42.6,CAUTION,警戒,WARN_BREADTH_MISSING,62.0,62.0,100.0,REALIZED_VOL|DRAWDOWN|BREADTH|TURNOVER
2023-06-07,16.642374134317013,OK,15.109343936381709,30.514296957106918,49.49336246724805,100.0,18.1,OK,OPTBBS_PARSE_300INDEX_QVIX,,,,False,False,1.0,True,OK,True,,,,,17.32294979440347,OK_REPLICA_ROLLING_MEDIAN_BASIS,AVIX_CLEAN_MINUS_PRIOR_252D_MEDIAN_AVIX_QVIX_SPREAD,,,50.0,,,,,,,50.0,,,,,,,,,,,,,,,,,,,,,,50.0,,,,True,True,False,False,False,False,OK,,,,,50.0,43.5,CAUTION,警戒,WARN_BREADTH_MISSING,62.0,62.0,100.0,REALIZED_VOL|DRAWDOWN|BREADTH|TURNOVER
2023-06-08,16.075430379638096,OK,10.139165009940358,26.4747154905205,45.80261976548756,100.0,17.29,OK,OPTBBS_PARSE_300INDEX_QVIX,,,,False,False,1.0,True,OK,True,,,,,16.773792748986963,OK_REPLICA_ROLLING_MEDIAN_BASIS,AVIX_CLEAN_MINUS_PRIOR_252D_MEDIAN_AVIX_QVIX_SPREAD,,,50.0,,,,,,,50.0,,,,,,,,,,,,,,,,,,,,,,50.0,,,,True,True,False,False,False,False,OK,,,,,50.0,41.2,CAUTION,警戒,WARN_BREADTH_MISSING,62.0,62.0,100.0,REALIZED_VOL|DRAWDOWN|BREADTH|TURNOVER
2023-06-09,15.546464400520646,OK,4.970178926441352,22.768766025244616,49.64574655044869,100.0,16.65,OK,OPTBBS_PARSE_300INDEX_QVIX,,,,False,False,1.0,True,OK,True,,,,,16.250221910540795,OK_REPLICA_ROLLING_MEDIAN_BASIS,AVIX_CLEAN_MINUS_PRIOR_252D_MEDIAN_AVIX_QVIX_SPREAD,,,50.0,,,,,,,50.0,,,,,,,,,,,,,,,,,,,,,,50.0,,,,True,True,False,False,False,False,OK,,,,,50.0,39.6,NORMAL,正常,WARN_BREADTH_MISSING,62.0,62.0,100.0,REALIZED_VOL|DRAWDOWN|BREADTH|TURNOVER
2023-06-12,15.38795660029188,WARN_NOT_BRACKET_30D,3.7773359840954273,21.83729098831531,44.464201733292995,60.0,16.69,OK,OPTBBS_PARSE_300INDEX_QVIX,,,,False,False,1.0,True,OK,True,,,,,16.10304203794317,OK_REPLICA_ROLLING_MEDIAN_BASIS,AVIX_CLEAN_MINUS_PRIOR_252D_MEDIAN_AVIX_QVIX_SPREAD,,,50.0,,,,,,,50.0,,,,,,,,,,,,,,,,,,,,,,50.0,,,,True,True,False,False,False,False,OK,,,,,50.0,33.9,NORMAL,正常,WARN_BREADTH_MISSING|WARN_NOT_BRACKET_30D,62.0,62.0,100.0,REALIZED_VOL|DRAWDOWN|BREADTH|TURNOVER
2023-06-13,14.855353183660188,WARN_NOT_BRACKET_30D,1.1928429423459244,18.190693367087754,32.46485365845042,100.0,15.65,OK,OPTBBS_PARSE_300INDEX_QVIX,,,,False,False,1.0,True,OK,True,,,,,15.581162234514034,OK_REPLICA_ROLLING_MEDIAN_BASIS,AVIX_CLEAN_MINUS_PRIOR_252D_MEDIAN_AVIX_QVIX_SPREAD,,,50.0,,,,,,,50.0,,,,,,,,,,,,,,,,,,,,,,50.0,,,,True,True,False,False,False,False,OK,,,,,50.0,36.5,NORMAL,正常,WARN_BREADTH_MISSING|WARN_NOT_BRACKET_30D,62.0,62.0,100.0,REALIZED_VOL|DRAWDOWN|BREADTH|TURNOVER
2023-06-14,14.80335354815472,WARN_NOT_BRACKET_30D,1.1928429423459244,18.117482922564392,27.899540398263433,60.0,17.36,OK,OPTBBS_PARSE_300INDEX_QVIX,,,,False,False,1.0,True,OK,True,,,,,15.535252080839829,OK_REPLICA_ROLLING_MEDIAN_BASIS,AVIX_CLEAN_MINUS_PRIOR_252D_MEDIAN_AVIX_QVIX_SPREAD,,,50.0,,,,,,,50.0,,,,,,,,,,,,,,,,,,,,,,50.0,,,,True,True,False,False,False,False,OK,,,,,50.0,31.3,NORMAL,正常,WARN_BREADTH_MISSING|WARN_NOT_BRACKET_30D,62.0,62.0,100.0,REALIZED_VOL|DRAWDOWN|BREADTH|TURNOVER
2023-06-15,14.230419834431084,WARN_NOT_BRACKET_30D,0.5964214711729622,14.259285331840744,27.045584452357918,100.0,14.68,OK,OPTBBS_PARSE_300INDEX_QVIX,,,,False,False,1.0,True,OK,True,,,,,14.967310497680963,OK_REPLICA_ROLLING_MEDIAN_BASIS,AVIX_CLEAN_MINUS_PRIOR_252D_MEDIAN_AVIX_QVIX_SPREAD,,,50.0,,,,,,,50.0,,,,,,,,,,,,,,,,,,,,,,50.0,,,,True,True,False,False,False,False,OK,,,,,50.0,35.3,NORMAL,正常,WARN_BREADTH_MISSING|WARN_NOT_BRACKET_30D,62.0,62.0,100.0,REALIZED_VOL|DRAWDOWN|BREADTH|TURNOVER
2023-06-16,14.275688884236368,WARN_NOT_BRACKET_30D,0.9940357852882704,14.942302549486314,33.65190330681591,60.0,14.46,OK,OPTBBS_PARSE_300INDEX_QVIX,,,,False,False,1.0,True,OK,True,,,,,15.012579547486247,OK_REPLICA_ROLLING_MEDIAN_BASIS,AVIX_CLEAN_MINUS_PRIOR_252D_MEDIAN_AVIX_QVIX_SPREAD,,,50.0,,,,,,,50.0,,,,,,,,,,,,,,,,,,,,,,50.0,,,,True,True,False,False,False,False,OK,,,,,50.0,31.3,NORMAL,正常,WARN_BREADTH_MISSING|WARN_NOT_BRACKET_30D,62.0,62.0,100.0,REALIZED_VOL|DRAWDOWN|BREADTH|TURNOVER
2023-06-19,15.025928692481791,WARN_NOT_BRACKET_30D,2.982107355864811,20.67779999101534,45.29465909978949,100.0,15.8,OK,OPTBBS_PARSE_300INDEX_QVIX,,,,False,False,1.0,True,OK,True,,,,,15.76281935573167,OK_REPLICA_ROLLING_MEDIAN_BASIS,AVIX_CLEAN_MINUS_PRIOR_252D_MEDIAN_AVIX_QVIX_SPREAD,,,50.0,,,,,,,50.0,,,,,,,,,,,,,,,,,,,,,,50.0,,,,True,True,False,False,False,False,OK,,,,,50.0,38.4,NORMAL,正常,WARN_BREADTH_MISSING|WARN_NOT_BRACKET_30D,62.0,62.0,100.0,REALIZED_VOL|DRAWDOWN|BREADTH|TURNOVER
2023-06-20,14.601552259260734,WARN_NOT_BRACKET_30D,1.3916500994035785,17.868920852984438,46.58303749144628,100.0,15.71,OK,OPTBBS_PARSE_300INDEX_QVIX,,,,False,False,1.0,True,OK,True,,,,,15.347415276159786,OK_REPLICA_ROLLING_MEDIAN_BASIS,AVIX_CLEAN_MINUS_PRIOR_252D_MEDIAN_AVIX_QVIX_SPREAD,,,50.0,,,,,,,50.0,,,,,,,,,,,,,,,,,,,,,,50.0,,,,True,True,False,False,False,False,OK,,,,,50.0,37.6,NORMAL,正常,WARN_BREADTH_MISSING|WARN_NOT_BRACKET_30D,62.0,62.0,100.0,REALIZED_VOL|DRAWDOWN|BREADTH|TURNOVER
2023-06-21,15.21097339087514,OK,4.174950298210735,22.55287169786961,55.507128386746274,100.0,16.73,OK,OPTBBS_PARSE_300INDEX_QVIX,,,,False,False,1.0,True,OK,True,,,,,15.972448677061113,OK_REPLICA_ROLLING_MEDIAN_BASIS,AVIX_CLEAN_MINUS_PRIOR_252D_MEDIAN_AVIX_QVIX_SPREAD,,,50.0,,,,,,,50.0,,,,,,,,,,,,,,,,,,,,,,50.0,,,,True,True,False,False,False,False,OK,,,,,50.0,39.8,NORMAL,正常,WARN_BREADTH_MISSING,62.0,62.0,100.0,REALIZED_VOL|DRAWDOWN|BREADTH|TURNOVER
2023-06-26,16.798649445604724,OK,20.07952286282306,34.26435215351779,86.09492398755098,100.0,18.66,OK,OPTBBS_PARSE_300INDEX_QVIX,,,,False,False,1.0,True,OK,True,,,,,17.57089168472275,OK_REPLICA_ROLLING_MEDIAN_BASIS,AVIX_CLEAN_MINUS_PRIOR_252D_MEDIAN_AVIX_QVIX_SPREAD,,,50.0,,,,,,,50.0,,,,,,,,,,,,,,,,,,,,,,50.0,,,,True,True,False,False,False,False,OK,,,,,50.0,48.3,CAUTION,警戒,WARN_BREADTH_MISSING,62.0,62.0,100.0,REALIZED_VOL|DRAWDOWN|BREADTH|TURNOVER
2023-06-27,15.76890718745991,OK,8.946322067594433,26.90653488299033,70.91973725866771,100.0,17.59,OK,OPTBBS_PARSE_300INDEX_QVIX,,,,False,False,1.0,True,OK,True,,,,,16.541149426577935,OK_REPLICA_ROLLING_MEDIAN_BASIS,AVIX_CLEAN_MINUS_PRIOR_252D_MEDIAN_AVIX_QVIX_SPREAD,,,50.0,,,,,,,50.0,,,,,,,,,,,,,,,,,,,,,,50.0,,,,True,True,False,False,False,False,OK,,,,,50.0,42.9,CAUTION,警戒,WARN_BREADTH_MISSING,62.0,62.0,100.0,REALIZED_VOL|DRAWDOWN|BREADTH|TURNOVER
2023-06-28,15.689769187331615,OK,8.151093439363818,26.482873362612395,58.83593298538648,60.0,17.77,OK,OPTBBS_PARSE_300INDEX_QVIX,,,,False,False,1.0,True,OK,True,,,,,16.462011426449642,OK_REPLICA_ROLLING_MEDIAN_BASIS,AVIX_CLEAN_MINUS_PRIOR_252D_MEDIAN_AVIX_QVIX_SPREAD,,,50.0,,,,,,,50.0,,,,,,,,,,,,,,,,,,,,,,50.0,,,,True,True,False,False,False,False,OK,,,,,50.0,36.9,NORMAL,正常,WARN_BREADTH_MISSING,62.0,62.0,100.0,REALIZED_VOL|DRAWDOWN|BREADTH|TURNOVER
2023-06-29,15.509222962926804,OK,6.163021868787276,25.333258821135964,62.432523440655395,60.0,17.84,OK,OPTBBS_PARSE_300INDEX_QVIX,,,,False,False,1.0,True,OK,True,,,,,16.281465202044828,OK_REPLICA_ROLLING_MEDIAN_BASIS,AVIX_CLEAN_MINUS_PRIOR_252D_MEDIAN_AVIX_QVIX_SPREAD,,,50.0,,,,,,,50.0,,,,,,,,,,,,,,,,,,,,,,50.0,,,,True,True,False,False,False,False,OK,,,,,50.0,36.5,NORMAL,正常,WARN_BREADTH_MISSING,62.0,62.0,100.0,REALIZED_VOL|DRAWDOWN|BREADTH|TURNOVER
2023-06-30,15.11714576300654,OK,3.5785288270377733,22.647700716490895,48.766316586617855,100.0,17.43,OK,OPTBBS_PARSE_300INDEX_QVIX,,,,False,False,1.0,True,OK,True,,,,,15.895706989524763,OK_REPLICA_ROLLING_MEDIAN_BASIS,AVIX_CLEAN_MINUS_PRIOR_252D_MEDIAN_AVIX_QVIX_SPREAD,,,50.0,,,,,,,50.0,,,,,,,,,,,,,,,,,,,,,,50.0,,,,True,True,False,False,False,False,OK,,,,,50.0,39.1,NORMAL,正常,WARN_BREADTH_MISSING,62.0,62.0,100.0,REALIZED_VOL|DRAWDOWN|BREADTH|TURNOVER
2023-07-03,15.167333645805735,OK,4.174950298210735,23.216489282811708,30.578012475570617,60.0,17.24,OK,OPTBBS_PARSE_300INDEX_QVIX,,,,False,False,1.0,True,OK,True,,,,,15.953692703413546,OK_REPLICA_ROLLING_MEDIAN_BASIS,AVIX_CLEAN_MINUS_PRIOR_252D_MEDIAN_AVIX_QVIX_SPREAD,,,50.0,,,,,,,50.0,,,,,,,,,,,,,,,,,,,,,,50.0,,,,True,True,False,False,False,False,OK,,,,,50.0,33.1,NORMAL,正常,WARN_BREADTH_MISSING,62.0,62.0,100.0,REALIZED_VOL|DRAWDOWN|BREADTH|TURNOVER
2023-07-04,14.991908625194702,OK,3.180914512922465,22.14701113015419,40.145181869253335,100.0,17.09,OK,OPTBBS_PARSE_300INDEX_QVIX,,,,False,False,1.0,True,OK,True,,,,,15.778267682802513,OK_REPLICA_ROLLING_MEDIAN_BASIS,AVIX_CLEAN_MINUS_PRIOR_252D_MEDIAN_AVIX_QVIX_SPREAD,,,50.0,,,,,,,50.0,,,,,,,,,,,,,,,,,,,,,,50.0,,,,True,True,False,False,False,False,OK,,,,,50.0,38.2,NORMAL,正常,WARN_BREADTH_MISSING,62.0,62.0,100.0,REALIZED_VOL|DRAWDOWN|BREADTH|TURNOVER
2023-07-05,15.217464730616662,OK,4.970178926441352,24.027926676059558,43.979459467175516,100.0,17.47,OK,OPTBBS_PARSE_300INDEX_QVIX,,,,False,False,1.0,True,OK,True,,,,,16.003823788224473,OK_REPLICA_ROLLING_MEDIAN_BASIS,AVIX_CLEAN_MINUS_PRIOR_252D_MEDIAN_AVIX_QVIX_SPREAD,,,50.0,,,,,,,50.0,,,,,,,,,,,,,,,,,,,,,,50.0,,,,True,True,False,False,False,False,OK,,,,,50.0,39.3,NORMAL,正常,WARN_BREADTH_MISSING,62.0,62.0,100.0,REALIZED_VOL|DRAWDOWN|BREADTH|TURNOVER
2023-07-06,15.625132779821095,OK,8.548707753479125,27.216168400354444,51.49472113685336,100.0,18.0,OK,OPTBBS_PARSE_300INDEX_QVIX,,,,False,False,1.0,True,OK,True,,,,,16.411491837428905,OK_REPLICA_ROLLING_MEDIAN_BASIS,AVIX_CLEAN_MINUS_PRIOR_252D_MEDIAN_AVIX_QVIX_SPREAD,,,50.0,,,,,,,50.0,,,,,,,,,,,,,,,,,,,,,,50.0,,,,True,True,False,False,False,False,OK,,,,,50.0,41.3,CAUTION,警戒,WARN_BREADTH_MISSING,62.0,62.0,100.0,REALIZED_VOL|DRAWDOWN|BREADTH|TURNOVER
2023-07-07,15.960637993021736,OK,12.326043737574553,29.846386602034627,61.15941121741808,100.0,18.48,OK,OPTBBS_PARSE_300INDEX_QVIX,,,,False,False,1.0,True,OK,True,,,,,16.746997050629545,OK_REPLICA_ROLLING_MEDIAN_BASIS,AVIX_CLEAN_MINUS_PRIOR_252D_MEDIAN_AVIX_QVIX_SPREAD,,,50.0,,,,,,,50.0,,,,,,,,,,,,,,,,,,,,,,50.0,,,,True,True,False,False,False,False,OK,,,,,50.0,43.5,CAUTION,警戒,WARN_BREADTH_MISSING,62.0,62.0,100.0,REALIZED_VOL|DRAWDOWN|BREADTH|TURNOVER
2023-07-10,15.897139000691936,OK,11.928429423459244,29.54072559251054,59.62338367347799,100.0,18.27,OK,OPTBBS_PARSE_300INDEX_QVIX,,,,False,False,1.0,True,OK,True,,,,,16.683498058299747,OK_REPLICA_ROLLING_MEDIAN_BASIS,AVIX_CLEAN_MINUS_PRIOR_252D_MEDIAN_AVIX_QVIX_SPREAD,,,50.0,,,,,,,50.0,,,,,,,,,,,,,,,,,,,,,,50.0,,,,True,True,False,False,False,False,OK,,,,,50.0,43.2,CAUTION,警戒,WARN_BREADTH_MISSING,62.0,62.0,100.0,REALIZED_VOL|DRAWDOWN|BREADTH|TURNOVER
2023-07-11,15.268977440063733,OK,5.566600397614314,25.11677234046335,53.696244711676044,100.0,17.72,OK,OPTBBS_PARSE_300INDEX_QVIX,,,,False,False,1.0,True,OK,True,,,,,16.055336497671544,OK_REPLICA_ROLLING_MEDIAN_BASIS,AVIX_CLEAN_MINUS_PRIOR_252D_MEDIAN_AVIX_QVIX_SPREAD,,,50.0,,,,,,,50.0,,,,,,,,,,,,,,,,,,,,,,50.0,,,,True,True,False,False,False,False,OK,,,,,50.0,40.4,CAUTION,警戒,WARN_BREADTH_MISSING,62.0,62.0,100.0,REALIZED_VOL|DRAWDOWN|BREADTH|TURNOVER
2023-07-12,15.41682558924862,OK,6.36182902584493,26.38683698102593,52.62015864220611,60.0,18.11,OK,OPTBBS_PARSE_300INDEX_QVIX,,,,False,False,1.0,True,OK,True,,,,,16.203184646856432,OK_REPLICA_ROLLING_MEDIAN_BASIS,AVIX_CLEAN_MINUS_PRIOR_252D_MEDIAN_AVIX_QVIX_SPREAD,,,50.0,,,,,,,50.0,,,,,,,,,,,,,,,,,,,,,,50.0,,,,True,True,False,False,False,False,OK,,,,,50.0,35.9,NORMAL,正常,WARN_BREADTH_MISSING,62.0,62.0,100.0,REALIZED_VOL|DRAWDOWN|BREADTH|TURNOVER
2023-07-13,14.99199962202851,OK,3.3797216699801194,23.452792290711713,41.89596444760792,100.0,17.33,OK,OPTBBS_PARSE_300INDEX_QVIX,,,,False,False,1.0,True,OK,True,,,,,15.778358679636321,OK_REPLICA_ROLLING_MEDIAN_BASIS,AVIX_CLEAN_MINUS_PRIOR_252D_MEDIAN_AVIX_QVIX_SPREAD,,,50.0,,,,,,,50.0,,,,,,,,,,,,,,,,,,,,,,50.0,,,,True,True,False,False,False,False,OK,,,,,50.0,38.6,NORMAL,正常,WARN_BREADTH_MISSING,62.0,62.0,100.0,REALIZED_VOL|DRAWDOWN|BREADTH|TURNOVER
2023-07-14,14.799195347594782,OK,1.7892644135188867,22.24816776278577,35.446162666746076,100.0,17.26,OK,OPTBBS_PARSE_300INDEX_QVIX,,,,False,False,1.0,True,OK,True,,,,,15.585554405202593,OK_REPLICA_ROLLING_MEDIAN_BASIS,AVIX_CLEAN_MINUS_PRIOR_252D_MEDIAN_AVIX_QVIX_SPREAD,,,50.0,,,,,,,50.0,,,,,,,,,,,,,,,,,,,,,,50.0,,,,True,True,False,False,False,False,OK,,,,,50.0,37.5,NORMAL,正常,WARN_BREADTH_MISSING,62.0,62.0,100.0,REALIZED_VOL|DRAWDOWN|BREADTH|TURNOVER
2023-07-17,14.95815399547874,WARN_NOT_BRACKET_30D,3.3797216699801194,23.612213355041824,38.18674221603868,100.0,17.55,OK,OPTBBS_PARSE_300INDEX_QVIX,,,,False,False,1.0,True,OK,True,,,,,15.744513053086552,OK_REPLICA_ROLLING_MEDIAN_BASIS,AVIX_CLEAN_MINUS_PRIOR_252D_MEDIAN_AVIX_QVIX_SPREAD,,,50.0,,,,,,,50.0,,,,,,,,,,,,,,,,,,,,,,50.0,,,,True,True,False,False,False,False,OK,,,,,50.0,38.3,NORMAL,正常,WARN_BREADTH_MISSING|WARN_NOT_BRACKET_30D,62.0,62.0,100.0,REALIZED_VOL|DRAWDOWN|BREADTH|TURNOVER
2023-07-18,15.008964834446822,WARN_NOT_BRACKET_30D,3.9761431411530817,24.173301212879505,46.59423682250426,60.0,17.78,OK,OPTBBS_PARSE_300INDEX_QVIX,,,,False,False,1.0,True,OK,True,,,,,15.795323892054633,OK_REPLICA_ROLLING_MEDIAN_BASIS,AVIX_CLEAN_MINUS_PRIOR_252D_MEDIAN_AVIX_QVIX_SPREAD,,,50.0,,,,,,,50.0,,,,,,,,,,,,,,,,,,,,,,50.0,,,,True,True,False,False,False,False,OK,,,,,50.0,34.4,NORMAL,正常,WARN_BREADTH_MISSING|WARN_NOT_BRACKET_30D,62.0,62.0,100.0,REALIZED_VOL|DRAWDOWN|BREADTH|TURNOVER
2023-07-19,15.55296718260298,OK,9.145129224652088,28.341234953638622,51.7661430048129,100.0,18.2,OK,OPTBBS_PARSE_300INDEX_QVIX,,,,False,False,1.0,True,OK,True,,,,,16.33932624021079,OK_REPLICA_ROLLING_MEDIAN_BASIS,AVIX_CLEAN_MINUS_PRIOR_252D_MEDIAN_AVIX_QVIX_SPREAD,,,50.0,,,,,,,50.0,,,,,,,,,,,,,,,,,,,,,,50.0,,,,True,True,False,False,False,False,OK,,,,,50.0,41.7,CAUTION,警戒,WARN_BREADTH_MISSING,62.0,62.0,100.0,REALIZED_VOL|DRAWDOWN|BREADTH|TURNOVER
2023-07-20,15.778510322797532,OK,12.127236580516898,30.15742396860171,60.49240555760633,60.0,17.1,OK,OPTBBS_PARSE_300INDEX_QVIX,,,,False,False,1.0,True,OK,True,,,,,16.56486938040534,OK_REPLICA_ROLLING_MEDIAN_BASIS,AVIX_CLEAN_MINUS_PRIOR_252D_MEDIAN_AVIX_QVIX_SPREAD,,,50.0,,,,,,,50.0,,,,,,,,,,,,,,,,,,,,,,50.0,,,,True,True,False,False,False,False,OK,,,,,50.0,38.7,NORMAL,正常,WARN_BREADTH_MISSING,62.0,62.0,100.0,REALIZED_VOL|DRAWDOWN|BREADTH|TURNOVER
2023-07-21,15.30439781158969,OK,6.759443339960239,26.79774154030281,56.82743152082273,100.0,16.91,OK,OPTBBS_PARSE_300INDEX_QVIX,,,,False,False,1.0,True,OK,True,,,,,16.0907568691975,OK_REPLICA_ROLLING_MEDIAN_BASIS,AVIX_CLEAN_MINUS_PRIOR_252D_MEDIAN_AVIX_QVIX_SPREAD,,,50.0,,,,,,,50.0,,,,,,,,,,,,,,,,,,,,,,50.0,,,,True,True,False,False,False,False,OK,,,,,50.0,41.2,CAUTION,警戒,WARN_BREADTH_MISSING,62.0,62.0,100.0,REALIZED_VOL|DRAWDOWN|BREADTH|TURNOVER
2023-07-24,15.920370793235785,OK,13.916500994035786,31.528509217010704,62.86544847777185,100.0,17.61,OK,OPTBBS_PARSE_300INDEX_QVIX,,,,False,False,1.0,True,OK,True,,,,,16.706729850843594,OK_REPLICA_ROLLING_MEDIAN_BASIS,AVIX_CLEAN_MINUS_PRIOR_252D_MEDIAN_AVIX_QVIX_SPREAD,,,50.0,,,,,,,50.0,,,,,,,,,,,,,,,,,,,,,,50.0,,,,True,True,False,False,False,False,OK,,,,,50.0,44.3,CAUTION,警戒,WARN_BREADTH_MISSING,62.0,62.0,100.0,REALIZED_VOL|DRAWDOWN|BREADTH|TURNOVER
2023-07-25,15.414486649337524,OK,7.3558648111332,27.901642788736602,55.403727963436864,100.0,16.39,OK,OPTBBS_PARSE_300INDEX_QVIX,,,,False,False,1.0,True,OK,True,,,,,16.200845706945337,OK_REPLICA_ROLLING_MEDIAN_BASIS,AVIX_CLEAN_MINUS_PRIOR_252D_MEDIAN_AVIX_QVIX_SPREAD,,,50.0,,,,,,,50.0,,,,,,,,,,,,,,,,,,,,,,50.0,,,,True,True,False,False,False,False,OK,,,,,50.0,41.4,CAUTION,警戒,WARN_BREADTH_MISSING,62.0,62.0,100.0,REALIZED_VOL|DRAWDOWN|BREADTH|TURNOVER
2023-07-26,15.57110102678407,OK,9.74155069582505,29.238363947420368,50.23318822663465,100.0,16.89,OK,OPTBBS_PARSE_300INDEX_QVIX,,,,False,False,1.0,True,OK,True,,,,,16.35746008439188,OK_REPLICA_ROLLING_MEDIAN_BASIS,AVIX_CLEAN_MINUS_PRIOR_252D_MEDIAN_AVIX_QVIX_SPREAD,,,50.0,,,,,,,50.0,,,,,,,,,,,,,,,,,,,,,,50.0,,,,True,True,False,False,False,False,OK,,,,,50.0,41.8,CAUTION,警戒,WARN_BREADTH_MISSING,62.0,62.0,100.0,REALIZED_VOL|DRAWDOWN|BREADTH|TURNOVER
2023-07-27,15.222788627731424,OK,5.964214711729622,26.80688859610934,42.95596753182491,100.0,16.47,OK,OPTBBS_PARSE_300INDEX_QVIX,,,,False,False,1.0,True,OK,True,,,,,16.01494552075002,OK_REPLICA_ROLLING_MEDIAN_BASIS,AVIX_CLEAN_MINUS_PRIOR_252D_MEDIAN_AVIX_QVIX_SPREAD,,,50.0,,,,,,,50.0,,,,,,,,,,,,,,,,,,,,,,50.0,,,,True,True,False,False,False,False,OK,,,,,50.0,39.9,NORMAL,正常,WARN_BREADTH_MISSING,62.0,62.0,100.0,REALIZED_VOL|DRAWDOWN|BREADTH|TURNOVER
2023-07-28,16.710831890290628,OK,23.061630218687874,38.10820689282015,68.37947622657686,100.0,16.59,OK,OPTBBS_PARSE_300INDEX_QVIX,,,,False,False,1.0,True,OK,True,,,,,17.502988783309227,OK_REPLICA_ROLLING_MEDIAN_BASIS,AVIX_CLEAN_MINUS_PRIOR_252D_MEDIAN_AVIX_QVIX_SPREAD,,,50.0,,,,,,,50.0,,,,,,,,,,,,,,,,,,,,,,50.0,,,,True,True,False,False,False,False,OK,,,,,50.0,48.3,CAUTION,警戒,WARN_BREADTH_MISSING,62.0,62.0,100.0,REALIZED_VOL|DRAWDOWN|BREADTH|TURNOVER
2023-07-31,18.320807611024662,OK,46.91848906560636,50.337691990612036,80.1555390758709,100.0,19.07,OK,OPTBBS_PARSE_300INDEX_QVIX,,,,False,False,1.0,True,OK,True,,,,,19.112964504043262,OK_REPLICA_ROLLING_MEDIAN_BASIS,AVIX_CLEAN_MINUS_PRIOR_252D_MEDIAN_AVIX_QVIX_SPREAD,,,50.0,,,,,,,50.0,,,,,,,,,,,,,,,,,,,,,,50.0,,,,True,True,False,False,False,False,OK,,,,,50.0,57.6,CAUTION,警戒,WARN_BREADTH_MISSING,62.0,62.0,100.0,REALIZED_VOL|DRAWDOWN|BREADTH|TURNOVER
2023-08-01,17.856212813947977,OK,39.165009940357855,46.929865744256915,81.68092743089036,60.0,19.25,OK,OPTBBS_PARSE_300INDEX_QVIX,,,,False,False,1.0,True,OK,True,,,,,18.648369706966577,OK_REPLICA_ROLLING_MEDIAN_BASIS,AVIX_CLEAN_MINUS_PRIOR_252D_MEDIAN_AVIX_QVIX_SPREAD,,,50.0,,,,,,,50.0,,,,,,,,,,,,,,,,,,,,,,50.0,,,,True,True,False,False,False,False,OK,,,,,50.0,50.3,CAUTION,警戒,WARN_BREADTH_MISSING,62.0,62.0,100.0,REALIZED_VOL|DRAWDOWN|BREADTH|TURNOVER
2023-08-02,18.158592278992515,OK,44.731610337972164,49.28993304729204,83.23453168478792,60.0,19.03,OK,OPTBBS_PARSE_300INDEX_QVIX,,,,False,False,1.0,True,OK,True,,,,,18.95788054803284,OK_REPLICA_ROLLING_MEDIAN_BASIS,AVIX_CLEAN_MINUS_PRIOR_252D_MEDIAN_AVIX_QVIX_SPREAD,,,50.0,,,,,,,50.0,,,,,,,,,,,,,,,,,,,,,,50.0,,,,True,True,False,False,False,False,OK,,,,,50.0,52.3,CAUTION,警戒,WARN_BREADTH_MISSING,62.0,62.0,100.0,REALIZED_VOL|DRAWDOWN|BREADTH|TURNOVER
2023-08-03,18.249574498009345,OK,45.92445328031809,50.0602670186438,89.76650985961942,60.0,19.03,OK,OPTBBS_PARSE_300INDEX_QVIX,,,,False,False,1.0,True,OK,True,,,,,19.04886276704967,OK_REPLICA_ROLLING_MEDIAN_BASIS,AVIX_CLEAN_MINUS_PRIOR_252D_MEDIAN_AVIX_QVIX_SPREAD,,,50.0,,,,,,,50.0,,,,,,,,,,,,,,,,,,,,,,50.0,,,,True,True,False,False,False,False,OK,,,,,50.0,53.2,CAUTION,警戒,WARN_BREADTH_MISSING,62.0,62.0,100.0,REALIZED_VOL|DRAWDOWN|BREADTH|TURNOVER
2023-08-04,18.31964131139724,OK,46.91848906560636,50.65847530425114,69.25468979244975,60.0,19.03,OK,OPTBBS_PARSE_300INDEX_QVIX,,,,False,False,1.0,True,OK,True,,,,,19.118929580437566,OK_REPLICA_ROLLING_MEDIAN_BASIS,AVIX_CLEAN_MINUS_PRIOR_252D_MEDIAN_AVIX_QVIX_SPREAD,,,50.0,,,,,,,50.0,,,,,,,,,,,,,,,,,,,,,,50.0,,,,True,True,False,False,False,False,OK,,,,,50.0,52.0,CAUTION,警戒,WARN_BREADTH_MISSING,62.0,62.0,100.0,REALIZED_VOL|DRAWDOWN|BREADTH|TURNOVER
2023-08-07,19.09984742179501,OK,55.864811133200796,56.69017465903238,58.50442652213164,100.0,19.25,OK,OPTBBS_PARSE_300INDEX_QVIX,,,,False,False,1.0,True,OK,True,,,,,19.892004314813608,OK_REPLICA_ROLLING_MEDIAN_BASIS,AVIX_CLEAN_MINUS_PRIOR_252D_MEDIAN_AVIX_QVIX_SPREAD,,,50.0,,,,,,,50.0,,,,,,,,,,,,,,,,,,,,,,50.0,,,,True,True,False,False,False,False,OK,,,,,50.0,59.3,CAUTION,警戒,WARN_BREADTH_MISSING,62.0,62.0,100.0,REALIZED_VOL|DRAWDOWN|BREADTH|TURNOVER
2023-08-08,18.879454227993776,OK,52.48508946322068,55.05197173588811,61.46090074874686,60.0,19.6,OK,OPTBBS_PARSE_300INDEX_QVIX,,,,False,False,1.0,True,OK,True,,,,,19.671611121012376,OK_REPLICA_ROLLING_MEDIAN_BASIS,AVIX_CLEAN_MINUS_PRIOR_252D_MEDIAN_AVIX_QVIX_SPREAD,,,50.0,,,,,,,50.0,,,,,,,,,,,,,,,,,,,,,,50.0,,,,True,True,False,False,False,False,OK,,,,,50.0,53.5,CAUTION,警戒,WARN_BREADTH_MISSING,62.0,62.0,100.0,REALIZED_VOL|DRAWDOWN|BREADTH|TURNOVER
2023-08-09,19.24618552430456,OK,57.85288270377733,57.90047393072908,61.97882774834116,100.0,19.95,OK,OPTBBS_PARSE_300INDEX_QVIX,,,,False,False,1.0,True,OK,True,,,,,20.03834241732316,OK_REPLICA_ROLLING_MEDIAN_BASIS,AVIX_CLEAN_MINUS_PRIOR_252D_MEDIAN_AVIX_QVIX_SPREAD,,,50.0,,,,,,,50.0,,,,,,,,,,,,,,,,,,,,,,50.0,,,,True,True,False,False,False,False,OK,,,,,50.0,60.3,HIGH_RISK,高风险,WARN_BREADTH_MISSING,62.0,62.0,100.0,REALIZED_VOL|DRAWDOWN|BREADTH|TURNOVER
2023-08-10,19.32619099312004,OK,58.64811133200796,58.55048820967645,61.79881202411739,100.0,20.02,OK,OPTBBS_PARSE_300INDEX_QVIX,,,,False,False,1.0,True,OK,True,,,,,20.11834788613864,OK_REPLICA_ROLLING_MEDIAN_BASIS,AVIX_CLEAN_MINUS_PRIOR_252D_MEDIAN_AVIX_QVIX_SPREAD,,,50.0,,,,,,,50.0,,,,,,,,,,,,,,,,,,,,,,50.0,,,,True,True,False,False,False,False,OK,,,,,50.0,60.6,HIGH_RISK,高风险,WARN_BREADTH_MISSING,62.0,62.0,100.0,REALIZED_VOL|DRAWDOWN|BREADTH|TURNOVER
2023-08-11,19.364633113965844,OK,58.64811133200796,58.94147851367219,61.408430818113004,100.0,20.36,OK,OPTBBS_PARSE_300INDEX_QVIX,,,,False,False,1.0,True,OK,True,,,,,20.156790006984444,OK_REPLICA_ROLLING_MEDIAN_BASIS,AVIX_CLEAN_MINUS_PRIOR_252D_MEDIAN_AVIX_QVIX_SPREAD,,,50.0,,,,,,,50.0,,,,,,,,,,,,,,,,,,,,,,50.0,,,,True,True,False,False,False,False,OK,,,,,50.0,60.6,HIGH_RISK,高风险,WARN_BREADTH_MISSING,62.0,62.0,100.0,REALIZED_VOL|DRAWDOWN|BREADTH|TURNOVER
2023-08-14,18.89776506102624,WARN_NOT_BRACKET_30D,52.087475149105366,55.46447311581161,47.88393743357167,100.0,20.14,OK,OPTBBS_PARSE_300INDEX_QVIX,,,,False,False,1.0,True,OK,True,,,,,19.70546010789991,OK_REPLICA_ROLLING_MEDIAN_BASIS,AVIX_CLEAN_MINUS_PRIOR_252D_MEDIAN_AVIX_QVIX_SPREAD,,,50.0,,,,,,,50.0,,,,,,,,,,,,,,,,,,,,,,50.0,,,,True,True,False,False,False,False,OK,,,,,50.0,57.2,CAUTION,警戒,WARN_BREADTH_MISSING|WARN_NOT_BRACKET_30D,62.0,62.0,100.0,REALIZED_VOL|DRAWDOWN|BREADTH|TURNOVER
2023-08-15,18.47105007227406,WARN_NOT_BRACKET_30D,47.31610337972167,52.43370160929766,45.673559724897686,100.0,20.07,OK,OPTBBS_PARSE_300INDEX_QVIX,,,,False,False,1.0,True,OK,True,,,,,19.299396608195483,OK_REPLICA_ROLLING_MEDIAN_BASIS,AVIX_CLEAN_MINUS_PRIOR_252D_MEDIAN_AVIX_QVIX_SPREAD,,,50.0,,,,,,,50.0,,,,,,,,,,,,,,,,,,,,,,50.0,,,,True,True,False,False,False,False,OK,,,,,50.0,55.2,CAUTION,警戒,WARN_BREADTH_MISSING|WARN_NOT_BRACKET_30D,62.0,62.0,100.0,REALIZED_VOL|DRAWDOWN|BREADTH|TURNOVER
2023-08-16,19.30658931747377,OK,58.25049701789264,59.24748443739563,50.627696257972055,100.0,20.8,OK,OPTBBS_PARSE_300INDEX_QVIX,,,,False,False,1.0,True,OK,True,,,,,20.143727479185454,OK_REPLICA_ROLLING_MEDIAN_BASIS,AVIX_CLEAN_MINUS_PRIOR_252D_MEDIAN_AVIX_QVIX_SPREAD,,,50.0,,,,,,,50.0,,,,,,,,,,,,,,,,,,,,,,50.0,,,,True,True,False,False,False,False,OK,,,,,50.0,59.7,CAUTION,警戒,WARN_BREADTH_MISSING,62.0,62.0,100.0,REALIZED_VOL|DRAWDOWN|BREADTH|TURNOVER
2023-08-17,19.377704069330747,OK,58.8469184890656,59.94531566668852,50.53309083232227,100.0,20.96,OK,OPTBBS_PARSE_300INDEX_QVIX,,,,False,False,1.0,True,OK,True,,,,,20.231627901799314,OK_REPLICA_ROLLING_MEDIAN_BASIS,AVIX_CLEAN_MINUS_PRIOR_252D_MEDIAN_AVIX_QVIX_SPREAD,,,50.0,,,,,,,50.0,,,,,,,,,,,,,,,,,,,,,,50.0,,,,True,True,False,False,False,False,OK,,,,,50.0,59.9,CAUTION,警戒,WARN_BREADTH_MISSING,62.0,62.0,100.0,REALIZED_VOL|DRAWDOWN|BREADTH|TURNOVER
2023-08-18,19.839127370197343,OK,64.41351888667992,63.65486589568937,54.90062738022434,100.0,21.48,OK,OPTBBS_PARSE_300INDEX_QVIX,,,,False,False,1.0,True,OK,True,,,,,20.709591798675625,OK_REPLICA_ROLLING_MEDIAN_BASIS,AVIX_CLEAN_MINUS_PRIOR_252D_MEDIAN_AVIX_QVIX_SPREAD,,,50.0,,,,,,,50.0,,,,,,,,,,,,,,,,,,,,,,50.0,,,,True,True,False,False,False,False,OK,,,,,50.0,62.3,HIGH_RISK,高风险,WARN_BREADTH_MISSING,62.0,62.0,100.0,REALIZED_VOL|DRAWDOWN|BREADTH|TURNOVER
2023-08-21,21.33201774163405,OK,76.1431411530815,75.54726784308205,75.76233404052721,100.0,21.97,OK,OPTBBS_PARSE_300INDEX_QVIX,,,,False,False,1.0,True,OK,True,,,,,22.204338957821218,OK_REPLICA_ROLLING_MEDIAN_BASIS,AVIX_CLEAN_MINUS_PRIOR_252D_MEDIAN_AVIX_QVIX_SPREAD,,,50.0,,,,,,,50.0,,,,,,,,,,,,,,,,,,,,,,50.0,,,,True,True,False,False,False,False,OK,,,,,50.0,69.0,HIGH_RISK,高风险,WARN_BREADTH_MISSING,62.0,62.0,100.0,REALIZED_VOL|DRAWDOWN|BREADTH|TURNOVER
2023-08-22,19.905688795764824,OK,65.8051689860835,64.2274783224941,65.53391624057396,100.0,21.22,OK,OPTBBS_PARSE_300INDEX_QVIX,,,,False,False,1.0,True,OK,True,,,,,20.77801001195199,OK_REPLICA_ROLLING_MEDIAN_BASIS,AVIX_CLEAN_MINUS_PRIOR_252D_MEDIAN_AVIX_QVIX_SPREAD,,,50.0,,,,,,,50.0,,,,,,,,,,,,,,,,,,,,,,50.0,,,,True,True,False,False,False,False,OK,,,,,50.0,63.7,HIGH_RISK,高风险,WARN_BREADTH_MISSING,62.0,62.0,100.0,REALIZED_VOL|DRAWDOWN|BREADTH|TURNOVER
2023-08-23,20.87944489119204,OK,72.36580516898609,72.04757746620386,66.29345865139143,100.0,22.06,OK,OPTBBS_PARSE_300INDEX_QVIX,,,,False,False,1.0,True,OK,True,,,,,21.78846397855946,OK_REPLICA_ROLLING_MEDIAN_BASIS,AVIX_CLEAN_MINUS_PRIOR_252D_MEDIAN_AVIX_QVIX_SPREAD,,,50.0,,,,,,,50.0,,,,,,,,,,,,,,,,,,,,,,50.0,,,,True,True,False,False,False,False,OK,,,,,50.0,66.7,HIGH_RISK,高风险,WARN_BREADTH_MISSING,62.0,62.0,100.0,REALIZED_VOL|DRAWDOWN|BREADTH|TURNOVER
2023-08-24,19.89508682197054,OK,65.8051689860835,64.21865514470494,55.339979914944195,100.0,21.32,OK,OPTBBS_PARSE_300INDEX_QVIX,,,,False,False,1.0,True,OK,True,,,,,20.842555313267447,OK_REPLICA_ROLLING_MEDIAN_BASIS,AVIX_CLEAN_MINUS_PRIOR_252D_MEDIAN_AVIX_QVIX_SPREAD,,,50.0,,,,,,,50.0,,,,,,,,,,,,,,,,,,,,,,50.0,,,,True,True,False,False,False,False,OK,,,,,50.0,62.8,HIGH_RISK,高风险,WARN_BREADTH_MISSING,62.0,62.0,100.0,REALIZED_VOL|DRAWDOWN|BREADTH|TURNOVER
2023-08-25,20.595541403231504,OK,71.76938369781311,69.78572170247091,57.62547685610868,100.0,21.68,OK,OPTBBS_PARSE_300INDEX_QVIX,,,,False,False,1.0,True,OK,True,,,,,21.55064334444221,OK_REPLICA_ROLLING_MEDIAN_BASIS,AVIX_CLEAN_MINUS_PRIOR_252D_MEDIAN_AVIX_QVIX_SPREAD,,,50.0,,,,,,,50.0,,,,,,,,,,,,,,,,,,,,,,50.0,,,,True,True,False,False,False,False,OK,,,,,50.0,65.5,HIGH_RISK,高风险,WARN_BREADTH_MISSING,62.0,62.0,100.0,REALIZED_VOL|DRAWDOWN|BREADTH|TURNOVER
2023-08-28,,LOW_NO_CHAIN,50.0,50.0,50.0,60.0,21.22,OK,OPTBBS_PARSE_300INDEX_QVIX,,,,False,False,1.0,True,OK,True,,,,,,OK_REPLICA_ROLLING_MEDIAN_BASIS,AVIX_CLEAN_MINUS_PRIOR_252D_MEDIAN_AVIX_QVIX_SPREAD,,,50.0,,,,,,,50.0,,,,,,,,,,,,,,,,,,,,,,50.0,,,,False,True,False,False,False,False,OK,,,,,50.0,51.2,CAUTION,警戒,LOW_NO_CHAIN,12.0,12.0,100.0,AVIX|REALIZED_VOL|DRAWDOWN|BREADTH|TURNOVER
2023-08-29,20.34300211810352,OK,69.32270916334662,67.76262852395753,54.39385270035708,60.0,21.58,OK,OPTBBS_PARSE_300INDEX_QVIX,,,,False,False,1.0,True,OK,True,,,,,21.305193534942475,OK_REPLICA_ROLLING_MEDIAN_BASIS,AVIX_CLEAN_MINUS_PRIOR_252D_MEDIAN_AVIX_QVIX_SPREAD,,,50.0,,,,,,,50.0,,,,,,,,,,,,,,,,,,,,,,50.0,,,,True,True,False,False,False,False,OK,,,,,50.0,59.4,CAUTION,警戒,WARN_BREADTH_MISSING,62.0,62.0,100.0,REALIZED_VOL|DRAWDOWN|BREADTH|TURNOVER
2023-08-30,18.81267158364924,OK,49.800796812749006,55.550194150427394,30.202794486986907,60.0,21.58,OK,OPTBBS_PARSE_300INDEX_QVIX,,,,False,False,1.0,True,OK,True,,,,,19.788184934311715,OK_REPLICA_ROLLING_MEDIAN_BASIS,AVIX_CLEAN_MINUS_PRIOR_252D_MEDIAN_AVIX_QVIX_SPREAD,,,50.0,,,,,,,50.0,,,,,,,,,,,,,,,,,,,,,,50.0,,,,True,True,False,False,False,False,OK,,,,,50.0,50.3,CAUTION,警戒,WARN_BREADTH_MISSING,62.0,62.0,100.0,REALIZED_VOL|DRAWDOWN|BREADTH|TURNOVER
2023-08-31,18.073221984252484,OK,41.03585657370518,49.68332178890426,31.68527884275292,100.0,20.36,OK,OPTBBS_PARSE_300INDEX_QVIX,,,,False,False,1.0,True,OK,True,,,,,19.051476552776876,OK_REPLICA_ROLLING_MEDIAN_BASIS,AVIX_CLEAN_MINUS_PRIOR_252D_MEDIAN_AVIX_QVIX_SPREAD,,,50.0,,,,,,,50.0,,,,,,,,,,,,,,,,,,,,,,50.0,,,,True,True,False,False,False,False,OK,,,,,50.0,52.0,CAUTION,警戒,WARN_BREADTH_MISSING,62.0,62.0,100.0,REALIZED_VOL|DRAWDOWN|BREADTH|TURNOVER
2023-09-01,17.573138927109785,OK,34.8605577689243,45.724984516801186,20.649934207143538,100.0,19.21,OK,OPTBBS_PARSE_300INDEX_QVIX,,,,False,False,1.0,True,OK,True,,,,,18.56100812440577,OK_REPLICA_ROLLING_MEDIAN_BASIS,AVIX_CLEAN_MINUS_PRIOR_252D_MEDIAN_AVIX_QVIX_SPREAD,,,50.0,,,,,,,50.0,,,,,,,,,,,,,,,,,,,,,,50.0,,,,True,True,False,False,False,False,OK,,,,,50.0,48.8,CAUTION,警戒,WARN_BREADTH_MISSING,62.0,62.0,100.0,REALIZED_VOL|DRAWDOWN|BREADTH|TURNOVER
2023-09-04,17.224786077236907,OK,29.681274900398407,42.9677978376105,50.0,100.0,18.56,OK,OPTBBS_PARSE_300INDEX_QVIX,,,,False,False,1.0,True,OK,True,,,,,18.213287580863042,OK_REPLICA_ROLLING_MEDIAN_BASIS,AVIX_CLEAN_MINUS_PRIOR_252D_MEDIAN_AVIX_QVIX_SPREAD,,,50.0,,,,,,,50.0,,,,,,,,,,,,,,,,,,,,,,50.0,,,,True,True,False,False,False,False,OK,,,,,50.0,49.3,CAUTION,警戒,WARN_BREADTH_MISSING,62.0,62.0,100.0,REALIZED_VOL|DRAWDOWN|BREADTH|TURNOVER
2023-09-05,16.90951918343884,OK,26.294820717131472,40.485785465115306,16.244088117071207,100.0,18.41,OK,OPTBBS_PARSE_300INDEX_QVIX,,,,False,False,1.0,True,OK,True,,,,,17.904886069472994,OK_REPLICA_ROLLING_MEDIAN_BASIS,AVIX_CLEAN_MINUS_PRIOR_252D_MEDIAN_AVIX_QVIX_SPREAD,,,50.0,,,,,,,50.0,,,,,,,,,,,,,,,,,,,,,,50.0,,,,True,True,False,False,False,False,OK,,,,,50.0,45.3,CAUTION,警戒,WARN_BREADTH_MISSING,62.0,62.0,100.0,REALIZED_VOL|DRAWDOWN|BREADTH|TURNOVER
2023-09-06,16.782637213951233,OK,24.900398406374503,39.554262981799184,28.418436098545598,100.0,18.39,OK,OPTBBS_PARSE_300INDEX_QVIX,,,,False,False,1.0,True,OK,True,,,,,17.779359654165635,OK_REPLICA_ROLLING_MEDIAN_BASIS,AVIX_CLEAN_MINUS_PRIOR_252D_MEDIAN_AVIX_QVIX_SPREAD,,,50.0,,,,,,,50.0,,,,,,,,,,,,,,,,,,,,,,50.0,,,,True,True,False,False,False,False,OK,,,,,50.0,45.8,CAUTION,警戒,WARN_BREADTH_MISSING,62.0,62.0,100.0,REALIZED_VOL|DRAWDOWN|BREADTH|TURNOVER
2023-09-07,17.285575190378093,OK,31.47410358565737,43.58365412940945,41.283825379219266,100.0,19.05,OK,OPTBBS_PARSE_300INDEX_QVIX,,,,False,False,1.0,True,OK,True,,,,,18.28561297205679,OK_REPLICA_ROLLING_MEDIAN_BASIS,AVIX_CLEAN_MINUS_PRIOR_252D_MEDIAN_AVIX_QVIX_SPREAD,,,50.0,,,,,,,50.0,,,,,,,,,,,,,,,,,,,,,,50.0,,,,True,True,False,False,False,False,OK,,,,,50.0,49.2,CAUTION,警戒,WARN_BREADTH_MISSING,62.0,62.0,100.0,REALIZED_VOL|DRAWDOWN|BREADTH|TURNOVER
2023-09-08,17.82488047390092,OK,38.24701195219124,47.863023359661156,52.86507206066386,100.0,19.5,OK,OPTBBS_PARSE_300INDEX_QVIX,,,,False,False,1.0,True,OK,True,,,,,18.840703301237475,OK_REPLICA_ROLLING_MEDIAN_BASIS,AVIX_CLEAN_MINUS_PRIOR_252D_MEDIAN_AVIX_QVIX_SPREAD,,,50.0,,,,,,,50.0,,,,,,,,,,,,,,,,,,,,,,50.0,,,,True,True,False,False,False,False,OK,,,,,50.0,52.6,CAUTION,警戒,WARN_BREADTH_MISSING,62.0,62.0,100.0,REALIZED_VOL|DRAWDOWN|BREADTH|TURNOVER
2023-09-11,17.05833703070607,WARN_NOT_BRACKET_30D,27.689243027888445,41.77689575269628,48.067331045105945,100.0,19.21,OK,OPTBBS_PARSE_300INDEX_QVIX,,,,False,False,1.0,True,OK,True,,,,,18.095063939966494,OK_REPLICA_ROLLING_MEDIAN_BASIS,AVIX_CLEAN_MINUS_PRIOR_252D_MEDIAN_AVIX_QVIX_SPREAD,,,50.0,,,,,,,50.0,,,,,,,,,,,,,,,,,,,,,,50.0,,,,True,True,False,False,False,False,OK,,,,,50.0,48.4,CAUTION,警戒,WARN_BREADTH_MISSING|WARN_NOT_BRACKET_30D,62.0,62.0,100.0,REALIZED_VOL|DRAWDOWN|BREADTH|TURNOVER
2023-09-12,16.66363964696267,WARN_NOT_BRACKET_30D,22.111553784860558,38.672969219275224,47.09182107653325,100.0,18.51,OK,OPTBBS_PARSE_300INDEX_QVIX,,,,False,False,1.0,True,OK,True,,,,,17.701068666906473,OK_REPLICA_ROLLING_MEDIAN_BASIS,AVIX_CLEAN_MINUS_PRIOR_252D_MEDIAN_AVIX_QVIX_SPREAD,,,50.0,,,,,,,50.0,,,,,,,,,,,,,,,,,,,,,,50.0,,,,True,True,False,False,False,False,OK,,,,,50.0,46.4,CAUTION,警戒,WARN_BREADTH_MISSING|WARN_NOT_BRACKET_30D,62.0,62.0,100.0,REALIZED_VOL|DRAWDOWN|BREADTH|TURNOVER
2023-09-13,16.659251065716617,WARN_NOT_BRACKET_30D,22.111553784860558,38.688573193840774,48.529597623285966,100.0,18.41,OK,OPTBBS_PARSE_300INDEX_QVIX,,,,False,False,1.0,True,OK,True,,,,,17.730699430010485,OK_REPLICA_ROLLING_MEDIAN_BASIS,AVIX_CLEAN_MINUS_PRIOR_252D_MEDIAN_AVIX_QVIX_SPREAD,,,50.0,,,,,,,50.0,,,,,,,,,,,,,,,,,,,,,,50.0,,,,True,True,False,False,False,False,OK,,,,,50.0,46.5,CAUTION,警戒,WARN_BREADTH_MISSING|WARN_NOT_BRACKET_30D,62.0,62.0,100.0,REALIZED_VOL|DRAWDOWN|BREADTH|TURNOVER
2023-09-14,16.241317194255956,WARN_NOT_BRACKET_30D,17.928286852589643,35.438196792639225,37.917578852644525,60.0,19.05,OK,OPTBBS_PARSE_300INDEX_QVIX,,,,False,False,1.0,True,OK,True,,,,,17.313137287256538,OK_REPLICA_ROLLING_MEDIAN_BASIS,AVIX_CLEAN_MINUS_PRIOR_252D_MEDIAN_AVIX_QVIX_SPREAD,,,50.0,,,,,,,50.0,,,,,,,,,,,,,,,,,,,,,,50.0,,,,True,True,False,False,False,False,OK,,,,,50.0,39.2,NORMAL,正常,WARN_BREADTH_MISSING|WARN_NOT_BRACKET_30D,62.0,62.0,100.0,REALIZED_VOL|DRAWDOWN|BREADTH|TURNOVER
2023-09-15,16.301739364583202,WARN_NOT_BRACKET_30D,18.92430278884462,36.00651162436952,32.90994308154951,60.0,18.34,OK,OPTBBS_PARSE_300INDEX_QVIX,,,,False,False,1.0,True,OK,True,,,,,17.377727470789154,OK_REPLICA_ROLLING_MEDIAN_BASIS,AVIX_CLEAN_MINUS_PRIOR_252D_MEDIAN_AVIX_QVIX_SPREAD,,,50.0,,,,,,,50.0,,,,,,,,,,,,,,,,,,,,,,50.0,,,,True,True,False,False,False,False,OK,,,,,50.0,39.2,NORMAL,正常,WARN_BREADTH_MISSING|WARN_NOT_BRACKET_30D,62.0,62.0,100.0,REALIZED_VOL|DRAWDOWN|BREADTH|TURNOVER
2023-09-18,16.072499028259863,WARN_NOT_BRACKET_30D,16.334661354581673,34.296394134338605,38.44156964806549,60.0,19.21,OK,OPTBBS_PARSE_300INDEX_QVIX,,,,False,False,1.0,True,OK,True,,,,,17.154046730879283,OK_REPLICA_ROLLING_MEDIAN_BASIS,AVIX_CLEAN_MINUS_PRIOR_252D_MEDIAN_AVIX_QVIX_SPREAD,,,50.0,,,,,,,50.0,,,,,,,,,,,,,,,,,,,,,,50.0,,,,True,True,False,False,False,False,OK,,,,,50.0,38.7,NORMAL,正常,WARN_BREADTH_MISSING|WARN_NOT_BRACKET_30D,62.0,62.0,100.0,REALIZED_VOL|DRAWDOWN|BREADTH|TURNOVER
2023-09-19,16.040789770259504,WARN_NOT_BRACKET_30D,16.135458167330675,34.1250328821555,42.524443760199816,60.0,18.99,OK,OPTBBS_PARSE_300INDEX_QVIX,,,,False,False,1.0,True,OK,True,,,,,17.1251828729931,OK_REPLICA_ROLLING_MEDIAN_BASIS,AVIX_CLEAN_MINUS_PRIOR_252D_MEDIAN_AVIX_QVIX_SPREAD,,,50.0,,,,,,,50.0,,,,,,,,,,,,,,,,,,,,,,50.0,,,,True,True,False,False,False,False,OK,,,,,50.0,38.9,NORMAL,正常,WARN_BREADTH_MISSING|WARN_NOT_BRACKET_30D,62.0,62.0,100.0,REALIZED_VOL|DRAWDOWN|BREADTH|TURNOVER
2023-09-20,16.226188674762636,OK,18.127490039840637,35.65425006717087,44.80093805843182,60.0,19.33,OK,OPTBBS_PARSE_300INDEX_QVIX,,,,False,False,1.0,True,OK,True,,,,,17.310581777496232,OK_REPLICA_ROLLING_MEDIAN_BASIS,AVIX_CLEAN_MINUS_PRIOR_252D_MEDIAN_AVIX_QVIX_SPREAD,,,50.0,,,,,,,50.0,,,,,,,,,,,,,,,,,,,,,,50.0,,,,True,True,False,False,False,False,OK,,,,,50.0,39.9,NORMAL,正常,WARN_BREADTH_MISSING,62.0,62.0,100.0,REALIZED_VOL|DRAWDOWN|BREADTH|TURNOVER
2023-09-21,16.673104382590374,OK,23.705179282868528,39.21963776992155,55.31714494791258,60.0,20.03,OK,OPTBBS_PARSE_300INDEX_QVIX,,,,False,False,1.0,True,OK,True,,,,,17.757497485323967,OK_REPLICA_ROLLING_MEDIAN_BASIS,AVIX_CLEAN_MINUS_PRIOR_252D_MEDIAN_AVIX_QVIX_SPREAD,,,50.0,,,,,,,50.0,,,,,,,,,,,,,,,,,,,,,,50.0,,,,True,True,False,False,False,False,OK,,,,,50.0,42.8,CAUTION,警戒,WARN_BREADTH_MISSING,62.0,62.0,100.0,REALIZED_VOL|DRAWDOWN|BREADTH|TURNOVER
2023-09-22,16.70408326665783,OK,24.701195219123505,39.45959775858263,54.93620825454677,60.0,19.06,OK,OPTBBS_PARSE_300INDEX_QVIX,,,,False,False,1.0,True,OK,True,,,,,17.788476369391425,OK_REPLICA_ROLLING_MEDIAN_BASIS,AVIX_CLEAN_MINUS_PRIOR_252D_MEDIAN_AVIX_QVIX_SPREAD,,,50.0,,,,,,,50.0,,,,,,,,,,,,,,,,,,,,,,50.0,,,,True,True,False,False,False,False,OK,,,,,50.0,43.0,CAUTION,警戒,WARN_BREADTH_MISSING,62.0,62.0,100.0,REALIZED_VOL|DRAWDOWN|BREADTH|TURNOVER
2023-09-25,16.8526888642037,OK,27.290836653386453,40.6315765814535,59.70838243103391,60.0,18.39,OK,OPTBBS_PARSE_300INDEX_QVIX,,,,False,False,1.0,True,OK,True,,,,,17.937081966937292,OK_REPLICA_ROLLING_MEDIAN_BASIS,AVIX_CLEAN_MINUS_PRIOR_252D_MEDIAN_AVIX_QVIX_SPREAD,,,50.0,,,,,,,50.0,,,,,,,,,,,,,,,,,,,,,,50.0,,,,True,True,False,False,False,False,OK,,,,,50.0,44.3,CAUTION,警戒,WARN_BREADTH_MISSING,62.0,62.0,100.0,REALIZED_VOL|DRAWDOWN|BREADTH|TURNOVER
2023-09-26,17.00081277656126,OK,29.482071713147413,41.794566661061765,61.9697723123545,30.0,20.04,OK,OPTBBS_PARSE_300INDEX_QVIX,,,,False,False,1.0,True,OK,True,,,,,18.085205879294854,OK_REPLICA_ROLLING_MEDIAN_BASIS,AVIX_CLEAN_MINUS_PRIOR_252D_MEDIAN_AVIX_QVIX_SPREAD,,,50.0,,,,,,,50.0,,,,,,,,,,,,,,,,,,,,,,50.0,,,,True,True,False,False,False,False,OK,,,,,50.0,41.7,CAUTION,警戒,WARN_BREADTH_MISSING,62.0,62.0,100.0,REALIZED_VOL|DRAWDOWN|BREADTH|TURNOVER
2023-09-27,16.932380918021188,OK,28.68525896414343,41.26113567128826,58.70435143351842,30.0,20.0,OK,OPTBBS_PARSE_300INDEX_QVIX,,,,False,False,1.0,True,OK,True,,,,,18.01677402075478,OK_REPLICA_ROLLING_MEDIAN_BASIS,AVIX_CLEAN_MINUS_PRIOR_252D_MEDIAN_AVIX_QVIX_SPREAD,,,50.0,,,,,,,50.0,,,,,,,,,,,,,,,,,,,,,,50.0,,,,True,True,False,False,False,False,OK,,,,,50.0,41.1,CAUTION,警戒,WARN_BREADTH_MISSING,62.0,62.0,100.0,REALIZED_VOL|DRAWDOWN|BREADTH|TURNOVER
2023-09-28,16.9935733789594,OK,29.282868525896415,41.7941778259008,53.844143106351,30.0,19.95,OK,OPTBBS_PARSE_300INDEX_QVIX,,,,False,False,1.0,True,OK,True,,,,,18.077966481692997,OK_REPLICA_ROLLING_MEDIAN_BASIS,AVIX_CLEAN_MINUS_PRIOR_252D_MEDIAN_AVIX_QVIX_SPREAD,,,50.0,,,,,,,50.0,,,,,,,,,,,,,,,,,,,,,,50.0,,,,True,True,False,False,False,False,OK,,,,,50.0,41.0,CAUTION,警戒,WARN_BREADTH_MISSING,62.0,62.0,100.0,REALIZED_VOL|DRAWDOWN|BREADTH|TURNOVER
2023-10-09,16.378340794742932,OK,20.51792828685259,37.002531204088584,46.099846166774164,30.0,19.42,OK,OPTBBS_PARSE_300INDEX_QVIX,,,,False,False,1.0,True,OK,True,,,,,17.462733897476525,OK_REPLICA_ROLLING_MEDIAN_BASIS,AVIX_CLEAN_MINUS_PRIOR_252D_MEDIAN_AVIX_QVIX_SPREAD,,,50.0,,,,,,,50.0,,,,,,,,,,,,,,,,,,,,,,50.0,,,,True,True,False,False,False,False,OK,,,,,50.0,37.2,NORMAL,正常,WARN_BREADTH_MISSING,62.0,62.0,100.0,REALIZED_VOL|DRAWDOWN|BREADTH|TURNOVER
2023-10-10,16.230868903235745,OK,18.52589641434263,35.90871916700176,42.62052523513036,30.0,19.66,OK,OPTBBS_PARSE_300INDEX_QVIX,,,,False,False,1.0,True,OK,True,,,,,17.31532750000424,OK_REPLICA_ROLLING_MEDIAN_BASIS,AVIX_CLEAN_MINUS_PRIOR_252D_MEDIAN_AVIX_QVIX_SPREAD,,,50.0,,,,,,,50.0,,,,,,,,,,,,,,,,,,,,,,50.0,,,,True,True,False,False,False,False,OK,,,,,50.0,36.2,NORMAL,正常,WARN_BREADTH_MISSING,62.0,62.0,100.0,REALIZED_VOL|DRAWDOWN|BREADTH|TURNOVER
2023-10-11,15.70943014532538,OK,11.952191235059761,31.914410562796856,34.807989497816365,30.0,19.05,OK,OPTBBS_PARSE_300INDEX_QVIX,,,,False,False,1.0,True,OK,True,,,,,16.800208141107827,OK_REPLICA_ROLLING_MEDIAN_BASIS,AVIX_CLEAN_MINUS_PRIOR_252D_MEDIAN_AVIX_QVIX_SPREAD,,,50.0,,,,,,,50.0,,,,,,,,,,,,,,,,,,,,,,50.0,,,,True,True,False,False,False,False,OK,,,,,50.0,33.2,NORMAL,正常,WARN_BREADTH_MISSING,62.0,62.0,100.0,REALIZED_VOL|DRAWDOWN|BREADTH|TURNOVER
2023-10-12,15.114415327125611,OK,4.581673306772909,27.39371425297637,28.526757699376937,60.0,18.24,OK,OPTBBS_PARSE_300INDEX_QVIX,,,,False,False,1.0,True,OK,True,,,,,16.217950926604964,OK_REPLICA_ROLLING_MEDIAN_BASIS,AVIX_CLEAN_MINUS_PRIOR_252D_MEDIAN_AVIX_QVIX_SPREAD,,,50.0,,,,,,,50.0,,,,,,,,,,,,,,,,,,,,,,50.0,,,,True,True,False,False,False,False,OK,,,,,50.0,33.6,NORMAL,正常,WARN_BREADTH_MISSING,62.0,62.0,100.0,REALIZED_VOL|DRAWDOWN|BREADTH|TURNOVER
2023-10-13,15.42070647373374,OK,8.167330677290837,29.960885058660228,31.48868551480637,60.0,18.95,OK,OPTBBS_PARSE_300INDEX_QVIX,,,,False,False,1.0,True,OK,True,,,,,16.526143469216272,OK_REPLICA_ROLLING_MEDIAN_BASIS,AVIX_CLEAN_MINUS_PRIOR_252D_MEDIAN_AVIX_QVIX_SPREAD,,,50.0,,,,,,,50.0,,,,,,,,,,,,,,,,,,,,,,50.0,,,,True,True,False,False,False,False,OK,,,,,50.0,35.2,NORMAL,正常,WARN_BREADTH_MISSING,62.0,62.0,100.0,REALIZED_VOL|DRAWDOWN|BREADTH|TURNOVER
2023-10-16,16.9054279689168,WARN_NOT_BRACKET_30D,29.482071713147413,41.76233720886913,56.436392804123955,60.0,20.11,OK,OPTBBS_PARSE_300INDEX_QVIX,,,,False,False,1.0,True,OK,True,,,,,18.01387570965607,OK_REPLICA_ROLLING_MEDIAN_BASIS,AVIX_CLEAN_MINUS_PRIOR_252D_MEDIAN_AVIX_QVIX_SPREAD,,,50.0,,,,,,,50.0,,,,,,,,,,,,,,,,,,,,,,50.0,,,,True,True,False,False,False,False,OK,,,,,50.0,44.8,CAUTION,警戒,WARN_BREADTH_MISSING|WARN_NOT_BRACKET_30D,62.0,62.0,100.0,REALIZED_VOL|DRAWDOWN|BREADTH|TURNOVER
2023-10-17,16.36286568613703,WARN_NOT_BRACKET_30D,21.314741035856574,37.58035856842582,51.626490654175285,60.0,19.56,OK,OPTBBS_PARSE_300INDEX_QVIX,,,,False,False,1.0,True,OK,True,,,,,17.475093434129185,OK_REPLICA_ROLLING_MEDIAN_BASIS,AVIX_CLEAN_MINUS_PRIOR_252D_MEDIAN_AVIX_QVIX_SPREAD,,,50.0,,,,,,,50.0,,,,,,,,,,,,,,,,,,,,,,50.0,,,,True,True,False,False,False,False,OK,,,,,50.0,41.6,CAUTION,警戒,WARN_BREADTH_MISSING|WARN_NOT_BRACKET_30D,62.0,62.0,100.0,REALIZED_VOL|DRAWDOWN|BREADTH|TURNOVER
2023-10-18,16.37931424435323,OK,21.713147410358566,37.81810729576998,58.528432830864794,60.0,19.98,OK,OPTBBS_PARSE_300INDEX_QVIX,,,,False,False,1.0,True,OK,True,,,,,17.497850620748444,OK_REPLICA_ROLLING_MEDIAN_BASIS,AVIX_CLEAN_MINUS_PRIOR_252D_MEDIAN_AVIX_QVIX_SPREAD,,,50.0,,,,,,,50.0,,,,,,,,,,,,,,,,,,,,,,50.0,,,,True,True,False,False,False,False,OK,,,,,50.0,42.3,CAUTION,警戒,WARN_BREADTH_MISSING,62.0,62.0,100.0,REALIZED_VOL|DRAWDOWN|BREADTH|TURNOVER
2023-10-19,18.839520253168963,OK,56.17529880478087,57.298157877397,99.29208104210244,30.0,20.02,OK,OPTBBS_PARSE_300INDEX_QVIX,,,,False,False,1.0,True,OK,True,,,,,19.958549727133125,OK_REPLICA_ROLLING_MEDIAN_BASIS,AVIX_CLEAN_MINUS_PRIOR_252D_MEDIAN_AVIX_QVIX_SPREAD,,,50.0,,,,,,,50.0,,,,,,,,,,,,,,,,,,,,,,50.0,,,,True,True,False,False,False,False,OK,,,,,50.0,54.3,CAUTION,警戒,WARN_BREADTH_MISSING,62.0,62.0,100.0,REALIZED_VOL|DRAWDOWN|BREADTH|TURNOVER
2023-10-20,19.72241191728081,OK,65.13944223107569,64.28736317811163,100.0,30.0,20.89,OK,OPTBBS_PARSE_300INDEX_QVIX,,,,False,False,1.0,True,OK,True,,,,,20.841640836548656,OK_REPLICA_ROLLING_MEDIAN_BASIS,AVIX_CLEAN_MINUS_PRIOR_252D_MEDIAN_AVIX_QVIX_SPREAD,,,50.0,,,,,,,50.0,,,,,,,,,,,,,,,,,,,,,,50.0,,,,True,True,False,False,False,False,OK,,,,,50.0,57.8,CAUTION,警戒,WARN_BREADTH_MISSING,62.0,62.0,100.0,REALIZED_VOL|DRAWDOWN|BREADTH|TURNOVER
2023-10-23,20.66338997699487,OK,72.11155378486056,71.79556616315331,94.4586438744722,30.0,21.66,OK,OPTBBS_PARSE_300INDEX_QVIX,,,,False,False,1.0,True,OK,True,,,,,21.830978059714063,OK_REPLICA_ROLLING_MEDIAN_BASIS,AVIX_CLEAN_MINUS_PRIOR_252D_MEDIAN_AVIX_QVIX_SPREAD,,,50.0,,,,,,,50.0,,,,,,,,,,,,,,,,,,,,,,50.0,,,,True,True,False,False,False,False,OK,,,,,50.0,60.4,HIGH_RISK,高风险,WARN_BREADTH_MISSING,62.0,62.0,100.0,REALIZED_VOL|DRAWDOWN|BREADTH|TURNOVER
2023-10-24,19.751868744448004,OK,65.13944223107569,64.65565067167468,91.4230993924519,100.0,20.86,OK,OPTBBS_PARSE_300INDEX_QVIX,,,,False,False,1.0,True,OK,True,,,,,20.919456827167195,OK_REPLICA_ROLLING_MEDIAN_BASIS,AVIX_CLEAN_MINUS_PRIOR_252D_MEDIAN_AVIX_QVIX_SPREAD,,,50.0,,,,,,,50.0,,,,,,,,,,,,,,,,,,,,,,50.0,,,,True,True,False,False,False,False,OK,,,,,50.0,65.6,HIGH_RISK,高风险,WARN_BREADTH_MISSING,62.0,62.0,100.0,REALIZED_VOL|DRAWDOWN|BREADTH|TURNOVER
2023-10-25,17.92669741526864,OK,44.02390438247012,50.2445515100654,68.89435843077342,100.0,19.43,OK,OPTBBS_PARSE_300INDEX_QVIX,,,,False,False,1.0,True,OK,True,,,,,19.094285497987833,OK_REPLICA_ROLLING_MEDIAN_BASIS,AVIX_CLEAN_MINUS_PRIOR_252D_MEDIAN_AVIX_QVIX_SPREAD,,,50.0,,,,,,,50.0,,,,,,,,,,,,,,,,,,,,,,50.0,,,,True,True,False,False,False,False,OK,,,,,50.0,55.9,CAUTION,警戒,WARN_BREADTH_MISSING,62.0,62.0,100.0,REALIZED_VOL|DRAWDOWN|BREADTH|TURNOVER
2023-10-26,17.239072111556162,OK,34.8605577689243,44.88041798240078,33.00967200750675,100.0,18.95,OK,OPTBBS_PARSE_300INDEX_QVIX,,,,False,False,1.0,True,OK,True,,,,,18.414089012579417,OK_REPLICA_ROLLING_MEDIAN_BASIS,AVIX_CLEAN_MINUS_PRIOR_252D_MEDIAN_AVIX_QVIX_SPREAD,,,50.0,,,,,,,50.0,,,,,,,,,,,,,,,,,,,,,,50.0,,,,True,True,False,False,False,False,OK,,,,,50.0,49.7,CAUTION,警戒,WARN_BREADTH_MISSING,62.0,62.0,100.0,REALIZED_VOL|DRAWDOWN|BREADTH|TURNOVER
2023-10-27,16.376471956034454,OK,21.51394422310757,38.09394032668489,16.069667591572447,100.0,17.77,OK,OPTBBS_PARSE_300INDEX_QVIX,,,,False,False,1.0,True,OK,True,,,,,17.55695170286549,OK_REPLICA_ROLLING_MEDIAN_BASIS,AVIX_CLEAN_MINUS_PRIOR_252D_MEDIAN_AVIX_QVIX_SPREAD,,,50.0,,,,,,,50.0,,,,,,,,,,,,,,,,,,,,,,50.0,,,,True,True,False,False,False,False,OK,,,,,50.0,43.6,CAUTION,警戒,WARN_BREADTH_MISSING,62.0,62.0,100.0,REALIZED_VOL|DRAWDOWN|BREADTH|TURNOVER
2023-10-30,16.69246389340893,OK,25.697211155378486,40.718797605150776,11.56558930546359,100.0,17.9,OK,OPTBBS_PARSE_300INDEX_QVIX,,,,False,False,1.0,True,OK,True,,,,,17.87301900221689,OK_REPLICA_ROLLING_MEDIAN_BASIS,AVIX_CLEAN_MINUS_PRIOR_252D_MEDIAN_AVIX_QVIX_SPREAD,,,50.0,,,,,,,50.0,,,,,,,,,,,,,,,,,,,,,,50.0,,,,True,True,False,False,False,False,OK,,,,,50.0,44.8,CAUTION,警戒,WARN_BREADTH_MISSING,62.0,62.0,100.0,REALIZED_VOL|DRAWDOWN|BREADTH|TURNOVER
2023-10-31,16.68673864783115,OK,25.697211155378486,40.75855841158781,18.96364454144701,60.0,18.02,OK,OPTBBS_PARSE_300INDEX_QVIX,,,,False,False,1.0,True,OK,True,,,,,17.874453380194154,OK_REPLICA_ROLLING_MEDIAN_BASIS,AVIX_CLEAN_MINUS_PRIOR_252D_MEDIAN_AVIX_QVIX_SPREAD,,,50.0,,,,,,,50.0,,,,,,,,,,,,,,,,,,,,,,50.0,,,,True,True,False,False,False,False,OK,,,,,50.0,40.6,CAUTION,警戒,WARN_BREADTH_MISSING,62.0,62.0,100.0,REALIZED_VOL|DRAWDOWN|BREADTH|TURNOVER
2023-11-01,16.643209876624958,OK,24.50199203187251,40.506851670490306,35.68071397746131,100.0,18.0,OK,OPTBBS_PARSE_300INDEX_QVIX,,,,False,False,1.0,True,OK,True,,,,,17.830924608987964,OK_REPLICA_ROLLING_MEDIAN_BASIS,AVIX_CLEAN_MINUS_PRIOR_252D_MEDIAN_AVIX_QVIX_SPREAD,,,50.0,,,,,,,50.0,,,,,,,,,,,,,,,,,,,,,,50.0,,,,True,True,False,False,False,False,OK,,,,,50.0,46.4,CAUTION,警戒,WARN_BREADTH_MISSING,62.0,62.0,100.0,REALIZED_VOL|DRAWDOWN|BREADTH|TURNOVER
2023-11-02,16.223806103551283,OK,18.725099601593627,37.264485147697194,38.22133811570638,100.0,17.87,OK,OPTBBS_PARSE_300INDEX_QVIX,,,,False,False,1.0,True,OK,True,,,,,17.412629501389247,OK_REPLICA_ROLLING_MEDIAN_BASIS,AVIX_CLEAN_MINUS_PRIOR_252D_MEDIAN_AVIX_QVIX_SPREAD,,,50.0,,,,,,,50.0,,,,,,,,,,,,,,,,,,,,,,50.0,,,,True,True,False,False,False,False,OK,,,,,50.0,44.5,CAUTION,警戒,WARN_BREADTH_MISSING,62.0,62.0,100.0,REALIZED_VOL|DRAWDOWN|BREADTH|TURNOVER
2023-11-03,15.90055556688172,OK,15.139442231075698,34.796127100032905,44.18780320412825,100.0,17.43,OK,OPTBBS_PARSE_300INDEX_QVIX,,,,False,False,1.0,True,OK,True,,,,,17.108091673472785,OK_REPLICA_ROLLING_MEDIAN_BASIS,AVIX_CLEAN_MINUS_PRIOR_252D_MEDIAN_AVIX_QVIX_SPREAD,,,50.0,,,,,,,50.0,,,,,,,,,,,,,,,,,,,,,,50.0,,,,True,True,False,False,False,False,OK,,,,,50.0,43.6,CAUTION,警戒,WARN_BREADTH_MISSING,62.0,62.0,100.0,REALIZED_VOL|DRAWDOWN|BREADTH|TURNOVER
2023-11-06,16.58216484846626,OK,24.302788844621514,40.39246215620435,48.678456989369636,100.0,17.67,OK,OPTBBS_PARSE_300INDEX_QVIX,,,,False,False,1.0,True,OK,True,,,,,17.792128794922533,OK_REPLICA_ROLLING_MEDIAN_BASIS,AVIX_CLEAN_MINUS_PRIOR_252D_MEDIAN_AVIX_QVIX_SPREAD,,,50.0,,,,,,,50.0,,,,,,,,,,,,,,,,,,,,,,50.0,,,,True,True,False,False,False,False,OK,,,,,50.0,47.4,CAUTION,警戒,WARN_BREADTH_MISSING,62.0,62.0,100.0,REALIZED_VOL|DRAWDOWN|BREADTH|TURNOVER
2023-11-07,16.616882164710244,OK,24.701195219123505,40.79536886075166,49.162730541956634,100.0,17.74,OK,OPTBBS_PARSE_300INDEX_QVIX,,,,False,False,1.0,True,OK,True,,,,,17.826846111166518,OK_REPLICA_ROLLING_MEDIAN_BASIS,AVIX_CLEAN_MINUS_PRIOR_252D_MEDIAN_AVIX_QVIX_SPREAD,,,50.0,,,,,,,50.0,,,,,,,,,,,,,,,,,,,,,,50.0,,,,True,True,False,False,False,False,OK,,,,,50.0,47.6,CAUTION,警戒,WARN_BREADTH_MISSING,62.0,62.0,100.0,REALIZED_VOL|DRAWDOWN|BREADTH|TURNOVER
2023-11-08,16.56066328159464,OK,24.10358565737052,40.450954301676546,49.00804477450886,60.0,17.75,OK,OPTBBS_PARSE_300INDEX_QVIX,,,,False,False,1.0,True,OK,True,,,,,17.770627228050913,OK_REPLICA_ROLLING_MEDIAN_BASIS,AVIX_CLEAN_MINUS_PRIOR_252D_MEDIAN_AVIX_QVIX_SPREAD,,,50.0,,,,,,,50.0,,,,,,,,,,,,,,,,,,,,,,50.0,,,,True,True,False,False,False,False,OK,,,,,50.0,42.5,CAUTION,警戒,WARN_BREADTH_MISSING,62.0,62.0,100.0,REALIZED_VOL|DRAWDOWN|BREADTH|TURNOVER
2023-11-09,16.799515218057515,OK,30.278884462151396,42.58960862660048,57.09709066826449,100.0,17.98,OK,OPTBBS_PARSE_300INDEX_QVIX,,,,False,False,1.0,True,OK,True,,,,,18.009479164513788,OK_REPLICA_ROLLING_MEDIAN_BASIS,AVIX_CLEAN_MINUS_PRIOR_252D_MEDIAN_AVIX_QVIX_SPREAD,,,50.0,,,,,,,50.0,,,,,,,,,,,,,,,,,,,,,,50.0,,,,True,True,False,False,False,False,OK,,,,,50.0,50.0,CAUTION,警戒,WARN_BREADTH_MISSING,62.0,62.0,100.0,REALIZED_VOL|DRAWDOWN|BREADTH|TURNOVER
2023-11-10,16.980833842233682,OK,32.669322709163346,44.280073730838815,63.58793119910864,100.0,18.21,OK,OPTBBS_PARSE_300INDEX_QVIX,,,,False,False,1.0,True,OK,True,,,,,18.190797788689956,OK_REPLICA_ROLLING_MEDIAN_BASIS,AVIX_CLEAN_MINUS_PRIOR_252D_MEDIAN_AVIX_QVIX_SPREAD,,,50.0,,,,,,,50.0,,,,,,,,,,,,,,,,,,,,,,50.0,,,,True,True,False,False,False,False,OK,,,,,50.0,51.4,CAUTION,警戒,WARN_BREADTH_MISSING,62.0,62.0,100.0,REALIZED_VOL|DRAWDOWN|BREADTH|TURNOVER
2023-11-13,17.032706744340963,WARN_NOT_BRACKET_30D,33.86454183266932,44.90019082538559,55.43405399707355,100.0,18.25,OK,OPTBBS_PARSE_300INDEX_QVIX,,,,False,False,1.0,True,OK,True,,,,,18.24506757268607,OK_REPLICA_ROLLING_MEDIAN_BASIS,AVIX_CLEAN_MINUS_PRIOR_252D_MEDIAN_AVIX_QVIX_SPREAD,,,50.0,,,,,,,50.0,,,,,,,,,,,,,,,,,,,,,,50.0,,,,True,True,False,False,False,False,OK,,,,,50.0,51.2,CAUTION,警戒,WARN_BREADTH_MISSING|WARN_NOT_BRACKET_30D,62.0,62.0,100.0,REALIZED_VOL|DRAWDOWN|BREADTH|TURNOVER
2023-11-14,16.868744645593374,WARN_NOT_BRACKET_30D,31.274900398406373,43.59760088515926,53.03140478925723,100.0,18.13,OK,OPTBBS_PARSE_300INDEX_QVIX,,,,False,False,1.0,True,OK,True,,,,,18.083314265955277,OK_REPLICA_ROLLING_MEDIAN_BASIS,AVIX_CLEAN_MINUS_PRIOR_252D_MEDIAN_AVIX_QVIX_SPREAD,,,50.0,,,,,,,50.0,,,,,,,,,,,,,,,,,,,,,,50.0,,,,True,True,False,False,False,False,OK,,,,,50.0,50.1,CAUTION,警戒,WARN_BREADTH_MISSING|WARN_NOT_BRACKET_30D,62.0,62.0,100.0,REALIZED_VOL|DRAWDOWN|BREADTH|TURNOVER
2023-11-15,16.74943535393793,OK,29.08366533864542,42.659475846622534,52.27976463422319,100.0,17.75,OK,OPTBBS_PARSE_300INDEX_QVIX,,,,False,False,1.0,True,OK,True,,,,,17.966728609596966,OK_REPLICA_ROLLING_MEDIAN_BASIS,AVIX_CLEAN_MINUS_PRIOR_252D_MEDIAN_AVIX_QVIX_SPREAD,,,50.0,,,,,,,50.0,,,,,,,,,,,,,,,,,,,,,,50.0,,,,True,True,False,False,False,False,OK,,,,,50.0,49.3,CAUTION,警戒,WARN_BREADTH_MISSING,62.0,62.0,100.0,REALIZED_VOL|DRAWDOWN|BREADTH|TURNOVER
2023-11-16,16.532270632234894,OK,23.904382470119522,40.823644774876726,46.81842502770124,100.0,17.64,OK,OPTBBS_PARSE_300INDEX_QVIX,,,,False,False,1.0,True,OK,True,,,,,17.74956388789393,OK_REPLICA_ROLLING_MEDIAN_BASIS,AVIX_CLEAN_MINUS_PRIOR_252D_MEDIAN_AVIX_QVIX_SPREAD,,,50.0,,,,,,,50.0,,,,,,,,,,,,,,,,,,,,,,50.0,,,,True,True,False,False,False,False,OK,,,,,50.0,47.2,CAUTION,警戒,WARN_BREADTH_MISSING,62.0,62.0,100.0,REALIZED_VOL|DRAWDOWN|BREADTH|TURNOVER
2023-11-17,15.860253245370636,OK,14.741035856573706,34.78323555718735,36.80181895336602,100.0,17.11,OK,OPTBBS_PARSE_300INDEX_QVIX,,,,False,False,1.0,True,OK,True,,,,,17.077546501029673,OK_REPLICA_ROLLING_MEDIAN_BASIS,AVIX_CLEAN_MINUS_PRIOR_252D_MEDIAN_AVIX_QVIX_SPREAD,,,50.0,,,,,,,50.0,,,,,,,,,,,,,,,,,,,,,,50.0,,,,True,True,False,False,False,False,OK,,,,,50.0,42.9,CAUTION,警戒,WARN_BREADTH_MISSING,62.0,62.0,100.0,REALIZED_VOL|DRAWDOWN|BREADTH|TURNOVER
2023-11-20,15.278164446711,OK,6.97211155378486,29.446156640025283,29.39796270827122,100.0,16.38,OK,OPTBBS_PARSE_300INDEX_QVIX,,,,False,False,1.0,True,OK,True,,,,,16.507330604477318,OK_REPLICA_ROLLING_MEDIAN_BASIS,AVIX_CLEAN_MINUS_PRIOR_252D_MEDIAN_AVIX_QVIX_SPREAD,,,50.0,,,,,,,50.0,,,,,,,,,,,,,,,,,,,,,,50.0,,,,True,True,False,False,False,False,OK,,,,,50.0,39.4,NORMAL,正常,WARN_BREADTH_MISSING,62.0,62.0,100.0,REALIZED_VOL|DRAWDOWN|BREADTH|TURNOVER
2023-11-21,14.931684763388448,OK,3.386454183266932,26.28336452386316,27.033739938544343,60.0,16.6,OK,OPTBBS_PARSE_300INDEX_QVIX,,,,False,False,1.0,True,OK,True,,,,,16.16085092115477,OK_REPLICA_ROLLING_MEDIAN_BASIS,AVIX_CLEAN_MINUS_PRIOR_252D_MEDIAN_AVIX_QVIX_SPREAD,,,50.0,,,,,,,50.0,,,,,,,,,,,,,,,,,,,,,,50.0,,,,True,True,False,False,False,False,OK,,,,,50.0,33.0,NORMAL,正常,WARN_BREADTH_MISSING,62.0,62.0,100.0,REALIZED_VOL|DRAWDOWN|BREADTH|TURNOVER
2023-11-22,15.399152226148589,OK,8.167330677290837,30.714351873398765,33.87667286381833,100.0,17.41,OK,OPTBBS_PARSE_300INDEX_QVIX,,,,False,False,1.0,True,OK,True,,,,,16.630359754072032,OK_REPLICA_ROLLING_MEDIAN_BASIS,AVIX_CLEAN_MINUS_PRIOR_252D_MEDIAN_AVIX_QVIX_SPREAD,,,50.0,,,,,,,50.0,,,,,,,,,,,,,,,,,,,,,,50.0,,,,True,True,False,False,False,False,OK,,,,,50.0,40.3,CAUTION,警戒,WARN_BREADTH_MISSING,62.0,62.0,100.0,REALIZED_VOL|DRAWDOWN|BREADTH|TURNOVER
2023-11-23,15.177076985739438,OK,5.776892430278884,28.584914066797747,33.605474690777484,100.0,17.08,OK,OPTBBS_PARSE_300INDEX_QVIX,,,,False,False,1.0,True,OK,True,,,,,16.413489510872502,OK_REPLICA_ROLLING_MEDIAN_BASIS,AVIX_CLEAN_MINUS_PRIOR_252D_MEDIAN_AVIX_QVIX_SPREAD,,,50.0,,,,,,,50.0,,,,,,,,,,,,,,,,,,,,,,50.0,,,,True,True,False,False,False,False,OK,,,,,50.0,39.3,NORMAL,正常,WARN_BREADTH_MISSING,62.0,62.0,100.0,REALIZED_VOL|DRAWDOWN|BREADTH|TURNOVER
2023-11-24,15.116607492022249,OK,4.9800796812749,28.06466673382889,40.6225235897107,60.0,17.3,OK,OPTBBS_PARSE_300INDEX_QVIX,,,,False,False,1.0,True,OK,True,,,,,16.353605373918725,OK_REPLICA_ROLLING_MEDIAN_BASIS,AVIX_CLEAN_MINUS_PRIOR_252D_MEDIAN_AVIX_QVIX_SPREAD,,,50.0,,,,,,,50.0,,,,,,,,,,,,,,,,,,,,,,50.0,,,,True,True,False,False,False,False,OK,,,,,50.0,34.8,NORMAL,正常,WARN_BREADTH_MISSING,62.0,62.0,100.0,REALIZED_VOL|DRAWDOWN|BREADTH|TURNOVER
2023-11-27,15.73387583619495,OK,13.745019920318724,34.156130885417916,55.965525388516866,100.0,18.1,OK,OPTBBS_PARSE_300INDEX_QVIX,,,,False,False,1.0,True,OK,True,,,,,16.976110775168706,OK_REPLICA_ROLLING_MEDIAN_BASIS,AVIX_CLEAN_MINUS_PRIOR_252D_MEDIAN_AVIX_QVIX_SPREAD,,,50.0,,,,,,,50.0,,,,,,,,,,,,,,,,,,,,,,50.0,,,,True,True,False,False,False,False,OK,,,,,50.0,44.1,CAUTION,警戒,WARN_BREADTH_MISSING,62.0,62.0,100.0,REALIZED_VOL|DRAWDOWN|BREADTH|TURNOVER
2023-11-28,15.635561093730985,OK,12.350597609561753,33.17095541539037,59.42795594062362,100.0,18.0,OK,OPTBBS_PARSE_300INDEX_QVIX,,,,False,False,1.0,True,OK,True,,,,,16.882772465999558,OK_REPLICA_ROLLING_MEDIAN_BASIS,AVIX_CLEAN_MINUS_PRIOR_252D_MEDIAN_AVIX_QVIX_SPREAD,,,50.0,,,,,,,50.0,,,,,,,,,,,,,,,,,,,,,,50.0,,,,True,True,False,False,False,False,OK,,,,,50.0,43.9,CAUTION,警戒,WARN_BREADTH_MISSING,62.0,62.0,100.0,REALIZED_VOL|DRAWDOWN|BREADTH|TURNOVER
2023-11-29,15.596905295267668,OK,11.752988047808765,32.80269333807679,52.56836306590027,60.0,18.26,OK,OPTBBS_PARSE_300INDEX_QVIX,,,,False,False,1.0,True,OK,True,,,,,16.84665204989703,OK_REPLICA_ROLLING_MEDIAN_BASIS,AVIX_CLEAN_MINUS_PRIOR_252D_MEDIAN_AVIX_QVIX_SPREAD,,,50.0,,,,,,,50.0,,,,,,,,,,,,,,,,,,,,,,50.0,,,,True,True,False,False,False,False,OK,,,,,50.0,38.3,NORMAL,正常,WARN_BREADTH_MISSING,62.0,62.0,100.0,REALIZED_VOL|DRAWDOWN|BREADTH|TURNOVER
2023-11-30,15.43390486474306,OK,9.56175298804781,31.161125687547063,53.384418214982254,100.0,18.15,OK,OPTBBS_PARSE_300INDEX_QVIX,,,,False,False,1.0,True,OK,True,,,,,16.695160219149685,OK_REPLICA_ROLLING_MEDIAN_BASIS,AVIX_CLEAN_MINUS_PRIOR_252D_MEDIAN_AVIX_QVIX_SPREAD,,,50.0,,,,,,,50.0,,,,,,,,,,,,,,,,,,,,,,50.0,,,,True,True,False,False,False,False,OK,,,,,50.0,42.3,CAUTION,警戒,WARN_BREADTH_MISSING,62.0,62.0,100.0,REALIZED_VOL|DRAWDOWN|BREADTH|TURNOVER
2023-12-01,15.668728051016334,OK,13.147410358565736,33.70917287867822,57.30482099618537,100.0,18.41,OK,OPTBBS_PARSE_300INDEX_QVIX,,,,False,False,1.0,True,OK,True,,,,,16.933296418092702,OK_REPLICA_ROLLING_MEDIAN_BASIS,AVIX_CLEAN_MINUS_PRIOR_252D_MEDIAN_AVIX_QVIX_SPREAD,,,50.0,,,,,,,50.0,,,,,,,,,,,,,,,,,,,,,,50.0,,,,True,True,False,False,False,False,OK,,,,,50.0,44.0,CAUTION,警戒,WARN_BREADTH_MISSING,62.0,62.0,100.0,REALIZED_VOL|DRAWDOWN|BREADTH|TURNOVER
2023-12-04,16.345936622384574,OK,23.306772908366533,41.00483747360616,57.78016545397686,100.0,19.16,OK,OPTBBS_PARSE_300INDEX_QVIX,,,,False,False,1.0,True,OK,True,,,,,17.619049176244893,OK_REPLICA_ROLLING_MEDIAN_BASIS,AVIX_CLEAN_MINUS_PRIOR_252D_MEDIAN_AVIX_QVIX_SPREAD,,,50.0,,,,,,,50.0,,,,,,,,,,,,,,,,,,,,,,50.0,,,,True,True,False,False,False,False,OK,,,,,50.0,47.9,CAUTION,警戒,WARN_BREADTH_MISSING,62.0,62.0,100.0,REALIZED_VOL|DRAWDOWN|BREADTH|TURNOVER
2023-12-05,18.330221199790167,OK,55.17928286852589,62.699871079050865,84.46835185389791,100.0,20.28,OK,OPTBBS_PARSE_300INDEX_QVIX,,,,False,False,1.0,True,OK,True,,,,,19.609619837826067,OK_REPLICA_ROLLING_MEDIAN_BASIS,AVIX_CLEAN_MINUS_PRIOR_252D_MEDIAN_AVIX_QVIX_SPREAD,,,50.0,,,,,,,50.0,,,,,,,,,,,,,,,,,,,,,,50.0,,,,True,True,False,False,False,False,OK,,,,,50.0,62.0,HIGH_RISK,高风险,WARN_BREADTH_MISSING,62.0,62.0,100.0,REALIZED_VOL|DRAWDOWN|BREADTH|TURNOVER
2023-12-06,17.459107535315923,OK,43.82470119521912,53.456535613659085,73.87912479808767,100.0,19.88,OK,OPTBBS_PARSE_300INDEX_QVIX,,,,False,False,1.0,True,OK,True,,,,,18.761150935024045,OK_REPLICA_ROLLING_MEDIAN_BASIS,AVIX_CLEAN_MINUS_PRIOR_252D_MEDIAN_AVIX_QVIX_SPREAD,,,50.0,,,,,,,50.0,,,,,,,,,,,,,,,,,,,,,,50.0,,,,True,True,False,False,False,False,OK,,,,,50.0,56.7,CAUTION,警戒,WARN_BREADTH_MISSING,62.0,62.0,100.0,REALIZED_VOL|DRAWDOWN|BREADTH|TURNOVER
2023-12-07,17.638327787100096,OK,46.613545816733065,55.757930599424995,78.56597784780676,60.0,18.62,OK,OPTBBS_PARSE_300INDEX_QVIX,,,,False,False,1.0,True,OK,True,,,,,18.948406062616073,OK_REPLICA_ROLLING_MEDIAN_BASIS,AVIX_CLEAN_MINUS_PRIOR_252D_MEDIAN_AVIX_QVIX_SPREAD,,,50.0,,,,,,,50.0,,,,,,,,,,,,,,,,,,,,,,50.0,,,,True,True,False,False,False,False,OK,,,,,50.0,53.3,CAUTION,警戒,WARN_BREADTH_MISSING,62.0,62.0,100.0,REALIZED_VOL|DRAWDOWN|BREADTH|TURNOVER
2023-12-08,17.515062232005043,OK,44.820717131474105,54.63234460784959,73.56712267871606,100.0,18.45,OK,OPTBBS_PARSE_300INDEX_QVIX,,,,False,False,1.0,True,OK,True,,,,,18.82514050752102,OK_REPLICA_ROLLING_MEDIAN_BASIS,AVIX_CLEAN_MINUS_PRIOR_252D_MEDIAN_AVIX_QVIX_SPREAD,,,50.0,,,,,,,50.0,,,,,,,,,,,,,,,,,,,,,,50.0,,,,True,True,False,False,False,False,OK,,,,,50.0,57.1,CAUTION,警戒,WARN_BREADTH_MISSING,62.0,62.0,100.0,REALIZED_VOL|DRAWDOWN|BREADTH|TURNOVER
2023-12-11,17.678518579744562,WARN_NOT_BRACKET_30D,47.410358565737056,56.898253017982235,66.30474885770835,100.0,18.69,OK,OPTBBS_PARSE_300INDEX_QVIX,,,,False,False,1.0,True,OK,True,,,,,18.98859685526054,OK_REPLICA_ROLLING_MEDIAN_BASIS,AVIX_CLEAN_MINUS_PRIOR_252D_MEDIAN_AVIX_QVIX_SPREAD,,,50.0,,,,,,,50.0,,,,,,,,,,,,,,,,,,,,,,50.0,,,,True,True,False,False,False,False,OK,,,,,50.0,57.5,CAUTION,警戒,WARN_BREADTH_MISSING|WARN_NOT_BRACKET_30D,62.0,62.0,100.0,REALIZED_VOL|DRAWDOWN|BREADTH|TURNOVER
2023-12-12,17.177440119644782,WARN_NOT_BRACKET_30D,39.04382470119522,51.32651818981827,37.42207126056307,100.0,18.35,OK,OPTBBS_PARSE_300INDEX_QVIX,,,,False,False,1.0,True,OK,True,,,,,18.48751839516076,OK_REPLICA_ROLLING_MEDIAN_BASIS,AVIX_CLEAN_MINUS_PRIOR_252D_MEDIAN_AVIX_QVIX_SPREAD,,,50.0,,,,,,,50.0,,,,,,,,,,,,,,,,,,,,,,50.0,,,,True,True,False,False,False,False,OK,,,,,50.0,52.1,CAUTION,警戒,WARN_BREADTH_MISSING|WARN_NOT_BRACKET_30D,62.0,62.0,100.0,REALIZED_VOL|DRAWDOWN|BREADTH|TURNOVER
2023-12-13,17.844666410489335,WARN_NOT_BRACKET_30D,48.80478087649402,59.74570186551415,54.416707719950885,100.0,18.61,OK,OPTBBS_PARSE_300INDEX_QVIX,,,,False,False,1.0,True,OK,True,,,,,19.154744686005312,OK_REPLICA_ROLLING_MEDIAN_BASIS,AVIX_CLEAN_MINUS_PRIOR_252D_MEDIAN_AVIX_QVIX_SPREAD,,,50.0,,,,,,,50.0,,,,,,,,,,,,,,,,,,,,,,50.0,,,,True,True,False,False,False,False,OK,,,,,50.0,57.4,CAUTION,警戒,WARN_BREADTH_MISSING|WARN_NOT_BRACKET_30D,62.0,62.0,100.0,REALIZED_VOL|DRAWDOWN|BREADTH|TURNOVER
2023-12-14,17.903754020068106,WARN_NOT_BRACKET_30D,50.0,60.82321920737719,53.0096530257492,60.0,18.61,OK,OPTBBS_PARSE_300INDEX_QVIX,,,,False,False,1.0,True,OK,True,,,,,19.213832295584083,OK_REPLICA_ROLLING_MEDIAN_BASIS,AVIX_CLEAN_MINUS_PRIOR_252D_MEDIAN_AVIX_QVIX_SPREAD,,,50.0,,,,,,,50.0,,,,,,,,,,,,,,,,,,,,,,50.0,,,,True,True,False,False,False,False,OK,,,,,50.0,53.0,CAUTION,警戒,WARN_BREADTH_MISSING|WARN_NOT_BRACKET_30D,62.0,62.0,100.0,REALIZED_VOL|DRAWDOWN|BREADTH|TURNOVER
2023-12-15,17.865297012788975,WARN_NOT_BRACKET_30D,49.60159362549801,60.63126422555338,53.99924106628582,60.0,18.61,OK,OPTBBS_PARSE_300INDEX_QVIX,,,,False,False,1.0,True,OK,True,,,,,19.175375288304952,OK_REPLICA_ROLLING_MEDIAN_BASIS,AVIX_CLEAN_MINUS_PRIOR_252D_MEDIAN_AVIX_QVIX_SPREAD,,,50.0,,,,,,,50.0,,,,,,,,,,,,,,,,,,,,,,50.0,,,,True,True,False,False,False,False,OK,,,,,50.0,52.9,CAUTION,警戒,WARN_BREADTH_MISSING|WARN_NOT_BRACKET_30D,62.0,62.0,100.0,REALIZED_VOL|DRAWDOWN|BREADTH|TURNOVER
2023-12-18,17.88282012819755,WARN_NOT_BRACKET_30D,49.800796812749006,61.16820215974938,52.31129715458253,60.0,18.02,WARN_QVIX_REALTIME_PROXY,OPTBBS_PARSE_300ETF_QVIX_PROXY,,,,True,False,1.0,True,PROXY,True,,,,,19.192898403713528,OK_REPLICA_ROLLING_MEDIAN_BASIS,AVIX_CLEAN_MINUS_PRIOR_252D_MEDIAN_AVIX_QVIX_SPREAD,,,50.0,,,,,,,50.0,,,,,,,,,,,,,,,,,,,,,,50.0,,,,True,True,False,False,False,False,PROXY,,,,,50.0,52.9,CAUTION,警戒,WARN_BREADTH_MISSING|WARN_NOT_BRACKET_30D|WARN_QVIX_REALTIME_PROXY,57.2,62.0,92.3,QVIX_PROXY|REALIZED_VOL|DRAWDOWN|BREADTH|TURNOVER
2023-12-19,18.14905691756195,WARN_NOT_BRACKET_30D,53.38645418326693,64.81888679635031,61.31270772768978,100.0,18.61,OK,OPTBBS_PARSE_300INDEX_QVIX,,,,False,False,1.0,True,OK,True,,,,,19.459135193077927,OK_REPLICA_ROLLING_MEDIAN_BASIS,AVIX_CLEAN_MINUS_PRIOR_252D_MEDIAN_AVIX_QVIX_SPREAD,,,50.0,,,,,,,50.0,,,,,,,,,,,,,,,,,,,,,,50.0,,,,True,True,False,False,False,False,OK,,,,,50.0,59.9,CAUTION,警戒,WARN_BREADTH_MISSING|WARN_NOT_BRACKET_30D,62.0,62.0,100.0,REALIZED_VOL|DRAWDOWN|BREADTH|TURNOVER
2023-12-20,18.957549870173448,OK,59.36254980079681,75.4748143411588,62.47300940330209,100.0,20.56,OK,OPTBBS_PARSE_300INDEX_QVIX,,,,False,False,1.0,True,OK,True,,,,,20.25959326988157,OK_REPLICA_ROLLING_MEDIAN_BASIS,AVIX_CLEAN_MINUS_PRIOR_252D_MEDIAN_AVIX_QVIX_SPREAD,,,50.0,,,,,,,50.0,,,,,,,,,,,,,,,,,,,,,,50.0,,,,True,True,False,False,False,False,OK,,,,,50.0,63.2,HIGH_RISK,高风险,WARN_BREADTH_MISSING,62.0,62.0,100.0,REALIZED_VOL|DRAWDOWN|BREADTH|TURNOVER
2023-12-21,17.899794878874296,OK,49.40239043824701,61.9559894894288,49.95577306089692,60.0,20.56,OK,OPTBBS_PARSE_300INDEX_QVIX,,,,False,False,1.0,True,OK,True,,,,,19.201838278582418,OK_REPLICA_ROLLING_MEDIAN_BASIS,AVIX_CLEAN_MINUS_PRIOR_252D_MEDIAN_AVIX_QVIX_SPREAD,,,50.0,,,,,,,50.0,,,,,,,,,,,,,,,,,,,,,,50.0,,,,True,True,False,False,False,False,OK,,,,,50.0,52.7,CAUTION,警戒,WARN_BREADTH_MISSING,62.0,62.0,100.0,REALIZED_VOL|DRAWDOWN|BREADTH|TURNOVER
2023-12-22,17.28104169691928,OK,40.63745019920319,54.005608566346034,43.459327147469736,100.0,18.69,OK,OPTBBS_PARSE_300INDEX_QVIX,,,,False,False,1.0,True,OK,True,,,,,18.583085096627403,OK_REPLICA_ROLLING_MEDIAN_BASIS,AVIX_CLEAN_MINUS_PRIOR_252D_MEDIAN_AVIX_QVIX_SPREAD,,,50.0,,,,,,,50.0,,,,,,,,,,,,,,,,,,,,,,50.0,,,,True,True,False,False,False,False,OK,,,,,50.0,53.4,CAUTION,警戒,WARN_BREADTH_MISSING,62.0,62.0,100.0,REALIZED_VOL|DRAWDOWN|BREADTH|TURNOVER
2023-12-25,17.160614051170654,OK,37.64940239043825,52.57988495281674,41.92290620998726,100.0,18.51,OK,OPTBBS_PARSE_300INDEX_QVIX,,,,False,False,1.0,True,OK,True,,,,,18.462657450878776,OK_REPLICA_ROLLING_MEDIAN_BASIS,AVIX_CLEAN_MINUS_PRIOR_252D_MEDIAN_AVIX_QVIX_SPREAD,,,50.0,,,,,,,50.0,,,,,,,,,,,,,,,,,,,,,,50.0,,,,True,True,False,False,False,False,OK,,,,,50.0,52.3,CAUTION,警戒,WARN_BREADTH_MISSING,62.0,62.0,100.0,REALIZED_VOL|DRAWDOWN|BREADTH|TURNOVER
2023-12-26,17.560336585612692,OK,44.6215139442231,58.02159826739279,43.51238651547143,100.0,18.93,OK,OPTBBS_PARSE_300INDEX_QVIX,,,,False,False,1.0,True,OK,True,,,,,18.862379985320814,OK_REPLICA_ROLLING_MEDIAN_BASIS,AVIX_CLEAN_MINUS_PRIOR_252D_MEDIAN_AVIX_QVIX_SPREAD,,,50.0,,,,,,,50.0,,,,,,,,,,,,,,,,,,,,,,50.0,,,,True,True,False,False,False,False,OK,,,,,50.0,55.1,CAUTION,警戒,WARN_BREADTH_MISSING,62.0,62.0,100.0,REALIZED_VOL|DRAWDOWN|BREADTH|TURNOVER
2023-12-27,17.800525303520555,OK,47.211155378486055,61.37918744234063,37.79352211043603,100.0,19.17,OK,OPTBBS_PARSE_300INDEX_QVIX,,,,False,False,1.0,True,OK,True,,,,,19.102568703228677,OK_REPLICA_ROLLING_MEDIAN_BASIS,AVIX_CLEAN_MINUS_PRIOR_252D_MEDIAN_AVIX_QVIX_SPREAD,,,50.0,,,,,,,50.0,,,,,,,,,,,,,,,,,,,,,,50.0,,,,True,True,False,False,False,False,OK,,,,,50.0,55.8,CAUTION,警戒,WARN_BREADTH_MISSING,62.0,62.0,100.0,REALIZED_VOL|DRAWDOWN|BREADTH|TURNOVER
2023-12-28,17.274817993825224,OK,39.8406374501992,54.4634233167991,43.01693802327664,60.0,19.17,OK,OPTBBS_PARSE_300INDEX_QVIX,,,,False,False,1.0,True,OK,True,,,,,18.576861393533346,OK_REPLICA_ROLLING_MEDIAN_BASIS,AVIX_CLEAN_MINUS_PRIOR_252D_MEDIAN_AVIX_QVIX_SPREAD,,,50.0,,,,,,,50.0,,,,,,,,,,,,,,,,,,,,,,50.0,,,,True,True,False,False,False,False,OK,,,,,50.0,48.4,CAUTION,警戒,WARN_BREADTH_MISSING,62.0,62.0,100.0,REALIZED_VOL|DRAWDOWN|BREADTH|TURNOVER
2023-12-29,16.639790003375456,OK,26.49402390438247,46.01706940123313,42.57855278876919,100.0,17.58,OK,OPTBBS_PARSE_300INDEX_QVIX,,,,False,False,1.0,True,OK,True,,,,,17.941833403083578,OK_REPLICA_ROLLING_MEDIAN_BASIS,AVIX_CLEAN_MINUS_PRIOR_252D_MEDIAN_AVIX_QVIX_SPREAD,,,50.0,,,,,,,50.0,,,,,,,,,,,,,,,,,,,,,,50.0,,,,True,True,False,False,False,False,OK,,,,,50.0,48.3,CAUTION,警戒,WARN_BREADTH_MISSING,62.0,62.0,100.0,REALIZED_VOL|DRAWDOWN|BREADTH|TURNOVER
2024-01-02,17.089645022412423,OK,35.85657370517929,52.15086210599275,49.17288474006103,100.0,18.04,OK,OPTBBS_PARSE_300INDEX_QVIX,,,,False,False,1.0,True,OK,True,,,,,18.369043660448323,OK_REPLICA_ROLLING_MEDIAN_BASIS,AVIX_CLEAN_MINUS_PRIOR_252D_MEDIAN_AVIX_QVIX_SPREAD,,,50.0,,,,,,,50.0,,,,,,,,,,,,,,,,,,,,,,50.0,,,,True,True,False,False,False,False,OK,,,,,50.0,52.3,CAUTION,警戒,WARN_BREADTH_MISSING,62.0,62.0,100.0,REALIZED_VOL|DRAWDOWN|BREADTH|TURNOVER
2024-01-03,16.93709336007133,OK,33.86454183266932,50.26228353745391,42.90169385418285,100.0,17.97,OK,OPTBBS_PARSE_300INDEX_QVIX,,,,False,False,1.0,True,OK,True,,,,,18.21649199810723,OK_REPLICA_ROLLING_MEDIAN_BASIS,AVIX_CLEAN_MINUS_PRIOR_252D_MEDIAN_AVIX_QVIX_SPREAD,,,50.0,,,,,,,50.0,,,,,,,,,,,,,,,,,,,,,,50.0,,,,True,True,False,False,False,False,OK,,,,,50.0,51.0,CAUTION,警戒,WARN_BREADTH_MISSING,62.0,62.0,100.0,REALIZED_VOL|DRAWDOWN|BREADTH|TURNOVER
2024-01-04,17.26443380389518,OK,39.44223107569721,54.869988790221754,43.976677761084424,100.0,18.35,OK,OPTBBS_PARSE_300INDEX_QVIX,,,,False,False,1.0,True,OK,True,,,,,18.54383244193108,OK_REPLICA_ROLLING_MEDIAN_BASIS,AVIX_CLEAN_MINUS_PRIOR_252D_MEDIAN_AVIX_QVIX_SPREAD,,,50.0,,,,,,,50.0,,,,,,,,,,,,,,,,,,,,,,50.0,,,,True,True,False,False,False,False,OK,,,,,50.0,53.2,CAUTION,警戒,WARN_BREADTH_MISSING,62.0,62.0,100.0,REALIZED_VOL|DRAWDOWN|BREADTH|TURNOVER
2024-01-05,17.421300101005865,OK,42.03187250996016,57.14075508571104,51.69590333435643,100.0,18.57,OK,OPTBBS_PARSE_300INDEX_QVIX,,,,False,False,1.0,True,OK,True,,,,,18.700698739041766,OK_REPLICA_ROLLING_MEDIAN_BASIS,AVIX_CLEAN_MINUS_PRIOR_252D_MEDIAN_AVIX_QVIX_SPREAD,,,50.0,,,,,,,50.0,,,,,,,,,,,,,,,,,,,,,,50.0,,,,True,True,False,False,False,False,OK,,,,,50.0,54.9,CAUTION,警戒,WARN_BREADTH_MISSING,62.0,62.0,100.0,REALIZED_VOL|DRAWDOWN|BREADTH|TURNOVER
2024-01-08,20.66963843154977,OK,72.11155378486056,100.0,98.4362894887116,60.0,19.17,OK,OPTBBS_PARSE_300INDEX_QVIX,,,,False,False,1.0,True,OK,True,,,,,21.94903706958567,OK_REPLICA_ROLLING_MEDIAN_BASIS,AVIX_CLEAN_MINUS_PRIOR_252D_MEDIAN_AVIX_QVIX_SPREAD,,,50.0,,,,,,,50.0,,,,,,,,,,,,,,,,,,,,,,50.0,,,,True,True,False,False,False,False,OK,,,,,50.0,68.3,HIGH_RISK,高风险,WARN_BREADTH_MISSING,62.0,62.0,100.0,REALIZED_VOL|DRAWDOWN|BREADTH|TURNOVER
2024-01-09,18.841660976151395,OK,58.16733067729084,76.53787623187053,70.50383084541863,30.0,19.74,OK,OPTBBS_PARSE_300INDEX_QVIX,,,,False,False,1.0,True,OK,True,,,,,20.121059614187295,OK_REPLICA_ROLLING_MEDIAN_BASIS,AVIX_CLEAN_MINUS_PRIOR_252D_MEDIAN_AVIX_QVIX_SPREAD,,,50.0,,,,,,,50.0,,,,,,,,,,,,,,,,,,,,,,50.0,,,,True,True,False,False,False,False,OK,,,,,50.0,55.2,CAUTION,警戒,WARN_BREADTH_MISSING,62.0,62.0,100.0,REALIZED_VOL|DRAWDOWN|BREADTH|TURNOVER
2024-01-10,19.070021351615885,OK,59.76095617529881,79.5564729744508,75.18647026617762,30.0,19.74,OK,OPTBBS_PARSE_300INDEX_QVIX,,,,False,False,1.0,True,OK,True,,,,,20.349419989651786,OK_REPLICA_ROLLING_MEDIAN_BASIS,AVIX_CLEAN_MINUS_PRIOR_252D_MEDIAN_AVIX_QVIX_SPREAD,,,50.0,,,,,,,50.0,,,,,,,,,,,,,,,,,,,,,,50.0,,,,True,True,False,False,False,False,OK,,,,,50.0,56.5,CAUTION,警戒,WARN_BREADTH_MISSING,62.0,62.0,100.0,REALIZED_VOL|DRAWDOWN|BREADTH|TURNOVER
2024-01-11,18.783770680378385,OK,57.171314741035864,75.55720146238698,67.60077270695568,30.0,19.62,OK,OPTBBS_PARSE_300INDEX_QVIX,,,,False,False,1.0,True,OK,True,,,,,20.063169318414285,OK_REPLICA_ROLLING_MEDIAN_BASIS,AVIX_CLEAN_MINUS_PRIOR_252D_MEDIAN_AVIX_QVIX_SPREAD,,,50.0,,,,,,,50.0,,,,,,,,,,,,,,,,,,,,,,50.0,,,,True,True,False,False,False,False,OK,,,,,50.0,54.6,CAUTION,警戒,WARN_BREADTH_MISSING,62.0,62.0,100.0,REALIZED_VOL|DRAWDOWN|BREADTH|TURNOVER
2024-01-12,18.63373417520593,OK,56.17529880478087,73.43994228768503,63.918985003077466,100.0,19.44,OK,OPTBBS_PARSE_300INDEX_QVIX,,,,False,False,1.0,True,OK,True,,,,,19.91313281324183,OK_REPLICA_ROLLING_MEDIAN_BASIS,AVIX_CLEAN_MINUS_PRIOR_252D_MEDIAN_AVIX_QVIX_SPREAD,,,50.0,,,,,,,50.0,,,,,,,,,,,,,,,,,,,,,,50.0,,,,True,True,False,False,False,False,OK,,,,,50.0,62.1,HIGH_RISK,高风险,WARN_BREADTH_MISSING,62.0,62.0,100.0,REALIZED_VOL|DRAWDOWN|BREADTH|TURNOVER
2024-01-15,17.656211045016267,WARN_NOT_BRACKET_30D,45.0199203187251,60.114975259798854,20.84199226306871,100.0,18.69,OK,OPTBBS_PARSE_300INDEX_QVIX,,,,False,False,1.0,True,OK,True,,,,,18.935609683052167,OK_REPLICA_ROLLING_MEDIAN_BASIS,AVIX_CLEAN_MINUS_PRIOR_252D_MEDIAN_AVIX_QVIX_SPREAD,,,50.0,,,,,,,50.0,,,,,,,,,,,,,,,,,,,,,,50.0,,,,True,True,False,False,False,False,OK,,,,,50.0,53.7,CAUTION,警戒,WARN_BREADTH_MISSING|WARN_NOT_BRACKET_30D,62.0,62.0,100.0,REALIZED_VOL|DRAWDOWN|BREADTH|TURNOVER
2024-01-16,17.72776334330654,WARN_NOT_BRACKET_30D,45.41832669322709,61.07536208831305,38.17622677475452,30.0,18.65,OK,OPTBBS_PARSE_300INDEX_QVIX,,,,False,False,1.0,True,OK,True,,,,,19.00716198134244,OK_REPLICA_ROLLING_MEDIAN_BASIS,AVIX_CLEAN_MINUS_PRIOR_252D_MEDIAN_AVIX_QVIX_SPREAD,,,50.0,,,,,,,50.0,,,,,,,,,,,,,,,,,,,,,,50.0,,,,True,True,False,False,False,False,OK,,,,,50.0,46.9,CAUTION,警戒,WARN_BREADTH_MISSING|WARN_NOT_BRACKET_30D,62.0,62.0,100.0,REALIZED_VOL|DRAWDOWN|BREADTH|TURNOVER
2024-01-17,20.26752208539709,WARN_NOT_BRACKET_30D,69.32270916334662,95.00096399290733,62.55898681707279,100.0,20.93,OK,OPTBBS_PARSE_300INDEX_QVIX,,,,False,False,1.0,True,OK,True,,,,,21.54692072343299,OK_REPLICA_ROLLING_MEDIAN_BASIS,AVIX_CLEAN_MINUS_PRIOR_252D_MEDIAN_AVIX_QVIX_SPREAD,,,50.0,,,,,,,50.0,,,,,,,,,,,,,,,,,,,,,,50.0,,,,True,True,False,False,False,False,OK,,,,,50.0,68.7,HIGH_RISK,高风险,WARN_BREADTH_MISSING|WARN_NOT_BRACKET_30D,62.0,62.0,100.0,REALIZED_VOL|DRAWDOWN|BREADTH|TURNOVER
2024-01-18,20.74842442927521,WARN_NOT_BRACKET_30D,72.50996015936255,100.0,70.9186300485356,60.0,20.78,OK,OPTBBS_PARSE_300INDEX_QVIX,,,,False,False,1.0,True,OK,True,,,,,22.02782306731111,OK_REPLICA_ROLLING_MEDIAN_BASIS,AVIX_CLEAN_MINUS_PRIOR_252D_MEDIAN_AVIX_QVIX_SPREAD,,,50.0,,,,,,,50.0,,,,,,,,,,,,,,,,,,,,,,50.0,,,,True,True,False,False,False,False,OK,,,,,50.0,66.2,HIGH_RISK,高风险,WARN_BREADTH_MISSING|WARN_NOT_BRACKET_30D,62.0,62.0,100.0,REALIZED_VOL|DRAWDOWN|BREADTH|TURNOVER
2024-01-19,19.04393852272901,WARN_NOT_BRACKET_30D,58.76494023904383,77.76875009173739,54.40281420423929,100.0,19.48,OK,OPTBBS_PARSE_300INDEX_QVIX,,,,False,False,1.0,True,OK,True,,,,,20.32333716076491,OK_REPLICA_ROLLING_MEDIAN_BASIS,AVIX_CLEAN_MINUS_PRIOR_252D_MEDIAN_AVIX_QVIX_SPREAD,,,50.0,,,,,,,50.0,,,,,,,,,,,,,,,,,,,,,,50.0,,,,True,True,False,False,False,False,OK,,,,,50.0,62.7,HIGH_RISK,高风险,WARN_BREADTH_MISSING|WARN_NOT_BRACKET_30D,62.0,62.0,100.0,REALIZED_VOL|DRAWDOWN|BREADTH|TURNOVER
2024-01-22,22.377751084161066,OK,85.0597609561753,100.0,100.0,30.0,19.48,OK,OPTBBS_PARSE_300INDEX_QVIX,,,,False,False,1.0,True,OK,True,,,,,23.650863638021384,OK_REPLICA_ROLLING_MEDIAN_BASIS,AVIX_CLEAN_MINUS_PRIOR_252D_MEDIAN_AVIX_QVIX_SPREAD,,,50.0,,,,,,,50.0,,,,,,,,,,,,,,,,,,,,,,50.0,,,,True,True,False,False,False,False,OK,,,,,50.0,68.4,HIGH_RISK,高风险,WARN_BREADTH_MISSING,62.0,62.0,100.0,REALIZED_VOL|DRAWDOWN|BREADTH|TURNOVER
2024-01-23,20.9154595557627,OK,73.30677290836654,100.0,85.96275684331873,30.0,21.21,OK,OPTBBS_PARSE_300INDEX_QVIX,,,,False,False,1.0,True,OK,True,,,,,22.188572109623017,OK_REPLICA_ROLLING_MEDIAN_BASIS,AVIX_CLEAN_MINUS_PRIOR_252D_MEDIAN_AVIX_QVIX_SPREAD,,,50.0,,,,,,,50.0,,,,,,,,,,,,,,,,,,,,,,50.0,,,,True,True,False,False,False,False,OK,,,,,50.0,64.0,HIGH_RISK,高风险,WARN_BREADTH_MISSING,62.0,62.0,100.0,REALIZED_VOL|DRAWDOWN|BREADTH|TURNOVER
2024-01-24,19.64014433083878,OK,63.94422310756972,83.82384916870052,43.809033468276404,30.0,20.3,OK,OPTBBS_PARSE_300INDEX_QVIX,,,,False,False,1.0,True,OK,True,,,,,20.901399685245405,OK_REPLICA_ROLLING_MEDIAN_BASIS,AVIX_CLEAN_MINUS_PRIOR_252D_MEDIAN_AVIX_QVIX_SPREAD,,,50.0,,,,,,,50.0,,,,,,,,,,,,,,,,,,,,,,50.0,,,,True,True,False,False,False,False,OK,,,,,50.0,55.7,CAUTION,警戒,WARN_BREADTH_MISSING,62.0,62.0,100.0,REALIZED_VOL|DRAWDOWN|BREADTH|TURNOVER
2024-01-25,18.47757771251213,OK,54.18326693227091,68.96068073896619,28.110658720100147,30.0,18.98,OK,OPTBBS_PARSE_300INDEX_QVIX,,,,False,False,1.0,True,OK,True,,,,,19.727324467141493,OK_REPLICA_ROLLING_MEDIAN_BASIS,AVIX_CLEAN_MINUS_PRIOR_252D_MEDIAN_AVIX_QVIX_SPREAD,,,50.0,,,,,,,50.0,,,,,,,,,,,,,,,,,,,,,,50.0,,,,True,True,False,False,False,False,OK,,,,,50.0,49.7,CAUTION,警戒,WARN_BREADTH_MISSING,62.0,62.0,100.0,REALIZED_VOL|DRAWDOWN|BREADTH|TURNOVER
2024-01-26,18.044078281271613,OK,48.9065606361829,63.39050591185218,39.499438466848005,30.0,18.68,OK,OPTBBS_PARSE_300INDEX_QVIX,,,,False,False,1.0,True,OK,True,,,,,19.29128965354019,OK_REPLICA_ROLLING_MEDIAN_BASIS,AVIX_CLEAN_MINUS_PRIOR_252D_MEDIAN_AVIX_QVIX_SPREAD,,,50.0,,,,,,,50.0,,,,,,,,,,,,,,,,,,,,,,50.0,,,,True,True,False,False,False,False,OK,,,,,50.0,48.3,CAUTION,警戒,WARN_BREADTH_MISSING,62.0,62.0,100.0,REALIZED_VOL|DRAWDOWN|BREADTH|TURNOVER
2024-01-29,19.598536797956744,OK,63.22067594433399,82.95222357613153,25.16091518086958,30.0,20.04,OK,OPTBBS_PARSE_300INDEX_QVIX,,,,False,False,1.0,True,OK,True,,,,,20.840771736930503,OK_REPLICA_ROLLING_MEDIAN_BASIS,AVIX_CLEAN_MINUS_PRIOR_252D_MEDIAN_AVIX_QVIX_SPREAD,,,50.0,,,,,,,50.0,,,,,,,,,,,,,,,,,,,,,,50.0,,,,True,True,False,False,False,False,OK,,,,,50.0,53.9,CAUTION,警戒,WARN_BREADTH_MISSING,62.0,62.0,100.0,REALIZED_VOL|DRAWDOWN|BREADTH|TURNOVER
2024-01-30,20.7118605757598,OK,71.76938369781311,96.59642621680209,48.05312448947075,30.0,21.19,OK,OPTBBS_PARSE_300INDEX_QVIX,,,,False,False,1.0,True,OK,True,,,,,21.95409551473356,OK_REPLICA_ROLLING_MEDIAN_BASIS,AVIX_CLEAN_MINUS_PRIOR_252D_MEDIAN_AVIX_QVIX_SPREAD,,,50.0,,,,,,,50.0,,,,,,,,,,,,,,,,,,,,,,50.0,,,,True,True,False,False,False,False,OK,,,,,50.0,60.1,HIGH_RISK,高风险,WARN_BREADTH_MISSING,62.0,62.0,100.0,REALIZED_VOL|DRAWDOWN|BREADTH|TURNOVER
2024-01-31,22.482423473984543,OK,86.87872763419483,100.0,78.9435667606866,30.0,22.32,OK,OPTBBS_PARSE_300INDEX_QVIX,,,,False,False,1.0,True,OK,True,,,,,23.724658412958302,OK_REPLICA_ROLLING_MEDIAN_BASIS,AVIX_CLEAN_MINUS_PRIOR_252D_MEDIAN_AVIX_QVIX_SPREAD,,,50.0,,,,,,,50.0,,,,,,,,,,,,,,,,,,,,,,50.0,,,,True,True,False,False,False,False,OK,,,,,50.0,67.2,HIGH_RISK,高风险,WARN_BREADTH_MISSING,62.0,62.0,100.0,REALIZED_VOL|DRAWDOWN|BREADTH|TURNOVER
2024-02-01,22.357875526557848,OK,84.69184890656064,100.0,92.00007029512496,30.0,22.29,OK,OPTBBS_PARSE_300INDEX_QVIX,,,,False,False,1.0,True,OK,True,,,,,23.600110465531607,OK_REPLICA_ROLLING_MEDIAN_BASIS,AVIX_CLEAN_MINUS_PRIOR_252D_MEDIAN_AVIX_QVIX_SPREAD,,,50.0,,,,,,,50.0,,,,,,,,,,,,,,,,,,,,,,50.0,,,,True,True,False,False,False,False,OK,,,,,50.0,67.7,HIGH_RISK,高风险,WARN_BREADTH_MISSING,62.0,62.0,100.0,REALIZED_VOL|DRAWDOWN|BREADTH|TURNOVER
2024-02-02,23.967292730697416,OK,95.02982107355865,100.0,100.0,30.0,23.14,OK,OPTBBS_PARSE_300INDEX_QVIX,,,,False,False,1.0,True,OK,True,,,,,25.209527669671175,OK_REPLICA_ROLLING_MEDIAN_BASIS,AVIX_CLEAN_MINUS_PRIOR_252D_MEDIAN_AVIX_QVIX_SPREAD,,,50.0,,,,,,,50.0,,,,,,,,,,,,,,,,,,,,,,50.0,,,,True,True,False,False,False,False,OK,,,,,50.0,71.2,HIGH_RISK,高风险,WARN_BREADTH_MISSING,62.0,62.0,100.0,REALIZED_VOL|DRAWDOWN|BREADTH|TURNOVER
2024-02-05,27.22987568402288,OK,99.00596421471172,100.0,100.0,30.0,24.2,OK,OPTBBS_PARSE_300INDEX_QVIX,,,,False,False,1.0,True,OK,True,,,,,28.472110622996638,OK_REPLICA_ROLLING_MEDIAN_BASIS,AVIX_CLEAN_MINUS_PRIOR_252D_MEDIAN_AVIX_QVIX_SPREAD,,,50.0,,,,,,,50.0,,,,,,,,,,,,,,,,,,,,,,50.0,,,,True,True,False,False,False,False,OK,,,,,50.0,72.3,HIGH_RISK,高风险,WARN_BREADTH_MISSING,62.0,62.0,100.0,REALIZED_VOL|DRAWDOWN|BREADTH|TURNOVER
2024-02-06,22.767856835511573,OK,87.47514910536779,100.0,69.85332271073719,30.0,23.81,OK,OPTBBS_PARSE_300INDEX_QVIX,,,,False,False,1.0,True,OK,True,,,,,24.00485471740805,OK_REPLICA_ROLLING_MEDIAN_BASIS,AVIX_CLEAN_MINUS_PRIOR_252D_MEDIAN_AVIX_QVIX_SPREAD,,,50.0,,,,,,,50.0,,,,,,,,,,,,,,,,,,,,,,50.0,,,,True,True,False,False,False,False,OK,,,,,50.0,66.7,HIGH_RISK,高风险,WARN_BREADTH_MISSING,62.0,62.0,100.0,REALIZED_VOL|DRAWDOWN|BREADTH|TURNOVER
2024-02-07,22.33689928413417,OK,83.49900596421472,100.0,48.70544036305724,30.0,21.67,OK,OPTBBS_PARSE_300INDEX_QVIX,,,,False,False,1.0,True,OK,True,,,,,23.56810681205761,OK_REPLICA_ROLLING_MEDIAN_BASIS,AVIX_CLEAN_MINUS_PRIOR_252D_MEDIAN_AVIX_QVIX_SPREAD,,,50.0,,,,,,,50.0,,,,,,,,,,,,,,,,,,,,,,50.0,,,,True,True,False,False,False,False,OK,,,,,50.0,63.9,HIGH_RISK,高风险,WARN_BREADTH_MISSING,62.0,62.0,100.0,REALIZED_VOL|DRAWDOWN|BREADTH|TURNOVER
2024-02-08,21.672599505036064,OK,77.9324055666004,98.17930245301449,43.86993616000969,30.0,21.08,OK,OPTBBS_PARSE_300INDEX_QVIX,,,,False,False,1.0,True,OK,True,,,,,22.901765662802383,OK_REPLICA_ROLLING_MEDIAN_BASIS,AVIX_CLEAN_MINUS_PRIOR_252D_MEDIAN_AVIX_QVIX_SPREAD,,,50.0,,,,,,,50.0,,,,,,,,,,,,,,,,,,,,,,50.0,,,,True,True,False,False,False,False,OK,,,,,50.0,61.7,HIGH_RISK,高风险,WARN_BREADTH_MISSING,62.0,62.0,100.0,REALIZED_VOL|DRAWDOWN|BREADTH|TURNOVER
2024-02-19,21.56589223046868,OK,76.73956262425448,96.53899091985409,29.96101998493128,30.0,21.49,OK,OPTBBS_PARSE_300INDEX_QVIX,,,,False,False,1.0,True,OK,True,,,,,22.783185486127717,OK_REPLICA_ROLLING_MEDIAN_BASIS,AVIX_CLEAN_MINUS_PRIOR_252D_MEDIAN_AVIX_QVIX_SPREAD,,,50.0,,,,,,,50.0,,,,,,,,,,,,,,,,,,,,,,50.0,,,,True,True,False,False,False,False,OK,,,,,50.0,60.0,HIGH_RISK,高风险,WARN_BREADTH_MISSING,62.0,62.0,100.0,REALIZED_VOL|DRAWDOWN|BREADTH|TURNOVER
2024-02-20,19.6017051158422,OK,61.63021868787276,75.94375965461653,0.0,30.0,19.72,OK,OPTBBS_PARSE_300INDEX_QVIX,,,,False,False,1.0,True,OK,True,,,,,20.816274736204104,OK_REPLICA_ROLLING_MEDIAN_BASIS,AVIX_CLEAN_MINUS_PRIOR_252D_MEDIAN_AVIX_QVIX_SPREAD,,,50.0,,,,,,,50.0,,,,,,,,,,,,,,,,,,,,,,50.0,,,,True,True,False,False,False,False,OK,,,,,50.0,50.5,CAUTION,警戒,WARN_BREADTH_MISSING,62.0,62.0,100.0,REALIZED_VOL|DRAWDOWN|BREADTH|TURNOVER
2024-02-21,19.065671153387225,OK,56.461232604373755,70.3166104541261,17.47883905919541,30.0,19.43,OK,OPTBBS_PARSE_300INDEX_QVIX,,,,False,False,1.0,True,OK,True,,,,,20.280240773749128,OK_REPLICA_ROLLING_MEDIAN_BASIS,AVIX_CLEAN_MINUS_PRIOR_252D_MEDIAN_AVIX_QVIX_SPREAD,,,50.0,,,,,,,50.0,,,,,,,,,,,,,,,,,,,,,,50.0,,,,True,True,False,False,False,False,OK,,,,,50.0,49.7,CAUTION,警戒,WARN_BREADTH_MISSING,62.0,62.0,100.0,REALIZED_VOL|DRAWDOWN|BREADTH|TURNOVER
2024-02-22,19.866098312907628,OK,64.41351888667992,78.52265716224186,27.876956512208984,30.0,20.3,OK,OPTBBS_PARSE_300INDEX_QVIX,,,,False,False,1.0,True,OK,True,,,,,21.0760622593639,OK_REPLICA_ROLLING_MEDIAN_BASIS,AVIX_CLEAN_MINUS_PRIOR_252D_MEDIAN_AVIX_QVIX_SPREAD,,,50.0,,,,,,,50.0,,,,,,,,,,,,,,,,,,,,,,50.0,,,,True,True,False,False,False,False,OK,,,,,50.0,53.9,CAUTION,警戒,WARN_BREADTH_MISSING,62.0,62.0,100.0,REALIZED_VOL|DRAWDOWN|BREADTH|TURNOVER
2024-02-23,20.088421955783044,OK,66.6003976143141,80.61316734167002,35.38082569296863,30.0,20.54,OK,OPTBBS_PARSE_300INDEX_QVIX,,,,False,False,1.0,True,OK,True,,,,,21.295958062374112,OK_REPLICA_ROLLING_MEDIAN_BASIS,AVIX_CLEAN_MINUS_PRIOR_252D_MEDIAN_AVIX_QVIX_SPREAD,,,50.0,,,,,,,50.0,,,,,,,,,,,,,,,,,,,,,,50.0,,,,True,True,False,False,False,False,OK,,,,,50.0,55.4,CAUTION,警戒,WARN_BREADTH_MISSING,62.0,62.0,100.0,REALIZED_VOL|DRAWDOWN|BREADTH|TURNOVER
2024-02-26,20.246636826948787,OK,66.79920477137176,81.97942161231823,37.76535290614107,30.0,20.79,OK,OPTBBS_PARSE_300INDEX_QVIX,,,,False,False,1.0,True,OK,True,,,,,21.43597354535415,OK_REPLICA_ROLLING_MEDIAN_BASIS,AVIX_CLEAN_MINUS_PRIOR_252D_MEDIAN_AVIX_QVIX_SPREAD,,,50.0,,,,,,,50.0,,,,,,,,,,,,,,,,,,,,,,50.0,,,,True,True,False,False,False,False,OK,,,,,50.0,55.8,CAUTION,警戒,WARN_BREADTH_MISSING,62.0,62.0,100.0,REALIZED_VOL|DRAWDOWN|BREADTH|TURNOVER
2024-02-27,20.24856131090046,OK,66.79920477137176,81.75994156791239,56.59999924736616,30.0,20.9,OK,OPTBBS_PARSE_300INDEX_QVIX,,,,False,False,1.0,True,OK,True,,,,,21.43738470873842,OK_REPLICA_ROLLING_MEDIAN_BASIS,AVIX_CLEAN_MINUS_PRIOR_252D_MEDIAN_AVIX_QVIX_SPREAD,,,50.0,,,,,,,50.0,,,,,,,,,,,,,,,,,,,,,,50.0,,,,True,True,False,False,False,False,OK,,,,,50.0,57.3,CAUTION,警戒,WARN_BREADTH_MISSING,62.0,62.0,100.0,REALIZED_VOL|DRAWDOWN|BREADTH|TURNOVER
2024-02-28,20.05521770727483,OK,65.8051689860835,79.56704900649416,60.38040094079564,30.0,20.61,OK,OPTBBS_PARSE_300INDEX_QVIX,,,,False,False,1.0,True,OK,True,,,,,21.244041105112792,OK_REPLICA_ROLLING_MEDIAN_BASIS,AVIX_CLEAN_MINUS_PRIOR_252D_MEDIAN_AVIX_QVIX_SPREAD,,,50.0,,,,,,,50.0,,,,,,,,,,,,,,,,,,,,,,50.0,,,,True,True,False,False,False,False,OK,,,,,50.0,57.0,CAUTION,警戒,WARN_BREADTH_MISSING,62.0,62.0,100.0,REALIZED_VOL|DRAWDOWN|BREADTH|TURNOVER
2024-02-29,19.954467562460923,OK,64.81113320079523,78.32615549072823,50.88964876908797,30.0,20.78,OK,OPTBBS_PARSE_300INDEX_QVIX,,,,False,False,1.0,True,OK,True,,,,,21.143290960298884,OK_REPLICA_ROLLING_MEDIAN_BASIS,AVIX_CLEAN_MINUS_PRIOR_252D_MEDIAN_AVIX_QVIX_SPREAD,,,50.0,,,,,,,50.0,,,,,,,,,,,,,,,,,,,,,,50.0,,,,True,True,False,False,False,False,OK,,,,,50.0,55.8,CAUTION,警戒,WARN_BREADTH_MISSING,62.0,62.0,100.0,REALIZED_VOL|DRAWDOWN|BREADTH|TURNOVER
2024-03-01,19.91213570901162,OK,64.41351888667992,77.73545821770128,48.24489701421592,30.0,20.77,OK,OPTBBS_PARSE_300INDEX_QVIX,,,,False,False,1.0,True,OK,True,,,,,21.10095910684958,OK_REPLICA_ROLLING_MEDIAN_BASIS,AVIX_CLEAN_MINUS_PRIOR_252D_MEDIAN_AVIX_QVIX_SPREAD,,,50.0,,,,,,,50.0,,,,,,,,,,,,,,,,,,,,,,50.0,,,,True,True,False,False,False,False,OK,,,,,50.0,55.4,CAUTION,警戒,WARN_BREADTH_MISSING,62.0,62.0,100.0,REALIZED_VOL|DRAWDOWN|BREADTH|TURNOVER
2024-03-04,20.19795837139397,OK,66.6003976143141,80.4281199664426,49.519145268709266,30.0,21.14,OK,OPTBBS_PARSE_300INDEX_QVIX,,,,False,False,1.0,True,OK,True,,,,,21.38678176923193,OK_REPLICA_ROLLING_MEDIAN_BASIS,AVIX_CLEAN_MINUS_PRIOR_252D_MEDIAN_AVIX_QVIX_SPREAD,,,50.0,,,,,,,50.0,,,,,,,,,,,,,,,,,,,,,,50.0,,,,True,True,False,False,False,False,OK,,,,,50.0,56.5,CAUTION,警戒,WARN_BREADTH_MISSING,62.0,62.0,100.0,REALIZED_VOL|DRAWDOWN|BREADTH|TURNOVER
2024-03-05,19.10568091590495,OK,56.2624254473161,69.29079492754997,38.71149038741575,30.0,20.55,OK,OPTBBS_PARSE_300INDEX_QVIX,,,,False,False,1.0,True,OK,True,,,,,20.294504313742912,OK_REPLICA_ROLLING_MEDIAN_BASIS,AVIX_CLEAN_MINUS_PRIOR_252D_MEDIAN_AVIX_QVIX_SPREAD,,,50.0,,,,,,,50.0,,,,,,,,,,,,,,,,,,,,,,50.0,,,,True,True,False,False,False,False,OK,,,,,50.0,51.2,CAUTION,警戒,WARN_BREADTH_MISSING,62.0,62.0,100.0,REALIZED_VOL|DRAWDOWN|BREADTH|TURNOVER
2024-03-06,18.215506273985724,OK,48.70775347912525,60.279798908649646,31.653538145120507,30.0,19.7,OK,OPTBBS_PARSE_300INDEX_QVIX,,,,False,False,1.0,True,OK,True,,,,,19.404842992391085,OK_REPLICA_ROLLING_MEDIAN_BASIS,AVIX_CLEAN_MINUS_PRIOR_252D_MEDIAN_AVIX_QVIX_SPREAD,,,50.0,,,,,,,50.0,,,,,,,,,,,,,,,,,,,,,,50.0,,,,True,True,False,False,False,False,OK,,,,,50.0,47.2,CAUTION,警戒,WARN_BREADTH_MISSING,62.0,62.0,100.0,REALIZED_VOL|DRAWDOWN|BREADTH|TURNOVER
2024-03-07,17.48883511652647,OK,38.36978131212724,52.94498634211742,25.287414327477297,30.0,19.06,OK,OPTBBS_PARSE_300INDEX_QVIX,,,,False,False,1.0,True,OK,True,,,,,18.696371223117538,OK_REPLICA_ROLLING_MEDIAN_BASIS,AVIX_CLEAN_MINUS_PRIOR_252D_MEDIAN_AVIX_QVIX_SPREAD,,,50.0,,,,,,,50.0,,,,,,,,,,,,,,,,,,,,,,50.0,,,,True,True,False,False,False,False,OK,,,,,50.0,42.8,CAUTION,警戒,WARN_BREADTH_MISSING,62.0,62.0,100.0,REALIZED_VOL|DRAWDOWN|BREADTH|TURNOVER
2024-03-08,17.041468385639348,OK,31.411530815109344,48.437225792512415,21.166655698583913,30.0,18.81,OK,OPTBBS_PARSE_300INDEX_QVIX,,,,False,False,1.0,True,OK,True,,,,,18.25143233209562,OK_REPLICA_ROLLING_MEDIAN_BASIS,AVIX_CLEAN_MINUS_PRIOR_252D_MEDIAN_AVIX_QVIX_SPREAD,,,50.0,,,,,,,50.0,,,,,,,,,,,,,,,,,,,,,,50.0,,,,True,True,False,False,False,False,OK,,,,,50.0,39.9,NORMAL,正常,WARN_BREADTH_MISSING,62.0,62.0,100.0,REALIZED_VOL|DRAWDOWN|BREADTH|TURNOVER
2024-03-11,16.960984454874012,WARN_NOT_BRACKET_30D,30.019880715705767,47.647843276799506,17.947513733819463,30.0,19.46,OK,OPTBBS_PARSE_300INDEX_QVIX,,,,False,False,1.0,True,OK,True,,,,,18.175554075235915,OK_REPLICA_ROLLING_MEDIAN_BASIS,AVIX_CLEAN_MINUS_PRIOR_252D_MEDIAN_AVIX_QVIX_SPREAD,,,50.0,,,,,,,50.0,,,,,,,,,,,,,,,,,,,,,,50.0,,,,True,True,False,False,False,False,OK,,,,,50.0,39.1,NORMAL,正常,WARN_BREADTH_MISSING|WARN_NOT_BRACKET_30D,62.0,62.0,100.0,REALIZED_VOL|DRAWDOWN|BREADTH|TURNOVER
2024-03-12,17.06008416366578,WARN_NOT_BRACKET_30D,31.809145129224653,48.69667773688108,28.586507738268917,30.0,19.64,OK,OPTBBS_PARSE_300INDEX_QVIX,,,,False,False,1.0,True,OK,True,,,,,18.277377419324818,OK_REPLICA_ROLLING_MEDIAN_BASIS,AVIX_CLEAN_MINUS_PRIOR_252D_MEDIAN_AVIX_QVIX_SPREAD,,,50.0,,,,,,,50.0,,,,,,,,,,,,,,,,,,,,,,50.0,,,,True,True,False,False,False,False,OK,,,,,50.0,40.6,CAUTION,警戒,WARN_BREADTH_MISSING|WARN_NOT_BRACKET_30D,62.0,62.0,100.0,REALIZED_VOL|DRAWDOWN|BREADTH|TURNOVER
2024-03-13,17.139131069964535,WARN_NOT_BRACKET_30D,33.00198807157058,49.50740678318916,38.18177010475516,30.0,19.64,OK,OPTBBS_PARSE_300INDEX_QVIX,,,,False,False,1.0,True,OK,True,,,,,18.368297227730853,OK_REPLICA_ROLLING_MEDIAN_BASIS,AVIX_CLEAN_MINUS_PRIOR_252D_MEDIAN_AVIX_QVIX_SPREAD,,,50.0,,,,,,,50.0,,,,,,,,,,,,,,,,,,,,,,50.0,,,,True,True,False,False,False,False,OK,,,,,50.0,41.8,CAUTION,警戒,WARN_BREADTH_MISSING|WARN_NOT_BRACKET_30D,62.0,62.0,100.0,REALIZED_VOL|DRAWDOWN|BREADTH|TURNOVER
2024-03-14,16.80582880406969,WARN_NOT_BRACKET_30D,28.031809145129227,46.15371655764156,42.1892303528969,30.0,17.2,OK,OPTBBS_PARSE_300INDEX_QVIX,,,,False,False,1.0,True,OK,True,,,,,18.037036331993132,OK_REPLICA_ROLLING_MEDIAN_BASIS,AVIX_CLEAN_MINUS_PRIOR_252D_MEDIAN_AVIX_QVIX_SPREAD,,,50.0,,,,,,,50.0,,,,,,,,,,,,,,,,,,,,,,50.0,,,,True,True,False,False,False,False,OK,,,,,50.0,40.3,CAUTION,警戒,WARN_BREADTH_MISSING|WARN_NOT_BRACKET_30D,62.0,62.0,100.0,REALIZED_VOL|DRAWDOWN|BREADTH|TURNOVER
2024-03-15,16.34111687882292,WARN_NOT_BRACKET_30D,19.880715705765407,41.4903420992745,41.78062017934316,30.0,17.06,OK,OPTBBS_PARSE_300INDEX_QVIX,,,,False,False,1.0,True,OK,True,,,,,17.57232440674636,OK_REPLICA_ROLLING_MEDIAN_BASIS,AVIX_CLEAN_MINUS_PRIOR_252D_MEDIAN_AVIX_QVIX_SPREAD,,,50.0,,,,,,,50.0,,,,,,,,,,,,,,,,,,,,,,50.0,,,,True,True,False,False,False,False,OK,,,,,50.0,37.3,NORMAL,正常,WARN_BREADTH_MISSING|WARN_NOT_BRACKET_30D,62.0,62.0,100.0,REALIZED_VOL|DRAWDOWN|BREADTH|TURNOVER
2024-03-18,16.18730028191914,WARN_NOT_BRACKET_30D,17.495029821073558,39.976767040218675,40.87689544184987,30.0,17.83,OK,OPTBBS_PARSE_300INDEX_QVIX,,,,False,False,1.0,True,OK,True,,,,,17.41850780984258,OK_REPLICA_ROLLING_MEDIAN_BASIS,AVIX_CLEAN_MINUS_PRIOR_252D_MEDIAN_AVIX_QVIX_SPREAD,,,50.0,,,,,,,50.0,,,,,,,,,,,,,,,,,,,,,,50.0,,,,True,True,False,False,False,False,OK,,,,,50.0,36.4,NORMAL,正常,WARN_BREADTH_MISSING|WARN_NOT_BRACKET_30D,62.0,62.0,100.0,REALIZED_VOL|DRAWDOWN|BREADTH|TURNOVER
2024-03-19,16.201985479512064,WARN_NOT_BRACKET_30D,17.495029821073558,40.16752874591466,39.94027607458963,30.0,17.51,OK,OPTBBS_PARSE_300INDEX_QVIX,,,,False,False,1.0,True,OK,True,,,,,17.438983361408543,OK_REPLICA_ROLLING_MEDIAN_BASIS,AVIX_CLEAN_MINUS_PRIOR_252D_MEDIAN_AVIX_QVIX_SPREAD,,,50.0,,,,,,,50.0,,,,,,,,,,,,,,,,,,,,,,50.0,,,,True,True,False,False,False,False,OK,,,,,50.0,36.3,NORMAL,正常,WARN_BREADTH_MISSING|WARN_NOT_BRACKET_30D,62.0,62.0,100.0,REALIZED_VOL|DRAWDOWN|BREADTH|TURNOVER
2024-03-20,16.112568144409526,OK,17.296222664015904,39.320471899366396,38.02082881139746,30.0,17.68,OK,OPTBBS_PARSE_300INDEX_QVIX,,,,False,False,1.0,True,OK,True,,,,,17.354803083383285,OK_REPLICA_ROLLING_MEDIAN_BASIS,AVIX_CLEAN_MINUS_PRIOR_252D_MEDIAN_AVIX_QVIX_SPREAD,,,50.0,,,,,,,50.0,,,,,,,,,,,,,,,,,,,,,,50.0,,,,True,True,False,False,False,False,OK,,,,,50.0,36.0,NORMAL,正常,WARN_BREADTH_MISSING,62.0,62.0,100.0,REALIZED_VOL|DRAWDOWN|BREADTH|TURNOVER
2024-03-21,16.218012602924368,OK,17.693836978131213,40.42889667945229,43.00461514872771,30.0,17.73,OK,OPTBBS_PARSE_300INDEX_QVIX,,,,False,False,1.0,True,OK,True,,,,,17.46522397519294,OK_REPLICA_ROLLING_MEDIAN_BASIS,AVIX_CLEAN_MINUS_PRIOR_252D_MEDIAN_AVIX_QVIX_SPREAD,,,50.0,,,,,,,50.0,,,,,,,,,,,,,,,,,,,,,,50.0,,,,True,True,False,False,False,False,OK,,,,,50.0,36.7,NORMAL,正常,WARN_BREADTH_MISSING,62.0,62.0,100.0,REALIZED_VOL|DRAWDOWN|BREADTH|TURNOVER
2024-03-22,16.926998753870194,OK,29.62226640159046,47.5911735831654,57.170646650309955,30.0,18.01,OK,OPTBBS_PARSE_300INDEX_QVIX,,,,False,False,1.0,True,OK,True,,,,,18.176745508499558,OK_REPLICA_ROLLING_MEDIAN_BASIS,AVIX_CLEAN_MINUS_PRIOR_252D_MEDIAN_AVIX_QVIX_SPREAD,,,50.0,,,,,,,50.0,,,,,,,,,,,,,,,,,,,,,,50.0,,,,True,True,False,False,False,False,OK,,,,,50.0,42.1,CAUTION,警戒,WARN_BREADTH_MISSING,62.0,62.0,100.0,REALIZED_VOL|DRAWDOWN|BREADTH|TURNOVER
2024-03-25,16.9332672430995,OK,29.82107355864811,47.67762827073333,59.21669392904994,30.0,17.96,OK,OPTBBS_PARSE_300INDEX_QVIX,,,,False,False,1.0,True,OK,True,,,,,18.183013997728864,OK_REPLICA_ROLLING_MEDIAN_BASIS,AVIX_CLEAN_MINUS_PRIOR_252D_MEDIAN_AVIX_QVIX_SPREAD,,,50.0,,,,,,,50.0,,,,,,,,,,,,,,,,,,,,,,50.0,,,,True,True,False,False,False,False,OK,,,,,50.0,42.4,CAUTION,警戒,WARN_BREADTH_MISSING,62.0,62.0,100.0,REALIZED_VOL|DRAWDOWN|BREADTH|TURNOVER
2024-03-26,16.334923941141856,OK,20.07952286282306,41.68212626687567,51.64101445218421,30.0,17.7,OK,OPTBBS_PARSE_300INDEX_QVIX,,,,False,False,1.0,True,OK,True,,,,,17.58467069577122,OK_REPLICA_ROLLING_MEDIAN_BASIS,AVIX_CLEAN_MINUS_PRIOR_252D_MEDIAN_AVIX_QVIX_SPREAD,,,50.0,,,,,,,50.0,,,,,,,,,,,,,,,,,,,,,,50.0,,,,True,True,False,False,False,False,OK,,,,,50.0,38.2,NORMAL,正常,WARN_BREADTH_MISSING,62.0,62.0,100.0,REALIZED_VOL|DRAWDOWN|BREADTH|TURNOVER
2024-03-27,17.008004243626683,OK,31.411530815109344,48.505854806820466,61.11475329310356,30.0,18.02,OK,OPTBBS_PARSE_300INDEX_QVIX,,,,False,False,1.0,True,OK,True,,,,,18.269259598033308,OK_REPLICA_ROLLING_MEDIAN_BASIS,AVIX_CLEAN_MINUS_PRIOR_252D_MEDIAN_AVIX_QVIX_SPREAD,,,50.0,,,,,,,50.0,,,,,,,,,,,,,,,,,,,,,,50.0,,,,True,True,False,False,False,False,OK,,,,,50.0,43.1,CAUTION,警戒,WARN_BREADTH_MISSING,62.0,62.0,100.0,REALIZED_VOL|DRAWDOWN|BREADTH|TURNOVER
2024-03-28,16.26036562835971,OK,19.08548707753479,40.986018291273524,50.52229612187755,30.0,17.54,OK,OPTBBS_PARSE_300INDEX_QVIX,,,,False,False,1.0,True,OK,True,,,,,17.521620982766336,OK_REPLICA_ROLLING_MEDIAN_BASIS,AVIX_CLEAN_MINUS_PRIOR_252D_MEDIAN_AVIX_QVIX_SPREAD,,,50.0,,,,,,,50.0,,,,,,,,,,,,,,,,,,,,,,50.0,,,,True,True,False,False,False,False,OK,,,,,50.0,37.7,NORMAL,正常,WARN_BREADTH_MISSING,62.0,62.0,100.0,REALIZED_VOL|DRAWDOWN|BREADTH|TURNOVER
2024-03-29,15.806816086213129,OK,14.314115308151093,36.493999747535,36.76454480861888,30.0,17.54,OK,OPTBBS_PARSE_300INDEX_QVIX,,,,False,False,1.0,True,OK,True,,,,,17.08621472424903,OK_REPLICA_ROLLING_MEDIAN_BASIS,AVIX_CLEAN_MINUS_PRIOR_252D_MEDIAN_AVIX_QVIX_SPREAD,,,50.0,,,,,,,50.0,,,,,,,,,,,,,,,,,,,,,,50.0,,,,True,True,False,False,False,False,OK,,,,,50.0,34.7,NORMAL,正常,WARN_BREADTH_MISSING,62.0,62.0,100.0,REALIZED_VOL|DRAWDOWN|BREADTH|TURNOVER
2024-04-01,15.461413734747348,OK,8.946322067594433,33.08432799682626,32.61583559484718,30.0,17.94,OK,OPTBBS_PARSE_300INDEX_QVIX,,,,False,False,1.0,True,OK,True,,,,,16.741048106387638,OK_REPLICA_ROLLING_MEDIAN_BASIS,AVIX_CLEAN_MINUS_PRIOR_252D_MEDIAN_AVIX_QVIX_SPREAD,,,50.0,,,,,,,50.0,,,,,,,,,,,,,,,,,,,,,,50.0,,,,True,True,False,False,False,False,OK,,,,,50.0,32.3,NORMAL,正常,WARN_BREADTH_MISSING,62.0,62.0,100.0,REALIZED_VOL|DRAWDOWN|BREADTH|TURNOVER
2024-04-02,15.593526995116363,OK,10.73558648111332,34.513776702424295,40.92255404803964,30.0,17.8,OK,OPTBBS_PARSE_300INDEX_QVIX,,,,False,False,1.0,True,OK,True,,,,,16.895570394824485,OK_REPLICA_ROLLING_MEDIAN_BASIS,AVIX_CLEAN_MINUS_PRIOR_252D_MEDIAN_AVIX_QVIX_SPREAD,,,50.0,,,,,,,50.0,,,,,,,,,,,,,,,,,,,,,,50.0,,,,True,True,False,False,False,False,OK,,,,,50.0,33.7,NORMAL,正常,WARN_BREADTH_MISSING,62.0,62.0,100.0,REALIZED_VOL|DRAWDOWN|BREADTH|TURNOVER
2024-04-03,15.377920499526734,OK,7.3558648111332,32.424980489156646,30.83156940990557,30.0,17.64,OK,OPTBBS_PARSE_300INDEX_QVIX,,,,False,False,1.0,True,OK,True,,,,,16.68593502001467,OK_REPLICA_ROLLING_MEDIAN_BASIS,AVIX_CLEAN_MINUS_PRIOR_252D_MEDIAN_AVIX_QVIX_SPREAD,,,50.0,,,,,,,50.0,,,,,,,,,,,,,,,,,,,,,,50.0,,,,True,True,False,False,False,False,OK,,,,,50.0,31.7,NORMAL,正常,WARN_BREADTH_MISSING,62.0,62.0,100.0,REALIZED_VOL|DRAWDOWN|BREADTH|TURNOVER
2024-04-08,16.122404517786293,OK,18.09145129224652,39.91675765715175,48.30309952769083,30.0,17.95,OK,OPTBBS_PARSE_300INDEX_QVIX,,,,False,False,1.0,True,OK,True,,,,,17.436715722021468,OK_REPLICA_ROLLING_MEDIAN_BASIS,AVIX_CLEAN_MINUS_PRIOR_252D_MEDIAN_AVIX_QVIX_SPREAD,,,50.0,,,,,,,50.0,,,,,,,,,,,,,,,,,,,,,,50.0,,,,True,True,False,False,False,False,OK,,,,,50.0,37.1,NORMAL,正常,WARN_BREADTH_MISSING,62.0,62.0,100.0,REALIZED_VOL|DRAWDOWN|BREADTH|TURNOVER
2024-04-09,15.934399242491192,OK,16.50099403578529,37.9989436060695,51.614280264693456,30.0,17.81,OK,OPTBBS_PARSE_300INDEX_QVIX,,,,False,False,1.0,True,OK,True,,,,,17.248710446726367,OK_REPLICA_ROLLING_MEDIAN_BASIS,AVIX_CLEAN_MINUS_PRIOR_252D_MEDIAN_AVIX_QVIX_SPREAD,,,50.0,,,,,,,50.0,,,,,,,,,,,,,,,,,,,,,,50.0,,,,True,True,False,False,False,False,OK,,,,,50.0,36.7,NORMAL,正常,WARN_BREADTH_MISSING,62.0,62.0,100.0,REALIZED_VOL|DRAWDOWN|BREADTH|TURNOVER
2024-04-10,15.374637528753077,OK,7.3558648111332,32.36065277435203,48.877512658506085,30.0,17.81,OK,OPTBBS_PARSE_300INDEX_QVIX,,,,False,False,1.0,True,OK,True,,,,,16.68894873298825,OK_REPLICA_ROLLING_MEDIAN_BASIS,AVIX_CLEAN_MINUS_PRIOR_252D_MEDIAN_AVIX_QVIX_SPREAD,,,50.0,,,,,,,50.0,,,,,,,,,,,,,,,,,,,,,,50.0,,,,True,True,False,False,False,False,OK,,,,,50.0,33.1,NORMAL,正常,WARN_BREADTH_MISSING,62.0,62.0,100.0,REALIZED_VOL|DRAWDOWN|BREADTH|TURNOVER
2024-04-11,14.957465071034202,OK,3.3797216699801194,28.230335472623345,41.84197488763939,30.0,16.73,OK,OPTBBS_PARSE_300INDEX_QVIX,,,,False,False,1.0,True,OK,True,,,,,16.27636404425013,OK_REPLICA_ROLLING_MEDIAN_BASIS,AVIX_CLEAN_MINUS_PRIOR_252D_MEDIAN_AVIX_QVIX_SPREAD,,,50.0,,,,,,,50.0,,,,,,,,,,,,,,,,,,,,,,50.0,,,,True,True,False,False,False,False,OK,,,,,50.0,30.8,NORMAL,正常,WARN_BREADTH_MISSING,62.0,62.0,100.0,REALIZED_VOL|DRAWDOWN|BREADTH|TURNOVER
2024-04-12,15.29690603948846,OK,7.3558648111332,31.66241215179324,48.946353506759685,30.0,14.49,OK,OPTBBS_PARSE_300INDEX_QVIX,,,,False,False,1.0,True,OK,True,,,,,16.61839571669093,OK_REPLICA_ROLLING_MEDIAN_BASIS,AVIX_CLEAN_MINUS_PRIOR_252D_MEDIAN_AVIX_QVIX_SPREAD,,,50.0,,,,,,,50.0,,,,,,,,,,,,,,,,,,,,,,50.0,,,,True,True,False,False,False,False,OK,,,,,50.0,33.0,NORMAL,正常,WARN_BREADTH_MISSING,62.0,62.0,100.0,REALIZED_VOL|DRAWDOWN|BREADTH|TURNOVER
2024-04-15,15.94124174301669,WARN_NOT_BRACKET_30D,17.296222664015904,38.1166039861505,47.7526581153606,30.0,16.36,OK,OPTBBS_PARSE_300INDEX_QVIX,,,,False,False,1.0,True,OK,True,,,,,17.26273142021916,OK_REPLICA_ROLLING_MEDIAN_BASIS,AVIX_CLEAN_MINUS_PRIOR_252D_MEDIAN_AVIX_QVIX_SPREAD,,,50.0,,,,,,,50.0,,,,,,,,,,,,,,,,,,,,,,50.0,,,,True,True,False,False,False,False,OK,,,,,50.0,36.6,NORMAL,正常,WARN_BREADTH_MISSING|WARN_NOT_BRACKET_30D,62.0,62.0,100.0,REALIZED_VOL|DRAWDOWN|BREADTH|TURNOVER
2024-04-16,17.321818580784896,WARN_NOT_BRACKET_30D,38.56858846918489,51.907076256271324,67.41414052930175,30.0,17.6,OK,OPTBBS_PARSE_300INDEX_QVIX,,,,False,False,1.0,True,OK,True,,,,,18.643308257987364,OK_REPLICA_ROLLING_MEDIAN_BASIS,AVIX_CLEAN_MINUS_PRIOR_252D_MEDIAN_AVIX_QVIX_SPREAD,,,50.0,,,,,,,50.0,,,,,,,,,,,,,,,,,,,,,,50.0,,,,True,True,False,False,False,False,OK,,,,,50.0,46.1,CAUTION,警戒,WARN_BREADTH_MISSING|WARN_NOT_BRACKET_30D,62.0,62.0,100.0,REALIZED_VOL|DRAWDOWN|BREADTH|TURNOVER
2024-04-17,16.179836834500723,OK,19.284294234592444,40.393904754108206,60.47438424797713,30.0,17.01,OK,OPTBBS_PARSE_300INDEX_QVIX,,,,False,False,1.0,True,OK,True,,,,,17.50132651170319,OK_REPLICA_ROLLING_MEDIAN_BASIS,AVIX_CLEAN_MINUS_PRIOR_252D_MEDIAN_AVIX_QVIX_SPREAD,,,50.0,,,,,,,50.0,,,,,,,,,,,,,,,,,,,,,,50.0,,,,True,True,False,False,False,False,OK,,,,,50.0,38.5,NORMAL,正常,WARN_BREADTH_MISSING,62.0,62.0,100.0,REALIZED_VOL|DRAWDOWN|BREADTH|TURNOVER
2024-04-18,16.21977063300781,OK,20.07952286282306,40.773647736279685,66.87860283783138,30.0,17.7,OK,OPTBBS_PARSE_300INDEX_QVIX,,,,False,False,1.0,True,OK,True,,,,,17.541260310210276,OK_REPLICA_ROLLING_MEDIAN_BASIS,AVIX_CLEAN_MINUS_PRIOR_252D_MEDIAN_AVIX_QVIX_SPREAD,,,50.0,,,,,,,50.0,,,,,,,,,,,,,,,,,,,,,,50.0,,,,True,True,False,False,False,False,OK,,,,,50.0,39.3,NORMAL,正常,WARN_BREADTH_MISSING,62.0,62.0,100.0,REALIZED_VOL|DRAWDOWN|BREADTH|TURNOVER
2024-04-19,16.711756581160827,OK,28.628230616302186,45.696037985847816,68.49851908640844,30.0,19.64,OK,OPTBBS_PARSE_300INDEX_QVIX,,,,False,False,1.0,True,OK,True,,,,,18.0332462583633,OK_REPLICA_ROLLING_MEDIAN_BASIS,AVIX_CLEAN_MINUS_PRIOR_252D_MEDIAN_AVIX_QVIX_SPREAD,,,50.0,,,,,,,50.0,,,,,,,,,,,,,,,,,,,,,,50.0,,,,True,True,False,False,False,False,OK,,,,,50.0,42.5,CAUTION,警戒,WARN_BREADTH_MISSING,62.0,62.0,100.0,REALIZED_VOL|DRAWDOWN|BREADTH|TURNOVER
2024-04-22,16.587653696586706,OK,25.646123260437374,44.43081153635393,58.109932262374556,30.0,17.44,OK,OPTBBS_PARSE_300INDEX_QVIX,,,,False,False,1.0,True,OK,True,,,,,17.909143373789178,OK_REPLICA_ROLLING_MEDIAN_BASIS,AVIX_CLEAN_MINUS_PRIOR_252D_MEDIAN_AVIX_QVIX_SPREAD,,,50.0,,,,,,,50.0,,,,,,,,,,,,,,,,,,,,,,50.0,,,,True,True,False,False,False,False,OK,,,,,50.0,40.7,CAUTION,警戒,WARN_BREADTH_MISSING,62.0,62.0,100.0,REALIZED_VOL|DRAWDOWN|BREADTH|TURNOVER
2024-04-23,16.41392103327516,OK,24.254473161033797,42.645463866214996,39.51729527387073,30.0,17.15,OK,OPTBBS_PARSE_300INDEX_QVIX,,,,False,False,1.0,True,OK,True,,,,,17.73282000649109,OK_REPLICA_ROLLING_MEDIAN_BASIS,AVIX_CLEAN_MINUS_PRIOR_252D_MEDIAN_AVIX_QVIX_SPREAD,,,50.0,,,,,,,50.0,,,,,,,,,,,,,,,,,,,,,,50.0,,,,True,True,False,False,False,False,OK,,,,,50.0,38.5,NORMAL,正常,WARN_BREADTH_MISSING,62.0,62.0,100.0,REALIZED_VOL|DRAWDOWN|BREADTH|TURNOVER
2024-04-24,16.229319436746497,OK,20.675944333996025,40.75871984203134,50.61165761746449,30.0,17.81,OK,OPTBBS_PARSE_300INDEX_QVIX,,,,False,False,1.0,True,OK,True,,,,,17.54363064098167,OK_REPLICA_ROLLING_MEDIAN_BASIS,AVIX_CLEAN_MINUS_PRIOR_252D_MEDIAN_AVIX_QVIX_SPREAD,,,50.0,,,,,,,50.0,,,,,,,,,,,,,,,,,,,,,,50.0,,,,True,True,False,False,False,False,OK,,,,,50.0,38.1,NORMAL,正常,WARN_BREADTH_MISSING,62.0,62.0,100.0,REALIZED_VOL|DRAWDOWN|BREADTH|TURNOVER
2024-04-25,15.370591521724904,OK,7.75347912524851,32.088652739258464,39.529086070369026,30.0,17.15,OK,OPTBBS_PARSE_300INDEX_QVIX,,,,False,False,1.0,True,OK,True,,,,,16.68490272596008,OK_REPLICA_ROLLING_MEDIAN_BASIS,AVIX_CLEAN_MINUS_PRIOR_252D_MEDIAN_AVIX_QVIX_SPREAD,,,50.0,,,,,,,50.0,,,,,,,,,,,,,,,,,,,,,,50.0,,,,True,True,False,False,False,False,OK,,,,,50.0,32.4,NORMAL,正常,WARN_BREADTH_MISSING,62.0,62.0,100.0,REALIZED_VOL|DRAWDOWN|BREADTH|TURNOVER
2024-04-26,15.382961201155467,OK,8.34990059642147,32.17659244463471,34.09747804125736,30.0,16.99,OK,OPTBBS_PARSE_300INDEX_QVIX,,,,False,False,1.0,True,OK,True,,,,,16.697272405390642,OK_REPLICA_ROLLING_MEDIAN_BASIS,AVIX_CLEAN_MINUS_PRIOR_252D_MEDIAN_AVIX_QVIX_SPREAD,,,50.0,,,,,,,50.0,,,,,,,,,,,,,,,,,,,,,,50.0,,,,True,True,False,False,False,False,OK,,,,,50.0,32.2,NORMAL,正常,WARN_BREADTH_MISSING,62.0,62.0,100.0,REALIZED_VOL|DRAWDOWN|BREADTH|TURNOVER
2024-04-29,17.157751979378094,OK,36.97813121272366,49.992568085253716,56.873766395408865,30.0,18.76,OK,OPTBBS_PARSE_300INDEX_QVIX,,,,False,False,1.0,True,OK,True,,,,,18.47206318361327,OK_REPLICA_ROLLING_MEDIAN_BASIS,AVIX_CLEAN_MINUS_PRIOR_252D_MEDIAN_AVIX_QVIX_SPREAD,,,50.0,,,,,,,50.0,,,,,,,,,,,,,,,,,,,,,,50.0,,,,True,True,False,False,False,False,OK,,,,,50.0,44.5,CAUTION,警戒,WARN_BREADTH_MISSING,62.0,62.0,100.0,REALIZED_VOL|DRAWDOWN|BREADTH|TURNOVER
2024-04-30,16.13530198298786,OK,19.681908548707753,39.50549334288749,46.60508845238782,30.0,17.96,OK,OPTBBS_PARSE_300INDEX_QVIX,,,,False,False,1.0,True,OK,True,,,,,17.449613187223033,OK_REPLICA_ROLLING_MEDIAN_BASIS,AVIX_CLEAN_MINUS_PRIOR_252D_MEDIAN_AVIX_QVIX_SPREAD,,,50.0,,,,,,,50.0,,,,,,,,,,,,,,,,,,,,,,50.0,,,,True,True,False,False,False,False,OK,,,,,50.0,37.4,NORMAL,正常,WARN_BREADTH_MISSING,62.0,62.0,100.0,REALIZED_VOL|DRAWDOWN|BREADTH|TURNOVER
2024-05-06,17.14445847456704,OK,37.17693836978131,49.69302613320251,61.27760213713556,30.0,19.52,OK,OPTBBS_PARSE_300INDEX_QVIX,,,,False,False,1.0,True,OK,True,,,,,18.458769678802213,OK_REPLICA_ROLLING_MEDIAN_BASIS,AVIX_CLEAN_MINUS_PRIOR_252D_MEDIAN_AVIX_QVIX_SPREAD,,,50.0,,,,,,,50.0,,,,,,,,,,,,,,,,,,,,,,50.0,,,,True,True,False,False,False,False,OK,,,,,50.0,44.9,CAUTION,警戒,WARN_BREADTH_MISSING,62.0,62.0,100.0,REALIZED_VOL|DRAWDOWN|BREADTH|TURNOVER
2024-05-07,17.008983121764132,OK,35.188866799204774,48.20829373888566,71.3185237240026,30.0,19.4,OK,OPTBBS_PARSE_300INDEX_QVIX,,,,False,False,1.0,True,OK,True,,,,,18.323294325999306,OK_REPLICA_ROLLING_MEDIAN_BASIS,AVIX_CLEAN_MINUS_PRIOR_252D_MEDIAN_AVIX_QVIX_SPREAD,,,50.0,,,,,,,50.0,,,,,,,,,,,,,,,,,,,,,,50.0,,,,True,True,False,False,False,False,OK,,,,,50.0,44.9,CAUTION,警戒,WARN_BREADTH_MISSING,62.0,62.0,100.0,REALIZED_VOL|DRAWDOWN|BREADTH|TURNOVER
2024-05-08,16.51076798746397,OK,25.844930417495032,42.98801205249964,64.66306482296518,30.0,19.02,OK,OPTBBS_PARSE_300INDEX_QVIX,,,,False,False,1.0,True,OK,True,,,,,17.825079191699146,OK_REPLICA_ROLLING_MEDIAN_BASIS,AVIX_CLEAN_MINUS_PRIOR_252D_MEDIAN_AVIX_QVIX_SPREAD,,,50.0,,,,,,,50.0,,,,,,,,,,,,,,,,,,,,,,50.0,,,,True,True,False,False,False,False,OK,,,,,50.0,41.0,CAUTION,警戒,WARN_BREADTH_MISSING,62.0,62.0,100.0,REALIZED_VOL|DRAWDOWN|BREADTH|TURNOVER
2024-05-09,16.51525149163361,OK,26.043737574552683,42.90102419107492,42.51066819806339,30.0,19.48,OK,OPTBBS_PARSE_300INDEX_QVIX,,,,False,False,1.0,True,OK,True,,,,,17.83415046484954,OK_REPLICA_ROLLING_MEDIAN_BASIS,AVIX_CLEAN_MINUS_PRIOR_252D_MEDIAN_AVIX_QVIX_SPREAD,,,50.0,,,,,,,50.0,,,,,,,,,,,,,,,,,,,,,,50.0,,,,True,True,False,False,False,False,OK,,,,,50.0,39.3,NORMAL,正常,WARN_BREADTH_MISSING,62.0,62.0,100.0,REALIZED_VOL|DRAWDOWN|BREADTH|TURNOVER
2024-05-10,16.335447688637643,OK,23.658051689860834,40.97901763470856,52.480842389696924,30.0,19.53,OK,OPTBBS_PARSE_300INDEX_QVIX,,,,False,False,1.0,True,OK,True,,,,,17.654346661853573,OK_REPLICA_ROLLING_MEDIAN_BASIS,AVIX_CLEAN_MINUS_PRIOR_252D_MEDIAN_AVIX_QVIX_SPREAD,,,50.0,,,,,,,50.0,,,,,,,,,,,,,,,,,,,,,,50.0,,,,True,True,False,False,False,False,OK,,,,,50.0,39.2,NORMAL,正常,WARN_BREADTH_MISSING,62.0,62.0,100.0,REALIZED_VOL|DRAWDOWN|BREADTH|TURNOVER
2024-05-13,16.25206274083878,WARN_NOT_BRACKET_30D,22.067594433399602,40.128145135071705,39.5896888775801,30.0,17.64,OK,OPTBBS_PARSE_300INDEX_QVIX,,,,False,False,1.0,True,OK,True,,,,,17.573552418041253,OK_REPLICA_ROLLING_MEDIAN_BASIS,AVIX_CLEAN_MINUS_PRIOR_252D_MEDIAN_AVIX_QVIX_SPREAD,,,50.0,,,,,,,50.0,,,,,,,,,,,,,,,,,,,,,,50.0,,,,True,True,False,False,False,False,OK,,,,,50.0,37.6,NORMAL,正常,WARN_BREADTH_MISSING|WARN_NOT_BRACKET_30D,62.0,62.0,100.0,REALIZED_VOL|DRAWDOWN|BREADTH|TURNOVER
2024-05-14,16.195399999879463,WARN_NOT_BRACKET_30D,20.278330019880716,39.58605490907926,40.43348898566859,30.0,19.45,OK,OPTBBS_PARSE_300INDEX_QVIX,,,,False,False,1.0,True,OK,True,,,,,17.528661352048314,OK_REPLICA_ROLLING_MEDIAN_BASIS,AVIX_CLEAN_MINUS_PRIOR_252D_MEDIAN_AVIX_QVIX_SPREAD,,,50.0,,,,,,,50.0,,,,,,,,,,,,,,,,,,,,,,50.0,,,,True,True,False,False,False,False,OK,,,,,50.0,37.1,NORMAL,正常,WARN_BREADTH_MISSING|WARN_NOT_BRACKET_30D,62.0,62.0,100.0,REALIZED_VOL|DRAWDOWN|BREADTH|TURNOVER
2024-05-15,16.006248622656933,WARN_NOT_BRACKET_30D,18.48906560636183,37.674946141962025,43.88860209058596,30.0,19.0,OK,OPTBBS_PARSE_300INDEX_QVIX,,,,False,False,1.0,True,OK,True,,,,,17.341462545420026,OK_REPLICA_ROLLING_MEDIAN_BASIS,AVIX_CLEAN_MINUS_PRIOR_252D_MEDIAN_AVIX_QVIX_SPREAD,,,50.0,,,,,,,50.0,,,,,,,,,,,,,,,,,,,,,,50.0,,,,True,True,False,False,False,False,OK,,,,,50.0,36.6,NORMAL,正常,WARN_BREADTH_MISSING|WARN_NOT_BRACKET_30D,62.0,62.0,100.0,REALIZED_VOL|DRAWDOWN|BREADTH|TURNOVER
2024-05-16,15.854499470612508,WARN_NOT_BRACKET_30D,16.50099403578529,36.104297832937746,41.99828084536492,30.0,19.21,OK,OPTBBS_PARSE_300INDEX_QVIX,,,,False,False,1.0,True,OK,True,,,,,17.203885419441853,OK_REPLICA_ROLLING_MEDIAN_BASIS,AVIX_CLEAN_MINUS_PRIOR_252D_MEDIAN_AVIX_QVIX_SPREAD,,,50.0,,,,,,,50.0,,,,,,,,,,,,,,,,,,,,,,50.0,,,,True,True,False,False,False,False,OK,,,,,50.0,35.6,NORMAL,正常,WARN_BREADTH_MISSING|WARN_NOT_BRACKET_30D,62.0,62.0,100.0,REALIZED_VOL|DRAWDOWN|BREADTH|TURNOVER
2024-05-17,15.704316800382664,WARN_NOT_BRACKET_30D,13.916500994035786,34.49097652953452,42.272866954311006,30.0,18.74,OK,OPTBBS_PARSE_300INDEX_QVIX,,,,False,False,1.0,True,OK,True,,,,,17.061106923757706,OK_REPLICA_ROLLING_MEDIAN_BASIS,AVIX_CLEAN_MINUS_PRIOR_252D_MEDIAN_AVIX_QVIX_SPREAD,,,50.0,,,,,,,50.0,,,,,,,,,,,,,,,,,,,,,,50.0,,,,True,True,False,False,False,False,OK,,,,,50.0,34.7,NORMAL,正常,WARN_BREADTH_MISSING|WARN_NOT_BRACKET_30D,62.0,62.0,100.0,REALIZED_VOL|DRAWDOWN|BREADTH|TURNOVER
2024-05-20,15.384436372529423,WARN_NOT_BRACKET_30D,8.548707753479125,31.188674296794396,39.32287695236181,30.0,15.46,WARN_QVIX_REALTIME_PROXY,OPTBBS_PARSE_300ETF_QVIX_PROXY,,,,True,False,1.0,True,PROXY,True,,,,,16.749512431387565,OK_REPLICA_ROLLING_MEDIAN_BASIS,AVIX_CLEAN_MINUS_PRIOR_252D_MEDIAN_AVIX_QVIX_SPREAD,,,50.0,,,,,,,50.0,,,,,,,,,,,,,,,,,,,,,,50.0,,,,True,True,False,False,False,False,PROXY,,,,,50.0,32.5,NORMAL,正常,WARN_BREADTH_MISSING|WARN_NOT_BRACKET_30D|WARN_QVIX_REALTIME_PROXY,57.2,62.0,92.3,QVIX_PROXY|REALIZED_VOL|DRAWDOWN|BREADTH|TURNOVER
2024-05-21,15.23802983563542,WARN_NOT_BRACKET_30D,6.958250497017893,29.642342059827037,38.17725818132101,30.0,16.09,OK,OPTBBS_PARSE_300INDEX_QVIX,,,,False,False,1.0,True,OK,True,,,,,16.603105894493563,OK_REPLICA_ROLLING_MEDIAN_BASIS,AVIX_CLEAN_MINUS_PRIOR_252D_MEDIAN_AVIX_QVIX_SPREAD,,,50.0,,,,,,,50.0,,,,,,,,,,,,,,,,,,,,,,50.0,,,,True,True,False,False,False,False,OK,,,,,50.0,31.8,NORMAL,正常,WARN_BREADTH_MISSING|WARN_NOT_BRACKET_30D,62.0,62.0,100.0,REALIZED_VOL|DRAWDOWN|BREADTH|TURNOVER
2024-05-22,15.360755929949724,OK,7.952286282306163,30.92499221711299,41.93449123620994,50.0,,WARN_QVIX_MISSING,,,,,False,False,,,,,,,,,16.717546053324767,OK_REPLICA_ROLLING_MEDIAN_BASIS,AVIX_CLEAN_MINUS_PRIOR_252D_MEDIAN_AVIX_QVIX_SPREAD,,,50.0,,,,,,,50.0,,,,,,,,,,,,,,,,,,,,,,50.0,,,,True,False,False,False,False,False,,,,,,50.0,34.9,NORMAL,正常,WARN_BREADTH_MISSING|WARN_QVIX_MISSING,50.0,50.0,100.0,QVIX|REALIZED_VOL|DRAWDOWN|BREADTH|TURNOVER
2024-05-23,15.34214634515696,OK,7.952286282306163,30.798075701405235,43.5368110938446,50.0,,WARN_QVIX_MISSING,,,,,False,False,,,,,,,,,16.695234381259155,OK_REPLICA_ROLLING_MEDIAN_BASIS,AVIX_CLEAN_MINUS_PRIOR_252D_MEDIAN_AVIX_QVIX_SPREAD,,,50.0,,,,,,,50.0,,,,,,,,,,,,,,,,,,,,,,50.0,,,,True,False,False,False,False,False,,,,,,50.0,35.0,NORMAL,正常,WARN_BREADTH_MISSING|WARN_QVIX_MISSING,50.0,50.0,100.0,QVIX|REALIZED_VOL|DRAWDOWN|BREADTH|TURNOVER
2024-05-24,16.23827969318242,OK,23.45924453280318,40.066363931624295,56.80020531407956,50.0,,WARN_QVIX_MISSING,,,,,False,False,,,,,,,,,17.595069816557462,OK_REPLICA_ROLLING_MEDIAN_BASIS,AVIX_CLEAN_MINUS_PRIOR_252D_MEDIAN_AVIX_QVIX_SPREAD,,,50.0,,,,,,,50.0,,,,,,,,,,,,,,,,,,,,,,50.0,,,,True,False,False,False,False,False,,,,,,50.0,41.7,CAUTION,警戒,WARN_BREADTH_MISSING|WARN_QVIX_MISSING,50.0,50.0,100.0,QVIX|REALIZED_VOL|DRAWDOWN|BREADTH|TURNOVER
2024-05-27,15.742712759149413,OK,15.705765407554672,34.9525909322998,54.657647221444265,50.0,,WARN_QVIX_MISSING,,,,,False,False,,,,,,,,,17.103645850266005,OK_REPLICA_ROLLING_MEDIAN_BASIS,AVIX_CLEAN_MINUS_PRIOR_252D_MEDIAN_AVIX_QVIX_SPREAD,,,50.0,,,,,,,50.0,,,,,,,,,,,,,,,,,,,,,,50.0,,,,True,False,False,False,False,False,,,,,,50.0,38.7,NORMAL,正常,WARN_BREADTH_MISSING|WARN_QVIX_MISSING,50.0,50.0,100.0,QVIX|REALIZED_VOL|DRAWDOWN|BREADTH|TURNOVER
2024-05-28,15.24152468866746,OK,7.157057654075547,29.860921933288374,50.045870142921835,30.0,16.09,OK,OPTBBS_PARSE_300INDEX_QVIX,,,,False,False,1.0,True,OK,True,,,,,16.606600747525604,OK_REPLICA_ROLLING_MEDIAN_BASIS,AVIX_CLEAN_MINUS_PRIOR_252D_MEDIAN_AVIX_QVIX_SPREAD,,,50.0,,,,,,,50.0,,,,,,,,,,,,,,,,,,,,,,50.0,,,,True,True,False,False,False,False,OK,,,,,50.0,32.8,NORMAL,正常,WARN_BREADTH_MISSING,62.0,62.0,100.0,REALIZED_VOL|DRAWDOWN|BREADTH|TURNOVER
2024-05-29,15.111790782475447,OK,4.572564612326044,28.589700778833947,46.75842584037344,50.0,,WARN_QVIX_MISSING,,,,,False,False,,,,,,,,,16.47686684133359,OK_REPLICA_ROLLING_MEDIAN_BASIS,AVIX_CLEAN_MINUS_PRIOR_252D_MEDIAN_AVIX_QVIX_SPREAD,,,50.0,,,,,,,50.0,,,,,,,,,,,,,,,,,,,,,,50.0,,,,True,False,False,False,False,False,,,,,,50.0,34.0,NORMAL,正常,WARN_BREADTH_MISSING|WARN_QVIX_MISSING,50.0,50.0,100.0,QVIX|REALIZED_VOL|DRAWDOWN|BREADTH|TURNOVER
2024-05-30,15.29191541680424,OK,7.952286282306163,30.513086933468983,49.34519033748395,50.0,,WARN_QVIX_MISSING,,,,,False,False,,,,,,,,,16.659190794473034,OK_REPLICA_ROLLING_MEDIAN_BASIS,AVIX_CLEAN_MINUS_PRIOR_252D_MEDIAN_AVIX_QVIX_SPREAD,,,50.0,,,,,,,50.0,,,,,,,,,,,,,,,,,,,,,,50.0,,,,True,False,False,False,False,False,,,,,,50.0,35.4,NORMAL,正常,WARN_BREADTH_MISSING|WARN_QVIX_MISSING,50.0,50.0,100.0,QVIX|REALIZED_VOL|DRAWDOWN|BREADTH|TURNOVER
2024-05-31,15.346471574964374,OK,8.747514910536779,31.1641703704565,39.01597786134367,50.0,,WARN_QVIX_MISSING,,,,,False,False,,,,,,,,,16.71594627144382,OK_REPLICA_ROLLING_MEDIAN_BASIS,AVIX_CLEAN_MINUS_PRIOR_252D_MEDIAN_AVIX_QVIX_SPREAD,,,50.0,,,,,,,50.0,,,,,,,,,,,,,,,,,,,,,,50.0,,,,True,False,False,False,False,False,,,,,,50.0,34.9,NORMAL,正常,WARN_BREADTH_MISSING|WARN_QVIX_MISSING,50.0,50.0,100.0,QVIX|REALIZED_VOL|DRAWDOWN|BREADTH|TURNOVER
2024-06-03,15.232318911463157,OK,6.958250497017893,30.066903860540165,43.51580816476979,30.0,16.58,OK,OPTBBS_PARSE_300INDEX_QVIX,,,,False,False,1.0,True,OK,True,,,,,16.601887966896534,OK_REPLICA_ROLLING_MEDIAN_BASIS,AVIX_CLEAN_MINUS_PRIOR_252D_MEDIAN_AVIX_QVIX_SPREAD,,,50.0,,,,,,,50.0,,,,,,,,,,,,,,,,,,,,,,50.0,,,,True,True,False,False,False,False,OK,,,,,50.0,32.2,NORMAL,正常,WARN_BREADTH_MISSING,62.0,62.0,100.0,REALIZED_VOL|DRAWDOWN|BREADTH|TURNOVER
2024-06-04,14.882866620660298,OK,2.783300198807157,26.543631146094544,45.293672052720105,30.0,16.54,OK,OPTBBS_PARSE_300INDEX_QVIX,,,,False,False,1.0,True,OK,True,,,,,16.252435676093675,OK_REPLICA_ROLLING_MEDIAN_BASIS,AVIX_CLEAN_MINUS_PRIOR_252D_MEDIAN_AVIX_QVIX_SPREAD,,,50.0,,,,,,,50.0,,,,,,,,,,,,,,,,,,,,,,50.0,,,,True,True,False,False,False,False,OK,,,,,50.0,30.7,NORMAL,正常,WARN_BREADTH_MISSING,62.0,62.0,100.0,REALIZED_VOL|DRAWDOWN|BREADTH|TURNOVER
2024-06-05,14.914261010703289,OK,3.3797216699801194,26.8632778481421,47.38575295786618,30.0,16.45,OK,OPTBBS_PARSE_300INDEX_QVIX,,,,False,False,1.0,True,OK,True,,,,,16.293061347477554,OK_REPLICA_ROLLING_MEDIAN_BASIS,AVIX_CLEAN_MINUS_PRIOR_252D_MEDIAN_AVIX_QVIX_SPREAD,,,50.0,,,,,,,50.0,,,,,,,,,,,,,,,,,,,,,,50.0,,,,True,True,False,False,False,False,OK,,,,,50.0,31.1,NORMAL,正常,WARN_BREADTH_MISSING,62.0,62.0,100.0,REALIZED_VOL|DRAWDOWN|BREADTH|TURNOVER
2024-06-06,15.422373910927334,OK,11.928429423459244,32.09579276777615,51.7062413774501,30.0,16.93,OK,OPTBBS_PARSE_300INDEX_QVIX,,,,False,False,1.0,True,OK,True,,,,,16.813106562490717,OK_REPLICA_ROLLING_MEDIAN_BASIS,AVIX_CLEAN_MINUS_PRIOR_252D_MEDIAN_AVIX_QVIX_SPREAD,,,50.0,,,,,,,50.0,,,,,,,,,,,,,,,,,,,,,,50.0,,,,True,True,False,False,False,False,OK,,,,,50.0,34.6,NORMAL,正常,WARN_BREADTH_MISSING,62.0,62.0,100.0,REALIZED_VOL|DRAWDOWN|BREADTH|TURNOVER
2024-06-07,15.856732911120467,OK,19.4831013916501,36.58297610513219,56.649884745996104,30.0,17.2,OK,OPTBBS_PARSE_300INDEX_QVIX,,,,False,False,1.0,True,OK,True,,,,,17.25039052612925,OK_REPLICA_ROLLING_MEDIAN_BASIS,AVIX_CLEAN_MINUS_PRIOR_252D_MEDIAN_AVIX_QVIX_SPREAD,,,50.0,,,,,,,50.0,,,,,,,,,,,,,,,,,,,,,,50.0,,,,True,True,False,False,False,False,OK,,,,,50.0,37.7,NORMAL,正常,WARN_BREADTH_MISSING,62.0,62.0,100.0,REALIZED_VOL|DRAWDOWN|BREADTH|TURNOVER
2024-06-11,16.14403441226995,OK,23.26043737574553,39.548881020811706,61.97080373784294,30.0,17.3,OK,OPTBBS_PARSE_300INDEX_QVIX,,,,False,False,1.0,True,OK,True,,,,,17.534767063833332,OK_REPLICA_ROLLING_MEDIAN_BASIS,AVIX_CLEAN_MINUS_PRIOR_252D_MEDIAN_AVIX_QVIX_SPREAD,,,50.0,,,,,,,50.0,,,,,,,,,,,,,,,,,,,,,,50.0,,,,True,True,False,False,False,False,OK,,,,,50.0,39.6,NORMAL,正常,WARN_BREADTH_MISSING,62.0,62.0,100.0,REALIZED_VOL|DRAWDOWN|BREADTH|TURNOVER
2024-06-12,15.565506469541171,OK,13.916500994035786,33.63886229122634,59.17349951834194,30.0,17.3,OK,OPTBBS_PARSE_300INDEX_QVIX,,,,False,False,1.0,True,OK,True,,,,,16.944306806315435,OK_REPLICA_ROLLING_MEDIAN_BASIS,AVIX_CLEAN_MINUS_PRIOR_252D_MEDIAN_AVIX_QVIX_SPREAD,,,50.0,,,,,,,50.0,,,,,,,,,,,,,,,,,,,,,,50.0,,,,True,True,False,False,False,False,OK,,,,,50.0,35.9,NORMAL,正常,WARN_BREADTH_MISSING,62.0,62.0,100.0,REALIZED_VOL|DRAWDOWN|BREADTH|TURNOVER
2024-06-13,15.081113715664763,OK,4.970178926441352,28.75834618275519,52.23749208682524,30.0,16.33,OK,OPTBBS_PARSE_300INDEX_QVIX,,,,False,False,1.0,True,OK,True,,,,,16.459914052439025,OK_REPLICA_ROLLING_MEDIAN_BASIS,AVIX_CLEAN_MINUS_PRIOR_252D_MEDIAN_AVIX_QVIX_SPREAD,,,50.0,,,,,,,50.0,,,,,,,,,,,,,,,,,,,,,,50.0,,,,True,True,False,False,False,False,OK,,,,,50.0,32.2,NORMAL,正常,WARN_BREADTH_MISSING,62.0,62.0,100.0,REALIZED_VOL|DRAWDOWN|BREADTH|TURNOVER
2024-06-14,14.813844005967733,OK,2.1868787276341948,26.113451188337184,42.10847942769129,30.0,16.14,OK,OPTBBS_PARSE_300INDEX_QVIX,,,,False,False,1.0,True,OK,True,,,,,16.18341306140111,OK_REPLICA_ROLLING_MEDIAN_BASIS,AVIX_CLEAN_MINUS_PRIOR_252D_MEDIAN_AVIX_QVIX_SPREAD,,,50.0,,,,,,,50.0,,,,,,,,,,,,,,,,,,,,,,50.0,,,,True,True,False,False,False,False,OK,,,,,50.0,30.2,NORMAL,正常,WARN_BREADTH_MISSING,62.0,62.0,100.0,REALIZED_VOL|DRAWDOWN|BREADTH|TURNOVER
2024-06-17,14.887034934140877,WARN_NOT_BRACKET_30D,3.180914512922465,26.990503758739894,37.769258870475994,30.0,15.1,WARN_QVIX_REALTIME_PROXY,OPTBBS_PARSE_300ETF_QVIX_PROXY,,,,True,False,1.0,True,PROXY,True,,,,,16.25431031180967,OK_REPLICA_ROLLING_MEDIAN_BASIS,AVIX_CLEAN_MINUS_PRIOR_252D_MEDIAN_AVIX_QVIX_SPREAD,,,50.0,,,,,,,50.0,,,,,,,,,,,,,,,,,,,,,,50.0,,,,True,True,False,False,False,False,PROXY,,,,,50.0,30.3,NORMAL,正常,WARN_BREADTH_MISSING|WARN_NOT_BRACKET_30D|WARN_QVIX_REALTIME_PROXY,57.2,62.0,92.3,QVIX_PROXY|REALIZED_VOL|DRAWDOWN|BREADTH|TURNOVER
2024-06-18,14.545417832852644,WARN_NOT_BRACKET_30D,1.1928429423459244,23.680667061722296,30.195575175405853,30.0,14.74,OK,OPTBBS_PARSE_300INDEX_QVIX,,,,False,False,1.0,True,OK,True,,,,,15.906350923969237,OK_REPLICA_ROLLING_MEDIAN_BASIS,AVIX_CLEAN_MINUS_PRIOR_252D_MEDIAN_AVIX_QVIX_SPREAD,,,50.0,,,,,,,50.0,,,,,,,,,,,,,,,,,,,,,,50.0,,,,True,True,False,False,False,False,OK,,,,,50.0,28.7,NORMAL,正常,WARN_BREADTH_MISSING|WARN_NOT_BRACKET_30D,62.0,62.0,100.0,REALIZED_VOL|DRAWDOWN|BREADTH|TURNOVER
2024-06-19,14.44766197108421,OK,1.1928429423459244,22.803094380029503,35.63690168843041,30.0,14.65,OK,OPTBBS_PARSE_300INDEX_QVIX,,,,False,False,1.0,True,OK,True,,,,,15.808595062200803,OK_REPLICA_ROLLING_MEDIAN_BASIS,AVIX_CLEAN_MINUS_PRIOR_252D_MEDIAN_AVIX_QVIX_SPREAD,,,50.0,,,,,,,50.0,,,,,,,,,,,,,,,,,,,,,,50.0,,,,True,True,False,False,False,False,OK,,,,,50.0,29.0,NORMAL,正常,WARN_BREADTH_MISSING,62.0,62.0,100.0,REALIZED_VOL|DRAWDOWN|BREADTH|TURNOVER
2024-06-20,14.710701653520752,OK,2.1868787276341948,25.556959900824285,45.08773597059661,30.0,15.13,OK,OPTBBS_PARSE_300INDEX_QVIX,,,,False,False,1.0,True,OK,True,,,,,16.071634744637343,OK_REPLICA_ROLLING_MEDIAN_BASIS,AVIX_CLEAN_MINUS_PRIOR_252D_MEDIAN_AVIX_QVIX_SPREAD,,,50.0,,,,,,,50.0,,,,,,,,,,,,,,,,,,,,,,50.0,,,,True,True,False,False,False,False,OK,,,,,50.0,30.4,NORMAL,正常,WARN_BREADTH_MISSING,62.0,62.0,100.0,REALIZED_VOL|DRAWDOWN|BREADTH|TURNOVER
2024-06-21,14.617278413580925,OK,1.9880715705765408,24.753933074279992,47.3461905997171,30.0,15.11,OK,OPTBBS_PARSE_300INDEX_QVIX,,,,False,False,1.0,True,OK,True,,,,,15.978211504697517,OK_REPLICA_ROLLING_MEDIAN_BASIS,AVIX_CLEAN_MINUS_PRIOR_252D_MEDIAN_AVIX_QVIX_SPREAD,,,50.0,,,,,,,50.0,,,,,,,,,,,,,,,,,,,,,,50.0,,,,True,True,False,False,False,False,OK,,,,,50.0,30.4,NORMAL,正常,WARN_BREADTH_MISSING,62.0,62.0,100.0,REALIZED_VOL|DRAWDOWN|BREADTH|TURNOVER
2024-06-24,14.54895762063991,OK,1.5904572564612325,24.234247894930636,45.458097398218044,30.0,15.36,OK,OPTBBS_PARSE_300INDEX_QVIX,,,,False,False,1.0,True,OK,True,,,,,15.902045656742105,OK_REPLICA_ROLLING_MEDIAN_BASIS,AVIX_CLEAN_MINUS_PRIOR_252D_MEDIAN_AVIX_QVIX_SPREAD,,,50.0,,,,,,,50.0,,,,,,,,,,,,,,,,,,,,,,50.0,,,,True,True,False,False,False,False,OK,,,,,50.0,30.1,NORMAL,正常,WARN_BREADTH_MISSING,62.0,62.0,100.0,REALIZED_VOL|DRAWDOWN|BREADTH|TURNOVER
2024-06-25,15.248768811109162,OK,9.74155069582505,31.301187615466617,59.67110036080108,30.0,16.15,OK,OPTBBS_PARSE_300INDEX_QVIX,,,,False,False,1.0,True,OK,True,,,,,16.597302329792257,OK_REPLICA_ROLLING_MEDIAN_BASIS,AVIX_CLEAN_MINUS_PRIOR_252D_MEDIAN_AVIX_QVIX_SPREAD,,,50.0,,,,,,,50.0,,,,,,,,,,,,,,,,,,,,,,50.0,,,,True,True,False,False,False,False,OK,,,,,50.0,34.5,NORMAL,正常,WARN_BREADTH_MISSING,62.0,62.0,100.0,REALIZED_VOL|DRAWDOWN|BREADTH|TURNOVER
2024-06-26,14.792040366871124,OK,2.783300198807157,26.79496215795624,54.767254334662006,30.0,15.73,OK,OPTBBS_PARSE_300INDEX_QVIX,,,,False,False,1.0,True,OK,True,,,,,16.14057388555422,OK_REPLICA_ROLLING_MEDIAN_BASIS,AVIX_CLEAN_MINUS_PRIOR_252D_MEDIAN_AVIX_QVIX_SPREAD,,,50.0,,,,,,,50.0,,,,,,,,,,,,,,,,,,,,,,50.0,,,,True,True,False,False,False,False,OK,,,,,50.0,31.5,NORMAL,正常,WARN_BREADTH_MISSING,62.0,62.0,100.0,REALIZED_VOL|DRAWDOWN|BREADTH|TURNOVER
2024-06-27,14.804846354693437,OK,3.3797216699801194,26.97315630059739,51.27994848090949,30.0,15.84,OK,OPTBBS_PARSE_300INDEX_QVIX,,,,False,False,1.0,True,OK,True,,,,,16.15337987337653,OK_REPLICA_ROLLING_MEDIAN_BASIS,AVIX_CLEAN_MINUS_PRIOR_252D_MEDIAN_AVIX_QVIX_SPREAD,,,50.0,,,,,,,50.0,,,,,,,,,,,,,,,,,,,,,,50.0,,,,True,True,False,False,False,False,OK,,,,,50.0,31.4,NORMAL,正常,WARN_BREADTH_MISSING,62.0,62.0,100.0,REALIZED_VOL|DRAWDOWN|BREADTH|TURNOVER
2024-06-28,14.34164387666264,OK,1.1928429423459244,22.40607568365856,46.22864764398014,30.0,15.51,OK,OPTBBS_PARSE_300INDEX_QVIX,,,,False,False,1.0,True,OK,True,,,,,15.690177395345735,OK_REPLICA_ROLLING_MEDIAN_BASIS,AVIX_CLEAN_MINUS_PRIOR_252D_MEDIAN_AVIX_QVIX_SPREAD,,,50.0,,,,,,,50.0,,,,,,,,,,,,,,,,,,,,,,50.0,,,,True,True,False,False,False,False,OK,,,,,50.0,29.8,NORMAL,正常,WARN_BREADTH_MISSING,62.0,62.0,100.0,REALIZED_VOL|DRAWDOWN|BREADTH|TURNOVER
2024-07-01,13.937356655943688,OK,0.19880715705765406,18.48483553141884,41.59251156483439,30.0,15.26,OK,OPTBBS_PARSE_300INDEX_QVIX,,,,False,False,1.0,True,OK,True,,,,,15.285890174626783,OK_REPLICA_ROLLING_MEDIAN_BASIS,AVIX_CLEAN_MINUS_PRIOR_252D_MEDIAN_AVIX_QVIX_SPREAD,,,50.0,,,,,,,50.0,,,,,,,,,,,,,,,,,,,,,,50.0,,,,True,True,False,False,False,False,OK,,,,,50.0,28.6,NORMAL,正常,WARN_BREADTH_MISSING,62.0,62.0,100.0,REALIZED_VOL|DRAWDOWN|BREADTH|TURNOVER
2024-07-02,13.380821568647198,OK,0.19880715705765406,13.08636158986124,25.500353299328516,30.0,14.83,OK,OPTBBS_PARSE_300INDEX_QVIX,,,,False,False,1.0,True,OK,True,,,,,14.726295657355385,OK_REPLICA_ROLLING_MEDIAN_BASIS,AVIX_CLEAN_MINUS_PRIOR_252D_MEDIAN_AVIX_QVIX_SPREAD,,,50.0,,,,,,,50.0,,,,,,,,,,,,,,,,,,,,,,50.0,,,,True,True,False,False,False,False,OK,,,,,50.0,26.5,NORMAL,正常,WARN_BREADTH_MISSING,62.0,62.0,100.0,REALIZED_VOL|DRAWDOWN|BREADTH|TURNOVER
2024-07-03,13.364945287389688,OK,0.19880715705765406,13.073258449213938,30.704554015717566,30.0,14.91,OK,OPTBBS_PARSE_300INDEX_QVIX,,,,False,False,1.0,True,OK,True,,,,,14.713478806072782,OK_REPLICA_ROLLING_MEDIAN_BASIS,AVIX_CLEAN_MINUS_PRIOR_252D_MEDIAN_AVIX_QVIX_SPREAD,,,50.0,,,,,,,50.0,,,,,,,,,,,,,,,,,,,,,,50.0,,,,True,True,False,False,False,False,OK,,,,,50.0,26.9,NORMAL,正常,WARN_BREADTH_MISSING,62.0,62.0,100.0,REALIZED_VOL|DRAWDOWN|BREADTH|TURNOVER
2024-07-04,13.60365795681644,OK,0.5964214711729622,15.622348132628701,33.77303797555189,30.0,15.18,OK,OPTBBS_PARSE_300INDEX_QVIX,,,,False,False,1.0,True,OK,True,,,,,14.956745992918634,OK_REPLICA_ROLLING_MEDIAN_BASIS,AVIX_CLEAN_MINUS_PRIOR_252D_MEDIAN_AVIX_QVIX_SPREAD,,,50.0,,,,,,,50.0,,,,,,,,,,,,,,,,,,,,,,50.0,,,,True,True,False,False,False,False,OK,,,,,50.0,27.7,NORMAL,正常,WARN_BREADTH_MISSING,62.0,62.0,100.0,REALIZED_VOL|DRAWDOWN|BREADTH|TURNOVER
2024-07-05,13.988359778507272,OK,0.9940357852882704,19.486365147915553,45.07331096499687,30.0,15.44,OK,OPTBBS_PARSE_300INDEX_QVIX,,,,False,False,1.0,True,OK,True,,,,,15.349292869623865,OK_REPLICA_ROLLING_MEDIAN_BASIS,AVIX_CLEAN_MINUS_PRIOR_252D_MEDIAN_AVIX_QVIX_SPREAD,,,50.0,,,,,,,50.0,,,,,,,,,,,,,,,,,,,,,,50.0,,,,True,True,False,False,False,False,OK,,,,,50.0,29.2,NORMAL,正常,WARN_BREADTH_MISSING,62.0,62.0,100.0,REALIZED_VOL|DRAWDOWN|BREADTH|TURNOVER
2024-07-08,15.335669087595395,OK,12.524850894632205,32.72629937489859,70.06567624220747,30.0,16.67,OK,OPTBBS_PARSE_300INDEX_QVIX,,,,False,False,1.0,True,OK,True,,,,,16.70294446526419,OK_REPLICA_ROLLING_MEDIAN_BASIS,AVIX_CLEAN_MINUS_PRIOR_252D_MEDIAN_AVIX_QVIX_SPREAD,,,50.0,,,,,,,50.0,,,,,,,,,,,,,,,,,,,,,,50.0,,,,True,True,False,False,False,False,OK,,,,,50.0,36.3,NORMAL,正常,WARN_BREADTH_MISSING,62.0,62.0,100.0,REALIZED_VOL|DRAWDOWN|BREADTH|TURNOVER
2024-07-09,14.892574564962802,OK,5.964214711729622,28.492136022210282,72.59581728311532,30.0,16.13,OK,OPTBBS_PARSE_300INDEX_QVIX,,,,False,False,1.0,True,OK,True,,,,,16.253507656079393,OK_REPLICA_ROLLING_MEDIAN_BASIS,AVIX_CLEAN_MINUS_PRIOR_252D_MEDIAN_AVIX_QVIX_SPREAD,,,50.0,,,,,,,50.0,,,,,,,,,,,,,,,,,,,,,,50.0,,,,True,True,False,False,False,False,OK,,,,,50.0,34.1,NORMAL,正常,WARN_BREADTH_MISSING,62.0,62.0,100.0,REALIZED_VOL|DRAWDOWN|BREADTH|TURNOVER
2024-07-10,14.811744789944074,OK,4.7713717693836974,27.773052214136733,71.65066106061047,30.0,16.13,OK,OPTBBS_PARSE_300INDEX_QVIX,,,,False,False,1.0,True,OK,True,,,,,16.16483282604627,OK_REPLICA_ROLLING_MEDIAN_BASIS,AVIX_CLEAN_MINUS_PRIOR_252D_MEDIAN_AVIX_QVIX_SPREAD,,,50.0,,,,,,,50.0,,,,,,,,,,,,,,,,,,,,,,50.0,,,,True,True,False,False,False,False,OK,,,,,50.0,33.6,NORMAL,正常,WARN_BREADTH_MISSING,62.0,62.0,100.0,REALIZED_VOL|DRAWDOWN|BREADTH|TURNOVER
2024-07-11,14.634287042572035,OK,3.7773359840954273,26.122022714092196,65.15223462729263,100.0,15.85,OK,OPTBBS_PARSE_300INDEX_QVIX,,,,False,False,1.0,True,OK,True,,,,,15.98282056125513,OK_REPLICA_ROLLING_MEDIAN_BASIS,AVIX_CLEAN_MINUS_PRIOR_252D_MEDIAN_AVIX_QVIX_SPREAD,,,50.0,,,,,,,50.0,,,,,,,,,,,,,,,,,,,,,,50.0,,,,True,True,False,False,False,False,OK,,,,,50.0,40.9,CAUTION,警戒,WARN_BREADTH_MISSING,62.0,62.0,100.0,REALIZED_VOL|DRAWDOWN|BREADTH|TURNOVER
2024-07-12,13.916511489023376,OK,0.7952286282306162,19.27592480819942,48.97274175640967,100.0,15.15,OK,OPTBBS_PARSE_300INDEX_QVIX,,,,False,False,1.0,True,OK,True,,,,,15.261985577731563,OK_REPLICA_ROLLING_MEDIAN_BASIS,AVIX_CLEAN_MINUS_PRIOR_252D_MEDIAN_AVIX_QVIX_SPREAD,,,50.0,,,,,,,50.0,,,,,,,,,,,,,,,,,,,,,,50.0,,,,True,True,False,False,False,False,OK,,,,,50.0,37.8,NORMAL,正常,WARN_BREADTH_MISSING,62.0,62.0,100.0,REALIZED_VOL|DRAWDOWN|BREADTH|TURNOVER
2024-07-15,13.569065635612326,WARN_NOT_BRACKET_30D,0.5964214711729622,16.086328101285105,26.96085587277015,30.0,14.81,OK,OPTBBS_PARSE_300INDEX_QVIX,,,,False,False,1.0,True,OK,True,,,,,14.908306141433638,OK_REPLICA_ROLLING_MEDIAN_BASIS,AVIX_CLEAN_MINUS_PRIOR_252D_MEDIAN_AVIX_QVIX_SPREAD,,,50.0,,,,,,,50.0,,,,,,,,,,,,,,,,,,,,,,50.0,,,,True,True,False,False,False,False,OK,,,,,50.0,27.2,NORMAL,正常,WARN_BREADTH_MISSING|WARN_NOT_BRACKET_30D,62.0,62.0,100.0,REALIZED_VOL|DRAWDOWN|BREADTH|TURNOVER
2024-07-16,13.10613622614564,WARN_NOT_BRACKET_30D,0.19880715705765406,11.889263826203695,26.009005950924724,30.0,14.32,OK,OPTBBS_PARSE_300INDEX_QVIX,,,,False,False,1.0,True,OK,True,,,,,14.44090864372949,OK_REPLICA_ROLLING_MEDIAN_BASIS,AVIX_CLEAN_MINUS_PRIOR_252D_MEDIAN_AVIX_QVIX_SPREAD,,,50.0,,,,,,,50.0,,,,,,,,,,,,,,,,,,,,,,50.0,,,,True,True,False,False,False,False,OK,,,,,50.0,26.4,NORMAL,正常,WARN_BREADTH_MISSING|WARN_NOT_BRACKET_30D,62.0,62.0,100.0,REALIZED_VOL|DRAWDOWN|BREADTH|TURNOVER
2024-07-17,13.364925639618315,OK,0.3976143141153081,14.602818248338288,30.463893068046556,30.0,14.48,OK,OPTBBS_PARSE_300INDEX_QVIX,,,,False,False,1.0,True,OK,True,,,,,14.698721771905044,OK_REPLICA_ROLLING_MEDIAN_BASIS,AVIX_CLEAN_MINUS_PRIOR_252D_MEDIAN_AVIX_QVIX_SPREAD,,,50.0,,,,,,,50.0,,,,,,,,,,,,,,,,,,,,,,50.0,,,,True,True,False,False,False,False,OK,,,,,50.0,27.2,NORMAL,正常,WARN_BREADTH_MISSING,62.0,62.0,100.0,REALIZED_VOL|DRAWDOWN|BREADTH|TURNOVER
2024-07-18,14.356106788306713,OK,3.180914512922465,24.205275325926113,46.19823974401924,30.0,15.24,OK,OPTBBS_PARSE_300INDEX_QVIX,,,,False,False,1.0,True,OK,True,,,,,15.685815461407273,OK_REPLICA_ROLLING_MEDIAN_BASIS,AVIX_CLEAN_MINUS_PRIOR_252D_MEDIAN_AVIX_QVIX_SPREAD,,,50.0,,,,,,,50.0,,,,,,,,,,,,,,,,,,,,,,50.0,,,,True,True,False,False,False,False,OK,,,,,50.0,30.6,NORMAL,正常,WARN_BREADTH_MISSING,62.0,62.0,100.0,REALIZED_VOL|DRAWDOWN|BREADTH|TURNOVER
2024-07-19,14.1212496162483,OK,2.3856858846918487,22.0939224399817,52.94237715229726,100.0,15.04,OK,OPTBBS_PARSE_300INDEX_QVIX,,,,False,False,1.0,True,OK,True,,,,,15.445649285292589,OK_REPLICA_ROLLING_MEDIAN_BASIS,AVIX_CLEAN_MINUS_PRIOR_252D_MEDIAN_AVIX_QVIX_SPREAD,,,50.0,,,,,,,50.0,,,,,,,,,,,,,,,,,,,,,,50.0,,,,True,True,False,False,False,False,OK,,,,,50.0,39.0,NORMAL,正常,WARN_BREADTH_MISSING,62.0,62.0,100.0,REALIZED_VOL|DRAWDOWN|BREADTH|TURNOVER
2024-07-22,14.229863723670272,OK,2.584493041749503,23.280372890075522,59.739772889353084,60.0,14.99,OK,OPTBBS_PARSE_300INDEX_QVIX,,,,False,False,1.0,True,OK,True,,,,,15.551930234299663,OK_REPLICA_ROLLING_MEDIAN_BASIS,AVIX_CLEAN_MINUS_PRIOR_252D_MEDIAN_AVIX_QVIX_SPREAD,,,50.0,,,,,,,50.0,,,,,,,,,,,,,,,,,,,,,,50.0,,,,True,True,False,False,False,False,OK,,,,,50.0,35.0,NORMAL,正常,WARN_BREADTH_MISSING,62.0,62.0,100.0,REALIZED_VOL|DRAWDOWN|BREADTH|TURNOVER
2024-07-23,15.050377128362802,OK,9.940357852882704,31.156873246785995,79.66916974872524,100.0,16.04,OK,OPTBBS_PARSE_300INDEX_QVIX,,,,False,False,1.0,True,OK,True,,,,,16.370571453572,OK_REPLICA_ROLLING_MEDIAN_BASIS,AVIX_CLEAN_MINUS_PRIOR_252D_MEDIAN_AVIX_QVIX_SPREAD,,,50.0,,,,,,,50.0,,,,,,,,,,,,,,,,,,,,,,50.0,,,,True,True,False,False,False,False,OK,,,,,50.0,44.5,CAUTION,警戒,WARN_BREADTH_MISSING,62.0,62.0,100.0,REALIZED_VOL|DRAWDOWN|BREADTH|TURNOVER
2024-07-24,15.923327260660091,OK,26.640159045725646,39.43474374660473,88.2853102221202,100.0,16.88,OK,OPTBBS_PARSE_300INDEX_QVIX,,,,False,False,1.0,True,OK,True,,,,,17.241904352296018,OK_REPLICA_ROLLING_MEDIAN_BASIS,AVIX_CLEAN_MINUS_PRIOR_252D_MEDIAN_AVIX_QVIX_SPREAD,,,50.0,,,,,,,50.0,,,,,,,,,,,,,,,,,,,,,,50.0,,,,True,True,False,False,False,False,OK,,,,,50.0,51.0,CAUTION,警戒,WARN_BREADTH_MISSING,62.0,62.0,100.0,REALIZED_VOL|DRAWDOWN|BREADTH|TURNOVER
2024-07-25,16.224334032601686,OK,31.01391650099404,42.265643778446005,76.0269343470846,100.0,17.26,OK,OPTBBS_PARSE_300INDEX_QVIX,,,,False,False,1.0,True,OK,True,,,,,17.540617239747235,OK_REPLICA_ROLLING_MEDIAN_BASIS,AVIX_CLEAN_MINUS_PRIOR_252D_MEDIAN_AVIX_QVIX_SPREAD,,,50.0,,,,,,,50.0,,,,,,,,,,,,,,,,,,,,,,50.0,,,,True,True,False,False,False,False,OK,,,,,50.0,51.7,CAUTION,警戒,WARN_BREADTH_MISSING,62.0,62.0,100.0,REALIZED_VOL|DRAWDOWN|BREADTH|TURNOVER
2024-07-26,15.47436520854757,OK,18.48906560636183,35.082320056529966,69.1642472029152,100.0,16.67,OK,OPTBBS_PARSE_300INDEX_QVIX,,,,False,False,1.0,True,OK,True,,,,,16.785528070909123,OK_REPLICA_ROLLING_MEDIAN_BASIS,AVIX_CLEAN_MINUS_PRIOR_252D_MEDIAN_AVIX_QVIX_SPREAD,,,50.0,,,,,,,50.0,,,,,,,,,,,,,,,,,,,,,,50.0,,,,True,True,False,False,False,False,OK,,,,,50.0,46.6,CAUTION,警戒,WARN_BREADTH_MISSING,62.0,62.0,100.0,REALIZED_VOL|DRAWDOWN|BREADTH|TURNOVER
2024-07-29,15.675781744353312,OK,22.266401590457257,36.95282561885679,70.32230313320383,100.0,17.04,OK,OPTBBS_PARSE_300INDEX_QVIX,,,,False,False,1.0,True,OK,True,,,,,16.969606190417423,OK_REPLICA_ROLLING_MEDIAN_BASIS,AVIX_CLEAN_MINUS_PRIOR_252D_MEDIAN_AVIX_QVIX_SPREAD,,,50.0,,,,,,,50.0,,,,,,,,,,,,,,,,,,,,,,50.0,,,,True,True,False,False,False,False,OK,,,,,50.0,48.0,CAUTION,警戒,WARN_BREADTH_MISSING,62.0,62.0,100.0,REALIZED_VOL|DRAWDOWN|BREADTH|TURNOVER
2024-07-30,16.05932511296581,OK,28.82703777335984,40.56271338141197,63.407610666467875,30.0,17.48,OK,OPTBBS_PARSE_300INDEX_QVIX,,,,False,False,1.0,True,OK,True,,,,,17.353149559029923,OK_REPLICA_ROLLING_MEDIAN_BASIS,AVIX_CLEAN_MINUS_PRIOR_252D_MEDIAN_AVIX_QVIX_SPREAD,,,50.0,,,,,,,50.0,,,,,,,,,,,,,,,,,,,,,,50.0,,,,True,True,False,False,False,False,OK,,,,,50.0,41.4,CAUTION,警戒,WARN_BREADTH_MISSING,62.0,62.0,100.0,REALIZED_VOL|DRAWDOWN|BREADTH|TURNOVER
2024-07-31,15.526350555283749,OK,19.284294234592444,35.427937212626006,45.01389754945115,30.0,16.74,OK,OPTBBS_PARSE_300INDEX_QVIX,,,,False,False,1.0,True,OK,True,,,,,16.820175001347863,OK_REPLICA_ROLLING_MEDIAN_BASIS,AVIX_CLEAN_MINUS_PRIOR_252D_MEDIAN_AVIX_QVIX_SPREAD,,,50.0,,,,,,,50.0,,,,,,,,,,,,,,,,,,,,,,50.0,,,,True,True,False,False,False,False,OK,,,,,50.0,36.6,NORMAL,正常,WARN_BREADTH_MISSING,62.0,62.0,100.0,REALIZED_VOL|DRAWDOWN|BREADTH|TURNOVER
2024-08-01,15.576971318046636,OK,20.675944333996025,35.911617538535765,42.019854703999336,30.0,16.9,OK,OPTBBS_PARSE_300INDEX_QVIX,,,,False,False,1.0,True,OK,True,,,,,16.847416181070095,OK_REPLICA_ROLLING_MEDIAN_BASIS,AVIX_CLEAN_MINUS_PRIOR_252D_MEDIAN_AVIX_QVIX_SPREAD,,,50.0,,,,,,,50.0,,,,,,,,,,,,,,,,,,,,,,50.0,,,,True,True,False,False,False,False,OK,,,,,50.0,36.8,NORMAL,正常,WARN_BREADTH_MISSING,62.0,62.0,100.0,REALIZED_VOL|DRAWDOWN|BREADTH|TURNOVER
2024-08-02,16.230381114179423,OK,32.60437375745527,42.152258018148316,59.771204122987285,30.0,17.56,OK,OPTBBS_PARSE_300INDEX_QVIX,,,,False,False,1.0,True,OK,True,,,,,17.50082597720288,OK_REPLICA_ROLLING_MEDIAN_BASIS,AVIX_CLEAN_MINUS_PRIOR_252D_MEDIAN_AVIX_QVIX_SPREAD,,,50.0,,,,,,,50.0,,,,,,,,,,,,,,,,,,,,,,50.0,,,,True,True,False,False,False,False,OK,,,,,50.0,42.4,CAUTION,警戒,WARN_BREADTH_MISSING,62.0,62.0,100.0,REALIZED_VOL|DRAWDOWN|BREADTH|TURNOVER
2024-08-05,18.86958274158322,OK,70.37773359840955,67.31541086801019,90.74821976110212,100.0,19.67,OK,OPTBBS_PARSE_300INDEX_QVIX,,,,False,False,1.0,True,OK,True,,,,,20.140027604606676,OK_REPLICA_ROLLING_MEDIAN_BASIS,AVIX_CLEAN_MINUS_PRIOR_252D_MEDIAN_AVIX_QVIX_SPREAD,,,50.0,,,,,,,50.0,,,,,,,,,,,,,,,,,,,,,,50.0,,,,True,True,False,False,False,False,OK,,,,,50.0,67.4,HIGH_RISK,高风险,WARN_BREADTH_MISSING,62.0,62.0,100.0,REALIZED_VOL|DRAWDOWN|BREADTH|TURNOVER
2024-08-06,18.235435889635205,OK,65.60636182902584,61.14803766835973,77.10089946323424,100.0,19.25,OK,OPTBBS_PARSE_300INDEX_QVIX,,,,False,False,1.0,True,OK,True,,,,,19.490936944153198,OK_REPLICA_ROLLING_MEDIAN_BASIS,AVIX_CLEAN_MINUS_PRIOR_252D_MEDIAN_AVIX_QVIX_SPREAD,,,50.0,,,,,,,50.0,,,,,,,,,,,,,,,,,,,,,,50.0,,,,True,True,False,False,False,False,OK,,,,,50.0,64.1,HIGH_RISK,高风险,WARN_BREADTH_MISSING,62.0,62.0,100.0,REALIZED_VOL|DRAWDOWN|BREADTH|TURNOVER
2024-08-07,16.602309256190473,OK,39.165009940357855,45.44309432491632,63.85977596055974,100.0,18.04,OK,OPTBBS_PARSE_300INDEX_QVIX,,,,False,False,1.0,True,OK,True,,,,,17.851625775672773,OK_REPLICA_ROLLING_MEDIAN_BASIS,AVIX_CLEAN_MINUS_PRIOR_252D_MEDIAN_AVIX_QVIX_SPREAD,,,50.0,,,,,,,50.0,,,,,,,,,,,,,,,,,,,,,,50.0,,,,True,True,False,False,False,False,OK,,,,,50.0,53.4,CAUTION,警戒,WARN_BREADTH_MISSING,62.0,62.0,100.0,REALIZED_VOL|DRAWDOWN|BREADTH|TURNOVER
2024-08-08,15.513200854821187,OK,19.284294234592444,34.99475657518883,49.1812212794978,100.0,17.34,OK,OPTBBS_PARSE_300INDEX_QVIX,,,,False,False,1.0,True,OK,True,,,,,16.768701909339182,OK_REPLICA_ROLLING_MEDIAN_BASIS,AVIX_CLEAN_MINUS_PRIOR_252D_MEDIAN_AVIX_QVIX_SPREAD,,,50.0,,,,,,,50.0,,,,,,,,,,,,,,,,,,,,,,50.0,,,,True,True,False,False,False,False,OK,,,,,50.0,45.2,CAUTION,警戒,WARN_BREADTH_MISSING,62.0,62.0,100.0,REALIZED_VOL|DRAWDOWN|BREADTH|TURNOVER
2024-08-09,15.316367753463132,OK,14.7117296222664,33.099765035913094,38.73700679871557,100.0,17.2,OK,OPTBBS_PARSE_300INDEX_QVIX,,,,False,False,1.0,True,OK,True,,,,,16.571868807981126,OK_REPLICA_ROLLING_MEDIAN_BASIS,AVIX_CLEAN_MINUS_PRIOR_252D_MEDIAN_AVIX_QVIX_SPREAD,,,50.0,,,,,,,50.0,,,,,,,,,,,,,,,,,,,,,,50.0,,,,True,True,False,False,False,False,OK,,,,,50.0,42.9,CAUTION,警戒,WARN_BREADTH_MISSING,62.0,62.0,100.0,REALIZED_VOL|DRAWDOWN|BREADTH|TURNOVER
2024-08-12,14.89213720634881,WARN_NOT_BRACKET_30D,7.75347912524851,29.14222100420875,7.842782326402542,100.0,17.1,OK,OPTBBS_PARSE_300INDEX_QVIX,,,,False,False,1.0,True,OK,True,,,,,16.162582069372267,OK_REPLICA_ROLLING_MEDIAN_BASIS,AVIX_CLEAN_MINUS_PRIOR_252D_MEDIAN_AVIX_QVIX_SPREAD,,,50.0,,,,,,,50.0,,,,,,,,,,,,,,,,,,,,,,50.0,,,,True,True,False,False,False,False,OK,,,,,50.0,37.9,NORMAL,正常,WARN_BREADTH_MISSING|WARN_NOT_BRACKET_30D,62.0,62.0,100.0,REALIZED_VOL|DRAWDOWN|BREADTH|TURNOVER
2024-08-13,15.091245494059963,WARN_NOT_BRACKET_30D,10.536779324055665,31.192208660949486,15.515599247480985,60.0,17.09,OK,OPTBBS_PARSE_300INDEX_QVIX,,,,False,False,1.0,True,OK,True,,,,,16.385069940124076,OK_REPLICA_ROLLING_MEDIAN_BASIS,AVIX_CLEAN_MINUS_PRIOR_252D_MEDIAN_AVIX_QVIX_SPREAD,,,50.0,,,,,,,50.0,,,,,,,,,,,,,,,,,,,,,,50.0,,,,True,True,False,False,False,False,OK,,,,,50.0,34.8,NORMAL,正常,WARN_BREADTH_MISSING|WARN_NOT_BRACKET_30D,62.0,62.0,100.0,REALIZED_VOL|DRAWDOWN|BREADTH|TURNOVER
2024-08-14,15.211921919756804,WARN_NOT_BRACKET_30D,12.72365805168986,32.46944345505822,33.250675373183554,100.0,17.34,OK,OPTBBS_PARSE_300INDEX_QVIX,,,,False,False,1.0,True,OK,True,,,,,16.52308478211836,OK_REPLICA_ROLLING_MEDIAN_BASIS,AVIX_CLEAN_MINUS_PRIOR_252D_MEDIAN_AVIX_QVIX_SPREAD,,,50.0,,,,,,,50.0,,,,,,,,,,,,,,,,,,,,,,50.0,,,,True,True,False,False,False,False,OK,,,,,50.0,41.8,CAUTION,警戒,WARN_BREADTH_MISSING|WARN_NOT_BRACKET_30D,62.0,62.0,100.0,REALIZED_VOL|DRAWDOWN|BREADTH|TURNOVER
2024-08-15,14.736081064017634,WARN_NOT_BRACKET_30D,5.566600397614314,28.093651785361224,39.981180569037235,100.0,17.1,OK,OPTBBS_PARSE_300INDEX_QVIX,,,,False,False,1.0,True,OK,True,,,,,16.04724392637919,OK_REPLICA_ROLLING_MEDIAN_BASIS,AVIX_CLEAN_MINUS_PRIOR_252D_MEDIAN_AVIX_QVIX_SPREAD,,,50.0,,,,,,,50.0,,,,,,,,,,,,,,,,,,,,,,50.0,,,,True,True,False,False,False,False,OK,,,,,50.0,39.7,NORMAL,正常,WARN_BREADTH_MISSING|WARN_NOT_BRACKET_30D,62.0,62.0,100.0,REALIZED_VOL|DRAWDOWN|BREADTH|TURNOVER
2024-08-16,14.185844059704916,WARN_NOT_BRACKET_30D,2.584493041749503,23.08052718549673,35.23770502307772,100.0,14.48,WARN_QVIX_REALTIME_PROXY,OPTBBS_PARSE_300ETF_QVIX_PROXY,,,,True,False,1.0,True,PROXY,True,,,,,15.502127266850465,OK_REPLICA_ROLLING_MEDIAN_BASIS,AVIX_CLEAN_MINUS_PRIOR_252D_MEDIAN_AVIX_QVIX_SPREAD,,,50.0,,,,,,,50.0,,,,,,,,,,,,,,,,,,,,,,50.0,,,,True,True,False,False,False,False,PROXY,,,,,50.0,37.8,NORMAL,正常,WARN_BREADTH_MISSING|WARN_NOT_BRACKET_30D|WARN_QVIX_REALTIME_PROXY,57.2,62.0,92.3,QVIX_PROXY|REALIZED_VOL|DRAWDOWN|BREADTH|TURNOVER
2024-08-19,14.093458971648568,WARN_NOT_BRACKET_30D,1.9880715705765408,22.446449899291334,39.273826534988544,100.0,14.19,WARN_QVIX_REALTIME_PROXY,OPTBBS_PARSE_300ETF_QVIX_PROXY,,,,True,False,1.0,True,PROXY,True,,,,,15.409742178794119,OK_REPLICA_ROLLING_MEDIAN_BASIS,AVIX_CLEAN_MINUS_PRIOR_252D_MEDIAN_AVIX_QVIX_SPREAD,,,50.0,,,,,,,50.0,,,,,,,,,,,,,,,,,,,,,,50.0,,,,True,True,False,False,False,False,PROXY,,,,,50.0,37.8,NORMAL,正常,WARN_BREADTH_MISSING|WARN_NOT_BRACKET_30D|WARN_QVIX_REALTIME_PROXY,57.2,62.0,92.3,QVIX_PROXY|REALIZED_VOL|DRAWDOWN|BREADTH|TURNOVER
2024-08-20,14.052376537055803,WARN_NOT_BRACKET_30D,1.9880715705765408,22.299576293113915,36.23216410583119,60.0,15.13,OK,OPTBBS_PARSE_300INDEX_QVIX,,,,False,False,1.0,True,OK,True,,,,,15.368659744201352,OK_REPLICA_ROLLING_MEDIAN_BASIS,AVIX_CLEAN_MINUS_PRIOR_252D_MEDIAN_AVIX_QVIX_SPREAD,,,50.0,,,,,,,50.0,,,,,,,,,,,,,,,,,,,,,,50.0,,,,True,True,False,False,False,False,OK,,,,,50.0,32.8,NORMAL,正常,WARN_BREADTH_MISSING|WARN_NOT_BRACKET_30D,62.0,62.0,100.0,REALIZED_VOL|DRAWDOWN|BREADTH|TURNOVER
2024-08-21,14.055761718176306,OK,2.1868787276341948,22.572925821064977,34.79928824668879,100.0,15.33,OK,OPTBBS_PARSE_300INDEX_QVIX,,,,False,False,1.0,True,OK,True,,,,,15.372044925321855,OK_REPLICA_ROLLING_MEDIAN_BASIS,AVIX_CLEAN_MINUS_PRIOR_252D_MEDIAN_AVIX_QVIX_SPREAD,,,50.0,,,,,,,50.0,,,,,,,,,,,,,,,,,,,,,,50.0,,,,True,True,False,False,False,False,OK,,,,,50.0,37.6,NORMAL,正常,WARN_BREADTH_MISSING,62.0,62.0,100.0,REALIZED_VOL|DRAWDOWN|BREADTH|TURNOVER
2024-08-22,14.019208069138712,OK,1.9880715705765408,22.465129198654758,40.27050690390983,60.0,15.5,OK,OPTBBS_PARSE_300INDEX_QVIX,,,,False,False,1.0,True,OK,True,,,,,15.335491276284262,OK_REPLICA_ROLLING_MEDIAN_BASIS,AVIX_CLEAN_MINUS_PRIOR_252D_MEDIAN_AVIX_QVIX_SPREAD,,,50.0,,,,,,,50.0,,,,,,,,,,,,,,,,,,,,,,50.0,,,,True,True,False,False,False,False,OK,,,,,50.0,33.1,NORMAL,正常,WARN_BREADTH_MISSING,62.0,62.0,100.0,REALIZED_VOL|DRAWDOWN|BREADTH|TURNOVER
2024-08-23,13.81436993806385,OK,1.3916500994035785,20.792260686298782,44.762749116970156,100.0,15.28,OK,OPTBBS_PARSE_300INDEX_QVIX,,,,False,False,1.0,True,OK,True,,,,,15.134819215119968,OK_REPLICA_ROLLING_MEDIAN_BASIS,AVIX_CLEAN_MINUS_PRIOR_252D_MEDIAN_AVIX_QVIX_SPREAD,,,50.0,,,,,,,50.0,,,,,,,,,,,,,,,,,,,,,,50.0,,,,True,True,False,False,False,False,OK,,,,,50.0,37.9,NORMAL,正常,WARN_BREADTH_MISSING,62.0,62.0,100.0,REALIZED_VOL|DRAWDOWN|BREADTH|TURNOVER
2024-08-26,13.789853850783716,OK,1.3916500994035785,20.81800287724642,45.69154568121843,60.0,15.56,OK,OPTBBS_PARSE_300INDEX_QVIX,,,,False,False,1.0,True,OK,True,,,,,15.112689863788553,OK_REPLICA_ROLLING_MEDIAN_BASIS,AVIX_CLEAN_MINUS_PRIOR_252D_MEDIAN_AVIX_QVIX_SPREAD,,,50.0,,,,,,,50.0,,,,,,,,,,,,,,,,,,,,,,50.0,,,,True,True,False,False,False,False,OK,,,,,50.0,33.2,NORMAL,正常,WARN_BREADTH_MISSING,62.0,62.0,100.0,REALIZED_VOL|DRAWDOWN|BREADTH|TURNOVER
2024-08-27,13.691719834355528,OK,1.3916500994035785,20.17167582129039,44.8669650041154,60.0,15.76,OK,OPTBBS_PARSE_300INDEX_QVIX,,,,False,False,1.0,True,OK,True,,,,,15.016312172348343,OK_REPLICA_ROLLING_MEDIAN_BASIS,AVIX_CLEAN_MINUS_PRIOR_252D_MEDIAN_AVIX_QVIX_SPREAD,,,50.0,,,,,,,50.0,,,,,,,,,,,,,,,,,,,,,,50.0,,,,True,True,False,False,False,False,OK,,,,,50.0,33.0,NORMAL,正常,WARN_BREADTH_MISSING,62.0,62.0,100.0,REALIZED_VOL|DRAWDOWN|BREADTH|TURNOVER
2024-08-28,13.808826772745192,OK,1.7892644135188867,21.527546593145324,46.486352708842695,100.0,16.17,OK,OPTBBS_PARSE_300INDEX_QVIX,,,,False,False,1.0,True,OK,True,,,,,15.136714212671613,OK_REPLICA_ROLLING_MEDIAN_BASIS,AVIX_CLEAN_MINUS_PRIOR_252D_MEDIAN_AVIX_QVIX_SPREAD,,,50.0,,,,,,,50.0,,,,,,,,,,,,,,,,,,,,,,50.0,,,,True,True,False,False,False,False,OK,,,,,50.0,38.2,NORMAL,正常,WARN_BREADTH_MISSING,62.0,62.0,100.0,REALIZED_VOL|DRAWDOWN|BREADTH|TURNOVER
2024-08-29,14.062733807005074,OK,3.3797216699801194,24.114042611932547,50.620944316564916,100.0,16.76,OK,OPTBBS_PARSE_300INDEX_QVIX,,,,False,False,1.0,True,OK,True,,,,,15.390621246931495,OK_REPLICA_ROLLING_MEDIAN_BASIS,AVIX_CLEAN_MINUS_PRIOR_252D_MEDIAN_AVIX_QVIX_SPREAD,,,50.0,,,,,,,50.0,,,,,,,,,,,,,,,,,,,,,,50.0,,,,True,True,False,False,False,False,OK,,,,,50.0,39.4,NORMAL,正常,WARN_BREADTH_MISSING,62.0,62.0,100.0,REALIZED_VOL|DRAWDOWN|BREADTH|TURNOVER
2024-08-30,13.402171287465176,OK,0.9940357852882704,18.240974455122686,44.032320656725574,100.0,15.62,OK,OPTBBS_PARSE_300INDEX_QVIX,,,,False,False,1.0,True,OK,True,,,,,14.730058727391597,OK_REPLICA_ROLLING_MEDIAN_BASIS,AVIX_CLEAN_MINUS_PRIOR_252D_MEDIAN_AVIX_QVIX_SPREAD,,,50.0,,,,,,,50.0,,,,,,,,,,,,,,,,,,,,,,50.0,,,,True,True,False,False,False,False,OK,,,,,50.0,37.4,NORMAL,正常,WARN_BREADTH_MISSING,62.0,62.0,100.0,REALIZED_VOL|DRAWDOWN|BREADTH|TURNOVER
2024-09-02,14.451984195991086,OK,6.163021868787276,28.18465532395859,59.60315246806971,100.0,17.39,OK,OPTBBS_PARSE_300INDEX_QVIX,,,,False,False,1.0,True,OK,True,,,,,15.779871635917509,OK_REPLICA_ROLLING_MEDIAN_BASIS,AVIX_CLEAN_MINUS_PRIOR_252D_MEDIAN_AVIX_QVIX_SPREAD,,,50.0,,,,,,,50.0,,,,,,,,,,,,,,,,,,,,,,50.0,,,,True,True,False,False,False,False,OK,,,,,50.0,41.4,CAUTION,警戒,WARN_BREADTH_MISSING,62.0,62.0,100.0,REALIZED_VOL|DRAWDOWN|BREADTH|TURNOVER
2024-09-03,14.204672843469742,OK,4.7713717693836974,25.993921447117472,57.49289373898967,100.0,14.48,WARN_QVIX_REALTIME_PROXY,OPTBBS_PARSE_300ETF_QVIX_PROXY,,,,True,False,1.0,True,PROXY,True,,,,,15.532560283396165,OK_REPLICA_ROLLING_MEDIAN_BASIS,AVIX_CLEAN_MINUS_PRIOR_252D_MEDIAN_AVIX_QVIX_SPREAD,,,50.0,,,,,,,50.0,,,,,,,,,,,,,,,,,,,,,,50.0,,,,True,True,False,False,False,False,PROXY,,,,,50.0,40.6,CAUTION,警戒,WARN_BREADTH_MISSING|WARN_QVIX_REALTIME_PROXY,57.2,62.0,92.3,QVIX_PROXY|REALIZED_VOL|DRAWDOWN|BREADTH|TURNOVER
2024-09-04,14.6191341596213,OK,7.75347912524851,30.034985816811236,61.736078672163956,100.0,17.76,OK,OPTBBS_PARSE_300INDEX_QVIX,,,,False,False,1.0,True,OK,True,,,,,15.947021599547721,OK_REPLICA_ROLLING_MEDIAN_BASIS,AVIX_CLEAN_MINUS_PRIOR_252D_MEDIAN_AVIX_QVIX_SPREAD,,,50.0,,,,,,,50.0,,,,,,,,,,,,,,,,,,,,,,50.0,,,,True,True,False,False,False,False,OK,,,,,50.0,42.3,CAUTION,警戒,WARN_BREADTH_MISSING,62.0,62.0,100.0,REALIZED_VOL|DRAWDOWN|BREADTH|TURNOVER
2024-09-05,14.443346070965038,OK,6.163021868787276,28.507396092514202,55.41306219947604,100.0,17.57,OK,OPTBBS_PARSE_300INDEX_QVIX,,,,False,False,1.0,True,OK,True,,,,,15.774786189959752,OK_REPLICA_ROLLING_MEDIAN_BASIS,AVIX_CLEAN_MINUS_PRIOR_252D_MEDIAN_AVIX_QVIX_SPREAD,,,50.0,,,,,,,50.0,,,,,,,,,,,,,,,,,,,,,,50.0,,,,True,True,False,False,False,False,OK,,,,,50.0,41.1,CAUTION,警戒,WARN_BREADTH_MISSING,62.0,62.0,100.0,REALIZED_VOL|DRAWDOWN|BREADTH|TURNOVER
2024-09-06,14.396992554429886,OK,6.163021868787276,28.22869189414805,64.84567307232001,100.0,17.56,OK,OPTBBS_PARSE_300INDEX_QVIX,,,,False,False,1.0,True,OK,True,,,,,15.730788686716615,OK_REPLICA_ROLLING_MEDIAN_BASIS,AVIX_CLEAN_MINUS_PRIOR_252D_MEDIAN_AVIX_QVIX_SPREAD,,,50.0,,,,,,,50.0,,,,,,,,,,,,,,,,,,,,,,50.0,,,,True,True,False,False,False,False,OK,,,,,50.0,41.9,CAUTION,警戒,WARN_BREADTH_MISSING,62.0,62.0,100.0,REALIZED_VOL|DRAWDOWN|BREADTH|TURNOVER
2024-09-09,15.91487491760048,OK,31.610337972166995,42.74919896624687,70.24484253193681,30.0,14.19,WARN_QVIX_REALTIME_PROXY,OPTBBS_PARSE_300ETF_QVIX_PROXY,,,,True,False,1.0,True,PROXY,True,,,,,17.248671049887207,OK_REPLICA_ROLLING_MEDIAN_BASIS,AVIX_CLEAN_MINUS_PRIOR_252D_MEDIAN_AVIX_QVIX_SPREAD,,,50.0,,,,,,,50.0,,,,,,,,,,,,,,,,,,,,,,50.0,,,,True,True,False,False,False,False,PROXY,,,,,50.0,43.1,CAUTION,警戒,WARN_BREADTH_MISSING|WARN_QVIX_REALTIME_PROXY,57.2,62.0,92.3,QVIX_PROXY|REALIZED_VOL|DRAWDOWN|BREADTH|TURNOVER
2024-09-10,15.870725026641214,OK,31.01391650099404,42.34521692300245,73.45780436523603,30.0,19.41,OK,OPTBBS_PARSE_300INDEX_QVIX,,,,False,False,1.0,True,OK,True,,,,,17.204521158927943,OK_REPLICA_ROLLING_MEDIAN_BASIS,AVIX_CLEAN_MINUS_PRIOR_252D_MEDIAN_AVIX_QVIX_SPREAD,,,50.0,,,,,,,50.0,,,,,,,,,,,,,,,,,,,,,,50.0,,,,True,True,False,False,False,False,OK,,,,,50.0,43.1,CAUTION,警戒,WARN_BREADTH_MISSING,62.0,62.0,100.0,REALIZED_VOL|DRAWDOWN|BREADTH|TURNOVER
2024-09-11,15.720552203230213,OK,28.031809145129227,41.03294229815056,65.06817068073812,30.0,19.67,OK,OPTBBS_PARSE_300INDEX_QVIX,,,,False,False,1.0,True,OK,True,,,,,17.05488311563482,OK_REPLICA_ROLLING_MEDIAN_BASIS,AVIX_CLEAN_MINUS_PRIOR_252D_MEDIAN_AVIX_QVIX_SPREAD,,,50.0,,,,,,,50.0,,,,,,,,,,,,,,,,,,,,,,50.0,,,,True,True,False,False,False,False,OK,,,,,50.0,41.4,CAUTION,警戒,WARN_BREADTH_MISSING,62.0,62.0,100.0,REALIZED_VOL|DRAWDOWN|BREADTH|TURNOVER
2024-09-12,14.988468376406349,OK,12.72365805168986,34.12438763823974,57.548421297432604,30.0,19.57,OK,OPTBBS_PARSE_300INDEX_QVIX,,,,False,False,1.0,True,OK,True,,,,,16.32368229916944,OK_REPLICA_ROLLING_MEDIAN_BASIS,AVIX_CLEAN_MINUS_PRIOR_252D_MEDIAN_AVIX_QVIX_SPREAD,,,50.0,,,,,,,50.0,,,,,,,,,,,,,,,,,,,,,,50.0,,,,True,True,False,False,False,False,OK,,,,,50.0,35.5,NORMAL,正常,WARN_BREADTH_MISSING,62.0,62.0,100.0,REALIZED_VOL|DRAWDOWN|BREADTH|TURNOVER
2024-09-13,14.27780697944042,OK,5.7654075546719685,27.464867196859416,48.34429899801827,30.0,19.67,OK,OPTBBS_PARSE_300INDEX_QVIX,,,,False,False,1.0,True,OK,True,,,,,15.613020902203512,OK_REPLICA_ROLLING_MEDIAN_BASIS,AVIX_CLEAN_MINUS_PRIOR_252D_MEDIAN_AVIX_QVIX_SPREAD,,,50.0,,,,,,,50.0,,,,,,,,,,,,,,,,,,,,,,50.0,,,,True,True,False,False,False,False,OK,,,,,50.0,31.9,NORMAL,正常,WARN_BREADTH_MISSING,62.0,62.0,100.0,REALIZED_VOL|DRAWDOWN|BREADTH|TURNOVER
2024-09-18,15.31846177780479,OK,19.284294234592444,37.55603569410758,42.50495975766535,30.0,19.85,OK,OPTBBS_PARSE_300INDEX_QVIX,,,,False,False,1.0,True,OK,True,,,,,16.65367570056788,OK_REPLICA_ROLLING_MEDIAN_BASIS,AVIX_CLEAN_MINUS_PRIOR_252D_MEDIAN_AVIX_QVIX_SPREAD,,,50.0,,,,,,,50.0,,,,,,,,,,,,,,,,,,,,,,50.0,,,,True,True,False,False,False,False,OK,,,,,50.0,36.7,NORMAL,正常,WARN_BREADTH_MISSING,62.0,62.0,100.0,REALIZED_VOL|DRAWDOWN|BREADTH|TURNOVER
2024-09-19,14.819816995901803,OK,10.337972166998012,32.87962511444156,36.756647488059734,30.0,19.29,OK,OPTBBS_PARSE_300INDEX_QVIX,,,,False,False,1.0,True,OK,True,,,,,16.155030918664895,OK_REPLICA_ROLLING_MEDIAN_BASIS,AVIX_CLEAN_MINUS_PRIOR_252D_MEDIAN_AVIX_QVIX_SPREAD,,,50.0,,,,,,,50.0,,,,,,,,,,,,,,,,,,,,,,50.0,,,,True,True,False,False,False,False,OK,,,,,50.0,33.0,NORMAL,正常,WARN_BREADTH_MISSING,62.0,62.0,100.0,REALIZED_VOL|DRAWDOWN|BREADTH|TURNOVER
2024-09-20,14.419439650962518,OK,6.560636182902585,29.177532111917046,33.446986652283805,30.0,18.74,OK,OPTBBS_PARSE_300INDEX_QVIX,,,,False,False,1.0,True,OK,True,,,,,15.76270673984205,OK_REPLICA_ROLLING_MEDIAN_BASIS,AVIX_CLEAN_MINUS_PRIOR_252D_MEDIAN_AVIX_QVIX_SPREAD,,,50.0,,,,,,,50.0,,,,,,,,,,,,,,,,,,,,,,50.0,,,,True,True,False,False,False,False,OK,,,,,50.0,31.2,NORMAL,正常,WARN_BREADTH_MISSING,62.0,62.0,100.0,REALIZED_VOL|DRAWDOWN|BREADTH|TURNOVER
2024-09-23,14.160377668599024,OK,4.572564612326044,26.8587924498624,38.950295827279604,30.0,14.06,WARN_QVIX_REALTIME_PROXY,OPTBBS_PARSE_300ETF_QVIX_PROXY,,,,True,False,1.0,True,PROXY,True,,,,,15.503644757478556,OK_REPLICA_ROLLING_MEDIAN_BASIS,AVIX_CLEAN_MINUS_PRIOR_252D_MEDIAN_AVIX_QVIX_SPREAD,,,50.0,,,,,,,50.0,,,,,,,,,,,,,,,,,,,,,,50.0,,,,True,True,False,False,False,False,PROXY,,,,,50.0,30.8,NORMAL,正常,WARN_BREADTH_MISSING|WARN_QVIX_REALTIME_PROXY,57.2,62.0,92.3,QVIX_PROXY|REALIZED_VOL|DRAWDOWN|BREADTH|TURNOVER
2024-09-24,17.96915804584282,OK,67.79324055666004,63.19152863618008,100.0,30.0,18.65,OK,OPTBBS_PARSE_300INDEX_QVIX,,,,False,False,1.0,True,OK,True,,,,,19.303488958247428,OK_REPLICA_ROLLING_MEDIAN_BASIS,AVIX_CLEAN_MINUS_PRIOR_252D_MEDIAN_AVIX_QVIX_SPREAD,,,50.0,,,,,,,50.0,,,,,,,,,,,,,,,,,,,,,,50.0,,,,True,True,False,False,False,False,OK,,,,,50.0,58.4,CAUTION,警戒,WARN_BREADTH_MISSING,62.0,62.0,100.0,REALIZED_VOL|DRAWDOWN|BREADTH|TURNOVER
2024-09-25,,LOW_NO_CHAIN,50.0,50.0,50.0,30.0,19.11,OK,OPTBBS_PARSE_300INDEX_QVIX,,,,False,False,1.0,True,OK,True,,,,,,OK_REPLICA_ROLLING_MEDIAN_BASIS,AVIX_CLEAN_MINUS_PRIOR_252D_MEDIAN_AVIX_QVIX_SPREAD,,,50.0,,,,,,,50.0,,,,,,,,,,,,,,,,,,,,,,50.0,,,,False,True,False,False,False,False,OK,,,,,50.0,47.6,CAUTION,警戒,LOW_NO_CHAIN,12.0,12.0,100.0,AVIX|REALIZED_VOL|DRAWDOWN|BREADTH|TURNOVER
2024-09-26,23.904664528622416,OK,99.00398406374502,100.0,100.0,30.0,24.55,OK,OPTBBS_PARSE_300INDEX_QVIX,,,,False,False,1.0,True,OK,True,,,,,25.23610464761713,OK_REPLICA_ROLLING_MEDIAN_BASIS,AVIX_CLEAN_MINUS_PRIOR_252D_MEDIAN_AVIX_QVIX_SPREAD,,,50.0,,,,,,,50.0,,,,,,,,,,,,,,,,,,,,,,50.0,,,,True,True,False,False,False,False,OK,,,,,50.0,72.3,HIGH_RISK,高风险,WARN_BREADTH_MISSING,62.0,62.0,100.0,REALIZED_VOL|DRAWDOWN|BREADTH|TURNOVER
2024-09-27,24.98365151236365,OK,99.40239043824701,100.0,100.0,30.0,24.49,OK,OPTBBS_PARSE_300INDEX_QVIX,,,,False,False,1.0,True,OK,True,,,,,26.31153895229007,OK_REPLICA_ROLLING_MEDIAN_BASIS,AVIX_CLEAN_MINUS_PRIOR_252D_MEDIAN_AVIX_QVIX_SPREAD,,,50.0,,,,,,,50.0,,,,,,,,,,,,,,,,,,,,,,50.0,,,,True,True,False,False,False,False,OK,,,,,50.0,72.4,HIGH_RISK,高风险,WARN_BREADTH_MISSING,62.0,62.0,100.0,REALIZED_VOL|DRAWDOWN|BREADTH|TURNOVER
2024-09-30,29.85078974898802,OK,100.0,100.0,100.0,30.0,23.32,OK,OPTBBS_PARSE_300INDEX_QVIX,,,,False,False,1.0,True,OK,True,,,,,31.175382086980836,OK_REPLICA_ROLLING_MEDIAN_BASIS,AVIX_CLEAN_MINUS_PRIOR_252D_MEDIAN_AVIX_QVIX_SPREAD,,,50.0,,,,,,,50.0,,,,,,,,,,,,,,,,,,,,,,50.0,,,,True,True,False,False,False,False,OK,,,,,50.0,72.6,HIGH_RISK,高风险,WARN_BREADTH_MISSING,62.0,62.0,100.0,REALIZED_VOL|DRAWDOWN|BREADTH|TURNOVER
2024-10-08,44.236046125284055,OK,100.0,100.0,100.0,30.0,26.7,OK,OPTBBS_PARSE_300INDEX_QVIX,,,,False,False,1.0,True,OK,True,,,,,45.558882138288894,OK_REPLICA_ROLLING_MEDIAN_BASIS,AVIX_CLEAN_MINUS_PRIOR_252D_MEDIAN_AVIX_QVIX_SPREAD,,,50.0,,,,,,,50.0,,,,,,,,,,,,,,,,,,,,,,50.0,,,,True,True,False,False,False,False,OK,,,,,50.0,72.6,HIGH_RISK,高风险,WARN_BREADTH_MISSING,62.0,62.0,100.0,REALIZED_VOL|DRAWDOWN|BREADTH|TURNOVER
2024-10-09,43.43956122870371,OK,99.800796812749,100.0,50.0,30.0,35.27,OK,OPTBBS_PARSE_300INDEX_QVIX,,,,False,False,1.0,True,OK,True,,,,,44.76001050575983,OK_REPLICA_ROLLING_MEDIAN_BASIS,AVIX_CLEAN_MINUS_PRIOR_252D_MEDIAN_AVIX_QVIX_SPREAD,,,50.0,,,,,,,50.0,,,,,,,,,,,,,,,,,,,,,,50.0,,,,True,True,False,False,False,False,OK,,,,,50.0,68.5,HIGH_RISK,高风险,WARN_BREADTH_MISSING,62.0,62.0,100.0,REALIZED_VOL|DRAWDOWN|BREADTH|TURNOVER
2024-10-10,37.827637361823854,OK,99.60159362549801,100.0,100.0,30.0,33.61,OK,OPTBBS_PARSE_300INDEX_QVIX,,,,False,False,1.0,True,OK,True,,,,,39.14077222709579,OK_REPLICA_ROLLING_MEDIAN_BASIS,AVIX_CLEAN_MINUS_PRIOR_252D_MEDIAN_AVIX_QVIX_SPREAD,,,50.0,,,,,,,50.0,,,,,,,,,,,,,,,,,,,,,,50.0,,,,True,True,False,False,False,False,OK,,,,,50.0,72.5,HIGH_RISK,高风险,WARN_BREADTH_MISSING,62.0,62.0,100.0,REALIZED_VOL|DRAWDOWN|BREADTH|TURNOVER
2024-10-11,41.464632871321854,OK,99.60159362549801,100.0,100.0,30.0,35.78,OK,OPTBBS_PARSE_300INDEX_QVIX,,,,False,False,1.0,True,OK,True,,,,,42.75845731738597,OK_REPLICA_ROLLING_MEDIAN_BASIS,AVIX_CLEAN_MINUS_PRIOR_252D_MEDIAN_AVIX_QVIX_SPREAD,,,50.0,,,,,,,50.0,,,,,,,,,,,,,,,,,,,,,,50.0,,,,True,True,False,False,False,False,OK,,,,,50.0,72.5,HIGH_RISK,高风险,WARN_BREADTH_MISSING,62.0,62.0,100.0,REALIZED_VOL|DRAWDOWN|BREADTH|TURNOVER
2024-10-14,34.33518106146991,WARN_NOT_BRACKET_30D,99.20318725099602,100.0,80.04537802979846,30.0,30.75,OK,OPTBBS_PARSE_300INDEX_QVIX,,,,False,False,1.0,True,OK,True,,,,,35.6121173882019,OK_REPLICA_ROLLING_MEDIAN_BASIS,AVIX_CLEAN_MINUS_PRIOR_252D_MEDIAN_AVIX_QVIX_SPREAD,,,50.0,,,,,,,50.0,,,,,,,,,,,,,,,,,,,,,,50.0,,,,True,True,False,False,False,False,OK,,,,,50.0,70.8,HIGH_RISK,高风险,WARN_BREADTH_MISSING|WARN_NOT_BRACKET_30D,62.0,62.0,100.0,REALIZED_VOL|DRAWDOWN|BREADTH|TURNOVER
2024-10-15,26.96628813906033,WARN_NOT_BRACKET_30D,98.60557768924303,97.13678600930407,0.0,30.0,24.49,OK,OPTBBS_PARSE_300INDEX_QVIX,,,,False,False,1.0,True,OK,True,,,,,28.234034957175492,OK_REPLICA_ROLLING_MEDIAN_BASIS,AVIX_CLEAN_MINUS_PRIOR_252D_MEDIAN_AVIX_QVIX_SPREAD,,,50.0,,,,,,,50.0,,,,,,,,,,,,,,,,,,,,,,50.0,,,,True,True,False,False,False,False,OK,,,,,50.0,63.8,HIGH_RISK,高风险,WARN_BREADTH_MISSING|WARN_NOT_BRACKET_30D,62.0,62.0,100.0,REALIZED_VOL|DRAWDOWN|BREADTH|TURNOVER
2024-10-16,28.050066794415923,OK,98.80478087649402,100.0,0.0,30.0,25.07,OK,OPTBBS_PARSE_300INDEX_QVIX,,,,False,False,1.0,True,OK,True,,,,,29.30556784893392,OK_REPLICA_ROLLING_MEDIAN_BASIS,AVIX_CLEAN_MINUS_PRIOR_252D_MEDIAN_AVIX_QVIX_SPREAD,,,50.0,,,,,,,50.0,,,,,,,,,,,,,,,,,,,,,,50.0,,,,True,True,False,False,False,False,OK,,,,,50.0,64.3,HIGH_RISK,高风险,WARN_BREADTH_MISSING,62.0,62.0,100.0,REALIZED_VOL|DRAWDOWN|BREADTH|TURNOVER
2024-10-17,26.974023862695752,OK,98.40637450199203,95.65194491561111,0.0,30.0,25.07,OK,OPTBBS_PARSE_300INDEX_QVIX,,,,False,False,1.0,True,OK,True,,,,,28.22334038217805,OK_REPLICA_ROLLING_MEDIAN_BASIS,AVIX_CLEAN_MINUS_PRIOR_252D_MEDIAN_AVIX_QVIX_SPREAD,,,50.0,,,,,,,50.0,,,,,,,,,,,,,,,,,,,,,,50.0,,,,True,True,False,False,False,False,OK,,,,,50.0,63.5,HIGH_RISK,高风险,WARN_BREADTH_MISSING,62.0,62.0,100.0,REALIZED_VOL|DRAWDOWN|BREADTH|TURNOVER
2024-10-18,33.579856086559325,OK,99.00398406374502,100.0,11.968664672702943,30.0,29.71,OK,OPTBBS_PARSE_300INDEX_QVIX,,,,False,False,1.0,True,OK,True,,,,,34.82476641092078,OK_REPLICA_ROLLING_MEDIAN_BASIS,AVIX_CLEAN_MINUS_PRIOR_252D_MEDIAN_AVIX_QVIX_SPREAD,,,50.0,,,,,,,50.0,,,,,,,,,,,,,,,,,,,,,,50.0,,,,True,True,False,False,False,False,OK,,,,,50.0,65.3,HIGH_RISK,高风险,WARN_BREADTH_MISSING,62.0,62.0,100.0,REALIZED_VOL|DRAWDOWN|BREADTH|TURNOVER
2024-10-21,33.824073831999385,OK,99.00398406374502,100.0,47.02283655615216,30.0,25.07,OK,OPTBBS_PARSE_300INDEX_QVIX,,,,False,False,1.0,True,OK,True,,,,,35.063253731711825,OK_REPLICA_ROLLING_MEDIAN_BASIS,AVIX_CLEAN_MINUS_PRIOR_252D_MEDIAN_AVIX_QVIX_SPREAD,,,50.0,,,,,,,50.0,,,,,,,,,,,,,,,,,,,,,,50.0,,,,True,True,False,False,False,False,OK,,,,,50.0,68.1,HIGH_RISK,高风险,WARN_BREADTH_MISSING,62.0,62.0,100.0,REALIZED_VOL|DRAWDOWN|BREADTH|TURNOVER
2024-10-22,31.499278974041367,OK,98.60557768924303,100.0,83.61968700775734,30.0,29.26,OK,OPTBBS_PARSE_300INDEX_QVIX,,,,False,False,1.0,True,OK,True,,,,,32.73473594704828,OK_REPLICA_ROLLING_MEDIAN_BASIS,AVIX_CLEAN_MINUS_PRIOR_252D_MEDIAN_AVIX_QVIX_SPREAD,,,50.0,,,,,,,50.0,,,,,,,,,,,,,,,,,,,,,,50.0,,,,True,True,False,False,False,False,OK,,,,,50.0,70.9,HIGH_RISK,高风险,WARN_BREADTH_MISSING,62.0,62.0,100.0,REALIZED_VOL|DRAWDOWN|BREADTH|TURNOVER
2024-10-23,29.359020895908174,OK,98.20717131474103,100.0,59.332983846960595,30.0,27.37,OK,OPTBBS_PARSE_300INDEX_QVIX,,,,False,False,1.0,True,OK,True,,,,,30.590348230279645,OK_REPLICA_ROLLING_MEDIAN_BASIS,AVIX_CLEAN_MINUS_PRIOR_252D_MEDIAN_AVIX_QVIX_SPREAD,,,50.0,,,,,,,50.0,,,,,,,,,,,,,,,,,,,,,,50.0,,,,True,True,False,False,False,False,OK,,,,,50.0,68.8,HIGH_RISK,高风险,WARN_BREADTH_MISSING,62.0,62.0,100.0,REALIZED_VOL|DRAWDOWN|BREADTH|TURNOVER
2024-10-24,29.09073891658368,OK,98.00796812749005,99.06424169734206,65.69447009213394,30.0,27.22,OK,OPTBBS_PARSE_300INDEX_QVIX,,,,False,False,1.0,True,OK,True,,,,,30.313968623296354,OK_REPLICA_ROLLING_MEDIAN_BASIS,AVIX_CLEAN_MINUS_PRIOR_252D_MEDIAN_AVIX_QVIX_SPREAD,,,50.0,,,,,,,50.0,,,,,,,,,,,,,,,,,,,,,,50.0,,,,True,True,False,False,False,False,OK,,,,,50.0,69.2,HIGH_RISK,高风险,WARN_BREADTH_MISSING,62.0,62.0,100.0,REALIZED_VOL|DRAWDOWN|BREADTH|TURNOVER
2024-10-25,29.45715969274231,OK,98.20717131474103,99.77973845770691,25.445419520620472,30.0,27.15,OK,OPTBBS_PARSE_300INDEX_QVIX,,,,False,False,1.0,True,OK,True,,,,,30.673662799285808,OK_REPLICA_ROLLING_MEDIAN_BASIS,AVIX_CLEAN_MINUS_PRIOR_252D_MEDIAN_AVIX_QVIX_SPREAD,,,50.0,,,,,,,50.0,,,,,,,,,,,,,,,,,,,,,,50.0,,,,True,True,False,False,False,False,OK,,,,,50.0,66.1,HIGH_RISK,高风险,WARN_BREADTH_MISSING,62.0,62.0,100.0,REALIZED_VOL|DRAWDOWN|BREADTH|TURNOVER
2024-10-28,30.839267276606503,OK,98.40637450199203,100.0,32.35099314045906,30.0,28.55,OK,OPTBBS_PARSE_300INDEX_QVIX,,,,False,False,1.0,True,OK,True,,,,,32.05405564224766,OK_REPLICA_ROLLING_MEDIAN_BASIS,AVIX_CLEAN_MINUS_PRIOR_252D_MEDIAN_AVIX_QVIX_SPREAD,,,50.0,,,,,,,50.0,,,,,,,,,,,,,,,,,,,,,,50.0,,,,True,True,False,False,False,False,OK,,,,,50.0,66.7,HIGH_RISK,高风险,WARN_BREADTH_MISSING,62.0,62.0,100.0,REALIZED_VOL|DRAWDOWN|BREADTH|TURNOVER
2024-10-29,30.269230835775645,OK,98.20717131474103,100.0,42.18999178184739,30.0,27.89,OK,OPTBBS_PARSE_300INDEX_QVIX,,,,False,False,1.0,True,OK,True,,,,,31.48298744506095,OK_REPLICA_ROLLING_MEDIAN_BASIS,AVIX_CLEAN_MINUS_PRIOR_252D_MEDIAN_AVIX_QVIX_SPREAD,,,50.0,,,,,,,50.0,,,,,,,,,,,,,,,,,,,,,,50.0,,,,True,True,False,False,False,False,OK,,,,,50.0,67.5,HIGH_RISK,高风险,WARN_BREADTH_MISSING,62.0,62.0,100.0,REALIZED_VOL|DRAWDOWN|BREADTH|TURNOVER
2024-10-30,30.87824963999773,OK,98.40637450199203,100.0,60.34931477773697,30.0,28.36,OK,OPTBBS_PARSE_300INDEX_QVIX,,,,False,False,1.0,True,OK,True,,,,,32.088842415651385,OK_REPLICA_ROLLING_MEDIAN_BASIS,AVIX_CLEAN_MINUS_PRIOR_252D_MEDIAN_AVIX_QVIX_SPREAD,,,50.0,,,,,,,50.0,,,,,,,,,,,,,,,,,,,,,,50.0,,,,True,True,False,False,False,False,OK,,,,,50.0,69.0,HIGH_RISK,高风险,WARN_BREADTH_MISSING,62.0,62.0,100.0,REALIZED_VOL|DRAWDOWN|BREADTH|TURNOVER
2024-10-31,31.749066462146647,OK,98.60557768924303,100.0,68.27610878627453,30.0,29.01,OK,OPTBBS_PARSE_300INDEX_QVIX,,,,False,False,1.0,True,OK,True,,,,,32.9506519111684,OK_REPLICA_ROLLING_MEDIAN_BASIS,AVIX_CLEAN_MINUS_PRIOR_252D_MEDIAN_AVIX_QVIX_SPREAD,,,50.0,,,,,,,50.0,,,,,,,,,,,,,,,,,,,,,,50.0,,,,True,True,False,False,False,False,OK,,,,,50.0,69.7,HIGH_RISK,高风险,WARN_BREADTH_MISSING,62.0,62.0,100.0,REALIZED_VOL|DRAWDOWN|BREADTH|TURNOVER
2024-11-01,32.290949268849694,OK,98.60557768924303,100.0,69.24007341960791,30.0,29.35,OK,OPTBBS_PARSE_300INDEX_QVIX,,,,False,False,1.0,True,OK,True,,,,,33.48343502377859,OK_REPLICA_ROLLING_MEDIAN_BASIS,AVIX_CLEAN_MINUS_PRIOR_252D_MEDIAN_AVIX_QVIX_SPREAD,,,50.0,,,,,,,50.0,,,,,,,,,,,,,,,,,,,,,,50.0,,,,True,True,False,False,False,False,OK,,,,,50.0,69.7,HIGH_RISK,高风险,WARN_BREADTH_MISSING,62.0,62.0,100.0,REALIZED_VOL|DRAWDOWN|BREADTH|TURNOVER
2024-11-04,33.970942204094456,OK,99.00398406374502,100.0,70.30965845847788,30.0,25.07,OK,OPTBBS_PARSE_300INDEX_QVIX,,,,False,False,1.0,True,OK,True,,,,,35.15585295426838,OK_REPLICA_ROLLING_MEDIAN_BASIS,AVIX_CLEAN_MINUS_PRIOR_252D_MEDIAN_AVIX_QVIX_SPREAD,,,50.0,,,,,,,50.0,,,,,,,,,,,,,,,,,,,,,,50.0,,,,True,True,False,False,False,False,OK,,,,,50.0,69.9,HIGH_RISK,高风险,WARN_BREADTH_MISSING,62.0,62.0,100.0,REALIZED_VOL|DRAWDOWN|BREADTH|TURNOVER
2024-11-05,33.60082727960126,OK,98.60557768924303,100.0,72.01308954232135,30.0,29.71,OK,OPTBBS_PARSE_300INDEX_QVIX,,,,False,False,1.0,True,OK,True,,,,,34.78573802977519,OK_REPLICA_ROLLING_MEDIAN_BASIS,AVIX_CLEAN_MINUS_PRIOR_252D_MEDIAN_AVIX_QVIX_SPREAD,,,50.0,,,,,,,50.0,,,,,,,,,,,,,,,,,,,,,,50.0,,,,True,True,False,False,False,False,OK,,,,,50.0,70.0,HIGH_RISK,高风险,WARN_BREADTH_MISSING,62.0,62.0,100.0,REALIZED_VOL|DRAWDOWN|BREADTH|TURNOVER
2024-11-06,32.16014938544602,OK,98.00796812749005,100.0,58.302930123265774,30.0,25.07,OK,OPTBBS_PARSE_300INDEX_QVIX,,,,False,False,1.0,True,OK,True,,,,,33.345060135619946,OK_REPLICA_ROLLING_MEDIAN_BASIS,AVIX_CLEAN_MINUS_PRIOR_252D_MEDIAN_AVIX_QVIX_SPREAD,,,50.0,,,,,,,50.0,,,,,,,,,,,,,,,,,,,,,,50.0,,,,True,True,False,False,False,False,OK,,,,,50.0,68.7,HIGH_RISK,高风险,WARN_BREADTH_MISSING,62.0,62.0,100.0,REALIZED_VOL|DRAWDOWN|BREADTH|TURNOVER
2024-11-07,31.67154650355192,OK,97.60956175298804,99.74930858919645,49.51167094196516,30.0,29.26,OK,OPTBBS_PARSE_300INDEX_QVIX,,,,False,False,1.0,True,OK,True,,,,,32.85645725372584,OK_REPLICA_ROLLING_MEDIAN_BASIS,AVIX_CLEAN_MINUS_PRIOR_252D_MEDIAN_AVIX_QVIX_SPREAD,,,50.0,,,,,,,50.0,,,,,,,,,,,,,,,,,,,,,,50.0,,,,True,True,False,False,False,False,OK,,,,,50.0,67.9,HIGH_RISK,高风险,WARN_BREADTH_MISSING,62.0,62.0,100.0,REALIZED_VOL|DRAWDOWN|BREADTH|TURNOVER
2024-11-08,31.048639666113093,OK,97.21115537848605,96.74204048821213,42.30552442176094,30.0,27.37,OK,OPTBBS_PARSE_300INDEX_QVIX,,,,False,False,1.0,True,OK,True,,,,,32.23355041628702,OK_REPLICA_ROLLING_MEDIAN_BASIS,AVIX_CLEAN_MINUS_PRIOR_252D_MEDIAN_AVIX_QVIX_SPREAD,,,50.0,,,,,,,50.0,,,,,,,,,,,,,,,,,,,,,,50.0,,,,True,True,False,False,False,False,OK,,,,,50.0,66.7,HIGH_RISK,高风险,WARN_BREADTH_MISSING,62.0,62.0,100.0,REALIZED_VOL|DRAWDOWN|BREADTH|TURNOVER
2024-11-11,27.414523079714133,WARN_NOT_BRACKET_30D,95.4183266932271,83.17748748246015,11.39983939809541,30.0,25.59,OK,OPTBBS_PARSE_300INDEX_QVIX,,,,False,False,1.0,True,OK,True,,,,,28.591045410862986,OK_REPLICA_ROLLING_MEDIAN_BASIS,AVIX_CLEAN_MINUS_PRIOR_252D_MEDIAN_AVIX_QVIX_SPREAD,,,50.0,,,,,,,50.0,,,,,,,,,,,,,,,,,,,,,,50.0,,,,True,True,False,False,False,False,OK,,,,,50.0,61.9,HIGH_RISK,高风险,WARN_BREADTH_MISSING|WARN_NOT_BRACKET_30D,62.0,62.0,100.0,REALIZED_VOL|DRAWDOWN|BREADTH|TURNOVER
2024-11-12,26.749202124254296,WARN_NOT_BRACKET_30D,94.62151394422311,80.48215272871647,9.217521054866886,30.0,25.24,OK,OPTBBS_PARSE_300INDEX_QVIX,,,,False,False,1.0,True,OK,True,,,,,27.919660126100585,OK_REPLICA_ROLLING_MEDIAN_BASIS,AVIX_CLEAN_MINUS_PRIOR_252D_MEDIAN_AVIX_QVIX_SPREAD,,,50.0,,,,,,,50.0,,,,,,,,,,,,,,,,,,,,,,50.0,,,,True,True,False,False,False,False,OK,,,,,50.0,61.1,HIGH_RISK,高风险,WARN_BREADTH_MISSING|WARN_NOT_BRACKET_30D,62.0,62.0,100.0,REALIZED_VOL|DRAWDOWN|BREADTH|TURNOVER
2024-11-13,25.173274425171144,WARN_NOT_BRACKET_30D,94.02390438247012,74.60715824964105,6.5494869035853185,30.0,24.64,OK,OPTBBS_PARSE_300INDEX_QVIX,,,,False,False,1.0,True,OK,True,,,,,26.33543528070485,OK_REPLICA_ROLLING_MEDIAN_BASIS,AVIX_CLEAN_MINUS_PRIOR_252D_MEDIAN_AVIX_QVIX_SPREAD,,,50.0,,,,,,,50.0,,,,,,,,,,,,,,,,,,,,,,50.0,,,,True,True,False,False,False,False,OK,,,,,50.0,59.9,CAUTION,警戒,WARN_BREADTH_MISSING|WARN_NOT_BRACKET_30D,62.0,62.0,100.0,REALIZED_VOL|DRAWDOWN|BREADTH|TURNOVER
2024-11-14,25.55034324346348,WARN_NOT_BRACKET_30D,94.02390438247012,75.754185725572,11.345725511686311,30.0,24.4,OK,OPTBBS_PARSE_300INDEX_QVIX,,,,False,False,1.0,True,OK,True,,,,,26.702675986825575,OK_REPLICA_ROLLING_MEDIAN_BASIS,AVIX_CLEAN_MINUS_PRIOR_252D_MEDIAN_AVIX_QVIX_SPREAD,,,50.0,,,,,,,50.0,,,,,,,,,,,,,,,,,,,,,,50.0,,,,True,True,False,False,False,False,OK,,,,,50.0,60.4,HIGH_RISK,高风险,WARN_BREADTH_MISSING|WARN_NOT_BRACKET_30D,62.0,62.0,100.0,REALIZED_VOL|DRAWDOWN|BREADTH|TURNOVER
2024-11-15,25.685959031731027,WARN_NOT_BRACKET_30D,94.22310756972112,76.0271244487734,15.45626029320075,30.0,24.8,OK,OPTBBS_PARSE_300INDEX_QVIX,,,,False,False,1.0,True,OK,True,,,,,26.821867898872974,OK_REPLICA_ROLLING_MEDIAN_BASIS,AVIX_CLEAN_MINUS_PRIOR_252D_MEDIAN_AVIX_QVIX_SPREAD,,,50.0,,,,,,,50.0,,,,,,,,,,,,,,,,,,,,,,50.0,,,,True,True,False,False,False,False,OK,,,,,50.0,60.9,HIGH_RISK,高风险,WARN_BREADTH_MISSING|WARN_NOT_BRACKET_30D,62.0,62.0,100.0,REALIZED_VOL|DRAWDOWN|BREADTH|TURNOVER
2024-11-18,26.23666530241524,WARN_NOT_BRACKET_30D,94.22310756972112,77.75245275540671,41.40705257666532,30.0,25.47,OK,OPTBBS_PARSE_300INDEX_QVIX,,,,False,False,1.0,True,OK,True,,,,,27.35576140025096,OK_REPLICA_ROLLING_MEDIAN_BASIS,AVIX_CLEAN_MINUS_PRIOR_252D_MEDIAN_AVIX_QVIX_SPREAD,,,50.0,,,,,,,50.0,,,,,,,,,,,,,,,,,,,,,,50.0,,,,True,True,False,False,False,False,OK,,,,,50.0,63.2,HIGH_RISK,高风险,WARN_BREADTH_MISSING|WARN_NOT_BRACKET_30D,62.0,62.0,100.0,REALIZED_VOL|DRAWDOWN|BREADTH|TURNOVER
2024-11-19,26.476806002004032,WARN_NOT_BRACKET_30D,94.42231075697211,78.35381823460799,47.9633327305619,30.0,25.54,OK,OPTBBS_PARSE_300INDEX_QVIX,,,,False,False,1.0,True,OK,True,,,,,27.58820786607743,OK_REPLICA_ROLLING_MEDIAN_BASIS,AVIX_CLEAN_MINUS_PRIOR_252D_MEDIAN_AVIX_QVIX_SPREAD,,,50.0,,,,,,,50.0,,,,,,,,,,,,,,,,,,,,,,50.0,,,,True,True,False,False,False,False,OK,,,,,50.0,63.8,HIGH_RISK,高风险,WARN_BREADTH_MISSING|WARN_NOT_BRACKET_30D,62.0,62.0,100.0,REALIZED_VOL|DRAWDOWN|BREADTH|TURNOVER
2024-11-20,24.381211280350144,OK,92.82868525896414,70.77091420101699,43.70711071239104,30.0,23.76,OK,OPTBBS_PARSE_300INDEX_QVIX,,,,False,False,1.0,True,OK,True,,,,,25.4859937408772,OK_REPLICA_ROLLING_MEDIAN_BASIS,AVIX_CLEAN_MINUS_PRIOR_252D_MEDIAN_AVIX_QVIX_SPREAD,,,50.0,,,,,,,50.0,,,,,,,,,,,,,,,,,,,,,,50.0,,,,True,True,False,False,False,False,OK,,,,,50.0,62.0,HIGH_RISK,高风险,WARN_BREADTH_MISSING,62.0,62.0,100.0,REALIZED_VOL|DRAWDOWN|BREADTH|TURNOVER
2024-11-21,23.11401543730247,OK,91.03585657370517,66.17609761146295,30.929197052690927,30.0,22.77,OK,OPTBBS_PARSE_300INDEX_QVIX,,,,False,False,1.0,True,OK,True,,,,,24.218797897829525,OK_REPLICA_ROLLING_MEDIAN_BASIS,AVIX_CLEAN_MINUS_PRIOR_252D_MEDIAN_AVIX_QVIX_SPREAD,,,50.0,,,,,,,50.0,,,,,,,,,,,,,,,,,,,,,,50.0,,,,True,True,False,False,False,False,OK,,,,,50.0,59.8,CAUTION,警戒,WARN_BREADTH_MISSING,62.0,62.0,100.0,REALIZED_VOL|DRAWDOWN|BREADTH|TURNOVER
2024-11-22,24.801902287365564,OK,93.02788844621513,71.98011719605579,43.11642019460245,30.0,23.85,OK,OPTBBS_PARSE_300INDEX_QVIX,,,,False,False,1.0,True,OK,True,,,,,25.895603162062475,OK_REPLICA_ROLLING_MEDIAN_BASIS,AVIX_CLEAN_MINUS_PRIOR_252D_MEDIAN_AVIX_QVIX_SPREAD,,,50.0,,,,,,,50.0,,,,,,,,,,,,,,,,,,,,,,50.0,,,,True,True,False,False,False,False,OK,,,,,50.0,62.2,HIGH_RISK,高风险,WARN_BREADTH_MISSING,62.0,62.0,100.0,REALIZED_VOL|DRAWDOWN|BREADTH|TURNOVER
2024-11-25,24.14910892554996,OK,92.62948207171314,69.53991655030009,34.08672479674384,30.0,23.66,OK,OPTBBS_PARSE_300INDEX_QVIX,,,,False,False,1.0,True,OK,True,,,,,25.233392646667276,OK_REPLICA_ROLLING_MEDIAN_BASIS,AVIX_CLEAN_MINUS_PRIOR_252D_MEDIAN_AVIX_QVIX_SPREAD,,,50.0,,,,,,,50.0,,,,,,,,,,,,,,,,,,,,,,50.0,,,,True,True,False,False,False,False,OK,,,,,50.0,61.0,HIGH_RISK,高风险,WARN_BREADTH_MISSING,62.0,62.0,100.0,REALIZED_VOL|DRAWDOWN|BREADTH|TURNOVER
2024-11-26,23.547750402931257,OK,91.63346613545816,67.30647302506436,27.87455481714014,30.0,23.14,OK,OPTBBS_PARSE_300INDEX_QVIX,,,,False,False,1.0,True,OK,True,,,,,24.62806275746826,OK_REPLICA_ROLLING_MEDIAN_BASIS,AVIX_CLEAN_MINUS_PRIOR_252D_MEDIAN_AVIX_QVIX_SPREAD,,,50.0,,,,,,,50.0,,,,,,,,,,,,,,,,,,,,,,50.0,,,,True,True,False,False,False,False,OK,,,,,50.0,59.9,CAUTION,警戒,WARN_BREADTH_MISSING,62.0,62.0,100.0,REALIZED_VOL|DRAWDOWN|BREADTH|TURNOVER
2024-11-27,23.5731445395655,OK,92.03187250996015,67.28090903220352,43.37139790560038,30.0,23.21,OK,OPTBBS_PARSE_300INDEX_QVIX,,,,False,False,1.0,True,OK,True,,,,,24.633027853281813,OK_REPLICA_ROLLING_MEDIAN_BASIS,AVIX_CLEAN_MINUS_PRIOR_252D_MEDIAN_AVIX_QVIX_SPREAD,,,50.0,,,,,,,50.0,,,,,,,,,,,,,,,,,,,,,,50.0,,,,True,True,False,False,False,False,OK,,,,,50.0,61.3,HIGH_RISK,高风险,WARN_BREADTH_MISSING,62.0,62.0,100.0,REALIZED_VOL|DRAWDOWN|BREADTH|TURNOVER
2024-11-28,23.655268186022685,OK,92.03187250996015,67.45111476212864,54.68332947330921,30.0,23.48,OK,OPTBBS_PARSE_300INDEX_QVIX,,,,False,False,1.0,True,OK,True,,,,,24.694172751966057,OK_REPLICA_ROLLING_MEDIAN_BASIS,AVIX_CLEAN_MINUS_PRIOR_252D_MEDIAN_AVIX_QVIX_SPREAD,,,50.0,,,,,,,50.0,,,,,,,,,,,,,,,,,,,,,,50.0,,,,True,True,False,False,False,False,OK,,,,,50.0,62.2,HIGH_RISK,高风险,WARN_BREADTH_MISSING,62.0,62.0,100.0,REALIZED_VOL|DRAWDOWN|BREADTH|TURNOVER
2024-11-29,24.20168268763428,OK,92.82868525896414,69.23240096015851,45.15989061825272,30.0,23.94,OK,OPTBBS_PARSE_300INDEX_QVIX,,,,False,False,1.0,True,OK,True,,,,,25.23709249398672,OK_REPLICA_ROLLING_MEDIAN_BASIS,AVIX_CLEAN_MINUS_PRIOR_252D_MEDIAN_AVIX_QVIX_SPREAD,,,50.0,,,,,,,50.0,,,,,,,,,,,,,,,,,,,,,,50.0,,,,True,True,False,False,False,False,OK,,,,,50.0,61.9,HIGH_RISK,高风险,WARN_BREADTH_MISSING,62.0,62.0,100.0,REALIZED_VOL|DRAWDOWN|BREADTH|TURNOVER
2024-12-02,25.48413961012581,OK,93.62549800796812,73.54013635319993,61.056562697130175,30.0,24.87,OK,OPTBBS_PARSE_300INDEX_QVIX,,,,False,False,1.0,True,OK,True,,,,,26.51954941647825,OK_REPLICA_ROLLING_MEDIAN_BASIS,AVIX_CLEAN_MINUS_PRIOR_252D_MEDIAN_AVIX_QVIX_SPREAD,,,50.0,,,,,,,50.0,,,,,,,,,,,,,,,,,,,,,,50.0,,,,True,True,False,False,False,False,OK,,,,,50.0,64.0,HIGH_RISK,高风险,WARN_BREADTH_MISSING,62.0,62.0,100.0,REALIZED_VOL|DRAWDOWN|BREADTH|TURNOVER
2024-12-03,25.70686812206049,OK,94.02390438247012,74.12276473854621,68.33820795773735,30.0,25.04,OK,OPTBBS_PARSE_300INDEX_QVIX,,,,False,False,1.0,True,OK,True,,,,,26.74133942220564,OK_REPLICA_ROLLING_MEDIAN_BASIS,AVIX_CLEAN_MINUS_PRIOR_252D_MEDIAN_AVIX_QVIX_SPREAD,,,50.0,,,,,,,50.0,,,,,,,,,,,,,,,,,,,,,,50.0,,,,True,True,False,False,False,False,OK,,,,,50.0,64.8,HIGH_RISK,高风险,WARN_BREADTH_MISSING,62.0,62.0,100.0,REALIZED_VOL|DRAWDOWN|BREADTH|TURNOVER
2024-12-04,25.44369083835911,OK,93.22709163346613,73.02025231480322,65.87014660393788,30.0,24.86,OK,OPTBBS_PARSE_300INDEX_QVIX,,,,False,False,1.0,True,OK,True,,,,,26.477038635815312,OK_REPLICA_ROLLING_MEDIAN_BASIS,AVIX_CLEAN_MINUS_PRIOR_252D_MEDIAN_AVIX_QVIX_SPREAD,,,50.0,,,,,,,50.0,,,,,,,,,,,,,,,,,,,,,,50.0,,,,True,True,False,False,False,False,OK,,,,,50.0,64.2,HIGH_RISK,高风险,WARN_BREADTH_MISSING,62.0,62.0,100.0,REALIZED_VOL|DRAWDOWN|BREADTH|TURNOVER
2024-12-05,24.829905278064285,OK,92.62948207171314,70.7223994295865,59.93129380571269,30.0,24.37,OK,OPTBBS_PARSE_300INDEX_QVIX,,,,False,False,1.0,True,OK,True,,,,,25.85972497647887,OK_REPLICA_ROLLING_MEDIAN_BASIS,AVIX_CLEAN_MINUS_PRIOR_252D_MEDIAN_AVIX_QVIX_SPREAD,,,50.0,,,,,,,50.0,,,,,,,,,,,,,,,,,,,,,,50.0,,,,True,True,False,False,False,False,OK,,,,,50.0,63.2,HIGH_RISK,高风险,WARN_BREADTH_MISSING,62.0,62.0,100.0,REALIZED_VOL|DRAWDOWN|BREADTH|TURNOVER
2024-12-06,25.092992775356148,OK,92.82868525896414,71.4680465424097,57.36568691711077,30.0,24.48,OK,OPTBBS_PARSE_300INDEX_QVIX,,,,False,False,1.0,True,OK,True,,,,,26.113641208988795,OK_REPLICA_ROLLING_MEDIAN_BASIS,AVIX_CLEAN_MINUS_PRIOR_252D_MEDIAN_AVIX_QVIX_SPREAD,,,50.0,,,,,,,50.0,,,,,,,,,,,,,,,,,,,,,,50.0,,,,True,True,False,False,False,False,OK,,,,,50.0,63.2,HIGH_RISK,高风险,WARN_BREADTH_MISSING,62.0,62.0,100.0,REALIZED_VOL|DRAWDOWN|BREADTH|TURNOVER
2024-12-09,25.31507265697293,OK,93.02788844621513,72.06270134636236,48.67315941805859,30.0,24.62,OK,OPTBBS_PARSE_300INDEX_QVIX,,,,False,False,1.0,True,OK,True,,,,,26.328352590341986,OK_REPLICA_ROLLING_MEDIAN_BASIS,AVIX_CLEAN_MINUS_PRIOR_252D_MEDIAN_AVIX_QVIX_SPREAD,,,50.0,,,,,,,50.0,,,,,,,,,,,,,,,,,,,,,,50.0,,,,True,True,False,False,False,False,OK,,,,,50.0,62.6,HIGH_RISK,高风险,WARN_BREADTH_MISSING,62.0,62.0,100.0,REALIZED_VOL|DRAWDOWN|BREADTH|TURNOVER
2024-12-10,25.738532877182823,OK,94.02390438247012,73.3391641956413,50.24635249204206,30.0,24.85,OK,OPTBBS_PARSE_300INDEX_QVIX,,,,False,False,1.0,True,OK,True,,,,,26.7502714654972,OK_REPLICA_ROLLING_MEDIAN_BASIS,AVIX_CLEAN_MINUS_PRIOR_252D_MEDIAN_AVIX_QVIX_SPREAD,,,50.0,,,,,,,50.0,,,,,,,,,,,,,,,,,,,,,,50.0,,,,True,True,False,False,False,False,OK,,,,,50.0,63.2,HIGH_RISK,高风险,WARN_BREADTH_MISSING,62.0,62.0,100.0,REALIZED_VOL|DRAWDOWN|BREADTH|TURNOVER
2024-12-11,25.33106544271843,OK,92.82868525896414,71.76049113047324,49.11470866112799,30.0,24.62,OK,OPTBBS_PARSE_300INDEX_QVIX,,,,False,False,1.0,True,OK,True,,,,,26.33161758866475,OK_REPLICA_ROLLING_MEDIAN_BASIS,AVIX_CLEAN_MINUS_PRIOR_252D_MEDIAN_AVIX_QVIX_SPREAD,,,50.0,,,,,,,50.0,,,,,,,,,,,,,,,,,,,,,,50.0,,,,True,True,False,False,False,False,OK,,,,,50.0,62.6,HIGH_RISK,高风险,WARN_BREADTH_MISSING,62.0,62.0,100.0,REALIZED_VOL|DRAWDOWN|BREADTH|TURNOVER
2024-12-12,25.89433310294613,OK,94.02390438247012,73.51369583443943,58.57375662904527,30.0,25.12,OK,OPTBBS_PARSE_300INDEX_QVIX,,,,False,False,1.0,True,OK,True,,,,,26.879980645214683,OK_REPLICA_ROLLING_MEDIAN_BASIS,AVIX_CLEAN_MINUS_PRIOR_252D_MEDIAN_AVIX_QVIX_SPREAD,,,50.0,,,,,,,50.0,,,,,,,,,,,,,,,,,,,,,,50.0,,,,True,True,False,False,False,False,OK,,,,,50.0,63.9,HIGH_RISK,高风险,WARN_BREADTH_MISSING,62.0,62.0,100.0,REALIZED_VOL|DRAWDOWN|BREADTH|TURNOVER
2024-12-13,23.886411080850024,OK,90.2390438247012,66.47539645854002,40.3831184641227,30.0,23.75,OK,OPTBBS_PARSE_300INDEX_QVIX,,,,False,False,1.0,True,OK,True,,,,,24.855583556969933,OK_REPLICA_ROLLING_MEDIAN_BASIS,AVIX_CLEAN_MINUS_PRIOR_252D_MEDIAN_AVIX_QVIX_SPREAD,,,50.0,,,,,,,50.0,,,,,,,,,,,,,,,,,,,,,,50.0,,,,True,True,False,False,False,False,OK,,,,,50.0,60.4,HIGH_RISK,高风险,WARN_BREADTH_MISSING,62.0,62.0,100.0,REALIZED_VOL|DRAWDOWN|BREADTH|TURNOVER
2024-12-16,22.45981485785328,WARN_NOT_BRACKET_30D,88.24701195219123,61.47162081095401,27.44223105491914,30.0,22.62,OK,OPTBBS_PARSE_300INDEX_QVIX,,,,False,False,1.0,True,OK,True,,,,,23.413328716317025,OK_REPLICA_ROLLING_MEDIAN_BASIS,AVIX_CLEAN_MINUS_PRIOR_252D_MEDIAN_AVIX_QVIX_SPREAD,,,50.0,,,,,,,50.0,,,,,,,,,,,,,,,,,,,,,,50.0,,,,True,True,False,False,False,False,OK,,,,,50.0,58.1,CAUTION,警戒,WARN_BREADTH_MISSING|WARN_NOT_BRACKET_30D,62.0,62.0,100.0,REALIZED_VOL|DRAWDOWN|BREADTH|TURNOVER
2024-12-17,23.063665842179866,WARN_NOT_BRACKET_30D,89.2430278884462,63.44576505199271,29.21507765989084,30.0,23.13,OK,OPTBBS_PARSE_300INDEX_QVIX,,,,False,False,1.0,True,OK,True,,,,,24.00986414527667,OK_REPLICA_ROLLING_MEDIAN_BASIS,AVIX_CLEAN_MINUS_PRIOR_252D_MEDIAN_AVIX_QVIX_SPREAD,,,50.0,,,,,,,50.0,,,,,,,,,,,,,,,,,,,,,,50.0,,,,True,True,False,False,False,False,OK,,,,,50.0,58.8,CAUTION,警戒,WARN_BREADTH_MISSING|WARN_NOT_BRACKET_30D,62.0,62.0,100.0,REALIZED_VOL|DRAWDOWN|BREADTH|TURNOVER
2024-12-18,22.065821872415988,OK,86.65338645418326,59.933633530853655,24.219453361042454,30.0,22.05,OK,OPTBBS_PARSE_300INDEX_QVIX,,,,False,False,1.0,True,OK,True,,,,,23.006947685031275,OK_REPLICA_ROLLING_MEDIAN_BASIS,AVIX_CLEAN_MINUS_PRIOR_252D_MEDIAN_AVIX_QVIX_SPREAD,,,50.0,,,,,,,50.0,,,,,,,,,,,,,,,,,,,,,,50.0,,,,True,True,False,False,False,False,OK,,,,,50.0,57.2,CAUTION,警戒,WARN_BREADTH_MISSING,62.0,62.0,100.0,REALIZED_VOL|DRAWDOWN|BREADTH|TURNOVER
2024-12-19,22.333960196184247,OK,87.05179282868527,60.795497423660805,22.500756110557617,30.0,22.28,OK,OPTBBS_PARSE_300INDEX_QVIX,,,,False,False,1.0,True,OK,True,,,,,23.273045011060958,OK_REPLICA_ROLLING_MEDIAN_BASIS,AVIX_CLEAN_MINUS_PRIOR_252D_MEDIAN_AVIX_QVIX_SPREAD,,,50.0,,,,,,,50.0,,,,,,,,,,,,,,,,,,,,,,50.0,,,,True,True,False,False,False,False,OK,,,,,50.0,57.3,CAUTION,警戒,WARN_BREADTH_MISSING,62.0,62.0,100.0,REALIZED_VOL|DRAWDOWN|BREADTH|TURNOVER
2024-12-20,21.47496673077134,OK,85.85657370517929,57.785486901905536,29.809069333048832,30.0,21.57,OK,OPTBBS_PARSE_300INDEX_QVIX,,,,False,False,1.0,True,OK,True,,,,,22.411415431333253,OK_REPLICA_ROLLING_MEDIAN_BASIS,AVIX_CLEAN_MINUS_PRIOR_252D_MEDIAN_AVIX_QVIX_SPREAD,,,50.0,,,,,,,50.0,,,,,,,,,,,,,,,,,,,,,,50.0,,,,True,True,False,False,False,False,OK,,,,,50.0,57.1,CAUTION,警戒,WARN_BREADTH_MISSING,62.0,62.0,100.0,REALIZED_VOL|DRAWDOWN|BREADTH|TURNOVER
2024-12-23,21.11333847887889,OK,85.4581673306773,56.4940044495276,38.009906693388594,30.0,21.44,OK,OPTBBS_PARSE_300INDEX_QVIX,,,,False,False,1.0,True,OK,True,,,,,22.0419256912231,OK_REPLICA_ROLLING_MEDIAN_BASIS,AVIX_CLEAN_MINUS_PRIOR_252D_MEDIAN_AVIX_QVIX_SPREAD,,,50.0,,,,,,,50.0,,,,,,,,,,,,,,,,,,,,,,50.0,,,,True,True,False,False,False,False,OK,,,,,50.0,57.5,CAUTION,警戒,WARN_BREADTH_MISSING,62.0,62.0,100.0,REALIZED_VOL|DRAWDOWN|BREADTH|TURNOVER
2024-12-24,20.91679141858008,OK,85.2589641434263,55.771660951169515,31.38305993253261,30.0,21.26,OK,OPTBBS_PARSE_300INDEX_QVIX,,,,False,False,1.0,True,OK,True,,,,,21.83728493880266,OK_REPLICA_ROLLING_MEDIAN_BASIS,AVIX_CLEAN_MINUS_PRIOR_252D_MEDIAN_AVIX_QVIX_SPREAD,,,50.0,,,,,,,50.0,,,,,,,,,,,,,,,,,,,,,,50.0,,,,True,True,False,False,False,False,OK,,,,,50.0,56.8,CAUTION,警戒,WARN_BREADTH_MISSING,62.0,62.0,100.0,REALIZED_VOL|DRAWDOWN|BREADTH|TURNOVER
2024-12-25,20.693813629017168,OK,84.4621513944223,54.96379673943901,37.56440388822373,30.0,21.07,OK,OPTBBS_PARSE_300INDEX_QVIX,,,,False,False,1.0,True,OK,True,,,,,21.603804415338438,OK_REPLICA_ROLLING_MEDIAN_BASIS,AVIX_CLEAN_MINUS_PRIOR_252D_MEDIAN_AVIX_QVIX_SPREAD,,,50.0,,,,,,,50.0,,,,,,,,,,,,,,,,,,,,,,50.0,,,,True,True,False,False,False,False,OK,,,,,50.0,56.9,CAUTION,警戒,WARN_BREADTH_MISSING,62.0,62.0,100.0,REALIZED_VOL|DRAWDOWN|BREADTH|TURNOVER
2024-12-26,19.815878514469883,OK,80.2788844621514,51.90944813086523,27.450647716793398,30.0,20.46,OK,OPTBBS_PARSE_300INDEX_QVIX,,,,False,False,1.0,True,OK,True,,,,,20.715663620839603,OK_REPLICA_ROLLING_MEDIAN_BASIS,AVIX_CLEAN_MINUS_PRIOR_252D_MEDIAN_AVIX_QVIX_SPREAD,,,50.0,,,,,,,50.0,,,,,,,,,,,,,,,,,,,,,,50.0,,,,True,True,False,False,False,False,OK,,,,,50.0,54.5,CAUTION,警戒,WARN_BREADTH_MISSING,62.0,62.0,100.0,REALIZED_VOL|DRAWDOWN|BREADTH|TURNOVER
2024-12-27,19.256951896313367,OK,76.69322709163346,49.967847033745066,29.343252427210587,30.0,20.13,OK,OPTBBS_PARSE_300INDEX_QVIX,,,,False,False,1.0,True,OK,True,,,,,20.148068014084313,OK_REPLICA_ROLLING_MEDIAN_BASIS,AVIX_CLEAN_MINUS_PRIOR_252D_MEDIAN_AVIX_QVIX_SPREAD,,,50.0,,,,,,,50.0,,,,,,,,,,,,,,,,,,,,,,50.0,,,,True,True,False,False,False,False,OK,,,,,50.0,53.4,CAUTION,警戒,WARN_BREADTH_MISSING,62.0,62.0,100.0,REALIZED_VOL|DRAWDOWN|BREADTH|TURNOVER
2024-12-30,19.07407694393876,OK,75.2988047808765,49.32272256770114,30.682718301701616,30.0,20.06,OK,OPTBBS_PARSE_300INDEX_QVIX,,,,False,False,1.0,True,OK,True,,,,,19.965193061709705,OK_REPLICA_ROLLING_MEDIAN_BASIS,AVIX_CLEAN_MINUS_PRIOR_252D_MEDIAN_AVIX_QVIX_SPREAD,,,50.0,,,,,,,50.0,,,,,,,,,,,,,,,,,,,,,,50.0,,,,True,True,False,False,False,False,OK,,,,,50.0,53.0,CAUTION,警戒,WARN_BREADTH_MISSING,62.0,62.0,100.0,REALIZED_VOL|DRAWDOWN|BREADTH|TURNOVER
2024-12-31,18.96919680132321,OK,74.30278884462152,48.94669281211469,31.37769241675519,30.0,20.03,OK,OPTBBS_PARSE_300INDEX_QVIX,,,,False,False,1.0,True,OK,True,,,,,19.86898190769293,OK_REPLICA_ROLLING_MEDIAN_BASIS,AVIX_CLEAN_MINUS_PRIOR_252D_MEDIAN_AVIX_QVIX_SPREAD,,,50.0,,,,,,,50.0,,,,,,,,,,,,,,,,,,,,,,50.0,,,,True,True,False,False,False,False,OK,,,,,50.0,52.8,CAUTION,警戒,WARN_BREADTH_MISSING,62.0,62.0,100.0,REALIZED_VOL|DRAWDOWN|BREADTH|TURNOVER
2025-01-02,20.70670716022377,OK,85.4581673306773,54.88559146338999,50.12461242222188,100.0,21.74,OK,OPTBBS_PARSE_300INDEX_QVIX,,,,False,False,1.0,True,OK,True,,,,,21.616697946545038,OK_REPLICA_ROLLING_MEDIAN_BASIS,AVIX_CLEAN_MINUS_PRIOR_252D_MEDIAN_AVIX_QVIX_SPREAD,,,50.0,,,,,,,50.0,,,,,,,,,,,,,,,,,,,,,,50.0,,,,True,True,False,False,False,False,OK,,,,,50.0,66.6,HIGH_RISK,高风险,WARN_BREADTH_MISSING,62.0,62.0,100.0,REALIZED_VOL|DRAWDOWN|BREADTH|TURNOVER
2025-01-03,20.88223456603308,OK,86.05577689243027,55.45160616148261,60.762642199128614,60.0,21.74,OK,OPTBBS_PARSE_300INDEX_QVIX,,,,False,False,1.0,True,OK,True,,,,,21.802728086255662,OK_REPLICA_ROLLING_MEDIAN_BASIS,AVIX_CLEAN_MINUS_PRIOR_252D_MEDIAN_AVIX_QVIX_SPREAD,,,50.0,,,,,,,50.0,,,,,,,,,,,,,,,,,,,,,,50.0,,,,True,True,False,False,False,False,OK,,,,,50.0,62.9,HIGH_RISK,高风险,WARN_BREADTH_MISSING,62.0,62.0,100.0,REALIZED_VOL|DRAWDOWN|BREADTH|TURNOVER
2025-01-06,22.54204570631753,OK,88.84462151394422,61.10554884279871,84.11852330205045,30.0,22.62,OK,OPTBBS_PARSE_300INDEX_QVIX,,,,False,False,1.0,True,OK,True,,,,,23.46253922654011,OK_REPLICA_ROLLING_MEDIAN_BASIS,AVIX_CLEAN_MINUS_PRIOR_252D_MEDIAN_AVIX_QVIX_SPREAD,,,50.0,,,,,,,50.0,,,,,,,,,,,,,,,,,,,,,,50.0,,,,True,True,False,False,False,False,OK,,,,,50.0,62.8,HIGH_RISK,高风险,WARN_BREADTH_MISSING,62.0,62.0,100.0,REALIZED_VOL|DRAWDOWN|BREADTH|TURNOVER
2025-01-07,19.923203555482004,OK,82.07171314741036,52.07453731649336,58.903462160071385,30.0,21.17,OK,OPTBBS_PARSE_300INDEX_QVIX,,,,False,False,1.0,True,OK,True,,,,,20.83319434180327,OK_REPLICA_ROLLING_MEDIAN_BASIS,AVIX_CLEAN_MINUS_PRIOR_252D_MEDIAN_AVIX_QVIX_SPREAD,,,50.0,,,,,,,50.0,,,,,,,,,,,,,,,,,,,,,,50.0,,,,True,True,False,False,False,False,OK,,,,,50.0,57.6,CAUTION,警戒,WARN_BREADTH_MISSING,62.0,62.0,100.0,REALIZED_VOL|DRAWDOWN|BREADTH|TURNOVER
2025-01-08,19.09833608126044,OK,75.89641434262948,49.21330881849353,51.361568244452194,30.0,20.66,OK,OPTBBS_PARSE_300INDEX_QVIX,,,,False,False,1.0,True,OK,True,,,,,20.008326867581708,OK_REPLICA_ROLLING_MEDIAN_BASIS,AVIX_CLEAN_MINUS_PRIOR_252D_MEDIAN_AVIX_QVIX_SPREAD,,,50.0,,,,,,,50.0,,,,,,,,,,,,,,,,,,,,,,50.0,,,,True,True,False,False,False,False,OK,,,,,50.0,54.8,CAUTION,警戒,WARN_BREADTH_MISSING,62.0,62.0,100.0,REALIZED_VOL|DRAWDOWN|BREADTH|TURNOVER
2025-01-09,18.96716645420605,OK,74.30278884462152,48.73710342732404,33.19828746736457,30.0,20.37,OK,OPTBBS_PARSE_300INDEX_QVIX,,,,False,False,1.0,True,OK,True,,,,,19.877157240527318,OK_REPLICA_ROLLING_MEDIAN_BASIS,AVIX_CLEAN_MINUS_PRIOR_252D_MEDIAN_AVIX_QVIX_SPREAD,,,50.0,,,,,,,50.0,,,,,,,,,,,,,,,,,,,,,,50.0,,,,True,True,False,False,False,False,OK,,,,,50.0,52.9,CAUTION,警戒,WARN_BREADTH_MISSING,62.0,62.0,100.0,REALIZED_VOL|DRAWDOWN|BREADTH|TURNOVER
2025-01-10,19.38648577131202,OK,78.48605577689243,50.15459201209623,35.674437378899704,30.0,20.37,OK,OPTBBS_PARSE_300INDEX_QVIX,,,,False,False,1.0,True,OK,True,,,,,20.29647655763329,OK_REPLICA_ROLLING_MEDIAN_BASIS,AVIX_CLEAN_MINUS_PRIOR_252D_MEDIAN_AVIX_QVIX_SPREAD,,,50.0,,,,,,,50.0,,,,,,,,,,,,,,,,,,,,,,50.0,,,,True,True,False,False,False,False,OK,,,,,50.0,54.5,CAUTION,警戒,WARN_BREADTH_MISSING,62.0,62.0,100.0,REALIZED_VOL|DRAWDOWN|BREADTH|TURNOVER
2025-01-13,19.40745347320972,WARN_NOT_BRACKET_30D,78.68525896414343,50.20473690900196,22.188928423392174,30.0,21.27,OK,OPTBBS_PARSE_300INDEX_QVIX,,,,False,False,1.0,True,OK,True,,,,,20.317444259530987,OK_REPLICA_ROLLING_MEDIAN_BASIS,AVIX_CLEAN_MINUS_PRIOR_252D_MEDIAN_AVIX_QVIX_SPREAD,,,50.0,,,,,,,50.0,,,,,,,,,,,,,,,,,,,,,,50.0,,,,True,True,False,False,False,False,OK,,,,,50.0,53.4,CAUTION,警戒,WARN_BREADTH_MISSING|WARN_NOT_BRACKET_30D,62.0,62.0,100.0,REALIZED_VOL|DRAWDOWN|BREADTH|TURNOVER
2025-01-14,20.41327431390036,WARN_NOT_BRACKET_30D,84.06374501992032,53.62362471280691,54.919597965795084,30.0,21.69,OK,OPTBBS_PARSE_300INDEX_QVIX,,,,False,False,1.0,True,OK,True,,,,,21.323265100221626,OK_REPLICA_ROLLING_MEDIAN_BASIS,AVIX_CLEAN_MINUS_PRIOR_252D_MEDIAN_AVIX_QVIX_SPREAD,,,50.0,,,,,,,50.0,,,,,,,,,,,,,,,,,,,,,,50.0,,,,True,True,False,False,False,False,OK,,,,,50.0,58.0,CAUTION,警戒,WARN_BREADTH_MISSING|WARN_NOT_BRACKET_30D,62.0,62.0,100.0,REALIZED_VOL|DRAWDOWN|BREADTH|TURNOVER
2025-01-15,19.76230713708461,WARN_NOT_BRACKET_30D,80.47808764940238,51.340853424672765,56.95318223534316,30.0,21.69,OK,OPTBBS_PARSE_300INDEX_QVIX,,,,False,False,1.0,True,OK,True,,,,,20.67229792340588,OK_REPLICA_ROLLING_MEDIAN_BASIS,AVIX_CLEAN_MINUS_PRIOR_252D_MEDIAN_AVIX_QVIX_SPREAD,,,50.0,,,,,,,50.0,,,,,,,,,,,,,,,,,,,,,,50.0,,,,True,True,False,False,False,False,OK,,,,,50.0,56.9,CAUTION,警戒,WARN_BREADTH_MISSING|WARN_NOT_BRACKET_30D,62.0,62.0,100.0,REALIZED_VOL|DRAWDOWN|BREADTH|TURNOVER
2025-01-16,19.74974934777382,WARN_NOT_BRACKET_30D,80.0796812749004,51.26150160181254,58.25197475286803,30.0,21.18,OK,OPTBBS_PARSE_300INDEX_QVIX,,,,False,False,1.0,True,OK,True,,,,,20.659740134095088,OK_REPLICA_ROLLING_MEDIAN_BASIS,AVIX_CLEAN_MINUS_PRIOR_252D_MEDIAN_AVIX_QVIX_SPREAD,,,50.0,,,,,,,50.0,,,,,,,,,,,,,,,,,,,,,,50.0,,,,True,True,False,False,False,False,OK,,,,,50.0,56.9,CAUTION,警戒,WARN_BREADTH_MISSING|WARN_NOT_BRACKET_30D,62.0,62.0,100.0,REALIZED_VOL|DRAWDOWN|BREADTH|TURNOVER
2025-01-17,20.427859544979555,WARN_NOT_BRACKET_30D,84.06374501992032,53.55030753001225,60.743295984139145,30.0,21.5,OK,OPTBBS_PARSE_300INDEX_QVIX,,,,False,False,1.0,True,OK,True,,,,,21.33785033130082,OK_REPLICA_ROLLING_MEDIAN_BASIS,AVIX_CLEAN_MINUS_PRIOR_252D_MEDIAN_AVIX_QVIX_SPREAD,,,50.0,,,,,,,50.0,,,,,,,,,,,,,,,,,,,,,,50.0,,,,True,True,False,False,False,False,OK,,,,,50.0,58.5,CAUTION,警戒,WARN_BREADTH_MISSING|WARN_NOT_BRACKET_30D,62.0,62.0,100.0,REALIZED_VOL|DRAWDOWN|BREADTH|TURNOVER
2025-01-20,20.084925927591986,WARN_NOT_BRACKET_30D,82.47011952191235,52.330620853185685,56.981569790363864,30.0,20.02,WARN_QVIX_REALTIME_PROXY,OPTBBS_PARSE_300ETF_QVIX_PROXY,,,,True,False,1.0,True,PROXY,True,,,,,20.994916713913256,OK_REPLICA_ROLLING_MEDIAN_BASIS,AVIX_CLEAN_MINUS_PRIOR_252D_MEDIAN_AVIX_QVIX_SPREAD,,,50.0,,,,,,,50.0,,,,,,,,,,,,,,,,,,,,,,50.0,,,,True,True,False,False,False,False,PROXY,,,,,50.0,57.6,CAUTION,警戒,WARN_BREADTH_MISSING|WARN_NOT_BRACKET_30D|WARN_QVIX_REALTIME_PROXY,57.2,62.0,92.3,QVIX_PROXY|REALIZED_VOL|DRAWDOWN|BREADTH|TURNOVER
2025-01-21,19.321463939909904,WARN_NOT_BRACKET_30D,77.09163346613546,49.67339080050193,39.30293732204451,30.0,20.38,OK,OPTBBS_PARSE_300INDEX_QVIX,,,,False,False,1.0,True,OK,True,,,,,20.221249046279624,OK_REPLICA_ROLLING_MEDIAN_BASIS,AVIX_CLEAN_MINUS_PRIOR_252D_MEDIAN_AVIX_QVIX_SPREAD,,,50.0,,,,,,,50.0,,,,,,,,,,,,,,,,,,,,,,50.0,,,,True,True,False,False,False,False,OK,,,,,50.0,54.3,CAUTION,警戒,WARN_BREADTH_MISSING|WARN_NOT_BRACKET_30D,62.0,62.0,100.0,REALIZED_VOL|DRAWDOWN|BREADTH|TURNOVER
2025-01-22,19.69976114583788,OK,79.4820717131474,50.990803125066826,49.36701731419446,30.0,20.92,OK,OPTBBS_PARSE_300INDEX_QVIX,,,,False,False,1.0,True,OK,True,,,,,20.5995462522076,OK_REPLICA_ROLLING_MEDIAN_BASIS,AVIX_CLEAN_MINUS_PRIOR_252D_MEDIAN_AVIX_QVIX_SPREAD,,,50.0,,,,,,,50.0,,,,,,,,,,,,,,,,,,,,,,50.0,,,,True,True,False,False,False,False,OK,,,,,50.0,55.9,CAUTION,警戒,WARN_BREADTH_MISSING,62.0,62.0,100.0,REALIZED_VOL|DRAWDOWN|BREADTH|TURNOVER
2025-01-23,19.924948633038515,OK,81.67330677290838,51.7522305514584,51.77419249408794,30.0,20.93,OK,OPTBBS_PARSE_300INDEX_QVIX,,,,False,False,1.0,True,OK,True,,,,,20.834939419359785,OK_REPLICA_ROLLING_MEDIAN_BASIS,AVIX_CLEAN_MINUS_PRIOR_252D_MEDIAN_AVIX_QVIX_SPREAD,,,50.0,,,,,,,50.0,,,,,,,,,,,,,,,,,,,,,,50.0,,,,True,True,False,False,False,False,OK,,,,,50.0,56.9,CAUTION,警戒,WARN_BREADTH_MISSING,62.0,62.0,100.0,REALIZED_VOL|DRAWDOWN|BREADTH|TURNOVER
2025-01-24,19.733380082407017,OK,79.4820717131474,51.08271569727804,43.20066342689128,30.0,20.64,OK,OPTBBS_PARSE_300INDEX_QVIX,,,,False,False,1.0,True,OK,True,,,,,20.653873602629595,OK_REPLICA_ROLLING_MEDIAN_BASIS,AVIX_CLEAN_MINUS_PRIOR_252D_MEDIAN_AVIX_QVIX_SPREAD,,,50.0,,,,,,,50.0,,,,,,,,,,,,,,,,,,,,,,50.0,,,,True,True,False,False,False,False,OK,,,,,50.0,55.5,CAUTION,警戒,WARN_BREADTH_MISSING,62.0,62.0,100.0,REALIZED_VOL|DRAWDOWN|BREADTH|TURNOVER
2025-01-27,19.54788492033772,OK,78.28685258964143,50.43276195772438,44.65229785571181,30.0,20.13,OK,OPTBBS_PARSE_300INDEX_QVIX,,,,False,False,1.0,True,OK,True,,,,,20.4683784405603,OK_REPLICA_ROLLING_MEDIAN_BASIS,AVIX_CLEAN_MINUS_PRIOR_252D_MEDIAN_AVIX_QVIX_SPREAD,,,50.0,,,,,,,50.0,,,,,,,,,,,,,,,,,,,,,,50.0,,,,True,True,False,False,False,False,OK,,,,,50.0,55.2,CAUTION,警戒,WARN_BREADTH_MISSING,62.0,62.0,100.0,REALIZED_VOL|DRAWDOWN|BREADTH|TURNOVER
2025-02-05,20.10075627119757,OK,82.66932270916335,52.31862809949754,58.06659716583877,30.0,21.0,OK,OPTBBS_PARSE_300INDEX_QVIX,,,,False,False,1.0,True,OK,True,,,,,21.021249791420153,OK_REPLICA_ROLLING_MEDIAN_BASIS,AVIX_CLEAN_MINUS_PRIOR_252D_MEDIAN_AVIX_QVIX_SPREAD,,,50.0,,,,,,,50.0,,,,,,,,,,,,,,,,,,,,,,50.0,,,,True,True,False,False,False,False,OK,,,,,50.0,57.7,CAUTION,警戒,WARN_BREADTH_MISSING,62.0,62.0,100.0,REALIZED_VOL|DRAWDOWN|BREADTH|TURNOVER
2025-02-06,20.248164640510243,OK,83.06772908366534,52.791628491711705,55.56761567424617,100.0,21.04,OK,OPTBBS_PARSE_300INDEX_QVIX,,,,False,False,1.0,True,OK,True,,,,,21.168658160732825,OK_REPLICA_ROLLING_MEDIAN_BASIS,AVIX_CLEAN_MINUS_PRIOR_252D_MEDIAN_AVIX_QVIX_SPREAD,,,50.0,,,,,,,50.0,,,,,,,,,,,,,,,,,,,,,,50.0,,,,True,True,False,False,False,False,OK,,,,,50.0,66.1,HIGH_RISK,高风险,WARN_BREADTH_MISSING,62.0,62.0,100.0,REALIZED_VOL|DRAWDOWN|BREADTH|TURNOVER
2025-02-07,20.500345185239325,OK,84.06374501992032,53.623451201733495,55.77563900211735,60.0,20.88,OK,OPTBBS_PARSE_300INDEX_QVIX,,,,False,False,1.0,True,OK,True,,,,,21.413030335911667,OK_REPLICA_ROLLING_MEDIAN_BASIS,AVIX_CLEAN_MINUS_PRIOR_252D_MEDIAN_AVIX_QVIX_SPREAD,,,50.0,,,,,,,50.0,,,,,,,,,,,,,,,,,,,,,,50.0,,,,True,True,False,False,False,False,OK,,,,,50.0,61.7,HIGH_RISK,高风险,WARN_BREADTH_MISSING,62.0,62.0,100.0,REALIZED_VOL|DRAWDOWN|BREADTH|TURNOVER
2025-02-10,21.08544776764861,OK,86.25498007968127,55.62918955890032,63.70335623796155,100.0,21.18,OK,OPTBBS_PARSE_300INDEX_QVIX,,,,False,False,1.0,True,OK,True,,,,,21.98937332089052,OK_REPLICA_ROLLING_MEDIAN_BASIS,AVIX_CLEAN_MINUS_PRIOR_252D_MEDIAN_AVIX_QVIX_SPREAD,,,50.0,,,,,,,50.0,,,,,,,,,,,,,,,,,,,,,,50.0,,,,True,True,False,False,False,False,OK,,,,,50.0,68.0,HIGH_RISK,高风险,WARN_BREADTH_MISSING,62.0,62.0,100.0,REALIZED_VOL|DRAWDOWN|BREADTH|TURNOVER
2025-02-11,20.439085747445183,OK,83.66533864541833,53.404956395024826,59.118130485618494,100.0,17.04,WARN_QVIX_REALTIME_PROXY,OPTBBS_PARSE_300ETF_QVIX_PROXY,,,,True,False,1.0,True,PROXY,True,,,,,21.343011300687095,OK_REPLICA_ROLLING_MEDIAN_BASIS,AVIX_CLEAN_MINUS_PRIOR_252D_MEDIAN_AVIX_QVIX_SPREAD,,,50.0,,,,,,,50.0,,,,,,,,,,,,,,,,,,,,,,50.0,,,,True,True,False,False,False,False,PROXY,,,,,50.0,66.6,HIGH_RISK,高风险,WARN_BREADTH_MISSING|WARN_QVIX_REALTIME_PROXY,57.2,62.0,92.3,QVIX_PROXY|REALIZED_VOL|DRAWDOWN|BREADTH|TURNOVER
2025-02-12,19.983533584674245,OK,81.07569721115537,51.82124840599109,48.83364899368195,60.0,20.51,OK,OPTBBS_PARSE_300INDEX_QVIX,,,,False,False,1.0,True,OK,True,,,,,20.887459137916153,OK_REPLICA_ROLLING_MEDIAN_BASIS,AVIX_CLEAN_MINUS_PRIOR_252D_MEDIAN_AVIX_QVIX_SPREAD,,,50.0,,,,,,,50.0,,,,,,,,,,,,,,,,,,,,,,50.0,,,,True,True,False,False,False,False,OK,,,,,50.0,60.1,HIGH_RISK,高风险,WARN_BREADTH_MISSING,62.0,62.0,100.0,REALIZED_VOL|DRAWDOWN|BREADTH|TURNOVER
2025-02-13,19.15143879768721,OK,74.7011952191235,48.99593820659087,39.16715798893861,100.0,19.94,OK,OPTBBS_PARSE_300INDEX_QVIX,,,,False,False,1.0,True,OK,True,,,,,20.055364350929118,OK_REPLICA_ROLLING_MEDIAN_BASIS,AVIX_CLEAN_MINUS_PRIOR_252D_MEDIAN_AVIX_QVIX_SPREAD,,,50.0,,,,,,,50.0,,,,,,,,,,,,,,,,,,,,,,50.0,,,,True,True,False,False,False,False,OK,,,,,50.0,61.9,HIGH_RISK,高风险,WARN_BREADTH_MISSING,62.0,62.0,100.0,REALIZED_VOL|DRAWDOWN|BREADTH|TURNOVER
2025-02-14,19.19513431754578,OK,74.7011952191235,49.17021962322206,37.266449848529135,60.0,19.92,OK,OPTBBS_PARSE_300INDEX_QVIX,,,,False,False,1.0,True,OK,True,,,,,20.09905987078769,OK_REPLICA_ROLLING_MEDIAN_BASIS,AVIX_CLEAN_MINUS_PRIOR_252D_MEDIAN_AVIX_QVIX_SPREAD,,,50.0,,,,,,,50.0,,,,,,,,,,,,,,,,,,,,,,50.0,,,,True,True,False,False,False,False,OK,,,,,50.0,57.0,CAUTION,警戒,WARN_BREADTH_MISSING,62.0,62.0,100.0,REALIZED_VOL|DRAWDOWN|BREADTH|TURNOVER
2025-02-17,19.988460377466584,WARN_NOT_BRACKET_30D,81.07569721115537,51.902575646602216,39.59483903524086,100.0,20.26,OK,OPTBBS_PARSE_300INDEX_QVIX,,,,False,False,1.0,True,OK,True,,,,,20.892385930708492,OK_REPLICA_ROLLING_MEDIAN_BASIS,AVIX_CLEAN_MINUS_PRIOR_252D_MEDIAN_AVIX_QVIX_SPREAD,,,50.0,,,,,,,50.0,,,,,,,,,,,,,,,,,,,,,,50.0,,,,True,True,False,False,False,False,OK,,,,,50.0,64.1,HIGH_RISK,高风险,WARN_BREADTH_MISSING|WARN_NOT_BRACKET_30D,62.0,62.0,100.0,REALIZED_VOL|DRAWDOWN|BREADTH|TURNOVER
2025-02-18,19.19224579744693,WARN_NOT_BRACKET_30D,74.30278884462152,49.145611225346485,37.79945477596418,100.0,19.87,OK,OPTBBS_PARSE_300INDEX_QVIX,,,,False,False,1.0,True,OK,True,,,,,20.09617135068884,OK_REPLICA_ROLLING_MEDIAN_BASIS,AVIX_CLEAN_MINUS_PRIOR_252D_MEDIAN_AVIX_QVIX_SPREAD,,,50.0,,,,,,,50.0,,,,,,,,,,,,,,,,,,,,,,50.0,,,,True,True,False,False,False,False,OK,,,,,50.0,61.7,HIGH_RISK,高风险,WARN_BREADTH_MISSING|WARN_NOT_BRACKET_30D,62.0,62.0,100.0,REALIZED_VOL|DRAWDOWN|BREADTH|TURNOVER
2025-02-19,19.00850087248708,OK,71.71314741035857,48.498207240173656,40.24163861655643,100.0,19.37,OK,OPTBBS_PARSE_300INDEX_QVIX,,,,False,False,1.0,True,OK,True,,,,,19.912426425728988,OK_REPLICA_ROLLING_MEDIAN_BASIS,AVIX_CLEAN_MINUS_PRIOR_252D_MEDIAN_AVIX_QVIX_SPREAD,,,50.0,,,,,,,50.0,,,,,,,,,,,,,,,,,,,,,,50.0,,,,True,True,False,False,False,False,OK,,,,,50.0,61.1,HIGH_RISK,高风险,WARN_BREADTH_MISSING,62.0,62.0,100.0,REALIZED_VOL|DRAWDOWN|BREADTH|TURNOVER
2025-02-20,18.17752302142366,OK,66.53386454183267,45.65066448976762,39.82932001556809,100.0,18.87,OK,OPTBBS_PARSE_300INDEX_QVIX,,,,False,False,1.0,True,OK,True,,,,,19.081448574665572,OK_REPLICA_ROLLING_MEDIAN_BASIS,AVIX_CLEAN_MINUS_PRIOR_252D_MEDIAN_AVIX_QVIX_SPREAD,,,50.0,,,,,,,50.0,,,,,,,,,,,,,,,,,,,,,,50.0,,,,True,True,False,False,False,False,OK,,,,,50.0,59.2,CAUTION,警戒,WARN_BREADTH_MISSING,62.0,62.0,100.0,REALIZED_VOL|DRAWDOWN|BREADTH|TURNOVER
2025-02-21,18.571060031939943,OK,68.92430278884463,47.03780209256142,43.49757834165937,30.0,18.81,OK,OPTBBS_PARSE_300INDEX_QVIX,,,,False,False,1.0,True,OK,True,,,,,19.474985585181855,OK_REPLICA_ROLLING_MEDIAN_BASIS,AVIX_CLEAN_MINUS_PRIOR_252D_MEDIAN_AVIX_QVIX_SPREAD,,,50.0,,,,,,,50.0,,,,,,,,,,,,,,,,,,,,,,50.0,,,,True,True,False,False,False,False,OK,,,,,50.0,52.0,CAUTION,警戒,WARN_BREADTH_MISSING,62.0,62.0,100.0,REALIZED_VOL|DRAWDOWN|BREADTH|TURNOVER
2025-02-24,18.046744526638385,OK,65.13944223107569,45.28747909792298,30.571631689881062,30.0,18.03,WARN_QVIX_REALTIME_PROXY,OPTBBS_PARSE_300ETF_QVIX_PROXY,,,,True,False,1.0,True,PROXY,True,,,,,18.950670079880297,OK_REPLICA_ROLLING_MEDIAN_BASIS,AVIX_CLEAN_MINUS_PRIOR_252D_MEDIAN_AVIX_QVIX_SPREAD,,,50.0,,,,,,,50.0,,,,,,,,,,,,,,,,,,,,,,50.0,,,,True,True,False,False,False,False,PROXY,,,,,50.0,49.6,CAUTION,警戒,WARN_BREADTH_MISSING|WARN_QVIX_REALTIME_PROXY,57.2,62.0,92.3,QVIX_PROXY|REALIZED_VOL|DRAWDOWN|BREADTH|TURNOVER
2025-02-25,17.96779463589127,OK,64.34262948207171,45.07335388143562,37.24014714610895,30.0,18.52,OK,OPTBBS_PARSE_300INDEX_QVIX,,,,False,False,1.0,True,OK,True,,,,,18.87172018913318,OK_REPLICA_ROLLING_MEDIAN_BASIS,AVIX_CLEAN_MINUS_PRIOR_252D_MEDIAN_AVIX_QVIX_SPREAD,,,50.0,,,,,,,50.0,,,,,,,,,,,,,,,,,,,,,,50.0,,,,True,True,False,False,False,False,OK,,,,,50.0,49.9,CAUTION,警戒,WARN_BREADTH_MISSING,62.0,62.0,100.0,REALIZED_VOL|DRAWDOWN|BREADTH|TURNOVER
2025-02-26,18.112046528043383,OK,66.53386454183267,45.64705146019315,40.567858554892936,30.0,18.68,OK,OPTBBS_PARSE_300INDEX_QVIX,,,,False,False,1.0,True,OK,True,,,,,19.01597208128529,OK_REPLICA_ROLLING_MEDIAN_BASIS,AVIX_CLEAN_MINUS_PRIOR_252D_MEDIAN_AVIX_QVIX_SPREAD,,,50.0,,,,,,,50.0,,,,,,,,,,,,,,,,,,,,,,50.0,,,,True,True,False,False,False,False,OK,,,,,50.0,50.9,CAUTION,警戒,WARN_BREADTH_MISSING,62.0,62.0,100.0,REALIZED_VOL|DRAWDOWN|BREADTH|TURNOVER
2025-02-27,18.10524011586106,OK,66.53386454183267,45.73375629786304,49.20470016209131,30.0,18.79,OK,OPTBBS_PARSE_300INDEX_QVIX,,,,False,False,1.0,True,OK,True,,,,,19.00916566910297,OK_REPLICA_ROLLING_MEDIAN_BASIS,AVIX_CLEAN_MINUS_PRIOR_252D_MEDIAN_AVIX_QVIX_SPREAD,,,50.0,,,,,,,50.0,,,,,,,,,,,,,,,,,,,,,,50.0,,,,True,True,False,False,False,False,OK,,,,,50.0,51.6,CAUTION,警戒,WARN_BREADTH_MISSING,62.0,62.0,100.0,REALIZED_VOL|DRAWDOWN|BREADTH|TURNOVER
2025-02-28,18.880715418524147,OK,71.51394422310757,48.47739058537653,53.3348164946065,30.0,19.47,OK,OPTBBS_PARSE_300INDEX_QVIX,,,,False,False,1.0,True,OK,True,,,,,19.78464097176606,OK_REPLICA_ROLLING_MEDIAN_BASIS,AVIX_CLEAN_MINUS_PRIOR_252D_MEDIAN_AVIX_QVIX_SPREAD,,,50.0,,,,,,,50.0,,,,,,,,,,,,,,,,,,,,,,50.0,,,,True,True,False,False,False,False,OK,,,,,50.0,53.7,CAUTION,警戒,WARN_BREADTH_MISSING,62.0,62.0,100.0,REALIZED_VOL|DRAWDOWN|BREADTH|TURNOVER
2025-03-03,17.56585434774842,OK,60.1593625498008,43.975296734666195,44.67061576474212,30.0,18.57,OK,OPTBBS_PARSE_300INDEX_QVIX,,,,False,False,1.0,True,OK,True,,,,,18.466091806595053,OK_REPLICA_ROLLING_MEDIAN_BASIS,AVIX_CLEAN_MINUS_PRIOR_252D_MEDIAN_AVIX_QVIX_SPREAD,,,50.0,,,,,,,50.0,,,,,,,,,,,,,,,,,,,,,,50.0,,,,True,True,False,False,False,False,OK,,,,,50.0,49.2,CAUTION,警戒,WARN_BREADTH_MISSING,62.0,62.0,100.0,REALIZED_VOL|DRAWDOWN|BREADTH|TURNOVER
2025-03-04,17.141330181540173,OK,55.17928286852589,42.56282652816717,40.80060217629374,30.0,18.81,OK,OPTBBS_PARSE_300INDEX_QVIX,,,,False,False,1.0,True,OK,True,,,,,18.04525573478208,OK_REPLICA_ROLLING_MEDIAN_BASIS,AVIX_CLEAN_MINUS_PRIOR_252D_MEDIAN_AVIX_QVIX_SPREAD,,,50.0,,,,,,,50.0,,,,,,,,,,,,,,,,,,,,,,50.0,,,,True,True,False,False,False,False,OK,,,,,50.0,47.3,CAUTION,警戒,WARN_BREADTH_MISSING,62.0,62.0,100.0,REALIZED_VOL|DRAWDOWN|BREADTH|TURNOVER
2025-03-05,16.50664136072806,OK,43.82470119521912,40.42930746392389,32.27251498244963,30.0,17.95,OK,OPTBBS_PARSE_300INDEX_QVIX,,,,False,False,1.0,True,OK,True,,,,,17.419326511400403,OK_REPLICA_ROLLING_MEDIAN_BASIS,AVIX_CLEAN_MINUS_PRIOR_252D_MEDIAN_AVIX_QVIX_SPREAD,,,50.0,,,,,,,50.0,,,,,,,,,,,,,,,,,,,,,,50.0,,,,True,True,False,False,False,False,OK,,,,,50.0,43.1,CAUTION,警戒,WARN_BREADTH_MISSING,62.0,62.0,100.0,REALIZED_VOL|DRAWDOWN|BREADTH|TURNOVER
2025-03-06,16.895370878805515,OK,50.79681274900398,41.81971079979639,36.63514839556707,30.0,18.27,OK,OPTBBS_PARSE_300INDEX_QVIX,,,,False,False,1.0,True,OK,True,,,,,17.823725887245804,OK_REPLICA_ROLLING_MEDIAN_BASIS,AVIX_CLEAN_MINUS_PRIOR_252D_MEDIAN_AVIX_QVIX_SPREAD,,,50.0,,,,,,,50.0,,,,,,,,,,,,,,,,,,,,,,50.0,,,,True,True,False,False,False,False,OK,,,,,50.0,45.6,CAUTION,警戒,WARN_BREADTH_MISSING,62.0,62.0,100.0,REALIZED_VOL|DRAWDOWN|BREADTH|TURNOVER
2025-03-07,16.282726513316003,OK,40.438247011952186,39.736289974617115,22.479973903327632,30.0,17.71,OK,OPTBBS_PARSE_300INDEX_QVIX,,,,False,False,1.0,True,OK,True,,,,,17.22272714418346,OK_REPLICA_ROLLING_MEDIAN_BASIS,AVIX_CLEAN_MINUS_PRIOR_252D_MEDIAN_AVIX_QVIX_SPREAD,,,50.0,,,,,,,50.0,,,,,,,,,,,,,,,,,,,,,,50.0,,,,True,True,False,False,False,False,OK,,,,,50.0,41.3,CAUTION,警戒,WARN_BREADTH_MISSING,62.0,62.0,100.0,REALIZED_VOL|DRAWDOWN|BREADTH|TURNOVER
2025-03-10,16.219441631311668,OK,37.84860557768924,39.572527903822476,34.67011407720872,30.0,17.86,OK,OPTBBS_PARSE_300INDEX_QVIX,,,,False,False,1.0,True,OK,True,,,,,17.16879881528464,OK_REPLICA_ROLLING_MEDIAN_BASIS,AVIX_CLEAN_MINUS_PRIOR_252D_MEDIAN_AVIX_QVIX_SPREAD,,,50.0,,,,,,,50.0,,,,,,,,,,,,,,,,,,,,,,50.0,,,,True,True,False,False,False,False,OK,,,,,50.0,41.5,CAUTION,警戒,WARN_BREADTH_MISSING,62.0,62.0,100.0,REALIZED_VOL|DRAWDOWN|BREADTH|TURNOVER
2025-03-11,16.258379911248955,OK,40.23904382470119,39.76544959986611,39.6979958854992,30.0,18.27,OK,OPTBBS_PARSE_300INDEX_QVIX,,,,False,False,1.0,True,OK,True,,,,,17.2284733952629,OK_REPLICA_ROLLING_MEDIAN_BASIS,AVIX_CLEAN_MINUS_PRIOR_252D_MEDIAN_AVIX_QVIX_SPREAD,,,50.0,,,,,,,50.0,,,,,,,,,,,,,,,,,,,,,,50.0,,,,True,True,False,False,False,False,OK,,,,,50.0,42.6,CAUTION,警戒,WARN_BREADTH_MISSING,62.0,62.0,100.0,REALIZED_VOL|DRAWDOWN|BREADTH|TURNOVER
2025-03-12,16.728678569950336,OK,49.00398406374502,41.44718696809534,52.690277257135286,30.0,18.22,OK,OPTBBS_PARSE_300INDEX_QVIX,,,,False,False,1.0,True,OK,True,,,,,17.713397212324946,OK_REPLICA_ROLLING_MEDIAN_BASIS,AVIX_CLEAN_MINUS_PRIOR_252D_MEDIAN_AVIX_QVIX_SPREAD,,,50.0,,,,,,,50.0,,,,,,,,,,,,,,,,,,,,,,50.0,,,,True,True,False,False,False,False,OK,,,,,50.0,46.3,CAUTION,警戒,WARN_BREADTH_MISSING,62.0,62.0,100.0,REALIZED_VOL|DRAWDOWN|BREADTH|TURNOVER
2025-03-13,16.900638508275804,OK,51.992031872509955,42.09138977235911,50.06235589035688,30.0,18.44,OK,OPTBBS_PARSE_300INDEX_QVIX,,,,False,False,1.0,True,OK,True,,,,,17.88841147212502,OK_REPLICA_ROLLING_MEDIAN_BASIS,AVIX_CLEAN_MINUS_PRIOR_252D_MEDIAN_AVIX_QVIX_SPREAD,,,50.0,,,,,,,50.0,,,,,,,,,,,,,,,,,,,,,,50.0,,,,True,True,False,False,False,False,OK,,,,,50.0,47.1,CAUTION,警戒,WARN_BREADTH_MISSING,62.0,62.0,100.0,REALIZED_VOL|DRAWDOWN|BREADTH|TURNOVER
2025-03-14,18.59286429123401,OK,70.5179282868526,47.97535799405917,78.37531878986948,30.0,19.65,OK,OPTBBS_PARSE_300INDEX_QVIX,,,,False,False,1.0,True,OK,True,,,,,19.5897485531784,OK_REPLICA_ROLLING_MEDIAN_BASIS,AVIX_CLEAN_MINUS_PRIOR_252D_MEDIAN_AVIX_QVIX_SPREAD,,,50.0,,,,,,,50.0,,,,,,,,,,,,,,,,,,,,,,50.0,,,,True,True,False,False,False,False,OK,,,,,50.0,55.3,CAUTION,警戒,WARN_BREADTH_MISSING,62.0,62.0,100.0,REALIZED_VOL|DRAWDOWN|BREADTH|TURNOVER
2025-03-17,18.39063016513337,WARN_NOT_BRACKET_30D,69.7211155378486,47.29615763340218,76.77266681770622,30.0,19.39,OK,OPTBBS_PARSE_300INDEX_QVIX,,,,False,False,1.0,True,OK,True,,,,,19.395228674739904,OK_REPLICA_ROLLING_MEDIAN_BASIS,AVIX_CLEAN_MINUS_PRIOR_252D_MEDIAN_AVIX_QVIX_SPREAD,,,50.0,,,,,,,50.0,,,,,,,,,,,,,,,,,,,,,,50.0,,,,True,True,False,False,False,False,OK,,,,,50.0,54.9,CAUTION,警戒,WARN_BREADTH_MISSING|WARN_NOT_BRACKET_30D,62.0,62.0,100.0,REALIZED_VOL|DRAWDOWN|BREADTH|TURNOVER
2025-03-18,18.043945913681387,WARN_NOT_BRACKET_30D,65.93625498007968,46.1207679863145,71.96486995850088,30.0,19.06,OK,OPTBBS_PARSE_300INDEX_QVIX,,,,False,False,1.0,True,OK,True,,,,,19.04854442328792,OK_REPLICA_ROLLING_MEDIAN_BASIS,AVIX_CLEAN_MINUS_PRIOR_252D_MEDIAN_AVIX_QVIX_SPREAD,,,50.0,,,,,,,50.0,,,,,,,,,,,,,,,,,,,,,,50.0,,,,True,True,False,False,False,False,OK,,,,,50.0,53.3,CAUTION,警戒,WARN_BREADTH_MISSING|WARN_NOT_BRACKET_30D,62.0,62.0,100.0,REALIZED_VOL|DRAWDOWN|BREADTH|TURNOVER
2025-03-19,18.178927864273675,OK,68.12749003984064,46.61634300296099,67.3384800031775,30.0,19.14,OK,OPTBBS_PARSE_300INDEX_QVIX,,,,False,False,1.0,True,OK,True,,,,,19.187451425941077,OK_REPLICA_ROLLING_MEDIAN_BASIS,AVIX_CLEAN_MINUS_PRIOR_252D_MEDIAN_AVIX_QVIX_SPREAD,,,50.0,,,,,,,50.0,,,,,,,,,,,,,,,,,,,,,,50.0,,,,True,True,False,False,False,False,OK,,,,,50.0,53.6,CAUTION,警戒,WARN_BREADTH_MISSING,62.0,62.0,100.0,REALIZED_VOL|DRAWDOWN|BREADTH|TURNOVER
2025-03-20,17.152556244051702,OK,56.97211155378486,43.08845971062516,52.98116234664789,30.0,17.04,WARN_QVIX_REALTIME_PROXY,OPTBBS_PARSE_300ETF_QVIX_PROXY,,,,True,False,1.0,True,PROXY,True,,,,,18.161079805719105,OK_REPLICA_ROLLING_MEDIAN_BASIS,AVIX_CLEAN_MINUS_PRIOR_252D_MEDIAN_AVIX_QVIX_SPREAD,,,50.0,,,,,,,50.0,,,,,,,,,,,,,,,,,,,,,,50.0,,,,True,True,False,False,False,False,PROXY,,,,,50.0,48.8,CAUTION,警戒,WARN_BREADTH_MISSING|WARN_QVIX_REALTIME_PROXY,57.2,62.0,92.3,QVIX_PROXY|REALIZED_VOL|DRAWDOWN|BREADTH|TURNOVER
2025-03-21,17.08309398169891,OK,55.57768924302788,42.86490223305495,33.75968020971449,30.0,18.23,OK,OPTBBS_PARSE_300INDEX_QVIX,,,,False,False,1.0,True,OK,True,,,,,18.08769249130544,OK_REPLICA_ROLLING_MEDIAN_BASIS,AVIX_CLEAN_MINUS_PRIOR_252D_MEDIAN_AVIX_QVIX_SPREAD,,,50.0,,,,,,,50.0,,,,,,,,,,,,,,,,,,,,,,50.0,,,,True,True,False,False,False,False,OK,,,,,50.0,46.9,CAUTION,警戒,WARN_BREADTH_MISSING,62.0,62.0,100.0,REALIZED_VOL|DRAWDOWN|BREADTH|TURNOVER
2025-03-24,16.0945761184192,OK,36.05577689243028,39.464461075180736,25.03017540891843,30.0,16.99,OK,OPTBBS_PARSE_300INDEX_QVIX,,,,False,False,1.0,True,OK,True,,,,,17.099174628025736,OK_REPLICA_ROLLING_MEDIAN_BASIS,AVIX_CLEAN_MINUS_PRIOR_252D_MEDIAN_AVIX_QVIX_SPREAD,,,50.0,,,,,,,50.0,,,,,,,,,,,,,,,,,,,,,,50.0,,,,True,True,False,False,False,False,OK,,,,,50.0,40.2,CAUTION,警戒,WARN_BREADTH_MISSING,62.0,62.0,100.0,REALIZED_VOL|DRAWDOWN|BREADTH|TURNOVER
2025-03-25,15.60192999136873,OK,27.091633466135455,37.78459233667993,22.93257324096656,30.0,18.22,OK,OPTBBS_PARSE_300INDEX_QVIX,,,,False,False,1.0,True,OK,True,,,,,16.603687734927835,OK_REPLICA_ROLLING_MEDIAN_BASIS,AVIX_CLEAN_MINUS_PRIOR_252D_MEDIAN_AVIX_QVIX_SPREAD,,,50.0,,,,,,,50.0,,,,,,,,,,,,,,,,,,,,,,50.0,,,,True,True,False,False,False,False,OK,,,,,50.0,37.3,NORMAL,正常,WARN_BREADTH_MISSING,62.0,62.0,100.0,REALIZED_VOL|DRAWDOWN|BREADTH|TURNOVER
2025-03-26,15.343349549742852,OK,20.51792828685259,36.91960435782912,18.803679340149948,30.0,16.57,OK,OPTBBS_PARSE_300INDEX_QVIX,,,,False,False,1.0,True,OK,True,,,,,16.345107293301957,OK_REPLICA_ROLLING_MEDIAN_BASIS,AVIX_CLEAN_MINUS_PRIOR_252D_MEDIAN_AVIX_QVIX_SPREAD,,,50.0,,,,,,,50.0,,,,,,,,,,,,,,,,,,,,,,50.0,,,,True,True,False,False,False,False,OK,,,,,50.0,35.0,NORMAL,正常,WARN_BREADTH_MISSING,62.0,62.0,100.0,REALIZED_VOL|DRAWDOWN|BREADTH|TURNOVER
2025-03-27,15.018729366802502,OK,14.342629482071715,35.83567074367285,25.11943005009314,30.0,16.43,OK,OPTBBS_PARSE_300INDEX_QVIX,,,,False,False,1.0,True,OK,True,,,,,16.020487110361607,OK_REPLICA_ROLLING_MEDIAN_BASIS,AVIX_CLEAN_MINUS_PRIOR_252D_MEDIAN_AVIX_QVIX_SPREAD,,,50.0,,,,,,,50.0,,,,,,,,,,,,,,,,,,,,,,50.0,,,,True,True,False,False,False,False,OK,,,,,50.0,33.6,NORMAL,正常,WARN_BREADTH_MISSING,62.0,62.0,100.0,REALIZED_VOL|DRAWDOWN|BREADTH|TURNOVER
2025-03-28,15.293059269308564,OK,19.52191235059761,36.81757982309229,29.043202427991034,30.0,16.83,OK,OPTBBS_PARSE_300INDEX_QVIX,,,,False,False,1.0,True,OK,True,,,,,16.294817012867668,OK_REPLICA_ROLLING_MEDIAN_BASIS,AVIX_CLEAN_MINUS_PRIOR_252D_MEDIAN_AVIX_QVIX_SPREAD,,,50.0,,,,,,,50.0,,,,,,,,,,,,,,,,,,,,,,50.0,,,,True,True,False,False,False,False,OK,,,,,50.0,35.5,NORMAL,正常,WARN_BREADTH_MISSING,62.0,62.0,100.0,REALIZED_VOL|DRAWDOWN|BREADTH|TURNOVER
2025-03-31,16.09908577747121,OK,37.05179282868526,39.61344386548984,50.05603948831987,30.0,17.83,OK,OPTBBS_PARSE_300INDEX_QVIX,,,,False,False,1.0,True,OK,True,,,,,17.100843521030313,OK_REPLICA_ROLLING_MEDIAN_BASIS,AVIX_CLEAN_MINUS_PRIOR_252D_MEDIAN_AVIX_QVIX_SPREAD,,,50.0,,,,,,,50.0,,,,,,,,,,,,,,,,,,,,,,50.0,,,,True,True,False,False,False,False,OK,,,,,50.0,42.5,CAUTION,警戒,WARN_BREADTH_MISSING,62.0,62.0,100.0,REALIZED_VOL|DRAWDOWN|BREADTH|TURNOVER
2025-04-01,15.69824407556521,OK,29.482071713147413,38.24097201982651,51.23464320439539,30.0,17.58,OK,OPTBBS_PARSE_300INDEX_QVIX,,,,False,False,1.0,True,OK,True,,,,,16.702842585171744,OK_REPLICA_ROLLING_MEDIAN_BASIS,AVIX_CLEAN_MINUS_PRIOR_252D_MEDIAN_AVIX_QVIX_SPREAD,,,50.0,,,,,,,50.0,,,,,,,,,,,,,,,,,,,,,,50.0,,,,True,True,False,False,False,False,OK,,,,,50.0,40.3,CAUTION,警戒,WARN_BREADTH_MISSING,62.0,62.0,100.0,REALIZED_VOL|DRAWDOWN|BREADTH|TURNOVER
2025-04-02,15.81668254841366,OK,32.47011952191235,38.65649189426724,56.1698783194148,30.0,17.73,OK,OPTBBS_PARSE_300INDEX_QVIX,,,,False,False,1.0,True,OK,True,,,,,16.825206110081062,OK_REPLICA_ROLLING_MEDIAN_BASIS,AVIX_CLEAN_MINUS_PRIOR_252D_MEDIAN_AVIX_QVIX_SPREAD,,,50.0,,,,,,,50.0,,,,,,,,,,,,,,,,,,,,,,50.0,,,,True,True,False,False,False,False,OK,,,,,50.0,41.6,CAUTION,警戒,WARN_BREADTH_MISSING,62.0,62.0,100.0,REALIZED_VOL|DRAWDOWN|BREADTH|TURNOVER
2025-04-03,16.4173031829726,OK,45.61752988047809,40.7260208386197,68.62439600598321,30.0,18.21,OK,OPTBBS_PARSE_300INDEX_QVIX,,,,False,False,1.0,True,OK,True,,,,,17.42582674464,OK_REPLICA_ROLLING_MEDIAN_BASIS,AVIX_CLEAN_MINUS_PRIOR_252D_MEDIAN_AVIX_QVIX_SPREAD,,,50.0,,,,,,,50.0,,,,,,,,,,,,,,,,,,,,,,50.0,,,,True,True,False,False,False,False,OK,,,,,50.0,46.6,CAUTION,警戒,WARN_BREADTH_MISSING,62.0,62.0,100.0,REALIZED_VOL|DRAWDOWN|BREADTH|TURNOVER
2025-04-07,29.63122302743335,OK,96.21513944223108,85.9377671441297,100.0,30.0,15.43,OK,OPTBBS_PARSE_300INDEX_QVIX,,,,False,False,1.0,True,OK,True,,,,,30.639746589100753,OK_REPLICA_ROLLING_MEDIAN_BASIS,AVIX_CLEAN_MINUS_PRIOR_252D_MEDIAN_AVIX_QVIX_SPREAD,,,50.0,,,,,,,50.0,,,,,,,,,,,,,,,,,,,,,,50.0,,,,True,True,False,False,False,False,OK,,,,,50.0,69.6,HIGH_RISK,高风险,WARN_BREADTH_MISSING,62.0,62.0,100.0,REALIZED_VOL|DRAWDOWN|BREADTH|TURNOVER
2025-04-08,27.541060510841213,OK,95.2191235059761,78.508556825481,100.0,30.0,20.55,OK,OPTBBS_PARSE_300INDEX_QVIX,,,,False,False,1.0,True,OK,True,,,,,28.545659020447744,OK_REPLICA_ROLLING_MEDIAN_BASIS,AVIX_CLEAN_MINUS_PRIOR_252D_MEDIAN_AVIX_QVIX_SPREAD,,,50.0,,,,,,,50.0,,,,,,,,,,,,,,,,,,,,,,50.0,,,,True,True,False,False,False,False,OK,,,,,50.0,68.3,HIGH_RISK,高风险,WARN_BREADTH_MISSING,62.0,62.0,100.0,REALIZED_VOL|DRAWDOWN|BREADTH|TURNOVER
2025-04-09,25.82218699343383,OK,93.42629482071713,72.46024732750644,100.0,30.0,22.21,OK,OPTBBS_PARSE_300INDEX_QVIX,,,,False,False,1.0,True,OK,True,,,,,26.823944736992935,OK_REPLICA_ROLLING_MEDIAN_BASIS,AVIX_CLEAN_MINUS_PRIOR_252D_MEDIAN_AVIX_QVIX_SPREAD,,,50.0,,,,,,,50.0,,,,,,,,,,,,,,,,,,,,,,50.0,,,,True,True,False,False,False,False,OK,,,,,50.0,66.9,HIGH_RISK,高风险,WARN_BREADTH_MISSING,62.0,62.0,100.0,REALIZED_VOL|DRAWDOWN|BREADTH|TURNOVER
2025-04-10,22.34463095778544,OK,87.25099601593625,60.52076635969634,100.0,30.0,21.13,OK,OPTBBS_PARSE_300INDEX_QVIX,,,,False,False,1.0,True,OK,True,,,,,23.339127311037355,OK_REPLICA_ROLLING_MEDIAN_BASIS,AVIX_CLEAN_MINUS_PRIOR_252D_MEDIAN_AVIX_QVIX_SPREAD,,,50.0,,,,,,,50.0,,,,,,,,,,,,,,,,,,,,,,50.0,,,,True,True,False,False,False,False,OK,,,,,50.0,63.5,HIGH_RISK,高风险,WARN_BREADTH_MISSING,62.0,62.0,100.0,REALIZED_VOL|DRAWDOWN|BREADTH|TURNOVER
2025-04-11,21.7306487185329,OK,86.45418326693228,58.35466905634373,100.0,30.0,20.93,OK,OPTBBS_PARSE_300INDEX_QVIX,,,,False,False,1.0,True,OK,True,,,,,22.718421682382118,OK_REPLICA_ROLLING_MEDIAN_BASIS,AVIX_CLEAN_MINUS_PRIOR_252D_MEDIAN_AVIX_QVIX_SPREAD,,,50.0,,,,,,,50.0,,,,,,,,,,,,,,,,,,,,,,50.0,,,,True,True,False,False,False,False,OK,,,,,50.0,63.0,HIGH_RISK,高风险,WARN_BREADTH_MISSING,62.0,62.0,100.0,REALIZED_VOL|DRAWDOWN|BREADTH|TURNOVER
2025-04-14,19.266285985319268,WARN_NOT_BRACKET_30D,74.5019920318725,49.91782399511637,0.0,30.0,19.83,OK,OPTBBS_PARSE_300INDEX_QVIX,,,,False,False,1.0,True,OK,True,,,,,20.251004627693877,OK_REPLICA_ROLLING_MEDIAN_BASIS,AVIX_CLEAN_MINUS_PRIOR_252D_MEDIAN_AVIX_QVIX_SPREAD,,,50.0,,,,,,,50.0,,,,,,,,,,,,,,,,,,,,,,50.0,,,,True,True,False,False,False,False,OK,,,,,50.0,50.4,CAUTION,警戒,WARN_BREADTH_MISSING|WARN_NOT_BRACKET_30D,62.0,62.0,100.0,REALIZED_VOL|DRAWDOWN|BREADTH|TURNOVER
2025-04-15,18.59371214932669,WARN_NOT_BRACKET_30D,69.32270916334662,47.58998733927771,0.0,30.0,19.37,OK,OPTBBS_PARSE_300INDEX_QVIX,,,,False,False,1.0,True,OK,True,,,,,19.566005331533844,OK_REPLICA_ROLLING_MEDIAN_BASIS,AVIX_CLEAN_MINUS_PRIOR_252D_MEDIAN_AVIX_QVIX_SPREAD,,,50.0,,,,,,,50.0,,,,,,,,,,,,,,,,,,,,,,50.0,,,,True,True,False,False,False,False,OK,,,,,50.0,48.7,CAUTION,警戒,WARN_BREADTH_MISSING|WARN_NOT_BRACKET_30D,62.0,62.0,100.0,REALIZED_VOL|DRAWDOWN|BREADTH|TURNOVER
2025-04-16,18.866840037211915,OK,70.3187250996016,48.47971501444718,0.0,30.0,19.03,OK,OPTBBS_PARSE_300INDEX_QVIX,,,,False,False,1.0,True,OK,True,,,,,19.825712474745032,OK_REPLICA_ROLLING_MEDIAN_BASIS,AVIX_CLEAN_MINUS_PRIOR_252D_MEDIAN_AVIX_QVIX_SPREAD,,,50.0,,,,,,,50.0,,,,,,,,,,,,,,,,,,,,,,50.0,,,,True,True,False,False,False,False,OK,,,,,50.0,49.1,CAUTION,警戒,WARN_BREADTH_MISSING,62.0,62.0,100.0,REALIZED_VOL|DRAWDOWN|BREADTH|TURNOVER
2025-04-17,18.910200969838005,OK,71.11553784860558,48.57968670794946,19.25946108095562,30.0,19.49,OK,OPTBBS_PARSE_300INDEX_QVIX,,,,False,False,1.0,True,OK,True,,,,,19.857517156072397,OK_REPLICA_ROLLING_MEDIAN_BASIS,AVIX_CLEAN_MINUS_PRIOR_252D_MEDIAN_AVIX_QVIX_SPREAD,,,50.0,,,,,,,50.0,,,,,,,,,,,,,,,,,,,,,,50.0,,,,True,True,False,False,False,False,OK,,,,,50.0,50.9,CAUTION,警戒,WARN_BREADTH_MISSING,62.0,62.0,100.0,REALIZED_VOL|DRAWDOWN|BREADTH|TURNOVER
2025-04-18,18.7936586756172,OK,69.32270916334662,48.13612351804927,22.969145275346502,30.0,16.99,OK,OPTBBS_PARSE_300INDEX_QVIX,,,,False,False,1.0,True,OK,True,,,,,19.722013684057487,OK_REPLICA_ROLLING_MEDIAN_BASIS,AVIX_CLEAN_MINUS_PRIOR_252D_MEDIAN_AVIX_QVIX_SPREAD,,,50.0,,,,,,,50.0,,,,,,,,,,,,,,,,,,,,,,50.0,,,,True,True,False,False,False,False,OK,,,,,50.0,50.6,CAUTION,警戒,WARN_BREADTH_MISSING,62.0,62.0,100.0,REALIZED_VOL|DRAWDOWN|BREADTH|TURNOVER
2025-04-21,18.73617430771199,OK,68.92430278884463,47.89173573768058,44.49700188182386,30.0,18.76,OK,OPTBBS_PARSE_300INDEX_QVIX,,,,False,False,1.0,True,OK,True,,,,,19.648859458384333,OK_REPLICA_ROLLING_MEDIAN_BASIS,AVIX_CLEAN_MINUS_PRIOR_252D_MEDIAN_AVIX_QVIX_SPREAD,,,50.0,,,,,,,50.0,,,,,,,,,,,,,,,,,,,,,,50.0,,,,True,True,False,False,False,False,OK,,,,,50.0,52.2,CAUTION,警戒,WARN_BREADTH_MISSING,62.0,62.0,100.0,REALIZED_VOL|DRAWDOWN|BREADTH|TURNOVER
2025-04-22,18.630189607932177,OK,68.52589641434263,47.49305770146296,50.392363378679136,30.0,18.51,OK,OPTBBS_PARSE_300INDEX_QVIX,,,,False,False,1.0,True,OK,True,,,,,19.534115161174086,OK_REPLICA_ROLLING_MEDIAN_BASIS,AVIX_CLEAN_MINUS_PRIOR_252D_MEDIAN_AVIX_QVIX_SPREAD,,,50.0,,,,,,,50.0,,,,,,,,,,,,,,,,,,,,,,50.0,,,,True,True,False,False,False,False,OK,,,,,50.0,52.5,CAUTION,警戒,WARN_BREADTH_MISSING,62.0,62.0,100.0,REALIZED_VOL|DRAWDOWN|BREADTH|TURNOVER
2025-04-23,18.39595832679476,OK,67.33067729083665,46.654610064739586,45.00836696035569,30.0,18.41,OK,OPTBBS_PARSE_300INDEX_QVIX,,,,False,False,1.0,True,OK,True,,,,,19.29619578564139,OK_REPLICA_ROLLING_MEDIAN_BASIS,AVIX_CLEAN_MINUS_PRIOR_252D_MEDIAN_AVIX_QVIX_SPREAD,,,50.0,,,,,,,50.0,,,,,,,,,,,,,,,,,,,,,,50.0,,,,True,True,False,False,False,False,OK,,,,,50.0,51.6,CAUTION,警戒,WARN_BREADTH_MISSING,62.0,62.0,100.0,REALIZED_VOL|DRAWDOWN|BREADTH|TURNOVER
2025-04-24,18.290637121579927,OK,66.33466135458167,46.25033307786974,43.44730551255071,30.0,16.57,WARN_QVIX_REALTIME_PROXY,OPTBBS_PARSE_300ETF_QVIX_PROXY,,,,True,False,1.0,True,PROXY,True,,,,,19.18797092677154,OK_REPLICA_ROLLING_MEDIAN_BASIS,AVIX_CLEAN_MINUS_PRIOR_252D_MEDIAN_AVIX_QVIX_SPREAD,,,50.0,,,,,,,50.0,,,,,,,,,,,,,,,,,,,,,,50.0,,,,True,True,False,False,False,False,PROXY,,,,,50.0,51.1,CAUTION,警戒,WARN_BREADTH_MISSING|WARN_QVIX_REALTIME_PROXY,57.2,62.0,92.3,QVIX_PROXY|REALIZED_VOL|DRAWDOWN|BREADTH|TURNOVER
2025-04-25,18.48328023207299,OK,67.72908366533864,46.85982177230822,46.696987543496334,30.0,18.41,OK,OPTBBS_PARSE_300INDEX_QVIX,,,,False,False,1.0,True,OK,True,,,,,19.37293877871003,OK_REPLICA_ROLLING_MEDIAN_BASIS,AVIX_CLEAN_MINUS_PRIOR_252D_MEDIAN_AVIX_QVIX_SPREAD,,,50.0,,,,,,,50.0,,,,,,,,,,,,,,,,,,,,,,50.0,,,,True,True,False,False,False,False,OK,,,,,50.0,51.9,CAUTION,警戒,WARN_BREADTH_MISSING,62.0,62.0,100.0,REALIZED_VOL|DRAWDOWN|BREADTH|TURNOVER
2025-04-28,18.907599135722865,OK,70.91633466135458,48.26664623049351,51.8298807984543,30.0,17.48,WARN_QVIX_REALTIME_PROXY,OPTBBS_PARSE_300ETF_QVIX_PROXY,,,,True,False,1.0,True,PROXY,True,,,,,19.786069793412825,OK_REPLICA_ROLLING_MEDIAN_BASIS,AVIX_CLEAN_MINUS_PRIOR_252D_MEDIAN_AVIX_QVIX_SPREAD,,,50.0,,,,,,,50.0,,,,,,,,,,,,,,,,,,,,,,50.0,,,,True,True,False,False,False,False,PROXY,,,,,50.0,53.4,CAUTION,警戒,WARN_BREADTH_MISSING|WARN_QVIX_REALTIME_PROXY,57.2,62.0,92.3,QVIX_PROXY|REALIZED_VOL|DRAWDOWN|BREADTH|TURNOVER
2025-04-29,19.33368914582099,OK,75.0996015936255,49.68541395658377,57.55225311919836,30.0,18.84,OK,OPTBBS_PARSE_300INDEX_QVIX,,,,False,False,1.0,True,OK,True,,,,,20.21215980351095,OK_REPLICA_ROLLING_MEDIAN_BASIS,AVIX_CLEAN_MINUS_PRIOR_252D_MEDIAN_AVIX_QVIX_SPREAD,,,50.0,,,,,,,50.0,,,,,,,,,,,,,,,,,,,,,,50.0,,,,True,True,False,False,False,False,OK,,,,,50.0,55.2,CAUTION,警戒,WARN_BREADTH_MISSING,62.0,62.0,100.0,REALIZED_VOL|DRAWDOWN|BREADTH|TURNOVER
2025-04-30,20.22314439660437,OK,81.07569721115537,52.70759032916242,69.86508163750523,30.0,19.32,OK,OPTBBS_PARSE_300INDEX_QVIX,,,,False,False,1.0,True,OK,True,,,,,21.101615054294328,OK_REPLICA_ROLLING_MEDIAN_BASIS,AVIX_CLEAN_MINUS_PRIOR_252D_MEDIAN_AVIX_QVIX_SPREAD,,,50.0,,,,,,,50.0,,,,,,,,,,,,,,,,,,,,,,50.0,,,,True,True,False,False,False,False,OK,,,,,50.0,58.3,CAUTION,警戒,WARN_BREADTH_MISSING,62.0,62.0,100.0,REALIZED_VOL|DRAWDOWN|BREADTH|TURNOVER
2025-05-06,17.59557642670913,OK,59.76095617529881,43.63977694364642,42.39981975203324,30.0,17.87,OK,OPTBBS_PARSE_300INDEX_QVIX,,,,False,False,1.0,True,OK,True,,,,,18.47404708439909,OK_REPLICA_ROLLING_MEDIAN_BASIS,AVIX_CLEAN_MINUS_PRIOR_252D_MEDIAN_AVIX_QVIX_SPREAD,,,50.0,,,,,,,50.0,,,,,,,,,,,,,,,,,,,,,,50.0,,,,True,True,False,False,False,False,OK,,,,,50.0,48.8,CAUTION,警戒,WARN_BREADTH_MISSING,62.0,62.0,100.0,REALIZED_VOL|DRAWDOWN|BREADTH|TURNOVER
2025-05-07,17.084745628829147,OK,54.980079681274894,41.866237325106475,34.86703024913247,30.0,17.58,OK,OPTBBS_PARSE_300INDEX_QVIX,,,,False,False,1.0,True,OK,True,,,,,17.963216286519106,OK_REPLICA_ROLLING_MEDIAN_BASIS,AVIX_CLEAN_MINUS_PRIOR_252D_MEDIAN_AVIX_QVIX_SPREAD,,,50.0,,,,,,,50.0,,,,,,,,,,,,,,,,,,,,,,50.0,,,,True,True,False,False,False,False,OK,,,,,50.0,46.6,CAUTION,警戒,WARN_BREADTH_MISSING,62.0,62.0,100.0,REALIZED_VOL|DRAWDOWN|BREADTH|TURNOVER
2025-05-08,17.078058910111178,OK,54.581673306772906,41.83726799651087,30.64756701811955,30.0,17.55,OK,OPTBBS_PARSE_300INDEX_QVIX,,,,False,False,1.0,True,OK,True,,,,,17.943465678937955,OK_REPLICA_ROLLING_MEDIAN_BASIS,AVIX_CLEAN_MINUS_PRIOR_252D_MEDIAN_AVIX_QVIX_SPREAD,,,50.0,,,,,,,50.0,,,,,,,,,,,,,,,,,,,,,,50.0,,,,True,True,False,False,False,False,OK,,,,,50.0,46.2,CAUTION,警戒,WARN_BREADTH_MISSING,62.0,62.0,100.0,REALIZED_VOL|DRAWDOWN|BREADTH|TURNOVER
2025-05-09,17.16022164114402,OK,56.37450199203188,42.111115187743536,27.51626719262972,30.0,17.63,OK,OPTBBS_PARSE_300INDEX_QVIX,,,,False,False,1.0,True,OK,True,,,,,18.015277509834128,OK_REPLICA_ROLLING_MEDIAN_BASIS,AVIX_CLEAN_MINUS_PRIOR_252D_MEDIAN_AVIX_QVIX_SPREAD,,,50.0,,,,,,,50.0,,,,,,,,,,,,,,,,,,,,,,50.0,,,,True,True,False,False,False,False,OK,,,,,50.0,46.5,CAUTION,警戒,WARN_BREADTH_MISSING,62.0,62.0,100.0,REALIZED_VOL|DRAWDOWN|BREADTH|TURNOVER
2025-05-12,18.027957435131835,WARN_NOT_BRACKET_30D,62.74900398406375,45.07710992189136,28.290349725820853,30.0,18.55,OK,OPTBBS_PARSE_300INDEX_QVIX,,,,False,False,1.0,True,OK,True,,,,,18.882825234297584,OK_REPLICA_ROLLING_MEDIAN_BASIS,AVIX_CLEAN_MINUS_PRIOR_252D_MEDIAN_AVIX_QVIX_SPREAD,,,50.0,,,,,,,50.0,,,,,,,,,,,,,,,,,,,,,,50.0,,,,True,True,False,False,False,False,OK,,,,,50.0,48.7,CAUTION,警戒,WARN_BREADTH_MISSING|WARN_NOT_BRACKET_30D,62.0,62.0,100.0,REALIZED_VOL|DRAWDOWN|BREADTH|TURNOVER
2025-05-13,16.1914626800659,WARN_NOT_BRACKET_30D,36.65338645418327,38.74643334171879,34.04015063113408,30.0,17.27,OK,OPTBBS_PARSE_300INDEX_QVIX,,,,False,False,1.0,True,OK,True,,,,,17.04633047923165,OK_REPLICA_ROLLING_MEDIAN_BASIS,AVIX_CLEAN_MINUS_PRIOR_252D_MEDIAN_AVIX_QVIX_SPREAD,,,50.0,,,,,,,50.0,,,,,,,,,,,,,,,,,,,,,,50.0,,,,True,True,False,False,False,False,OK,,,,,50.0,41.0,CAUTION,警戒,WARN_BREADTH_MISSING|WARN_NOT_BRACKET_30D,62.0,62.0,100.0,REALIZED_VOL|DRAWDOWN|BREADTH|TURNOVER
2025-05-14,17.84687854972028,WARN_NOT_BRACKET_30D,60.95617529880478,44.414735285383095,58.92179418352117,30.0,17.27,OK,OPTBBS_PARSE_300INDEX_QVIX,,,,False,False,1.0,True,OK,True,,,,,18.70174634888603,OK_REPLICA_ROLLING_MEDIAN_BASIS,AVIX_CLEAN_MINUS_PRIOR_252D_MEDIAN_AVIX_QVIX_SPREAD,,,50.0,,,,,,,50.0,,,,,,,,,,,,,,,,,,,,,,50.0,,,,True,True,False,False,False,False,OK,,,,,50.0,50.6,CAUTION,警戒,WARN_BREADTH_MISSING|WARN_NOT_BRACKET_30D,62.0,62.0,100.0,REALIZED_VOL|DRAWDOWN|BREADTH|TURNOVER
2025-05-15,16.959886643047987,WARN_NOT_BRACKET_30D,51.79282868525896,41.32723611511305,48.61609252333441,30.0,18.06,OK,OPTBBS_PARSE_300INDEX_QVIX,,,,False,False,1.0,True,OK,True,,,,,17.81010938089655,OK_REPLICA_ROLLING_MEDIAN_BASIS,AVIX_CLEAN_MINUS_PRIOR_252D_MEDIAN_AVIX_QVIX_SPREAD,,,50.0,,,,,,,50.0,,,,,,,,,,,,,,,,,,,,,,50.0,,,,True,True,False,False,False,False,OK,,,,,50.0,46.8,CAUTION,警戒,WARN_BREADTH_MISSING|WARN_NOT_BRACKET_30D,62.0,62.0,100.0,REALIZED_VOL|DRAWDOWN|BREADTH|TURNOVER
2025-05-16,16.193318843795556,WARN_NOT_BRACKET_30D,36.254980079681275,38.69754964551684,38.73088218126297,30.0,17.83,OK,OPTBBS_PARSE_300INDEX_QVIX,,,,False,False,1.0,True,OK,True,,,,,17.043541581644117,OK_REPLICA_ROLLING_MEDIAN_BASIS,AVIX_CLEAN_MINUS_PRIOR_252D_MEDIAN_AVIX_QVIX_SPREAD,,,50.0,,,,,,,50.0,,,,,,,,,,,,,,,,,,,,,,50.0,,,,True,True,False,False,False,False,OK,,,,,50.0,41.3,CAUTION,警戒,WARN_BREADTH_MISSING|WARN_NOT_BRACKET_30D,62.0,62.0,100.0,REALIZED_VOL|DRAWDOWN|BREADTH|TURNOVER
2025-05-19,15.872262666493024,WARN_NOT_BRACKET_30D,31.07569721115538,37.59441936295468,26.08498049326522,30.0,15.17,OK,OPTBBS_PARSE_300INDEX_QVIX,,,,False,False,1.0,True,OK,True,,,,,16.722485404341583,OK_REPLICA_ROLLING_MEDIAN_BASIS,AVIX_CLEAN_MINUS_PRIOR_252D_MEDIAN_AVIX_QVIX_SPREAD,,,50.0,,,,,,,50.0,,,,,,,,,,,,,,,,,,,,,,50.0,,,,True,True,False,False,False,False,OK,,,,,50.0,38.7,NORMAL,正常,WARN_BREADTH_MISSING|WARN_NOT_BRACKET_30D,62.0,62.0,100.0,REALIZED_VOL|DRAWDOWN|BREADTH|TURNOVER
2025-05-20,16.305937261399624,WARN_NOT_BRACKET_30D,40.63745019920319,39.10555150615106,51.41401161335053,30.0,15.72,OK,OPTBBS_PARSE_300INDEX_QVIX,,,,False,False,1.0,True,OK,True,,,,,17.13569610674594,OK_REPLICA_ROLLING_MEDIAN_BASIS,AVIX_CLEAN_MINUS_PRIOR_252D_MEDIAN_AVIX_QVIX_SPREAD,,,50.0,,,,,,,50.0,,,,,,,,,,,,,,,,,,,,,,50.0,,,,True,True,False,False,False,False,OK,,,,,50.0,43.6,CAUTION,警戒,WARN_BREADTH_MISSING|WARN_NOT_BRACKET_30D,62.0,62.0,100.0,REALIZED_VOL|DRAWDOWN|BREADTH|TURNOVER
2025-05-21,16.19175499969089,OK,35.85657370517929,38.72598429695338,31.4519548007421,30.0,15.76,OK,OPTBBS_PARSE_300INDEX_QVIX,,,,False,False,1.0,True,OK,True,,,,,16.997484818579323,OK_REPLICA_ROLLING_MEDIAN_BASIS,AVIX_CLEAN_MINUS_PRIOR_252D_MEDIAN_AVIX_QVIX_SPREAD,,,50.0,,,,,,,50.0,,,,,,,,,,,,,,,,,,,,,,50.0,,,,True,True,False,False,False,False,OK,,,,,50.0,40.6,CAUTION,警戒,WARN_BREADTH_MISSING,62.0,62.0,100.0,REALIZED_VOL|DRAWDOWN|BREADTH|TURNOVER
2025-05-22,16.77958053629847,OK,48.60557768924303,40.748939546662314,47.87373452966533,30.0,16.34,OK,OPTBBS_PARSE_300INDEX_QVIX,,,,False,False,1.0,True,OK,True,,,,,17.57570684525174,OK_REPLICA_ROLLING_MEDIAN_BASIS,AVIX_CLEAN_MINUS_PRIOR_252D_MEDIAN_AVIX_QVIX_SPREAD,,,50.0,,,,,,,50.0,,,,,,,,,,,,,,,,,,,,,,50.0,,,,True,True,False,False,False,False,OK,,,,,50.0,45.7,CAUTION,警戒,WARN_BREADTH_MISSING,62.0,62.0,100.0,REALIZED_VOL|DRAWDOWN|BREADTH|TURNOVER
2025-05-23,16.239524801618526,OK,38.24701195219124,38.890966503494816,50.57067928160599,30.0,16.08,OK,OPTBBS_PARSE_300INDEX_QVIX,,,,False,False,1.0,True,OK,True,,,,,17.0297230825198,OK_REPLICA_ROLLING_MEDIAN_BASIS,AVIX_CLEAN_MINUS_PRIOR_252D_MEDIAN_AVIX_QVIX_SPREAD,,,50.0,,,,,,,50.0,,,,,,,,,,,,,,,,,,,,,,50.0,,,,True,True,False,False,False,False,OK,,,,,50.0,42.8,CAUTION,警戒,WARN_BREADTH_MISSING,62.0,62.0,100.0,REALIZED_VOL|DRAWDOWN|BREADTH|TURNOVER
2025-05-26,16.6102610130987,OK,44.820717131474105,40.16492974846682,59.29922043394127,30.0,16.67,OK,OPTBBS_PARSE_300INDEX_QVIX,,,,False,False,1.0,True,OK,True,,,,,17.392685539591753,OK_REPLICA_ROLLING_MEDIAN_BASIS,AVIX_CLEAN_MINUS_PRIOR_252D_MEDIAN_AVIX_QVIX_SPREAD,,,50.0,,,,,,,50.0,,,,,,,,,,,,,,,,,,,,,,50.0,,,,True,True,False,False,False,False,OK,,,,,50.0,45.5,CAUTION,警戒,WARN_BREADTH_MISSING,62.0,62.0,100.0,REALIZED_VOL|DRAWDOWN|BREADTH|TURNOVER
2025-05-27,16.48864719566439,OK,42.82868525896414,39.74128833271953,52.24102339332912,30.0,16.7,OK,OPTBBS_PARSE_300INDEX_QVIX,,,,False,False,1.0,True,OK,True,,,,,17.25685925916591,OK_REPLICA_ROLLING_MEDIAN_BASIS,AVIX_CLEAN_MINUS_PRIOR_252D_MEDIAN_AVIX_QVIX_SPREAD,,,50.0,,,,,,,50.0,,,,,,,,,,,,,,,,,,,,,,50.0,,,,True,True,False,False,False,False,OK,,,,,50.0,44.3,CAUTION,警戒,WARN_BREADTH_MISSING,62.0,62.0,100.0,REALIZED_VOL|DRAWDOWN|BREADTH|TURNOVER
2025-05-28,16.714296910808514,OK,47.808764940239044,40.5108221591129,56.454419686162495,30.0,16.89,OK,OPTBBS_PARSE_300INDEX_QVIX,,,,False,False,1.0,True,OK,True,,,,,17.45679789020049,OK_REPLICA_ROLLING_MEDIAN_BASIS,AVIX_CLEAN_MINUS_PRIOR_252D_MEDIAN_AVIX_QVIX_SPREAD,,,50.0,,,,,,,50.0,,,,,,,,,,,,,,,,,,,,,,50.0,,,,True,True,False,False,False,False,OK,,,,,50.0,46.2,CAUTION,警戒,WARN_BREADTH_MISSING,62.0,62.0,100.0,REALIZED_VOL|DRAWDOWN|BREADTH|TURNOVER
2025-05-29,15.937824821446936,OK,31.673306772908365,37.83299877129858,39.966903963652655,30.0,16.52,OK,OPTBBS_PARSE_300INDEX_QVIX,,,,False,False,1.0,True,OK,True,,,,,16.646496151962218,OK_REPLICA_ROLLING_MEDIAN_BASIS,AVIX_CLEAN_MINUS_PRIOR_252D_MEDIAN_AVIX_QVIX_SPREAD,,,50.0,,,,,,,50.0,,,,,,,,,,,,,,,,,,,,,,50.0,,,,True,True,False,False,False,False,OK,,,,,50.0,40.0,CAUTION,警戒,WARN_BREADTH_MISSING,62.0,62.0,100.0,REALIZED_VOL|DRAWDOWN|BREADTH|TURNOVER
2025-05-30,15.85851443054368,OK,29.482071713147413,37.55928032400339,45.30761674705073,30.0,16.45,OK,OPTBBS_PARSE_300INDEX_QVIX,,,,False,False,1.0,True,OK,True,,,,,16.547132861901318,OK_REPLICA_ROLLING_MEDIAN_BASIS,AVIX_CLEAN_MINUS_PRIOR_252D_MEDIAN_AVIX_QVIX_SPREAD,,,50.0,,,,,,,50.0,,,,,,,,,,,,,,,,,,,,,,50.0,,,,True,True,False,False,False,False,OK,,,,,50.0,39.7,NORMAL,正常,WARN_BREADTH_MISSING,62.0,62.0,100.0,REALIZED_VOL|DRAWDOWN|BREADTH|TURNOVER
2025-06-03,15.27255138340087,OK,16.93227091633466,35.546437254649284,33.892972799850355,30.0,16.49,OK,OPTBBS_PARSE_300INDEX_QVIX,,,,False,False,1.0,True,OK,True,,,,,15.955352302548928,OK_REPLICA_ROLLING_MEDIAN_BASIS,AVIX_CLEAN_MINUS_PRIOR_252D_MEDIAN_AVIX_QVIX_SPREAD,,,50.0,,,,,,,50.0,,,,,,,,,,,,,,,,,,,,,,50.0,,,,True,True,False,False,False,False,OK,,,,,50.0,35.0,NORMAL,正常,WARN_BREADTH_MISSING,62.0,62.0,100.0,REALIZED_VOL|DRAWDOWN|BREADTH|TURNOVER
2025-06-04,15.263863118726388,OK,16.733067729083665,35.51898333503866,35.14391068710532,30.0,16.58,OK,OPTBBS_PARSE_300INDEX_QVIX,,,,False,False,1.0,True,OK,True,,,,,15.946664037874445,OK_REPLICA_ROLLING_MEDIAN_BASIS,AVIX_CLEAN_MINUS_PRIOR_252D_MEDIAN_AVIX_QVIX_SPREAD,,,50.0,,,,,,,50.0,,,,,,,,,,,,,,,,,,,,,,50.0,,,,True,True,False,False,False,False,OK,,,,,50.0,35.1,NORMAL,正常,WARN_BREADTH_MISSING,62.0,62.0,100.0,REALIZED_VOL|DRAWDOWN|BREADTH|TURNOVER
2025-06-05,15.397166154675324,OK,20.717131474103585,35.97550601010578,34.23947159534482,30.0,16.75,OK,OPTBBS_PARSE_300INDEX_QVIX,,,,False,False,1.0,True,OK,True,,,,,16.085784586032965,OK_REPLICA_ROLLING_MEDIAN_BASIS,AVIX_CLEAN_MINUS_PRIOR_252D_MEDIAN_AVIX_QVIX_SPREAD,,,50.0,,,,,,,50.0,,,,,,,,,,,,,,,,,,,,,,50.0,,,,True,True,False,False,False,False,OK,,,,,50.0,36.2,NORMAL,正常,WARN_BREADTH_MISSING,62.0,62.0,100.0,REALIZED_VOL|DRAWDOWN|BREADTH|TURNOVER
2025-06-06,15.230056557421046,OK,15.737051792828685,35.40178184711402,41.11838319274945,30.0,16.61,OK,OPTBBS_PARSE_300INDEX_QVIX,,,,False,False,1.0,True,OK,True,,,,,15.918674988778685,OK_REPLICA_ROLLING_MEDIAN_BASIS,AVIX_CLEAN_MINUS_PRIOR_252D_MEDIAN_AVIX_QVIX_SPREAD,,,50.0,,,,,,,50.0,,,,,,,,,,,,,,,,,,,,,,50.0,,,,True,True,False,False,False,False,OK,,,,,50.0,35.3,NORMAL,正常,WARN_BREADTH_MISSING,62.0,62.0,100.0,REALIZED_VOL|DRAWDOWN|BREADTH|TURNOVER
2025-06-09,15.348159525402645,OK,19.52191235059761,35.80904271694532,43.56364800276518,30.0,16.88,OK,OPTBBS_PARSE_300INDEX_QVIX,,,,False,False,1.0,True,OK,True,,,,,16.040636503978988,OK_REPLICA_ROLLING_MEDIAN_BASIS,AVIX_CLEAN_MINUS_PRIOR_252D_MEDIAN_AVIX_QVIX_SPREAD,,,50.0,,,,,,,50.0,,,,,,,,,,,,,,,,,,,,,,50.0,,,,True,True,False,False,False,False,OK,,,,,50.0,36.6,NORMAL,正常,WARN_BREADTH_MISSING,62.0,62.0,100.0,REALIZED_VOL|DRAWDOWN|BREADTH|TURNOVER
2025-06-10,15.574012343968114,OK,24.50199203187251,36.60099633130112,53.94774851954192,30.0,16.97,OK,OPTBBS_PARSE_300INDEX_QVIX,,,,False,False,1.0,True,OK,True,,,,,16.282683674483394,OK_REPLICA_ROLLING_MEDIAN_BASIS,AVIX_CLEAN_MINUS_PRIOR_252D_MEDIAN_AVIX_QVIX_SPREAD,,,50.0,,,,,,,50.0,,,,,,,,,,,,,,,,,,,,,,50.0,,,,True,True,False,False,False,False,OK,,,,,50.0,38.9,NORMAL,正常,WARN_BREADTH_MISSING,62.0,62.0,100.0,REALIZED_VOL|DRAWDOWN|BREADTH|TURNOVER
2025-06-11,15.748445754465996,OK,28.087649402390436,37.20240993711541,56.34941013255159,30.0,17.28,OK,OPTBBS_PARSE_300INDEX_QVIX,,,,False,False,1.0,True,OK,True,,,,,16.47331143692022,OK_REPLICA_ROLLING_MEDIAN_BASIS,AVIX_CLEAN_MINUS_PRIOR_252D_MEDIAN_AVIX_QVIX_SPREAD,,,50.0,,,,,,,50.0,,,,,,,,,,,,,,,,,,,,,,50.0,,,,True,True,False,False,False,False,OK,,,,,50.0,40.2,CAUTION,警戒,WARN_BREADTH_MISSING,62.0,62.0,100.0,REALIZED_VOL|DRAWDOWN|BREADTH|TURNOVER
2025-06-12,15.799271565766452,OK,28.884462151394423,37.366715736277754,55.223109331310695,30.0,17.33,OK,OPTBBS_PARSE_300INDEX_QVIX,,,,False,False,1.0,True,OK,True,,,,,16.541772545158427,OK_REPLICA_ROLLING_MEDIAN_BASIS,AVIX_CLEAN_MINUS_PRIOR_252D_MEDIAN_AVIX_QVIX_SPREAD,,,50.0,,,,,,,50.0,,,,,,,,,,,,,,,,,,,,,,50.0,,,,True,True,False,False,False,False,OK,,,,,50.0,40.3,CAUTION,警戒,WARN_BREADTH_MISSING,62.0,62.0,100.0,REALIZED_VOL|DRAWDOWN|BREADTH|TURNOVER
2025-06-13,16.445218957698664,OK,43.02788844621514,39.5703951826281,65.95742465822316,30.0,17.64,OK,OPTBBS_PARSE_300INDEX_QVIX,,,,False,False,1.0,True,OK,True,,,,,17.18771993709064,OK_REPLICA_ROLLING_MEDIAN_BASIS,AVIX_CLEAN_MINUS_PRIOR_252D_MEDIAN_AVIX_QVIX_SPREAD,,,50.0,,,,,,,50.0,,,,,,,,,,,,,,,,,,,,,,50.0,,,,True,True,False,False,False,False,OK,,,,,50.0,45.5,CAUTION,警戒,WARN_BREADTH_MISSING,62.0,62.0,100.0,REALIZED_VOL|DRAWDOWN|BREADTH|TURNOVER
2025-06-16,16.060040608496053,WARN_NOT_BRACKET_30D,33.66533864541832,38.226350348466475,59.276435808673696,30.0,17.3,OK,OPTBBS_PARSE_300INDEX_QVIX,,,,False,False,1.0,True,OK,True,,,,,16.82017688482578,OK_REPLICA_ROLLING_MEDIAN_BASIS,AVIX_CLEAN_MINUS_PRIOR_252D_MEDIAN_AVIX_QVIX_SPREAD,,,50.0,,,,,,,50.0,,,,,,,,,,,,,,,,,,,,,,50.0,,,,True,True,False,False,False,False,OK,,,,,50.0,42.1,CAUTION,警戒,WARN_BREADTH_MISSING|WARN_NOT_BRACKET_30D,62.0,62.0,100.0,REALIZED_VOL|DRAWDOWN|BREADTH|TURNOVER
2025-06-17,15.8471820160668,WARN_NOT_BRACKET_30D,29.681274900398407,37.48165717130891,53.508019206167965,30.0,17.09,OK,OPTBBS_PARSE_300INDEX_QVIX,,,,False,False,1.0,True,OK,True,,,,,16.61539407956832,OK_REPLICA_ROLLING_MEDIAN_BASIS,AVIX_CLEAN_MINUS_PRIOR_252D_MEDIAN_AVIX_QVIX_SPREAD,,,50.0,,,,,,,50.0,,,,,,,,,,,,,,,,,,,,,,50.0,,,,True,True,False,False,False,False,OK,,,,,50.0,40.4,CAUTION,警戒,WARN_BREADTH_MISSING|WARN_NOT_BRACKET_30D,62.0,62.0,100.0,REALIZED_VOL|DRAWDOWN|BREADTH|TURNOVER
2025-06-18,16.354087090204562,OK,41.63346613545817,39.21144261592277,57.69144263733854,30.0,17.47,OK,OPTBBS_PARSE_300INDEX_QVIX,,,,False,False,1.0,True,OK,True,,,,,17.13037494087787,OK_REPLICA_ROLLING_MEDIAN_BASIS,AVIX_CLEAN_MINUS_PRIOR_252D_MEDIAN_AVIX_QVIX_SPREAD,,,50.0,,,,,,,50.0,,,,,,,,,,,,,,,,,,,,,,50.0,,,,True,True,False,False,False,False,OK,,,,,50.0,44.4,CAUTION,警戒,WARN_BREADTH_MISSING,62.0,62.0,100.0,REALIZED_VOL|DRAWDOWN|BREADTH|TURNOVER
2025-06-19,16.37454436636733,OK,41.832669322709165,39.254219593998606,57.282269922461104,30.0,17.25,OK,OPTBBS_PARSE_300INDEX_QVIX,,,,False,False,1.0,True,OK,True,,,,,17.15083221704064,OK_REPLICA_ROLLING_MEDIAN_BASIS,AVIX_CLEAN_MINUS_PRIOR_252D_MEDIAN_AVIX_QVIX_SPREAD,,,50.0,,,,,,,50.0,,,,,,,,,,,,,,,,,,,,,,50.0,,,,True,True,False,False,False,False,OK,,,,,50.0,44.4,CAUTION,警戒,WARN_BREADTH_MISSING,62.0,62.0,100.0,REALIZED_VOL|DRAWDOWN|BREADTH|TURNOVER
2025-06-20,15.695790764154635,OK,26.49402390438247,36.89157935520967,40.88576205069996,30.0,16.55,OK,OPTBBS_PARSE_300INDEX_QVIX,,,,False,False,1.0,True,OK,True,,,,,16.472078614827943,OK_REPLICA_ROLLING_MEDIAN_BASIS,AVIX_CLEAN_MINUS_PRIOR_252D_MEDIAN_AVIX_QVIX_SPREAD,,,50.0,,,,,,,50.0,,,,,,,,,,,,,,,,,,,,,,50.0,,,,True,True,False,False,False,False,OK,,,,,50.0,38.5,NORMAL,正常,WARN_BREADTH_MISSING,62.0,62.0,100.0,REALIZED_VOL|DRAWDOWN|BREADTH|TURNOVER
2025-06-23,14.831684463171916,OK,9.9601593625498,33.915900333794895,34.70295094180131,30.0,17.33,OK,OPTBBS_PARSE_300INDEX_QVIX,,,,False,False,1.0,True,OK,True,,,,,15.607972313845226,OK_REPLICA_ROLLING_MEDIAN_BASIS,AVIX_CLEAN_MINUS_PRIOR_252D_MEDIAN_AVIX_QVIX_SPREAD,,,50.0,,,,,,,50.0,,,,,,,,,,,,,,,,,,,,,,50.0,,,,True,True,False,False,False,False,OK,,,,,50.0,32.9,NORMAL,正常,WARN_BREADTH_MISSING,62.0,62.0,100.0,REALIZED_VOL|DRAWDOWN|BREADTH|TURNOVER
2025-06-24,15.45068115319511,OK,22.50996015936255,36.0644107715611,44.99594486300853,30.0,16.47,OK,OPTBBS_PARSE_300INDEX_QVIX,,,,False,False,1.0,True,OK,True,,,,,16.22696900386842,OK_REPLICA_ROLLING_MEDIAN_BASIS,AVIX_CLEAN_MINUS_PRIOR_252D_MEDIAN_AVIX_QVIX_SPREAD,,,50.0,,,,,,,50.0,,,,,,,,,,,,,,,,,,,,,,50.0,,,,True,True,False,False,False,False,OK,,,,,50.0,37.6,NORMAL,正常,WARN_BREADTH_MISSING,62.0,62.0,100.0,REALIZED_VOL|DRAWDOWN|BREADTH|TURNOVER
2025-06-25,18.566061146906563,OK,67.13147410358566,46.799233467472035,77.0510245481924,30.0,17.0,OK,OPTBBS_PARSE_300INDEX_QVIX,,,,False,False,1.0,True,OK,True,,,,,19.342348997579872,OK_REPLICA_ROLLING_MEDIAN_BASIS,AVIX_CLEAN_MINUS_PRIOR_252D_MEDIAN_AVIX_QVIX_SPREAD,,,50.0,,,,,,,50.0,,,,,,,,,,,,,,,,,,,,,,50.0,,,,True,True,False,False,False,False,OK,,,,,50.0,54.1,CAUTION,警戒,WARN_BREADTH_MISSING,62.0,62.0,100.0,REALIZED_VOL|DRAWDOWN|BREADTH|TURNOVER
2025-06-26,16.56754151940043,OK,44.6215139442231,39.86792515495326,52.357282727567124,30.0,17.74,OK,OPTBBS_PARSE_300INDEX_QVIX,,,,False,False,1.0,True,OK,True,,,,,17.327677795730157,OK_REPLICA_ROLLING_MEDIAN_BASIS,AVIX_CLEAN_MINUS_PRIOR_252D_MEDIAN_AVIX_QVIX_SPREAD,,,50.0,,,,,,,50.0,,,,,,,,,,,,,,,,,,,,,,50.0,,,,True,True,False,False,False,False,OK,,,,,50.0,44.9,CAUTION,警戒,WARN_BREADTH_MISSING,62.0,62.0,100.0,REALIZED_VOL|DRAWDOWN|BREADTH|TURNOVER
2025-06-27,15.743345607685674,OK,28.087649402390436,37.00233007196942,50.605956644626545,30.0,16.93,OK,OPTBBS_PARSE_300INDEX_QVIX,,,,False,False,1.0,True,OK,True,,,,,16.5034818840154,OK_REPLICA_ROLLING_MEDIAN_BASIS,AVIX_CLEAN_MINUS_PRIOR_252D_MEDIAN_AVIX_QVIX_SPREAD,,,50.0,,,,,,,50.0,,,,,,,,,,,,,,,,,,,,,,50.0,,,,True,True,False,False,False,False,OK,,,,,50.0,39.7,NORMAL,正常,WARN_BREADTH_MISSING,62.0,62.0,100.0,REALIZED_VOL|DRAWDOWN|BREADTH|TURNOVER
2025-06-30,15.676201619833538,OK,26.49402390438247,36.752173097399165,61.388014068915986,30.0,17.25,OK,OPTBBS_PARSE_300INDEX_QVIX,,,,False,False,1.0,True,OK,True,,,,,16.436337896163266,OK_REPLICA_ROLLING_MEDIAN_BASIS,AVIX_CLEAN_MINUS_PRIOR_252D_MEDIAN_AVIX_QVIX_SPREAD,,,50.0,,,,,,,50.0,,,,,,,,,,,,,,,,,,,,,,50.0,,,,True,True,False,False,False,False,OK,,,,,50.0,40.1,CAUTION,警戒,WARN_BREADTH_MISSING,62.0,62.0,100.0,REALIZED_VOL|DRAWDOWN|BREADTH|TURNOVER
2025-07-01,14.971741245755462,OK,11.952191235059761,34.31052164731903,43.80040397325,30.0,16.88,OK,OPTBBS_PARSE_300INDEX_QVIX,,,,False,False,1.0,True,OK,True,,,,,15.73187752208519,OK_REPLICA_ROLLING_MEDIAN_BASIS,AVIX_CLEAN_MINUS_PRIOR_252D_MEDIAN_AVIX_QVIX_SPREAD,,,50.0,,,,,,,50.0,,,,,,,,,,,,,,,,,,,,,,50.0,,,,True,True,False,False,False,False,OK,,,,,50.0,34.3,NORMAL,正常,WARN_BREADTH_MISSING,62.0,62.0,100.0,REALIZED_VOL|DRAWDOWN|BREADTH|TURNOVER
2025-07-02,14.771405873043207,OK,8.565737051792828,33.61139858269644,9.122667497024665,30.0,16.79,OK,OPTBBS_PARSE_300INDEX_QVIX,,,,False,False,1.0,True,OK,True,,,,,15.547693723716517,OK_REPLICA_ROLLING_MEDIAN_BASIS,AVIX_CLEAN_MINUS_PRIOR_252D_MEDIAN_AVIX_QVIX_SPREAD,,,50.0,,,,,,,50.0,,,,,,,,,,,,,,,,,,,,,,50.0,,,,True,True,False,False,False,False,OK,,,,,50.0,30.4,NORMAL,正常,WARN_BREADTH_MISSING,62.0,62.0,100.0,REALIZED_VOL|DRAWDOWN|BREADTH|TURNOVER
2025-07-03,15.05353548825726,OK,13.745019920318724,34.57497798066818,31.723226353526467,30.0,17.17,OK,OPTBBS_PARSE_300INDEX_QVIX,,,,False,False,1.0,True,OK,True,,,,,15.842096690570052,OK_REPLICA_ROLLING_MEDIAN_BASIS,AVIX_CLEAN_MINUS_PRIOR_252D_MEDIAN_AVIX_QVIX_SPREAD,,,50.0,,,,,,,50.0,,,,,,,,,,,,,,,,,,,,,,50.0,,,,True,True,False,False,False,False,OK,,,,,50.0,33.8,NORMAL,正常,WARN_BREADTH_MISSING,62.0,62.0,100.0,REALIZED_VOL|DRAWDOWN|BREADTH|TURNOVER
2025-07-04,14.816329745554883,OK,9.9601593625498,33.75059901555894,38.22339437586588,30.0,16.88,OK,OPTBBS_PARSE_300INDEX_QVIX,,,,False,False,1.0,True,OK,True,,,,,15.60816510504464,OK_REPLICA_ROLLING_MEDIAN_BASIS,AVIX_CLEAN_MINUS_PRIOR_252D_MEDIAN_AVIX_QVIX_SPREAD,,,50.0,,,,,,,50.0,,,,,,,,,,,,,,,,,,,,,,50.0,,,,True,True,False,False,False,False,OK,,,,,50.0,33.2,NORMAL,正常,WARN_BREADTH_MISSING,62.0,62.0,100.0,REALIZED_VOL|DRAWDOWN|BREADTH|TURNOVER
2025-07-07,15.648260184738358,OK,26.693227091633464,36.61201427502408,49.643517788648126,30.0,17.84,OK,OPTBBS_PARSE_300INDEX_QVIX,,,,False,False,1.0,True,OK,True,,,,,16.44867744315514,OK_REPLICA_ROLLING_MEDIAN_BASIS,AVIX_CLEAN_MINUS_PRIOR_252D_MEDIAN_AVIX_QVIX_SPREAD,,,50.0,,,,,,,50.0,,,,,,,,,,,,,,,,,,,,,,50.0,,,,True,True,False,False,False,False,OK,,,,,50.0,39.2,NORMAL,正常,WARN_BREADTH_MISSING,62.0,62.0,100.0,REALIZED_VOL|DRAWDOWN|BREADTH|TURNOVER
2025-07-08,16.55846865590888,OK,44.6215139442231,39.73029720618372,71.196297532904,30.0,18.77,OK,OPTBBS_PARSE_300INDEX_QVIX,,,,False,False,1.0,True,OK,True,,,,,17.369511035268967,OK_REPLICA_ROLLING_MEDIAN_BASIS,AVIX_CLEAN_MINUS_PRIOR_252D_MEDIAN_AVIX_QVIX_SPREAD,,,50.0,,,,,,,50.0,,,,,,,,,,,,,,,,,,,,,,50.0,,,,True,True,False,False,False,False,OK,,,,,50.0,46.4,CAUTION,警戒,WARN_BREADTH_MISSING,62.0,62.0,100.0,REALIZED_VOL|DRAWDOWN|BREADTH|TURNOVER
2025-07-09,16.429442640009913,OK,43.22709163346614,39.26056252989458,72.4492750550238,30.0,18.75,OK,OPTBBS_PARSE_300INDEX_QVIX,,,,False,False,1.0,True,OK,True,,,,,17.283651875855277,OK_REPLICA_ROLLING_MEDIAN_BASIS,AVIX_CLEAN_MINUS_PRIOR_252D_MEDIAN_AVIX_QVIX_SPREAD,,,50.0,,,,,,,50.0,,,,,,,,,,,,,,,,,,,,,,50.0,,,,True,True,False,False,False,False,OK,,,,,50.0,46.0,CAUTION,警戒,WARN_BREADTH_MISSING,62.0,62.0,100.0,REALIZED_VOL|DRAWDOWN|BREADTH|TURNOVER
2025-07-10,16.934120773271484,OK,51.39442231075697,40.97479664969843,74.98529712812254,30.0,19.23,OK,OPTBBS_PARSE_300INDEX_QVIX,,,,False,False,1.0,True,OK,True,,,,,17.788330009116848,OK_REPLICA_ROLLING_MEDIAN_BASIS,AVIX_CLEAN_MINUS_PRIOR_252D_MEDIAN_AVIX_QVIX_SPREAD,,,50.0,,,,,,,50.0,,,,,,,,,,,,,,,,,,,,,,50.0,,,,True,True,False,False,False,False,OK,,,,,50.0,48.7,CAUTION,警戒,WARN_BREADTH_MISSING,62.0,62.0,100.0,REALIZED_VOL|DRAWDOWN|BREADTH|TURNOVER
2025-07-11,17.785690623060994,OK,59.9601593625498,43.8861171020321,90.08227312026395,30.0,19.66,OK,OPTBBS_PARSE_300INDEX_QVIX,,,,False,False,1.0,True,OK,True,,,,,18.63989985890636,OK_REPLICA_ROLLING_MEDIAN_BASIS,AVIX_CLEAN_MINUS_PRIOR_252D_MEDIAN_AVIX_QVIX_SPREAD,,,50.0,,,,,,,50.0,,,,,,,,,,,,,,,,,,,,,,50.0,,,,True,True,False,False,False,False,OK,,,,,50.0,52.7,CAUTION,警戒,WARN_BREADTH_MISSING,62.0,62.0,100.0,REALIZED_VOL|DRAWDOWN|BREADTH|TURNOVER
2025-07-14,17.758482432437514,WARN_NOT_BRACKET_30D,59.76095617529881,43.7349954375119,76.97069479656582,30.0,19.92,OK,OPTBBS_PARSE_300INDEX_QVIX,,,,False,False,1.0,True,OK,True,,,,,18.612691668282878,OK_REPLICA_ROLLING_MEDIAN_BASIS,AVIX_CLEAN_MINUS_PRIOR_252D_MEDIAN_AVIX_QVIX_SPREAD,,,50.0,,,,,,,50.0,,,,,,,,,,,,,,,,,,,,,,50.0,,,,True,True,False,False,False,False,OK,,,,,50.0,51.6,CAUTION,警戒,WARN_BREADTH_MISSING|WARN_NOT_BRACKET_30D,62.0,62.0,100.0,REALIZED_VOL|DRAWDOWN|BREADTH|TURNOVER
2025-07-15,16.880625998840955,WARN_NOT_BRACKET_30D,49.40239043824701,40.62110147424245,53.89114899000176,30.0,19.39,OK,OPTBBS_PARSE_300INDEX_QVIX,,,,False,False,1.0,True,OK,True,,,,,17.734835234686322,OK_REPLICA_ROLLING_MEDIAN_BASIS,AVIX_CLEAN_MINUS_PRIOR_252D_MEDIAN_AVIX_QVIX_SPREAD,,,50.0,,,,,,,50.0,,,,,,,,,,,,,,,,,,,,,,50.0,,,,True,True,False,False,False,False,OK,,,,,50.0,46.4,CAUTION,警戒,WARN_BREADTH_MISSING|WARN_NOT_BRACKET_30D,62.0,62.0,100.0,REALIZED_VOL|DRAWDOWN|BREADTH|TURNOVER
2025-07-16,16.648028002162842,OK,45.61752988047809,39.745299989162916,52.66089808330583,30.0,19.03,OK,OPTBBS_PARSE_300INDEX_QVIX,,,,False,False,1.0,True,OK,True,,,,,17.502237238008206,OK_REPLICA_ROLLING_MEDIAN_BASIS,AVIX_CLEAN_MINUS_PRIOR_252D_MEDIAN_AVIX_QVIX_SPREAD,,,50.0,,,,,,,50.0,,,,,,,,,,,,,,,,,,,,,,50.0,,,,True,True,False,False,False,False,OK,,,,,50.0,45.2,CAUTION,警戒,WARN_BREADTH_MISSING,62.0,62.0,100.0,REALIZED_VOL|DRAWDOWN|BREADTH|TURNOVER
2025-07-17,16.90460715316989,OK,49.800796812749006,40.57488639293199,49.65143014512834,30.0,19.34,OK,OPTBBS_PARSE_300INDEX_QVIX,,,,False,False,1.0,True,OK,True,,,,,17.75881638901526,OK_REPLICA_ROLLING_MEDIAN_BASIS,AVIX_CLEAN_MINUS_PRIOR_252D_MEDIAN_AVIX_QVIX_SPREAD,,,50.0,,,,,,,50.0,,,,,,,,,,,,,,,,,,,,,,50.0,,,,True,True,False,False,False,False,OK,,,,,50.0,46.2,CAUTION,警戒,WARN_BREADTH_MISSING,62.0,62.0,100.0,REALIZED_VOL|DRAWDOWN|BREADTH|TURNOVER
2025-07-18,16.81538365104259,OK,48.60557768924303,40.20053278498855,39.08890306727477,30.0,19.68,OK,OPTBBS_PARSE_300INDEX_QVIX,,,,False,False,1.0,True,OK,True,,,,,17.669592886887955,OK_REPLICA_ROLLING_MEDIAN_BASIS,AVIX_CLEAN_MINUS_PRIOR_252D_MEDIAN_AVIX_QVIX_SPREAD,,,50.0,,,,,,,50.0,,,,,,,,,,,,,,,,,,,,,,50.0,,,,True,True,False,False,False,False,OK,,,,,50.0,45.0,CAUTION,警戒,WARN_BREADTH_MISSING,62.0,62.0,100.0,REALIZED_VOL|DRAWDOWN|BREADTH|TURNOVER
2025-07-21,17.61705738372236,OK,58.76494023904383,42.95094250111973,48.4072394783371,30.0,16.0,WARN_QVIX_REALTIME_PROXY,OPTBBS_PARSE_300ETF_QVIX_PROXY,,,,True,False,1.0,True,PROXY,True,,,,,18.47126661956773,OK_REPLICA_ROLLING_MEDIAN_BASIS,AVIX_CLEAN_MINUS_PRIOR_252D_MEDIAN_AVIX_QVIX_SPREAD,,,50.0,,,,,,,50.0,,,,,,,,,,,,,,,,,,,,,,50.0,,,,True,True,False,False,False,False,PROXY,,,,,50.0,48.9,CAUTION,警戒,WARN_BREADTH_MISSING|WARN_QVIX_REALTIME_PROXY,57.2,62.0,92.3,QVIX_PROXY|REALIZED_VOL|DRAWDOWN|BREADTH|TURNOVER
2025-07-22,18.02362383598551,OK,62.35059760956175,44.33687369453619,63.54212618919508,30.0,19.49,OK,OPTBBS_PARSE_300INDEX_QVIX,,,,False,False,1.0,True,OK,True,,,,,18.824041094402293,OK_REPLICA_ROLLING_MEDIAN_BASIS,AVIX_CLEAN_MINUS_PRIOR_252D_MEDIAN_AVIX_QVIX_SPREAD,,,50.0,,,,,,,50.0,,,,,,,,,,,,,,,,,,,,,,50.0,,,,True,True,False,False,False,False,OK,,,,,50.0,51.3,CAUTION,警戒,WARN_BREADTH_MISSING,62.0,62.0,100.0,REALIZED_VOL|DRAWDOWN|BREADTH|TURNOVER
2025-07-23,19.24314333690385,OK,73.50597609561753,48.56483331152887,81.17624903566787,30.0,20.37,OK,OPTBBS_PARSE_300INDEX_QVIX,,,,False,False,1.0,True,OK,True,,,,,20.04356059532063,OK_REPLICA_ROLLING_MEDIAN_BASIS,AVIX_CLEAN_MINUS_PRIOR_252D_MEDIAN_AVIX_QVIX_SPREAD,,,50.0,,,,,,,50.0,,,,,,,,,,,,,,,,,,,,,,50.0,,,,True,True,False,False,False,False,OK,,,,,50.0,56.5,CAUTION,警戒,WARN_BREADTH_MISSING,62.0,62.0,100.0,REALIZED_VOL|DRAWDOWN|BREADTH|TURNOVER
2025-07-24,19.454617087281463,OK,75.69721115537848,49.24367049336846,80.16940779524005,30.0,20.61,OK,OPTBBS_PARSE_300INDEX_QVIX,,,,False,False,1.0,True,OK,True,,,,,20.255034345698245,OK_REPLICA_ROLLING_MEDIAN_BASIS,AVIX_CLEAN_MINUS_PRIOR_252D_MEDIAN_AVIX_QVIX_SPREAD,,,50.0,,,,,,,50.0,,,,,,,,,,,,,,,,,,,,,,50.0,,,,True,True,False,False,False,False,OK,,,,,50.0,57.1,CAUTION,警戒,WARN_BREADTH_MISSING,62.0,62.0,100.0,REALIZED_VOL|DRAWDOWN|BREADTH|TURNOVER
2025-07-25,19.33815405389868,OK,74.7011952191235,48.76464494044529,80.0055051399279,30.0,19.83,OK,OPTBBS_PARSE_300INDEX_QVIX,,,,False,False,1.0,True,OK,True,,,,,20.138571312315463,OK_REPLICA_ROLLING_MEDIAN_BASIS,AVIX_CLEAN_MINUS_PRIOR_252D_MEDIAN_AVIX_QVIX_SPREAD,,,50.0,,,,,,,50.0,,,,,,,,,,,,,,,,,,,,,,50.0,,,,True,True,False,False,False,False,OK,,,,,50.0,56.7,CAUTION,警戒,WARN_BREADTH_MISSING,62.0,62.0,100.0,REALIZED_VOL|DRAWDOWN|BREADTH|TURNOVER
2025-07-28,19.34198783235103,OK,74.7011952191235,48.69909320812795,69.58250360497154,30.0,19.99,OK,OPTBBS_PARSE_300INDEX_QVIX,,,,False,False,1.0,True,OK,True,,,,,20.133823191840786,OK_REPLICA_ROLLING_MEDIAN_BASIS,AVIX_CLEAN_MINUS_PRIOR_252D_MEDIAN_AVIX_QVIX_SPREAD,,,50.0,,,,,,,50.0,,,,,,,,,,,,,,,,,,,,,,50.0,,,,True,True,False,False,False,False,OK,,,,,50.0,55.9,CAUTION,警戒,WARN_BREADTH_MISSING,62.0,62.0,100.0,REALIZED_VOL|DRAWDOWN|BREADTH|TURNOVER
2025-07-29,19.366191594232145,OK,74.9003984063745,48.69993710401767,64.89786704897931,30.0,20.16,OK,OPTBBS_PARSE_300INDEX_QVIX,,,,False,False,1.0,True,OK,True,,,,,20.154752796544937,OK_REPLICA_ROLLING_MEDIAN_BASIS,AVIX_CLEAN_MINUS_PRIOR_252D_MEDIAN_AVIX_QVIX_SPREAD,,,50.0,,,,,,,50.0,,,,,,,,,,,,,,,,,,,,,,50.0,,,,True,True,False,False,False,False,OK,,,,,50.0,55.6,CAUTION,警戒,WARN_BREADTH_MISSING,62.0,62.0,100.0,REALIZED_VOL|DRAWDOWN|BREADTH|TURNOVER
2025-07-30,18.459723592892693,OK,65.33864541832669,45.3939948724304,41.857673870684735,30.0,19.59,OK,OPTBBS_PARSE_300INDEX_QVIX,,,,False,False,1.0,True,OK,True,,,,,19.248284795205485,OK_REPLICA_ROLLING_MEDIAN_BASIS,AVIX_CLEAN_MINUS_PRIOR_252D_MEDIAN_AVIX_QVIX_SPREAD,,,50.0,,,,,,,50.0,,,,,,,,,,,,,,,,,,,,,,50.0,,,,True,True,False,False,False,False,OK,,,,,50.0,50.6,CAUTION,警戒,WARN_BREADTH_MISSING,62.0,62.0,100.0,REALIZED_VOL|DRAWDOWN|BREADTH|TURNOVER
2025-07-31,18.60318197884272,OK,66.73306772908366,45.81984449589395,41.24696102093552,30.0,19.39,OK,OPTBBS_PARSE_300INDEX_QVIX,,,,False,False,1.0,True,OK,True,,,,,19.391743181155512,OK_REPLICA_ROLLING_MEDIAN_BASIS,AVIX_CLEAN_MINUS_PRIOR_252D_MEDIAN_AVIX_QVIX_SPREAD,,,50.0,,,,,,,50.0,,,,,,,,,,,,,,,,,,,,,,50.0,,,,True,True,False,False,False,False,OK,,,,,50.0,51.0,CAUTION,警戒,WARN_BREADTH_MISSING,62.0,62.0,100.0,REALIZED_VOL|DRAWDOWN|BREADTH|TURNOVER
2025-08-01,17.687292033834158,OK,57.76892430278885,42.49222152490373,32.92637430167022,30.0,18.61,OK,OPTBBS_PARSE_300INDEX_QVIX,,,,False,False,1.0,True,OK,True,,,,,18.47411005499144,OK_REPLICA_ROLLING_MEDIAN_BASIS,AVIX_CLEAN_MINUS_PRIOR_252D_MEDIAN_AVIX_QVIX_SPREAD,,,50.0,,,,,,,50.0,,,,,,,,,,,,,,,,,,,,,,50.0,,,,True,True,False,False,False,False,OK,,,,,50.0,47.4,CAUTION,警戒,WARN_BREADTH_MISSING,62.0,62.0,100.0,REALIZED_VOL|DRAWDOWN|BREADTH|TURNOVER
2025-08-04,17.334729208924536,OK,55.17928286852589,41.171610155297486,29.244546725759047,30.0,18.57,OK,OPTBBS_PARSE_300INDEX_QVIX,,,,False,False,1.0,True,OK,True,,,,,18.121547230081816,OK_REPLICA_ROLLING_MEDIAN_BASIS,AVIX_CLEAN_MINUS_PRIOR_252D_MEDIAN_AVIX_QVIX_SPREAD,,,50.0,,,,,,,50.0,,,,,,,,,,,,,,,,,,,,,,50.0,,,,True,True,False,False,False,False,OK,,,,,50.0,46.2,CAUTION,警戒,WARN_BREADTH_MISSING,62.0,62.0,100.0,REALIZED_VOL|DRAWDOWN|BREADTH|TURNOVER
2025-08-05,17.1255571785791,OK,51.992031872509955,40.36667640658287,26.8603506295954,30.0,18.62,OK,OPTBBS_PARSE_300INDEX_QVIX,,,,False,False,1.0,True,OK,True,,,,,17.91237519973638,OK_REPLICA_ROLLING_MEDIAN_BASIS,AVIX_CLEAN_MINUS_PRIOR_252D_MEDIAN_AVIX_QVIX_SPREAD,,,50.0,,,,,,,50.0,,,,,,,,,,,,,,,,,,,,,,50.0,,,,True,True,False,False,False,False,OK,,,,,50.0,45.0,CAUTION,警戒,WARN_BREADTH_MISSING,62.0,62.0,100.0,REALIZED_VOL|DRAWDOWN|BREADTH|TURNOVER
2025-08-06,17.34964217907993,OK,55.17928286852589,41.12782048908383,37.97293569184139,30.0,18.82,OK,OPTBBS_PARSE_300INDEX_QVIX,,,,False,False,1.0,True,OK,True,,,,,18.13820338139272,OK_REPLICA_ROLLING_MEDIAN_BASIS,AVIX_CLEAN_MINUS_PRIOR_252D_MEDIAN_AVIX_QVIX_SPREAD,,,50.0,,,,,,,50.0,,,,,,,,,,,,,,,,,,,,,,50.0,,,,True,True,False,False,False,False,OK,,,,,50.0,46.8,CAUTION,警戒,WARN_BREADTH_MISSING,62.0,62.0,100.0,REALIZED_VOL|DRAWDOWN|BREADTH|TURNOVER
2025-08-07,17.34025756838678,OK,54.980079681274894,41.06866528240646,36.422490390168115,30.0,18.94,OK,OPTBBS_PARSE_300INDEX_QVIX,,,,False,False,1.0,True,OK,True,,,,,18.12881877069957,OK_REPLICA_ROLLING_MEDIAN_BASIS,AVIX_CLEAN_MINUS_PRIOR_252D_MEDIAN_AVIX_QVIX_SPREAD,,,50.0,,,,,,,50.0,,,,,,,,,,,,,,,,,,,,,,50.0,,,,True,True,False,False,False,False,OK,,,,,50.0,46.7,CAUTION,警戒,WARN_BREADTH_MISSING,62.0,62.0,100.0,REALIZED_VOL|DRAWDOWN|BREADTH|TURNOVER
2025-08-08,16.826133825360383,OK,45.81673306772908,39.210791825998356,40.26240753161696,30.0,18.5,OK,OPTBBS_PARSE_300INDEX_QVIX,,,,False,False,1.0,True,OK,True,,,,,17.614695027673175,OK_REPLICA_ROLLING_MEDIAN_BASIS,AVIX_CLEAN_MINUS_PRIOR_252D_MEDIAN_AVIX_QVIX_SPREAD,,,50.0,,,,,,,50.0,,,,,,,,,,,,,,,,,,,,,,50.0,,,,True,True,False,False,False,False,OK,,,,,50.0,44.1,CAUTION,警戒,WARN_BREADTH_MISSING,62.0,62.0,100.0,REALIZED_VOL|DRAWDOWN|BREADTH|TURNOVER
2025-08-11,17.051007074654365,WARN_NOT_BRACKET_30D,50.199203187250994,39.988799571755074,46.726546681512616,30.0,18.88,OK,OPTBBS_PARSE_300INDEX_QVIX,,,,False,False,1.0,True,OK,True,,,,,17.839568276967157,OK_REPLICA_ROLLING_MEDIAN_BASIS,AVIX_CLEAN_MINUS_PRIOR_252D_MEDIAN_AVIX_QVIX_SPREAD,,,50.0,,,,,,,50.0,,,,,,,,,,,,,,,,,,,,,,50.0,,,,True,True,False,False,False,False,OK,,,,,50.0,46.0,CAUTION,警戒,WARN_BREADTH_MISSING|WARN_NOT_BRACKET_30D,62.0,62.0,100.0,REALIZED_VOL|DRAWDOWN|BREADTH|TURNOVER
2025-08-12,17.294416030441294,WARN_NOT_BRACKET_30D,54.38247011952191,40.83425563439895,51.9720100210626,30.0,19.19,OK,OPTBBS_PARSE_300INDEX_QVIX,,,,False,False,1.0,True,OK,True,,,,,18.082977232754086,OK_REPLICA_ROLLING_MEDIAN_BASIS,AVIX_CLEAN_MINUS_PRIOR_252D_MEDIAN_AVIX_QVIX_SPREAD,,,50.0,,,,,,,50.0,,,,,,,,,,,,,,,,,,,,,,50.0,,,,True,True,False,False,False,False,OK,,,,,50.0,47.7,CAUTION,警戒,WARN_BREADTH_MISSING|WARN_NOT_BRACKET_30D,62.0,62.0,100.0,REALIZED_VOL|DRAWDOWN|BREADTH|TURNOVER
2025-08-13,18.84293922727618,WARN_NOT_BRACKET_30D,68.32669322709162,46.36217947630013,67.21415384574163,30.0,19.39,OK,OPTBBS_PARSE_300INDEX_QVIX,,,,False,False,1.0,True,OK,True,,,,,19.63150042958897,OK_REPLICA_ROLLING_MEDIAN_BASIS,AVIX_CLEAN_MINUS_PRIOR_252D_MEDIAN_AVIX_QVIX_SPREAD,,,50.0,,,,,,,50.0,,,,,,,,,,,,,,,,,,,,,,50.0,,,,True,True,False,False,False,False,OK,,,,,50.0,53.6,CAUTION,警戒,WARN_BREADTH_MISSING|WARN_NOT_BRACKET_30D,62.0,62.0,100.0,REALIZED_VOL|DRAWDOWN|BREADTH|TURNOVER
2025-08-14,18.55265240707334,WARN_NOT_BRACKET_30D,65.5378486055777,45.26828972167621,63.98358512156004,30.0,20.22,OK,OPTBBS_PARSE_300INDEX_QVIX,,,,False,False,1.0,True,OK,True,,,,,19.33947042823062,OK_REPLICA_ROLLING_MEDIAN_BASIS,AVIX_CLEAN_MINUS_PRIOR_252D_MEDIAN_AVIX_QVIX_SPREAD,,,50.0,,,,,,,50.0,,,,,,,,,,,,,,,,,,,,,,50.0,,,,True,True,False,False,False,False,OK,,,,,50.0,52.4,CAUTION,警戒,WARN_BREADTH_MISSING|WARN_NOT_BRACKET_30D,62.0,62.0,100.0,REALIZED_VOL|DRAWDOWN|BREADTH|TURNOVER
2025-08-15,20.577471822739447,WARN_NOT_BRACKET_30D,82.86852589641434,52.49825989494144,94.58942305243099,30.0,21.45,OK,OPTBBS_PARSE_300INDEX_QVIX,,,,False,False,1.0,True,OK,True,,,,,21.364289843896728,OK_REPLICA_ROLLING_MEDIAN_BASIS,AVIX_CLEAN_MINUS_PRIOR_252D_MEDIAN_AVIX_QVIX_SPREAD,,,50.0,,,,,,,50.0,,,,,,,,,,,,,,,,,,,,,,50.0,,,,True,True,False,False,False,False,OK,,,,,50.0,60.7,HIGH_RISK,高风险,WARN_BREADTH_MISSING|WARN_NOT_BRACKET_30D,62.0,62.0,100.0,REALIZED_VOL|DRAWDOWN|BREADTH|TURNOVER
2025-08-18,21.856239306343944,WARN_NOT_BRACKET_30D,86.45418326693228,57.036736640490304,100.0,30.0,21.87,WARN_QVIX_REALTIME_PROXY,OPTBBS_PARSE_300ETF_QVIX_PROXY,,,,True,False,1.0,True,PROXY,True,,,,,22.643057327501225,OK_REPLICA_ROLLING_MEDIAN_BASIS,AVIX_CLEAN_MINUS_PRIOR_252D_MEDIAN_AVIX_QVIX_SPREAD,,,50.0,,,,,,,50.0,,,,,,,,,,,,,,,,,,,,,,50.0,,,,True,True,False,False,False,False,PROXY,,,,,50.0,62.8,HIGH_RISK,高风险,WARN_BREADTH_MISSING|WARN_NOT_BRACKET_30D|WARN_QVIX_REALTIME_PROXY,57.2,62.0,92.3,QVIX_PROXY|REALIZED_VOL|DRAWDOWN|BREADTH|TURNOVER
2025-08-19,20.35614268746636,WARN_NOT_BRACKET_30D,81.67330677290838,51.5983295167764,85.40711234927936,30.0,20.02,WARN_QVIX_REALTIME_PROXY,OPTBBS_PARSE_300ETF_QVIX_PROXY,,,,True,False,1.0,True,PROXY,True,,,,,21.13243053813967,OK_REPLICA_ROLLING_MEDIAN_BASIS,AVIX_CLEAN_MINUS_PRIOR_252D_MEDIAN_AVIX_QVIX_SPREAD,,,50.0,,,,,,,50.0,,,,,,,,,,,,,,,,,,,,,,50.0,,,,True,True,False,False,False,False,PROXY,,,,,50.0,59.5,CAUTION,警戒,WARN_BREADTH_MISSING|WARN_NOT_BRACKET_30D|WARN_QVIX_REALTIME_PROXY,57.2,62.0,92.3,QVIX_PROXY|REALIZED_VOL|DRAWDOWN|BREADTH|TURNOVER
2025-08-20,21.077957149209407,OK,84.86055776892431,54.164585799511485,73.72260394172389,30.0,21.87,WARN_QVIX_REALTIME_PROXY,OPTBBS_PARSE_300ETF_QVIX_PROXY,,,,True,False,1.0,True,PROXY,True,,,,,21.80282283166363,OK_REPLICA_ROLLING_MEDIAN_BASIS,AVIX_CLEAN_MINUS_PRIOR_252D_MEDIAN_AVIX_QVIX_SPREAD,,,50.0,,,,,,,50.0,,,,,,,,,,,,,,,,,,,,,,50.0,,,,True,True,False,False,False,False,PROXY,,,,,50.0,59.8,CAUTION,警戒,WARN_BREADTH_MISSING|WARN_QVIX_REALTIME_PROXY,57.2,62.0,92.3,QVIX_PROXY|REALIZED_VOL|DRAWDOWN|BREADTH|TURNOVER
2025-08-21,20.265080309286752,OK,80.87649402390437,51.17682761032677,68.46019495908347,30.0,21.31,OK,OPTBBS_PARSE_300INDEX_QVIX,,,,False,False,1.0,True,OK,True,,,,,20.989945991740974,OK_REPLICA_ROLLING_MEDIAN_BASIS,AVIX_CLEAN_MINUS_PRIOR_252D_MEDIAN_AVIX_QVIX_SPREAD,,,50.0,,,,,,,50.0,,,,,,,,,,,,,,,,,,,,,,50.0,,,,True,True,False,False,False,False,OK,,,,,50.0,57.9,CAUTION,警戒,WARN_BREADTH_MISSING,62.0,62.0,100.0,REALIZED_VOL|DRAWDOWN|BREADTH|TURNOVER
2025-08-22,21.17558204662921,OK,85.2589641434263,54.39136039122265,55.813252755654965,30.0,21.76,OK,OPTBBS_PARSE_300INDEX_QVIX,,,,False,False,1.0,True,OK,True,,,,,21.90044772908343,OK_REPLICA_ROLLING_MEDIAN_BASIS,AVIX_CLEAN_MINUS_PRIOR_252D_MEDIAN_AVIX_QVIX_SPREAD,,,50.0,,,,,,,50.0,,,,,,,,,,,,,,,,,,,,,,50.0,,,,True,True,False,False,False,False,OK,,,,,50.0,58.6,CAUTION,警戒,WARN_BREADTH_MISSING,62.0,62.0,100.0,REALIZED_VOL|DRAWDOWN|BREADTH|TURNOVER
2025-08-25,24.559103621212422,OK,90.63745019920319,66.50266286408748,74.73311421040263,30.0,23.05,OK,OPTBBS_PARSE_300INDEX_QVIX,,,,False,False,1.0,True,OK,True,,,,,25.251580599788763,OK_REPLICA_ROLLING_MEDIAN_BASIS,AVIX_CLEAN_MINUS_PRIOR_252D_MEDIAN_AVIX_QVIX_SPREAD,,,50.0,,,,,,,50.0,,,,,,,,,,,,,,,,,,,,,,50.0,,,,True,True,False,False,False,False,OK,,,,,50.0,63.3,HIGH_RISK,高风险,WARN_BREADTH_MISSING,62.0,62.0,100.0,REALIZED_VOL|DRAWDOWN|BREADTH|TURNOVER
2025-08-26,24.383798766862256,OK,90.43824701195219,65.73885250789782,89.57189867681362,30.0,23.22,OK,OPTBBS_PARSE_300INDEX_QVIX,,,,False,False,1.0,True,OK,True,,,,,25.068558651001194,OK_REPLICA_ROLLING_MEDIAN_BASIS,AVIX_CLEAN_MINUS_PRIOR_252D_MEDIAN_AVIX_QVIX_SPREAD,,,50.0,,,,,,,50.0,,,,,,,,,,,,,,,,,,,,,,50.0,,,,True,True,False,False,False,False,OK,,,,,50.0,64.3,HIGH_RISK,高风险,WARN_BREADTH_MISSING,62.0,62.0,100.0,REALIZED_VOL|DRAWDOWN|BREADTH|TURNOVER
2025-08-27,23.02224777515622,OK,88.04780876494024,60.70601410440197,68.44856797253468,30.0,22.59,OK,OPTBBS_PARSE_300INDEX_QVIX,,,,False,False,1.0,True,OK,True,,,,,23.703089729313398,OK_REPLICA_ROLLING_MEDIAN_BASIS,AVIX_CLEAN_MINUS_PRIOR_252D_MEDIAN_AVIX_QVIX_SPREAD,,,50.0,,,,,,,50.0,,,,,,,,,,,,,,,,,,,,,,50.0,,,,True,True,False,False,False,False,OK,,,,,50.0,61.2,HIGH_RISK,高风险,WARN_BREADTH_MISSING,62.0,62.0,100.0,REALIZED_VOL|DRAWDOWN|BREADTH|TURNOVER
2025-08-28,24.528895089733066,OK,90.43824701195219,66.03623797471653,92.08041335510879,30.0,23.18,OK,OPTBBS_PARSE_300INDEX_QVIX,,,,False,False,1.0,True,OK,True,,,,,25.206649292286137,OK_REPLICA_ROLLING_MEDIAN_BASIS,AVIX_CLEAN_MINUS_PRIOR_252D_MEDIAN_AVIX_QVIX_SPREAD,,,50.0,,,,,,,50.0,,,,,,,,,,,,,,,,,,,,,,50.0,,,,True,True,False,False,False,False,OK,,,,,50.0,64.5,HIGH_RISK,高风险,WARN_BREADTH_MISSING,62.0,62.0,100.0,REALIZED_VOL|DRAWDOWN|BREADTH|TURNOVER
2025-08-29,23.98905022468909,OK,89.44223107569721,63.9584579259166,76.5727588678748,30.0,22.4,OK,OPTBBS_PARSE_300INDEX_QVIX,,,,False,False,1.0,True,OK,True,,,,,24.63706239233806,OK_REPLICA_ROLLING_MEDIAN_BASIS,AVIX_CLEAN_MINUS_PRIOR_252D_MEDIAN_AVIX_QVIX_SPREAD,,,50.0,,,,,,,50.0,,,,,,,,,,,,,,,,,,,,,,50.0,,,,True,True,False,False,False,False,OK,,,,,50.0,62.7,HIGH_RISK,高风险,WARN_BREADTH_MISSING,62.0,62.0,100.0,REALIZED_VOL|DRAWDOWN|BREADTH|TURNOVER
2025-09-01,22.689081212049427,OK,87.25099601593625,59.136093839911545,34.77124867417554,30.0,22.89,OK,OPTBBS_PARSE_300INDEX_QVIX,,,,False,False,1.0,True,OK,True,,,,,23.334416683427012,OK_REPLICA_ROLLING_MEDIAN_BASIS,AVIX_CLEAN_MINUS_PRIOR_252D_MEDIAN_AVIX_QVIX_SPREAD,,,50.0,,,,,,,50.0,,,,,,,,,,,,,,,,,,,,,,50.0,,,,True,True,False,False,False,False,OK,,,,,50.0,58.1,CAUTION,警戒,WARN_BREADTH_MISSING,62.0,62.0,100.0,REALIZED_VOL|DRAWDOWN|BREADTH|TURNOVER
2025-09-02,22.79146327739196,OK,87.45019920318725,59.40127365079925,36.93939771489345,30.0,22.72,OK,OPTBBS_PARSE_300INDEX_QVIX,,,,False,False,1.0,True,OK,True,,,,,23.436798748769544,OK_REPLICA_ROLLING_MEDIAN_BASIS,AVIX_CLEAN_MINUS_PRIOR_252D_MEDIAN_AVIX_QVIX_SPREAD,,,50.0,,,,,,,50.0,,,,,,,,,,,,,,,,,,,,,,50.0,,,,True,True,False,False,False,False,OK,,,,,50.0,58.4,CAUTION,警戒,WARN_BREADTH_MISSING,62.0,62.0,100.0,REALIZED_VOL|DRAWDOWN|BREADTH|TURNOVER
2025-09-03,21.990566042116388,OK,85.0597609561753,56.3832752125064,41.03752384983763,30.0,22.27,OK,OPTBBS_PARSE_300INDEX_QVIX,,,,False,False,1.0,True,OK,True,,,,,22.635901513493973,OK_REPLICA_ROLLING_MEDIAN_BASIS,AVIX_CLEAN_MINUS_PRIOR_252D_MEDIAN_AVIX_QVIX_SPREAD,,,50.0,,,,,,,50.0,,,,,,,,,,,,,,,,,,,,,,50.0,,,,True,True,False,False,False,False,OK,,,,,50.0,57.6,CAUTION,警戒,WARN_BREADTH_MISSING,62.0,62.0,100.0,REALIZED_VOL|DRAWDOWN|BREADTH|TURNOVER
2025-09-04,22.24310352791625,OK,85.2589641434263,57.20290031923112,31.36245800347064,30.0,22.1,OK,OPTBBS_PARSE_300INDEX_QVIX,,,,False,False,1.0,True,OK,True,,,,,22.88722501344637,OK_REPLICA_ROLLING_MEDIAN_BASIS,AVIX_CLEAN_MINUS_PRIOR_252D_MEDIAN_AVIX_QVIX_SPREAD,,,50.0,,,,,,,50.0,,,,,,,,,,,,,,,,,,,,,,50.0,,,,True,True,False,False,False,False,OK,,,,,50.0,57.0,CAUTION,警戒,WARN_BREADTH_MISSING,62.0,62.0,100.0,REALIZED_VOL|DRAWDOWN|BREADTH|TURNOVER
2025-09-05,20.78624487455104,OK,81.87250996015936,51.776950743604885,23.297772774332003,30.0,21.39,OK,OPTBBS_PARSE_300INDEX_QVIX,,,,False,False,1.0,True,OK,True,,,,,21.377730444007362,OK_REPLICA_ROLLING_MEDIAN_BASIS,AVIX_CLEAN_MINUS_PRIOR_252D_MEDIAN_AVIX_QVIX_SPREAD,,,50.0,,,,,,,50.0,,,,,,,,,,,,,,,,,,,,,,50.0,,,,True,True,False,False,False,False,OK,,,,,50.0,54.6,CAUTION,警戒,WARN_BREADTH_MISSING,62.0,62.0,100.0,REALIZED_VOL|DRAWDOWN|BREADTH|TURNOVER
2025-09-08,20.90076155712661,OK,82.27091633466136,52.09950490047486,34.236297290230524,30.0,21.69,OK,OPTBBS_PARSE_300INDEX_QVIX,,,,False,False,1.0,True,OK,True,,,,,21.49224712658293,OK_REPLICA_ROLLING_MEDIAN_BASIS,AVIX_CLEAN_MINUS_PRIOR_252D_MEDIAN_AVIX_QVIX_SPREAD,,,50.0,,,,,,,50.0,,,,,,,,,,,,,,,,,,,,,,50.0,,,,True,True,False,False,False,False,OK,,,,,50.0,55.7,CAUTION,警戒,WARN_BREADTH_MISSING,62.0,62.0,100.0,REALIZED_VOL|DRAWDOWN|BREADTH|TURNOVER
2025-09-09,19.988491158055137,OK,76.49402390438247,48.64763980627079,25.403315836089945,30.0,21.39,OK,OPTBBS_PARSE_300INDEX_QVIX,,,,False,False,1.0,True,OK,True,,,,,20.579976727511458,OK_REPLICA_ROLLING_MEDIAN_BASIS,AVIX_CLEAN_MINUS_PRIOR_252D_MEDIAN_AVIX_QVIX_SPREAD,,,50.0,,,,,,,50.0,,,,,,,,,,,,,,,,,,,,,,50.0,,,,True,True,False,False,False,False,OK,,,,,50.0,52.9,CAUTION,警戒,WARN_BREADTH_MISSING,62.0,62.0,100.0,REALIZED_VOL|DRAWDOWN|BREADTH|TURNOVER
2025-09-10,18.834525958008253,OK,65.33864541832669,44.29677386652956,21.296417945189063,30.0,20.16,OK,OPTBBS_PARSE_300INDEX_QVIX,,,,False,False,1.0,True,OK,True,,,,,19.426011527464574,OK_REPLICA_ROLLING_MEDIAN_BASIS,AVIX_CLEAN_MINUS_PRIOR_252D_MEDIAN_AVIX_QVIX_SPREAD,,,50.0,,,,,,,50.0,,,,,,,,,,,,,,,,,,,,,,50.0,,,,True,True,False,False,False,False,OK,,,,,50.0,48.8,CAUTION,警戒,WARN_BREADTH_MISSING,62.0,62.0,100.0,REALIZED_VOL|DRAWDOWN|BREADTH|TURNOVER
2025-09-11,20.236755768777964,OK,77.68924302788844,49.39019672599392,31.959821779184594,30.0,20.3,OK,OPTBBS_PARSE_300INDEX_QVIX,,,,False,False,1.0,True,OK,True,,,,,20.828241338234285,OK_REPLICA_ROLLING_MEDIAN_BASIS,AVIX_CLEAN_MINUS_PRIOR_252D_MEDIAN_AVIX_QVIX_SPREAD,,,50.0,,,,,,,50.0,,,,,,,,,,,,,,,,,,,,,,50.0,,,,True,True,False,False,False,False,OK,,,,,50.0,53.8,CAUTION,警戒,WARN_BREADTH_MISSING,62.0,62.0,100.0,REALIZED_VOL|DRAWDOWN|BREADTH|TURNOVER
2025-09-12,20.102560816156792,OK,77.09163346613546,48.799365915506066,43.42176460904399,30.0,21.09,OK,OPTBBS_PARSE_300INDEX_QVIX,,,,False,False,1.0,True,OK,True,,,,,20.691845397632644,OK_REPLICA_ROLLING_MEDIAN_BASIS,AVIX_CLEAN_MINUS_PRIOR_252D_MEDIAN_AVIX_QVIX_SPREAD,,,50.0,,,,,,,50.0,,,,,,,,,,,,,,,,,,,,,,50.0,,,,True,True,False,False,False,False,OK,,,,,50.0,54.5,CAUTION,警戒,WARN_BREADTH_MISSING,62.0,62.0,100.0,REALIZED_VOL|DRAWDOWN|BREADTH|TURNOVER
2025-09-15,20.84760825783839,WARN_NOT_BRACKET_30D,81.67330677290838,51.46749303945456,49.49137452103898,30.0,21.93,OK,OPTBBS_PARSE_300INDEX_QVIX,,,,False,False,1.0,True,OK,True,,,,,21.436892839314243,OK_REPLICA_ROLLING_MEDIAN_BASIS,AVIX_CLEAN_MINUS_PRIOR_252D_MEDIAN_AVIX_QVIX_SPREAD,,,50.0,,,,,,,50.0,,,,,,,,,,,,,,,,,,,,,,50.0,,,,True,True,False,False,False,False,OK,,,,,50.0,56.6,CAUTION,警戒,WARN_BREADTH_MISSING|WARN_NOT_BRACKET_30D,62.0,62.0,100.0,REALIZED_VOL|DRAWDOWN|BREADTH|TURNOVER
2025-09-16,21.94704219401921,WARN_NOT_BRACKET_30D,84.66135458167331,55.475804783773185,69.5967871759525,30.0,22.57,OK,OPTBBS_PARSE_300INDEX_QVIX,,,,False,False,1.0,True,OK,True,,,,,22.536326775495063,OK_REPLICA_ROLLING_MEDIAN_BASIS,AVIX_CLEAN_MINUS_PRIOR_252D_MEDIAN_AVIX_QVIX_SPREAD,,,50.0,,,,,,,50.0,,,,,,,,,,,,,,,,,,,,,,50.0,,,,True,True,False,False,False,False,OK,,,,,50.0,59.6,CAUTION,警戒,WARN_BREADTH_MISSING|WARN_NOT_BRACKET_30D,62.0,62.0,100.0,REALIZED_VOL|DRAWDOWN|BREADTH|TURNOVER
2025-09-17,22.597884359131825,OK,86.85258964143426,57.80687029474329,89.96233735336915,30.0,22.18,WARN_QVIX_REALTIME_PROXY,OPTBBS_PARSE_300ETF_QVIX_PROXY,,,,True,False,1.0,True,PROXY,True,,,,,23.187168940607677,OK_REPLICA_ROLLING_MEDIAN_BASIS,AVIX_CLEAN_MINUS_PRIOR_252D_MEDIAN_AVIX_QVIX_SPREAD,,,50.0,,,,,,,50.0,,,,,,,,,,,,,,,,,,,,,,50.0,,,,True,True,False,False,False,False,PROXY,,,,,50.0,62.2,HIGH_RISK,高风险,WARN_BREADTH_MISSING|WARN_QVIX_REALTIME_PROXY,57.2,62.0,92.3,QVIX_PROXY|REALIZED_VOL|DRAWDOWN|BREADTH|TURNOVER
2025-09-18,21.457551022640025,OK,83.26693227091634,53.43250656988794,62.065128104629785,30.0,22.11,OK,OPTBBS_PARSE_300INDEX_QVIX,,,,False,False,1.0,True,OK,True,,,,,22.046835604115877,OK_REPLICA_ROLLING_MEDIAN_BASIS,AVIX_CLEAN_MINUS_PRIOR_252D_MEDIAN_AVIX_QVIX_SPREAD,,,50.0,,,,,,,50.0,,,,,,,,,,,,,,,,,,,,,,50.0,,,,True,True,False,False,False,False,OK,,,,,50.0,58.4,CAUTION,警戒,WARN_BREADTH_MISSING,62.0,62.0,100.0,REALIZED_VOL|DRAWDOWN|BREADTH|TURNOVER
2025-09-19,20.378975497324934,OK,78.68525896414343,49.283329562305305,52.75004447140867,30.0,21.43,OK,OPTBBS_PARSE_300INDEX_QVIX,,,,False,False,1.0,True,OK,True,,,,,20.968260078800785,OK_REPLICA_ROLLING_MEDIAN_BASIS,AVIX_CLEAN_MINUS_PRIOR_252D_MEDIAN_AVIX_QVIX_SPREAD,,,50.0,,,,,,,50.0,,,,,,,,,,,,,,,,,,,,,,50.0,,,,True,True,False,False,False,False,OK,,,,,50.0,55.8,CAUTION,警戒,WARN_BREADTH_MISSING,62.0,62.0,100.0,REALIZED_VOL|DRAWDOWN|BREADTH|TURNOVER
2025-09-22,20.534033542784545,OK,79.4820717131474,49.77545284747914,46.99174398160568,30.0,19.99,WARN_QVIX_REALTIME_PROXY,OPTBBS_PARSE_300ETF_QVIX_PROXY,,,,True,False,1.0,True,PROXY,True,,,,,21.123318124260397,OK_REPLICA_ROLLING_MEDIAN_BASIS,AVIX_CLEAN_MINUS_PRIOR_252D_MEDIAN_AVIX_QVIX_SPREAD,,,50.0,,,,,,,50.0,,,,,,,,,,,,,,,,,,,,,,50.0,,,,True,True,False,False,False,False,PROXY,,,,,50.0,55.6,CAUTION,警戒,WARN_BREADTH_MISSING|WARN_QVIX_REALTIME_PROXY,57.2,62.0,92.3,QVIX_PROXY|REALIZED_VOL|DRAWDOWN|BREADTH|TURNOVER
2025-09-23,20.196687737207792,OK,76.49402390438247,48.43231121410657,34.049290639370014,30.0,22.57,OK,OPTBBS_PARSE_300INDEX_QVIX,,,,False,False,1.0,True,OK,True,,,,,20.781105690578585,OK_REPLICA_ROLLING_MEDIAN_BASIS,AVIX_CLEAN_MINUS_PRIOR_252D_MEDIAN_AVIX_QVIX_SPREAD,,,50.0,,,,,,,50.0,,,,,,,,,,,,,,,,,,,,,,50.0,,,,True,True,False,False,False,False,OK,,,,,50.0,53.5,CAUTION,警戒,WARN_BREADTH_MISSING,62.0,62.0,100.0,REALIZED_VOL|DRAWDOWN|BREADTH|TURNOVER
2025-09-24,19.265199659369227,OK,69.78131212723659,44.8441261852482,20.504453896668796,30.0,18.97,WARN_QVIX_REALTIME_PROXY,OPTBBS_PARSE_300ETF_QVIX_PROXY,,,,True,False,1.0,True,PROXY,True,,,,,19.85448424084508,OK_REPLICA_ROLLING_MEDIAN_BASIS,AVIX_CLEAN_MINUS_PRIOR_252D_MEDIAN_AVIX_QVIX_SPREAD,,,50.0,,,,,,,50.0,,,,,,,,,,,,,,,,,,,,,,50.0,,,,True,True,False,False,False,False,PROXY,,,,,50.0,50.1,CAUTION,警戒,WARN_BREADTH_MISSING|WARN_QVIX_REALTIME_PROXY,57.2,62.0,92.3,QVIX_PROXY|REALIZED_VOL|DRAWDOWN|BREADTH|TURNOVER
2025-09-25,18.046937266651938,OK,59.64214711729622,40.17392331457889,18.210596331431073,30.0,20.11,OK,OPTBBS_PARSE_300INDEX_QVIX,,,,False,False,1.0,True,OK,True,,,,,18.63135522002273,OK_REPLICA_ROLLING_MEDIAN_BASIS,AVIX_CLEAN_MINUS_PRIOR_252D_MEDIAN_AVIX_QVIX_SPREAD,,,50.0,,,,,,,50.0,,,,,,,,,,,,,,,,,,,,,,50.0,,,,True,True,False,False,False,False,OK,,,,,50.0,46.4,CAUTION,警戒,WARN_BREADTH_MISSING,62.0,62.0,100.0,REALIZED_VOL|DRAWDOWN|BREADTH|TURNOVER
2025-09-26,18.205081278331328,OK,61.0337972166998,40.70860962602838,28.665323786478236,30.0,19.69,OK,OPTBBS_PARSE_300INDEX_QVIX,,,,False,False,1.0,True,OK,True,,,,,18.78949923170212,OK_REPLICA_ROLLING_MEDIAN_BASIS,AVIX_CLEAN_MINUS_PRIOR_252D_MEDIAN_AVIX_QVIX_SPREAD,,,50.0,,,,,,,50.0,,,,,,,,,,,,,,,,,,,,,,50.0,,,,True,True,False,False,False,False,OK,,,,,50.0,47.7,CAUTION,警戒,WARN_BREADTH_MISSING,62.0,62.0,100.0,REALIZED_VOL|DRAWDOWN|BREADTH|TURNOVER
2025-09-29,19.13407038058129,OK,68.78727634194831,44.15482297658457,36.36446016038393,30.0,21.19,OK,OPTBBS_PARSE_300INDEX_QVIX,,,,False,False,1.0,True,OK,True,,,,,19.71848833395208,OK_REPLICA_ROLLING_MEDIAN_BASIS,AVIX_CLEAN_MINUS_PRIOR_252D_MEDIAN_AVIX_QVIX_SPREAD,,,50.0,,,,,,,50.0,,,,,,,,,,,,,,,,,,,,,,50.0,,,,True,True,False,False,False,False,OK,,,,,50.0,51.0,CAUTION,警戒,WARN_BREADTH_MISSING,62.0,62.0,100.0,REALIZED_VOL|DRAWDOWN|BREADTH|TURNOVER
2025-09-30,18.826572768674072,OK,64.81113320079523,42.91469230531626,36.43228051687311,30.0,20.22,OK,OPTBBS_PARSE_300INDEX_QVIX,,,,False,False,1.0,True,OK,True,,,,,19.410990722044865,OK_REPLICA_ROLLING_MEDIAN_BASIS,AVIX_CLEAN_MINUS_PRIOR_252D_MEDIAN_AVIX_QVIX_SPREAD,,,50.0,,,,,,,50.0,,,,,,,,,,,,,,,,,,,,,,50.0,,,,True,True,False,False,False,False,OK,,,,,50.0,49.7,CAUTION,警戒,WARN_BREADTH_MISSING,62.0,62.0,100.0,REALIZED_VOL|DRAWDOWN|BREADTH|TURNOVER
2025-10-09,18.11649900957424,OK,59.84095427435388,40.12898865434654,38.07486379476643,30.0,19.39,OK,OPTBBS_PARSE_300INDEX_QVIX,,,,False,False,1.0,True,OK,True,,,,,18.700916962945033,OK_REPLICA_ROLLING_MEDIAN_BASIS,AVIX_CLEAN_MINUS_PRIOR_252D_MEDIAN_AVIX_QVIX_SPREAD,,,50.0,,,,,,,50.0,,,,,,,,,,,,,,,,,,,,,,50.0,,,,True,True,False,False,False,False,OK,,,,,50.0,48.0,CAUTION,警戒,WARN_BREADTH_MISSING,62.0,62.0,100.0,REALIZED_VOL|DRAWDOWN|BREADTH|TURNOVER
2025-10-10,19.386599074930075,OK,71.37176938369781,44.90590406678188,64.84641730044282,30.0,21.2,OK,OPTBBS_PARSE_300INDEX_QVIX,,,,False,False,1.0,True,OK,True,,,,,19.971017028300867,OK_REPLICA_ROLLING_MEDIAN_BASIS,AVIX_CLEAN_MINUS_PRIOR_252D_MEDIAN_AVIX_QVIX_SPREAD,,,50.0,,,,,,,50.0,,,,,,,,,,,,,,,,,,,,,,50.0,,,,True,True,False,False,False,False,OK,,,,,50.0,54.1,CAUTION,警戒,WARN_BREADTH_MISSING,62.0,62.0,100.0,REALIZED_VOL|DRAWDOWN|BREADTH|TURNOVER
2025-10-13,21.06227545745861,WARN_NOT_BRACKET_30D,82.30616302186878,51.24306803765894,81.38897470925409,30.0,22.19,WARN_QVIX_REALTIME_PROXY,OPTBBS_PARSE_300ETF_QVIX_PROXY,,,,True,False,1.0,True,PROXY,True,,,,,21.646693410829403,OK_REPLICA_ROLLING_MEDIAN_BASIS,AVIX_CLEAN_MINUS_PRIOR_252D_MEDIAN_AVIX_QVIX_SPREAD,,,50.0,,,,,,,50.0,,,,,,,,,,,,,,,,,,,,,,50.0,,,,True,True,False,False,False,False,PROXY,,,,,50.0,59.3,CAUTION,警戒,WARN_BREADTH_MISSING|WARN_NOT_BRACKET_30D|WARN_QVIX_REALTIME_PROXY,57.2,62.0,92.3,QVIX_PROXY|REALIZED_VOL|DRAWDOWN|BREADTH|TURNOVER
2025-10-14,22.03260797324503,WARN_NOT_BRACKET_30D,84.69184890656064,54.92332799682083,80.29713526720795,30.0,22.92,OK,OPTBBS_PARSE_300INDEX_QVIX,,,,False,False,1.0,True,OK,True,,,,,22.621892554720883,OK_REPLICA_ROLLING_MEDIAN_BASIS,AVIX_CLEAN_MINUS_PRIOR_252D_MEDIAN_AVIX_QVIX_SPREAD,,,50.0,,,,,,,50.0,,,,,,,,,,,,,,,,,,,,,,50.0,,,,True,True,False,False,False,False,OK,,,,,50.0,60.4,HIGH_RISK,高风险,WARN_BREADTH_MISSING|WARN_NOT_BRACKET_30D,62.0,62.0,100.0,REALIZED_VOL|DRAWDOWN|BREADTH|TURNOVER
2025-10-15,20.032330353386577,WARN_NOT_BRACKET_30D,75.14910536779324,47.2147926895559,62.80910338305219,30.0,21.63,OK,OPTBBS_PARSE_300INDEX_QVIX,,,,False,False,1.0,True,OK,True,,,,,20.62161493486243,OK_REPLICA_ROLLING_MEDIAN_BASIS,AVIX_CLEAN_MINUS_PRIOR_252D_MEDIAN_AVIX_QVIX_SPREAD,,,50.0,,,,,,,50.0,,,,,,,,,,,,,,,,,,,,,,50.0,,,,True,True,False,False,False,False,OK,,,,,50.0,55.3,CAUTION,警戒,WARN_BREADTH_MISSING|WARN_NOT_BRACKET_30D,62.0,62.0,100.0,REALIZED_VOL|DRAWDOWN|BREADTH|TURNOVER
2025-10-16,19.92623440377708,WARN_NOT_BRACKET_30D,74.15506958250498,46.86365901412824,69.97886449524744,30.0,21.63,OK,OPTBBS_PARSE_300INDEX_QVIX,,,,False,False,1.0,True,OK,True,,,,,20.516619479243165,OK_REPLICA_ROLLING_MEDIAN_BASIS,AVIX_CLEAN_MINUS_PRIOR_252D_MEDIAN_AVIX_QVIX_SPREAD,,,50.0,,,,,,,50.0,,,,,,,,,,,,,,,,,,,,,,50.0,,,,True,True,False,False,False,False,OK,,,,,50.0,55.5,CAUTION,警戒,WARN_BREADTH_MISSING|WARN_NOT_BRACKET_30D,62.0,62.0,100.0,REALIZED_VOL|DRAWDOWN|BREADTH|TURNOVER
2025-10-17,20.95887818821866,WARN_NOT_BRACKET_30D,81.90854870775348,50.91966005348933,66.22026748695484,30.0,22.49,WARN_QVIX_REALTIME_PROXY,OPTBBS_PARSE_300ETF_QVIX_PROXY,,,,True,False,1.0,True,PROXY,True,,,,,21.549263263684743,OK_REPLICA_ROLLING_MEDIAN_BASIS,AVIX_CLEAN_MINUS_PRIOR_252D_MEDIAN_AVIX_QVIX_SPREAD,,,50.0,4514.235,,3839.755,,0.0,0.0,0.0,,,,,,,,,,,,,,,,,,,,,,50.0,1.0,25690561700.0,,True,True,False,True,False,True,PROXY,,,,,50.0,52.0,CAUTION,警戒,WARN_BREADTH_MISSING|WARN_NOT_BRACKET_30D|WARN_QVIX_REALTIME_PROXY,73.2,78.0,93.8,QVIX_PROXY|REALIZED_VOL|BREADTH
2025-10-20,20.192641583842608,WARN_NOT_BRACKET_30D,75.94433399602386,48.08925903818921,41.74226094068059,30.0,22.18,WARN_QVIX_REALTIME_PROXY,OPTBBS_PARSE_300ETF_QVIX_PROXY,,,,True,False,1.0,True,PROXY,True,,,,,20.790261931295248,OK_REPLICA_ROLLING_MEDIAN_BASIS,AVIX_CLEAN_MINUS_PRIOR_252D_MEDIAN_AVIX_QVIX_SPREAD,,,50.0,4538.22,,3863.893,,0.0,0.0,0.0,1.0,0.0,0.0,0.0,0.0,WARN_BREADTH_PROXY,,,,,,,,,,,,,,,,50.0,1.0,21842040500.0,,True,True,False,True,True,True,PROXY,,,,,0.0,42.9,CAUTION,警戒,WARN_BREADTH_PROXY|WARN_NOT_BRACKET_30D|WARN_QVIX_REALTIME_PROXY,83.2,88.0,94.5,QVIX_PROXY|REALIZED_VOL|STOCK_BREADTH
2025-10-21,18.823052370836443,WARN_NOT_BRACKET_30D,63.22067594433399,42.83941223595482,20.86540452854184,30.0,21.31,OK,OPTBBS_PARSE_300INDEX_QVIX,,,,False,False,1.0,True,OK,True,,,,,19.436408836551315,OK_REPLICA_ROLLING_MEDIAN_BASIS,AVIX_CLEAN_MINUS_PRIOR_252D_MEDIAN_AVIX_QVIX_SPREAD,,,50.0,4607.872,,3916.332,,0.0,0.0,0.0,1.0,0.0,0.0,0.0,0.0,WARN_BREADTH_PROXY,,,,,,,,,,,,,,,,50.0,1.0,21571117500.0,,True,True,False,True,True,True,OK,,,,,0.0,37.0,NORMAL,正常,WARN_BREADTH_PROXY|WARN_NOT_BRACKET_30D,88.0,88.0,100.0,REALIZED_VOL|STOCK_BREADTH
2025-10-22,18.71253314715309,OK,62.42544731610338,42.45714244125461,36.8233282603552,30.0,21.76,OK,OPTBBS_PARSE_300INDEX_QVIX,,,,False,False,1.0,True,OK,True,,,,,19.346072792908544,OK_REPLICA_ROLLING_MEDIAN_BASIS,AVIX_CLEAN_MINUS_PRIOR_252D_MEDIAN_AVIX_QVIX_SPREAD,,,50.0,4592.57,,3913.758,,0.0,0.0,0.0,0.0,1.0,0.0,0.0,50.0,WARN_BREADTH_PROXY,,,,,,,,,,,,,,,,50.0,1.0,18533396000.0,,True,True,False,True,True,True,OK,,,,,50.0,43.0,CAUTION,警戒,WARN_BREADTH_PROXY,88.0,88.0,100.0,REALIZED_VOL|STOCK_BREADTH
2025-10-23,19.16815789061289,OK,67.59443339960238,44.56283491062652,42.39117137937014,30.0,21.4,OK,OPTBBS_PARSE_300INDEX_QVIX,,,,False,False,1.0,True,OK,True,,,,,19.814224717202432,OK_REPLICA_ROLLING_MEDIAN_BASIS,AVIX_CLEAN_MINUS_PRIOR_252D_MEDIAN_AVIX_QVIX_SPREAD,,,50.0,4606.345,,3922.41,,0.0,0.0,0.0,0.8,0.2,0.0,0.0,9.999999999999998,WARN_BREADTH_PROXY,,,,,,,,,,,,,,,0.9308013912258583,10.900115935488184,1.0,20046391700.0,21536701480.0,True,True,False,True,True,True,OK,,,,,9.999999999999998,39.6,NORMAL,正常,WARN_BREADTH_PROXY,88.0,88.0,100.0,REALIZED_VOL|STOCK_BREADTH
2025-10-24,18.33977986522261,OK,59.443339960238575,40.94820660748538,25.007266138239316,30.0,21.58,OK,OPTBBS_PARSE_300INDEX_QVIX,,,,False,False,1.0,True,OK,True,,,,,18.99001043772708,OK_REPLICA_ROLLING_MEDIAN_BASIS,AVIX_CLEAN_MINUS_PRIOR_252D_MEDIAN_AVIX_QVIX_SPREAD,,,50.0,4660.684,,3950.312,,0.0,0.0,0.0,1.0,0.0,0.0,0.0,0.0,WARN_BREADTH_PROXY,,,,,,,,,,,,,,,0.9745166489409057,14.543054078408806,1.0,20881448300.0,21427492616.666668,True,True,False,True,True,True,OK,,,,,0.0,34.6,NORMAL,正常,WARN_BREADTH_PROXY,88.0,88.0,100.0,REALIZED_VOL|STOCK_BREADTH
2025-10-27,18.776135730596387,OK,62.42544731610338,43.08500860139816,35.97007877979019,30.0,22.15,OK,OPTBBS_PARSE_300INDEX_QVIX,,,,False,False,1.0,True,OK,True,,,,,19.441237320552908,OK_REPLICA_ROLLING_MEDIAN_BASIS,AVIX_CLEAN_MINUS_PRIOR_252D_MEDIAN_AVIX_QVIX_SPREAD,,,50.0,4716.019,,3996.945,,0.0,0.0,0.0,1.0,0.0,0.0,0.0,0.0,WARN_BREADTH_PROXY,,,,,,,,,,,,,,,1.1857766864267116,32.148057202225964,1.0,26220067400.0,22112146157.142857,True,True,False,True,True,True,OK,,,,,0.0,37.3,NORMAL,正常,WARN_BREADTH_PROXY,88.0,88.0,100.0,REALIZED_VOL|STOCK_BREADTH
2025-10-28,18.338862274184898,OK,59.04572564612326,41.1623036459839,44.855349843240866,30.0,21.63,OK,OPTBBS_PARSE_300INDEX_QVIX,,,,False,False,1.0,True,OK,True,,,,,19.020119317530902,OK_REPLICA_ROLLING_MEDIAN_BASIS,AVIX_CLEAN_MINUS_PRIOR_252D_MEDIAN_AVIX_QVIX_SPREAD,,,50.0,4691.973,,3988.224,,0.0,0.0,0.0,0.0,1.0,0.0,0.0,50.0,WARN_BREADTH_PROXY,,,,,,,,,,,,,,,0.9991498458491364,16.595820487428025,1.0,22090664500.0,22109460950.0,True,True,False,True,True,True,OK,,,,,50.0,41.1,CAUTION,警戒,WARN_BREADTH_PROXY,88.0,88.0,100.0,REALIZED_VOL|STOCK_BREADTH
2025-10-29,18.748539216657043,OK,62.22664015904572,43.21347851544632,50.38483372850493,30.0,21.95,OK,OPTBBS_PARSE_300INDEX_QVIX,,,,False,False,1.0,True,OK,True,,,,,19.437157648014683,OK_REPLICA_ROLLING_MEDIAN_BASIS,AVIX_CLEAN_MINUS_PRIOR_252D_MEDIAN_AVIX_QVIX_SPREAD,,,50.0,4747.838,,4016.331,,0.0,0.0,0.0,1.0,0.0,0.0,0.0,0.0,WARN_BREADTH_PROXY,,,,,,,,,,,,,,,1.0997205395102512,24.97671162585426,1.0,24621132400.0,22388535555.555557,True,True,False,True,True,True,OK,,,,,0.0,38.1,NORMAL,正常,WARN_BREADTH_PROXY,88.0,88.0,100.0,REALIZED_VOL|STOCK_BREADTH
2025-10-30,18.02428791713333,OK,55.46719681908549,39.913517540657466,38.064894081034865,30.0,18.5,WARN_QVIX_REALTIME_PROXY,OPTBBS_PARSE_300ETF_QVIX_PROXY,,,,True,False,1.0,True,PROXY,True,,,,,18.73295924764861,OK_REPLICA_ROLLING_MEDIAN_BASIS,AVIX_CLEAN_MINUS_PRIOR_252D_MEDIAN_AVIX_QVIX_SPREAD,,,50.0,4709.911,-0.007988267501966129,3986.901,-0.007327583309244212,6.656889584971775,7.327583309244212,6.858097702253506,0.0,1.0,0.0,0.0,50.0,WARN_BREADTH_PROXY,,,,,,,,,,,,,,,1.1943111286053363,32.859260717111354,1.0,27328911800.0,22882573180.0,True,True,False,True,True,True,PROXY,,,,,50.0,40.9,CAUTION,警戒,WARN_BREADTH_PROXY|WARN_QVIX_REALTIME_PROXY,83.2,88.0,94.5,QVIX_PROXY|REALIZED_VOL|STOCK_BREADTH
2025-10-31,18.6987503301156,OK,61.63021868787276,43.257438007080076,53.91466492543566,30.0,21.27,OK,OPTBBS_PARSE_300INDEX_QVIX,,,,False,False,1.0,True,OK,True,,,,,19.40742166063088,OK_REPLICA_ROLLING_MEDIAN_BASIS,AVIX_CLEAN_MINUS_PRIOR_252D_MEDIAN_AVIX_QVIX_SPREAD,,,50.0,4640.668,-0.02257237925978095,3954.79,-0.015322691282167789,18.81031604981746,15.322691282167789,17.764028619522556,0.2,0.8,0.0,0.0,40.0,WARN_BREADTH_PROXY,,,,,,,,,,,,,,,1.2048431970925626,33.736933091046886,1.0,28146474000.0,23361109618.18182,True,True,False,True,True,True,OK,,,,,40.0,44.7,CAUTION,警戒,WARN_BREADTH_PROXY,88.0,88.0,100.0,REALIZED_VOL|STOCK_BREADTH
2025-11-03,19.02854241277667,OK,65.8051689860835,45.02857737832856,52.68859030209265,30.0,21.63,OK,OPTBBS_PARSE_300INDEX_QVIX,,,,False,False,1.0,True,OK,True,,,,,19.779119179340434,OK_REPLICA_ROLLING_MEDIAN_BASIS,AVIX_CLEAN_MINUS_PRIOR_252D_MEDIAN_AVIX_QVIX_SPREAD,,,50.0,4653.403,-0.0198901057702473,3976.521,-0.00991203165276966,16.57508814187275,9.91203165276966,14.576171195141823,1.0,0.0,0.0,0.0,0.0,WARN_BREADTH_PROXY,,,,,,,,,,,,,,,1.0245038583036303,18.70865485863586,1.0,23986980900.0,23413265558.333332,True,True,False,True,True,True,OK,,,,,0.0,41.0,CAUTION,警戒,WARN_BREADTH_PROXY,88.0,88.0,100.0,REALIZED_VOL|STOCK_BREADTH
2025-11-04,18.873054686659515,OK,64.21471172962227,44.416551683161465,55.825796655080225,30.0,21.5,OK,OPTBBS_PARSE_300INDEX_QVIX,,,,False,False,1.0,True,OK,True,,,,,19.654607622574808,OK_REPLICA_ROLLING_MEDIAN_BASIS,AVIX_CLEAN_MINUS_PRIOR_252D_MEDIAN_AVIX_QVIX_SPREAD,,,50.0,4618.699,-0.027199537979181287,3960.186,-0.01397917651707492,22.66628164931774,13.97917651707492,20.06015010964489,0.0,1.0,0.0,0.0,50.0,WARN_BREADTH_PROXY,,,,,,,,,,,,,,,0.9964166471577911,16.368053929815922,1.0,23322403200.0,23406276146.153847,True,True,False,True,True,True,OK,,,,,50.0,46.3,CAUTION,警戒,WARN_BREADTH_PROXY,88.0,88.0,100.0,REALIZED_VOL|STOCK_BREADTH
2025-11-05,18.98401971158168,OK,65.4075546719682,45.12852460734007,52.51198765091445,30.0,21.73,OK,OPTBBS_PARSE_300INDEX_QVIX,,,,False,False,1.0,True,OK,True,,,,,19.771709323316717,OK_REPLICA_ROLLING_MEDIAN_BASIS,AVIX_CLEAN_MINUS_PRIOR_252D_MEDIAN_AVIX_QVIX_SPREAD,,,50.0,4627.257,-0.025397033344440212,3969.248,-0.011722888377476925,21.164194453700176,11.722888377476925,18.3318026308332,1.0,0.0,0.0,0.0,0.0,WARN_BREADTH_PROXY,,,,,,,,,,,,,,,0.8757742613296806,6.314521777473381,1.0,20304587100.0,23184726928.57143,True,True,False,True,True,True,OK,,,,,0.0,40.9,CAUTION,警戒,WARN_BREADTH_PROXY,88.0,88.0,100.0,REALIZED_VOL|STOCK_BREADTH
2025-11-06,18.17624146835914,OK,56.461232604373755,41.14307733845699,51.68609769134203,30.0,19.17,WARN_QVIX_REALTIME_PROXY,OPTBBS_PARSE_300ETF_QVIX_PROXY,,,,True,False,1.0,True,PROXY,True,,,,,18.965141290952232,OK_REPLICA_ROLLING_MEDIAN_BASIS,AVIX_CLEAN_MINUS_PRIOR_252D_MEDIAN_AVIX_QVIX_SPREAD,,,50.0,4693.403,-0.01146521848470805,4007.76,-0.002134037259379218,9.55434873725671,2.134037259379218,7.328255293893462,1.0,0.0,0.0,0.0,0.0,WARN_BREADTH_PROXY,,,,,,,,,,,,,,,0.9693128230451508,14.109401920429226,1.0,22424100800.0,23134018520.0,True,True,False,True,True,True,PROXY,,,,,0.0,36.7,NORMAL,正常,WARN_BREADTH_PROXY|WARN_QVIX_REALTIME_PROXY,83.2,88.0,94.5,QVIX_PROXY|REALIZED_VOL|STOCK_BREADTH
2025-11-07,18.14813500586485,OK,56.063618290258454,41.12479585411019,44.11067248313438,30.0,21.65,OK,OPTBBS_PARSE_300INDEX_QVIX,,,,False,False,1.0,True,OK,True,,,,,18.938671907046427,OK_REPLICA_ROLLING_MEDIAN_BASIS,AVIX_CLEAN_MINUS_PRIOR_252D_MEDIAN_AVIX_QVIX_SPREAD,,,50.0,4678.794,-0.014542197943569257,3997.556,-0.00467466451345766,12.118498286307714,4.67466451345766,9.885348154452698,0.0,1.0,0.0,0.0,50.0,WARN_BREADTH_PROXY,,,,,,,,,,,,,,,0.9232493045392814,10.27077537827345,1.0,21249737700.0,23016250968.75,True,True,False,True,True,True,OK,,,,,50.0,41.2,CAUTION,警戒,WARN_BREADTH_PROXY,88.0,88.0,100.0,REALIZED_VOL|STOCK_BREADTH
2025-11-10,18.92648939340497,OK,64.61232604373758,45.347534250166674,48.92736903165873,50.0,,WARN_QVIX_MISSING,,,,,False,False,,,,,,,,,19.718428498545144,OK_REPLICA_ROLLING_MEDIAN_BASIS,AVIX_CLEAN_MINUS_PRIOR_252D_MEDIAN_AVIX_QVIX_SPREAD,,,50.0,4695.051,-0.011118113128543827,4018.597,0.0,9.265094273786524,0.0,6.485565991650566,0.8,0.2,0.0,0.0,9.999999999999998,WARN_BREADTH_PROXY,,,,,,,,,,,,,,,1.0239441189323388,18.662009911028232,1.0,23602676400.0,23050746582.35294,True,False,False,True,True,True,,,,,,9.999999999999998,42.9,CAUTION,警戒,WARN_BREADTH_PROXY|WARN_QVIX_MISSING,76.0,76.0,100.0,QVIX|REALIZED_VOL|STOCK_BREADTH
2025-11-11,19.56469780875871,OK,70.77534791252485,48.9344390178241,57.32942423558054,30.0,22.07,OK,OPTBBS_PARSE_300INDEX_QVIX,,,,False,False,1.0,True,OK,True,,,,,20.356740659549303,OK_REPLICA_ROLLING_MEDIAN_BASIS,AVIX_CLEAN_MINUS_PRIOR_252D_MEDIAN_AVIX_QVIX_SPREAD,,,50.0,4652.166,-0.020150645409552692,4002.758,-0.003941425328292558,16.79220450796058,3.941425328292558,12.936970754060173,0.0,1.0,0.0,0.0,50.0,WARN_BREADTH_PROXY,,,,,,,,,,,,,,,0.8183390860640009,1.5282571720000675,1.0,18663885800.0,22807032094.444443,True,True,False,True,True,True,OK,,,,,50.0,47.5,CAUTION,警戒,WARN_BREADTH_PROXY,88.0,88.0,100.0,REALIZED_VOL|STOCK_BREADTH
2025-11-12,19.043450691522143,OK,65.60636182902584,46.31818668078129,50.626115868434375,30.0,22.19,OK,OPTBBS_PARSE_300INDEX_QVIX,,,,False,False,1.0,True,OK,True,,,,,19.837259097289998,OK_REPLICA_ROLLING_MEDIAN_BASIS,AVIX_CLEAN_MINUS_PRIOR_252D_MEDIAN_AVIX_QVIX_SPREAD,,,50.0,4645.908,-0.02146871902537517,4000.14,-0.004592896476058761,17.890599187812644,4.592896476058761,13.901288374286478,0.0,1.0,0.0,0.0,50.0,WARN_BREADTH_PROXY,,,,,,,,,,,,,,,0.9223646895880363,10.197057465669689,1.0,20946059200.0,22709086152.63158,True,True,False,True,True,True,OK,,,,,50.0,45.6,CAUTION,警戒,WARN_BREADTH_PROXY,88.0,88.0,100.0,REALIZED_VOL|STOCK_BREADTH
2025-11-13,18.776290261294807,OK,61.23260437375746,45.02881785366367,56.602561855048215,30.0,22.26,OK,OPTBBS_PARSE_300INDEX_QVIX,,,,False,False,1.0,True,OK,True,,,,,19.63049949714017,OK_REPLICA_ROLLING_MEDIAN_BASIS,AVIX_CLEAN_MINUS_PRIOR_252D_MEDIAN_AVIX_QVIX_SPREAD,,,50.0,4702.074,-0.009638913543385419,4029.501,0.0,8.032427952821184,0.0,5.622699566974829,1.0,0.0,0.0,0.0,0.0,WARN_BREADTH_PROXY,,,,,,,,,,,,,,,0.9171303435951274,9.76086196626061,1.0,20736747400.0,22610469215.0,True,True,False,True,True,True,OK,,,,,0.0,38.6,NORMAL,正常,WARN_BREADTH_PROXY,88.0,88.0,100.0,REALIZED_VOL|STOCK_BREADTH
2025-11-14,18.69105383424736,OK,60.039761431411534,44.72098964597513,55.98319142112458,30.0,21.82,OK,OPTBBS_PARSE_300INDEX_QVIX,,,,False,False,1.0,True,OK,True,,,,,19.548819268214277,OK_REPLICA_ROLLING_MEDIAN_BASIS,AVIX_CLEAN_MINUS_PRIOR_252D_MEDIAN_AVIX_QVIX_SPREAD,15.224489953398201,,50.0,4628.14,-0.025211053957611695,3990.492,-0.00968085130143903,21.00921163134308,9.68085130143903,17.610703532371865,0.0,1.0,0.0,0.0,50.0,WARN_BREADTH_PROXY,,,,,,,,,,,,,,,0.8619276201049265,5.160635008743873,1.0,19209267600.0,22286404510.0,True,True,False,True,True,True,OK,,,,,50.0,44.5,CAUTION,警戒,WARN_BREADTH_PROXY,88.0,88.0,100.0,REALIZED_VOL|STOCK_BREADTH
2025-11-17,19.327052906399743,WARN_NOT_BRACKET_30D,68.78727634194831,48.660047972402076,54.232834781651064,30.0,21.95,OK,OPTBBS_PARSE_300INDEX_QVIX,,,,False,False,1.0,True,OK,True,,,,,20.199581083660295,OK_REPLICA_ROLLING_MEDIAN_BASIS,AVIX_CLEAN_MINUS_PRIOR_252D_MEDIAN_AVIX_QVIX_SPREAD,15.384501326932215,,50.0,4598.053,-0.03154804355161234,3972.035,-0.014261319205529532,26.29003629301028,14.261319205529531,22.681421166766057,0.2,0.8,0.0,0.0,40.0,WARN_BREADTH_PROXY,,,,,,,,,,,,,,,0.8534928623003386,4.457738525028214,1.0,18895546600.0,22139079815.0,True,True,False,True,True,True,OK,,,,,40.0,46.9,CAUTION,警戒,WARN_BREADTH_PROXY|WARN_NOT_BRACKET_30D,88.0,88.0,100.0,REALIZED_VOL|STOCK_BREADTH
2025-11-18,20.43261794835023,WARN_NOT_BRACKET_30D,78.52882703777337,55.74947839037904,58.87230815497668,30.0,22.3,OK,OPTBBS_PARSE_300INDEX_QVIX,,,,False,False,1.0,True,OK,True,,,,,21.305666052036862,OK_REPLICA_ROLLING_MEDIAN_BASIS,AVIX_CLEAN_MINUS_PRIOR_252D_MEDIAN_AVIX_QVIX_SPREAD,14.566575009321959,,50.0,4568.193,-0.03783722191026728,3939.813,-0.02225784284456067,31.53101825855607,22.25784284456067,28.74906563435745,0.0,1.0,0.0,0.0,50.0,WARN_BREADTH_PROXY,,,,,,,,,,,,,,,0.8096608382991829,0.8050698582652376,1.0,17771318500.0,21949089865.0,True,True,False,True,True,True,OK,,,,,50.0,52.6,CAUTION,警戒,WARN_BREADTH_PROXY|WARN_NOT_BRACKET_30D,88.0,88.0,100.0,REALIZED_VOL|STOCK_BREADTH
2025-11-19,19.56256233861812,OK,70.77534791252485,50.715479617249756,55.45186537361193,30.0,22.13,OK,OPTBBS_PARSE_300INDEX_QVIX,,,,False,False,1.0,True,OK,True,,,,,20.43801797225079,OK_REPLICA_ROLLING_MEDIAN_BASIS,AVIX_CLEAN_MINUS_PRIOR_252D_MEDIAN_AVIX_QVIX_SPREAD,14.620672267421304,,50.0,4588.292,-0.033603926671465945,3946.742,-0.020538275086667057,28.003272226221622,20.538275086667056,25.76377308435525,0.6,0.4,0.0,0.0,20.0,WARN_BREADTH_PROXY,,,,,,,,,,,,,,,0.7900791290626552,0.0,1.0,17292497400.0,21887044935.0,True,True,False,True,True,True,OK,,,,,20.0,46.0,CAUTION,警戒,WARN_BREADTH_PROXY,88.0,88.0,100.0,REALIZED_VOL|STOCK_BREADTH
2025-11-20,18.68269813404257,OK,60.039761431411534,45.30164302387722,49.003081802104795,30.0,21.37,OK,OPTBBS_PARSE_300INDEX_QVIX,,,,False,False,1.0,True,OK,True,,,,,19.57009016079754,OK_REPLICA_ROLLING_MEDIAN_BASIS,AVIX_CLEAN_MINUS_PRIOR_252D_MEDIAN_AVIX_QVIX_SPREAD,14.679592510277145,,50.0,4564.948,-0.03852069089130661,3931.051,-0.024432305637844598,32.10057574275551,24.4323056378446,29.800094711282235,0.0,1.0,0.0,0.0,50.0,WARN_BREADTH_PROXY,,,,,,,,,,,,,,,0.890139549093134,7.511629091094495,1.0,19456259300.0,21857538315.0,True,True,False,True,True,True,OK,,,,,50.0,45.6,CAUTION,警戒,WARN_BREADTH_PROXY,88.0,88.0,100.0,REALIZED_VOL|STOCK_BREADTH
2025-11-21,20.187195369836545,OK,75.7455268389662,55.62483623504403,66.00917261120745,30.0,21.22,OK,OPTBBS_PARSE_300INDEX_QVIX,,,,False,False,1.0,True,OK,True,,,,,21.08261925141734,OK_REPLICA_ROLLING_MEDIAN_BASIS,AVIX_CLEAN_MINUS_PRIOR_252D_MEDIAN_AVIX_QVIX_SPREAD,16.27760755030034,,50.0,4453.608,-0.06197136465060504,3834.891,-0.048296302693559334,51.64280387550421,48.29630269355933,50.63885352092074,0.0,1.0,0.6,0.0,80.0,WARN_BREADTH_PROXY,,,,,,,,,,,,,,,1.0162981066555177,18.024842221293135,1.0,22285101300.0,21927720965.0,True,True,False,True,True,True,OK,,,,,80.0,58.7,CAUTION,警戒,WARN_BREADTH_PROXY,88.0,88.0,100.0,REALIZED_VOL|STOCK_BREADTH
2025-11-24,18.88335316704507,OK,63.41948310139165,46.99127028159731,45.40851115269879,30.0,17.83,OK,OPTBBS_PARSE_300INDEX_QVIX,,,,False,False,1.0,True,OK,True,,,,,19.782596895847497,OK_REPLICA_ROLLING_MEDIAN_BASIS,AVIX_CLEAN_MINUS_PRIOR_252D_MEDIAN_AVIX_QVIX_SPREAD,15.417325258876687,,50.0,4448.048,-0.06314242398329517,3836.766,-0.047830984531335274,52.618686652745986,47.830984531335275,51.18237601632276,0.8,0.2,0.0,0.0,9.999999999999998,WARN_BREADTH_PROXY,,,,,,,,,,,,,,,0.8625021358137459,5.208511317812156,1.0,18583372900.0,21545886240.0,True,True,False,True,True,True,OK,,,,,9.999999999999998,44.9,CAUTION,警戒,WARN_BREADTH_PROXY,88.0,88.0,100.0,REALIZED_VOL|STOCK_BREADTH
2025-11-25,17.313843732828072,OK,46.91848906560636,36.30677419691759,19.47259305287432,30.0,22.26,OK,OPTBBS_PARSE_300INDEX_QVIX,,,,False,False,1.0,True,OK,True,,,,,18.2130874616305,OK_REPLICA_ROLLING_MEDIAN_BASIS,AVIX_CLEAN_MINUS_PRIOR_252D_MEDIAN_AVIX_QVIX_SPREAD,16.001558138949424,,50.0,4490.405,-0.054221100214455475,3870.023,-0.039577605266756355,45.1842501787129,39.57760526675636,43.50225670512594,1.0,0.0,0.0,0.0,0.0,WARN_BREADTH_PROXY,,,,,,,,,,,,,,,0.7965157364349424,0.0,1.0,16957192900.0,21289212660.0,True,True,False,True,True,True,OK,,,,,0.0,34.6,NORMAL,正常,WARN_BREADTH_PROXY,88.0,88.0,100.0,REALIZED_VOL|STOCK_BREADTH
2025-11-26,16.262221884140853,OK,32.20675944333996,29.11368954272153,16.258607667543416,30.0,18.94,OK,OPTBBS_PARSE_300INDEX_QVIX,,,,False,False,1.0,True,OK,True,,,,,17.168841801733837,OK_REPLICA_ROLLING_MEDIAN_BASIS,AVIX_CLEAN_MINUS_PRIOR_252D_MEDIAN_AVIX_QVIX_SPREAD,15.450484142275128,,50.0,4517.626,-0.048487753794463795,3864.184,-0.0410266680663437,40.406461495386495,41.026668066343696,40.592523466673654,0.6,0.4,0.0,0.0,20.0,WARN_BREADTH_PROXY,,,,,,,,,,,,,,,0.7495522079129235,0.0,1.0,15620036800.0,20839157880.0,True,True,False,True,True,True,OK,,,,,20.0,30.9,NORMAL,正常,WARN_BREADTH_PROXY,88.0,88.0,100.0,REALIZED_VOL|STOCK_BREADTH
2025-11-27,16.124706053132954,OK,28.031809145129227,28.25246275190375,22.616459758041184,30.0,18.75637285,WARN_QVIX_REALTIME_PROXY,OPTBBS_PARSE_300ETF_QVIX_PROXY,,,,True,False,1.0,True,PROXY,True,,,,,17.047414019298795,OK_REPLICA_ROLLING_MEDIAN_BASIS,AVIX_CLEAN_MINUS_PRIOR_252D_MEDIAN_AVIX_QVIX_SPREAD,15.323341017598244,,50.0,4515.403,-0.04895596690535764,3875.259,-0.038278188788140266,40.796639087798034,38.27818878814027,40.0411039979007,0.4,0.6,0.0,0.0,30.0,WARN_BREADTH_PROXY,,,,,,,,,,,,,,,0.7432246674560631,0.0,1.0,15031177200.0,20224271150.0,True,True,False,True,True,True,PROXY,,,,,30.0,31.0,NORMAL,正常,WARN_BREADTH_PROXY|WARN_QVIX_REALTIME_PROXY,83.2,88.0,94.5,QVIX_PROXY|REALIZED_VOL|STOCK_BREADTH
2025-11-28,15.655063768513347,OK,21.272365805168985,25.04025539649744,5.098947443734048,30.0,18.64,WARN_QVIX_REALTIME_PROXY,OPTBBS_PARSE_300ETF_QVIX_PROXY,,,,True,False,1.0,True,PROXY,True,,,,,16.616135904239673,OK_REPLICA_ROLLING_MEDIAN_BASIS,AVIX_CLEAN_MINUS_PRIOR_252D_MEDIAN_AVIX_QVIX_SPREAD,14.63647464534934,,50.0,4526.662,-0.04658457175666053,3888.596,-0.03496834967902973,38.82047646388378,34.96834967902973,37.664838428427565,1.0,0.0,0.0,0.0,0.0,WARN_BREADTH_PROXY,,,,,,,,,,,,,,,0.7316509423523613,0.0,1.0,14290209600.0,19531457930.0,True,True,False,True,True,True,PROXY,,,,,0.0,24.0,NORMAL,正常,WARN_BREADTH_PROXY|WARN_QVIX_REALTIME_PROXY,83.2,88.0,94.5,QVIX_PROXY|REALIZED_VOL|STOCK_BREADTH
2025-12-01,15.98726985393865,OK,26.838966202783297,27.458415917149694,19.326599068637695,30.0,18.99,WARN_QVIX_REALTIME_PROXY,OPTBBS_PARSE_300ETF_QVIX_PROXY,,,,True,False,1.0,True,PROXY,True,,,,,16.97078408262663,OK_REPLICA_ROLLING_MEDIAN_BASIS,AVIX_CLEAN_MINUS_PRIOR_252D_MEDIAN_AVIX_QVIX_SPREAD,15.21131489343926,,50.0,4576.486,-0.036090532153792876,3914.006,-0.028662357944569394,30.075443461494068,28.662357944569393,29.651517806416663,1.0,0.0,0.0,0.0,0.0,WARN_BREADTH_PROXY,,,,,,,,,,,,,,,1.0364234242480865,19.701952020673875,1.0,20038231700.0,19334020470.0,True,True,False,True,True,True,PROXY,,,,,0.0,26.9,NORMAL,正常,WARN_BREADTH_PROXY|WARN_QVIX_REALTIME_PROXY,83.2,88.0,94.5,QVIX_PROXY|REALIZED_VOL|STOCK_BREADTH
2025-12-02,15.762198386168006,OK,23.658051689860834,25.881958429417242,32.07624637713398,30.0,19.1,WARN_QVIX_REALTIME_PROXY,OPTBBS_PARSE_300ETF_QVIX_PROXY,,,,True,False,1.0,True,PROXY,True,,,,,16.748121442229245,OK_REPLICA_ROLLING_MEDIAN_BASIS,AVIX_CLEAN_MINUS_PRIOR_252D_MEDIAN_AVIX_QVIX_SPREAD,15.086765677470376,,50.0,4554.335,-0.040756024110342404,3897.712,-0.03270603481671808,33.963353425285334,32.70603481671807,33.58615784271515,0.0,1.0,0.0,0.0,50.0,WARN_BREADTH_PROXY,,,,,,,,,,,,,,,0.7852472672161617,0.0,1.0,14849313200.0,18910365970.0,True,True,False,True,True,True,PROXY,,,,,50.0,31.4,NORMAL,正常,WARN_BREADTH_PROXY|WARN_QVIX_REALTIME_PROXY,83.2,88.0,94.5,QVIX_PROXY|REALIZED_VOL|STOCK_BREADTH
2025-12-03,15.982672492713256,OK,26.838966202783297,27.612673549376762,46.561977896756936,30.0,18.4,WARN_QVIX_REALTIME_PROXY,OPTBBS_PARSE_300ETF_QVIX_PROXY,,,,True,False,1.0,True,PROXY,True,,,,,16.970111676556463,OK_REPLICA_ROLLING_MEDIAN_BASIS,AVIX_CLEAN_MINUS_PRIOR_252D_MEDIAN_AVIX_QVIX_SPREAD,15.133392050085744,,50.0,4531.049,-0.04566057224361908,3878.0,-0.03759795567739033,38.05047686968257,37.597955677390324,37.914720511994894,0.0,1.0,0.0,0.0,50.0,WARN_BREADTH_PROXY,,,,,,,,,,,,,,,0.905693756560545,8.807813046712077,1.0,16976279000.0,18743950565.0,True,True,False,True,True,True,PROXY,,,,,50.0,34.6,NORMAL,正常,WARN_BREADTH_PROXY|WARN_QVIX_REALTIME_PROXY,83.2,88.0,94.5,QVIX_PROXY|REALIZED_VOL|STOCK_BREADTH
2025-12-04,15.721695320039974,OK,22.86282306163022,25.889190437039016,45.00132614182226,30.0,16.88,OK,OPTBBS_PARSE_300INDEX_QVIX,,,,False,False,1.0,True,OK,True,,,,,16.715453851680834,OK_REPLICA_ROLLING_MEDIAN_BASIS,AVIX_CLEAN_MINUS_PRIOR_252D_MEDIAN_AVIX_QVIX_SPREAD,14.144866233837819,,50.0,4546.566,-0.04239234784337631,3875.793,-0.03814566617553883,35.32695653614692,38.14566617553883,36.17256942796449,0.8,0.2,0.0,0.0,9.999999999999998,WARN_BREADTH_PROXY,,,,,,,,,,,,,,,0.8017878213329018,0.14898511107514872,1.0,14719811000.0,18358736075.0,True,True,False,True,True,True,OK,,,,,9.999999999999998,28.6,NORMAL,正常,WARN_BREADTH_PROXY,88.0,88.0,100.0,REALIZED_VOL|STOCK_BREADTH
2025-12-05,15.61334587679214,OK,20.87475149105368,25.21924300499738,49.467036451105194,30.0,16.05,OK,OPTBBS_PARSE_300INDEX_QVIX,,,,False,False,1.0,True,OK,True,,,,,16.612715711658772,OK_REPLICA_ROLLING_MEDIAN_BASIS,AVIX_CLEAN_MINUS_PRIOR_252D_MEDIAN_AVIX_QVIX_SPREAD,14.557330924974227,,50.0,4584.537,-0.03439481296539593,3902.808,-0.031441362094214664,28.662344137829944,31.441362094214664,29.49604952474536,1.0,0.0,0.0,0.0,0.0,WARN_BREADTH_PROXY,,,,,,,,,,,,,,,1.076571591979018,23.04763266491816,1.0,19679996800.0,18280249030.0,True,True,False,True,True,True,OK,,,,,0.0,27.4,NORMAL,正常,WARN_BREADTH_PROXY,88.0,88.0,100.0,REALIZED_VOL|STOCK_BREADTH
2025-12-08,16.474011412291116,OK,35.785288270377734,31.65912170339833,56.089114186466915,30.0,18.14,OK,OPTBBS_PARSE_300INDEX_QVIX,,,,False,False,1.0,True,OK,True,,,,,17.473381247157747,OK_REPLICA_ROLLING_MEDIAN_BASIS,AVIX_CLEAN_MINUS_PRIOR_252D_MEDIAN_AVIX_QVIX_SPREAD,14.835618700861563,,50.0,4621.755,-0.02655587659056602,3924.078,-0.026162792861945006,22.12989715880502,26.162792861945007,23.339765869747012,1.0,0.0,0.0,0.0,0.0,WARN_BREADTH_PROXY,,,,,,,,,,,,,,,1.102986858570738,25.24890488089484,1.0,19962099000.0,18098220160.0,True,True,False,True,True,True,OK,,,,,0.0,32.4,NORMAL,正常,WARN_BREADTH_PROXY,88.0,88.0,100.0,REALIZED_VOL|STOCK_BREADTH
2025-12-09,15.749385232037191,OK,24.055666003976143,26.468608855465654,49.837419199823564,30.0,17.41,OK,OPTBBS_PARSE_300INDEX_QVIX,,,,False,False,1.0,True,OK,True,,,,,16.75353088428877,OK_REPLICA_ROLLING_MEDIAN_BASIS,AVIX_CLEAN_MINUS_PRIOR_252D_MEDIAN_AVIX_QVIX_SPREAD,14.59875624215089,,50.0,4598.223,-0.03151223778064871,3909.522,-0.02977515081892279,26.260198150540592,29.77515081892279,27.31468395105525,0.2,0.8,0.0,0.0,40.0,WARN_BREADTH_PROXY,,,,,,,,,,,,,,,1.018257766107567,18.188147175630572,1.0,18416034400.0,18085827590.0,True,True,False,True,True,True,OK,,,,,40.0,32.0,NORMAL,正常,WARN_BREADTH_PROXY,88.0,88.0,100.0,REALIZED_VOL|STOCK_BREADTH
2025-12-10,16.418761495710786,OK,35.586481113320076,31.55626754989134,55.45702232459995,30.0,19.49,OK,OPTBBS_PARSE_300INDEX_QVIX,,,,False,False,1.0,True,OK,True,,,,,17.42381286267227,OK_REPLICA_ROLLING_MEDIAN_BASIS,AVIX_CLEAN_MINUS_PRIOR_252D_MEDIAN_AVIX_QVIX_SPREAD,14.599083150403287,,50.0,4591.827,-0.03285937725760646,3900.496,-0.0320151304094477,27.382814381338715,32.0151304094477,28.772509189771405,0.4,0.6,0.0,0.0,30.0,WARN_BREADTH_PROXY,,,,,,,,,,,,,,,0.9455957728160843,12.132981068007023,1.0,16911110600.0,17884080160.0,True,True,False,True,True,True,OK,,,,,30.0,35.4,NORMAL,正常,WARN_BREADTH_PROXY,88.0,88.0,100.0,REALIZED_VOL|STOCK_BREADTH
2025-12-11,16.48489674996884,OK,36.381709741550694,32.175954075742084,59.708894802916525,30.0,15.75,OK,OPTBBS_PARSE_300INDEX_QVIX,,,,False,False,1.0,True,OK,True,,,,,17.50095083628745,OK_REPLICA_ROLLING_MEDIAN_BASIS,AVIX_CLEAN_MINUS_PRIOR_252D_MEDIAN_AVIX_QVIX_SPREAD,14.067729682771429,,50.0,4552.185,-0.041208861801940055,3873.318,-0.03875988614967463,34.34071816828338,38.75988614967463,35.66646856270076,0.0,1.0,0.0,0.0,50.0,WARN_BREADTH_PROXY,,,,,,,,,,,,,,,0.9520954810149878,12.674623417915642,1.0,16841940500.0,17689339815.0,True,True,False,True,True,True,OK,,,,,50.0,38.9,NORMAL,正常,WARN_BREADTH_PROXY,88.0,88.0,100.0,REALIZED_VOL|STOCK_BREADTH
2025-12-12,16.005285871177534,OK,27.833001988071572,28.714883424196252,55.020576594898564,30.0,16.74,OK,OPTBBS_PARSE_300INDEX_QVIX,,,,False,False,1.0,True,OK,True,,,,,17.021339957496146,OK_REPLICA_ROLLING_MEDIAN_BASIS,AVIX_CLEAN_MINUS_PRIOR_252D_MEDIAN_AVIX_QVIX_SPREAD,13.270749004419907,,50.0,4580.95,-0.035150314732726784,3889.346,-0.034782222414140196,29.291928943938988,34.78222241414019,30.93901698499935,1.0,0.0,0.0,0.0,0.0,WARN_BREADTH_PROXY,,,,,,,,,,,,,,,1.1961243856019883,33.01036546683236,1.0,21282652000.0,17793009035.0,True,True,False,True,True,True,OK,,,,,0.0,30.8,NORMAL,正常,WARN_BREADTH_PROXY,88.0,88.0,100.0,REALIZED_VOL|STOCK_BREADTH
2025-12-15,16.052701412317187,WARN_NOT_BRACKET_30D,28.230616302186878,29.13558831591701,44.88515590489888,30.0,16.89,OK,OPTBBS_PARSE_300INDEX_QVIX,,,,False,False,1.0,True,OK,True,,,,,17.0687554986358,OK_REPLICA_ROLLING_MEDIAN_BASIS,AVIX_CLEAN_MINUS_PRIOR_252D_MEDIAN_AVIX_QVIX_SPREAD,13.259178318865835,,50.0,4552.06,-0.04123518957470729,3867.921,-0.04009925794782043,34.36265797892274,40.09925794782043,36.08363796959205,0.0,1.0,0.0,0.0,50.0,WARN_BREADTH_PROXY,,,,,,,,,,,,,,,0.9475757478852611,12.297978990438423,1.0,16758996700.0,17686181540.0,True,True,False,True,True,True,OK,,,,,50.0,35.0,NORMAL,正常,WARN_BREADTH_PROXY|WARN_NOT_BRACKET_30D,88.0,88.0,100.0,REALIZED_VOL|STOCK_BREADTH
2025-12-16,16.53221946678011,WARN_NOT_BRACKET_30D,37.57455268389662,32.839761900118376,59.94114021860977,30.0,16.99,OK,OPTBBS_PARSE_300INDEX_QVIX,,,,False,False,1.0,True,OK,True,,,,,17.54827355309872,OK_REPLICA_ROLLING_MEDIAN_BASIS,AVIX_CLEAN_MINUS_PRIOR_252D_MEDIAN_AVIX_QVIX_SPREAD,13.72884076146156,,50.0,4497.555,-0.05271515161216522,3824.812,-0.05079760496398944,43.92929301013769,50.79760496398944,45.989786596293214,0.0,1.0,0.0,0.0,50.0,WARN_BREADTH_PROXY,,,,,,,,,,,,,,,0.9371903885820004,11.432532381833365,1.0,16516520100.0,17623441620.0,True,True,False,True,True,True,OK,,,,,50.0,40.5,CAUTION,警戒,WARN_BREADTH_PROXY|WARN_NOT_BRACKET_30D,88.0,88.0,100.0,REALIZED_VOL|STOCK_BREADTH
2025-12-17,16.655331914785272,OK,38.9662027833002,33.86082941035835,52.881708454517536,30.0,17.46,OK,OPTBBS_PARSE_300INDEX_QVIX,,,,False,False,1.0,True,OK,True,,,,,17.671386001103883,OK_REPLICA_ROLLING_MEDIAN_BASIS,AVIX_CLEAN_MINUS_PRIOR_252D_MEDIAN_AVIX_QVIX_SPREAD,15.20348817208209,,50.0,4579.875,-0.035376733578525554,3870.278,-0.039514321996694024,29.480611315437965,39.51432199669402,32.49072451981478,1.0,0.0,0.0,0.0,0.0,WARN_BREADTH_PROXY,,,,,,,,,,,,,,,1.0108516651370125,17.570972094751042,1.0,17842483000.0,17650940900.0,True,True,False,True,True,True,OK,,,,,0.0,34.1,NORMAL,正常,WARN_BREADTH_PROXY,88.0,88.0,100.0,REALIZED_VOL|STOCK_BREADTH
2025-12-18,16.95785780069928,OK,41.94831013916501,36.315182056721014,55.73811359457053,30.0,17.4,OK,OPTBBS_PARSE_300INDEX_QVIX,,,,False,False,1.0,True,OK,True,,,,,17.97391188701789,OK_REPLICA_ROLLING_MEDIAN_BASIS,AVIX_CLEAN_MINUS_PRIOR_252D_MEDIAN_AVIX_QVIX_SPREAD,15.24256558278228,,50.0,4552.793,-0.04108080351519994,3876.371,-0.0380022240967306,34.234002929333286,38.0022240967306,35.36446927955248,0.2,0.8,0.0,0.0,40.0,WARN_BREADTH_PROXY,,,,,,,,,,,,,,,0.8699052403307037,5.8254366942253055,1.0,15168132800.0,17436534575.0,True,True,False,True,True,True,OK,,,,,40.0,39.4,NORMAL,正常,WARN_BREADTH_PROXY,88.0,88.0,100.0,REALIZED_VOL|STOCK_BREADTH
2025-12-19,15.974376983767216,OK,26.640159045725646,28.644554475235488,49.61376650615183,30.0,11.31,OK,OPTBBS_PARSE_300INDEX_QVIX,,,,False,False,1.0,True,OK,True,,,,,16.990431070085826,OK_REPLICA_ROLLING_MEDIAN_BASIS,AVIX_CLEAN_MINUS_PRIOR_252D_MEDIAN_AVIX_QVIX_SPREAD,12.196126278018394,,50.0,4568.178,-0.03784038124299938,3890.448,-0.03450873941959576,31.533651035832815,34.508739419595756,32.4261775509617,1.0,0.0,0.0,0.0,0.0,WARN_BREADTH_PROXY,,,,,,,,,,,,,,,0.9058857956705968,8.823816305883064,1.0,15487622000.0,17096660610.0,True,True,False,True,True,True,OK,,,,,0.0,29.3,NORMAL,正常,WARN_BREADTH_PROXY,88.0,88.0,100.0,REALIZED_VOL|STOCK_BREADTH
2025-12-22,15.579665857468829,OK,19.4831013916501,25.54403113672665,44.10646790595134,30.0,12.11,OK,OPTBBS_PARSE_300INDEX_QVIX,,,,False,False,1.0,True,OK,True,,,,,16.59571994378744,OK_REPLICA_ROLLING_MEDIAN_BASIS,AVIX_CLEAN_MINUS_PRIOR_252D_MEDIAN_AVIX_QVIX_SPREAD,12.492040531295855,,50.0,4611.624,-0.028689689917810957,3917.364,-0.02782900413723688,23.908074931509134,27.82900413723688,25.084353693227456,1.0,0.0,0.0,0.0,0.0,WARN_BREADTH_PROXY,,,,,,,,,,,,,,,0.972432778354236,14.369398196186333,1.0,16525285600.0,16993756245.0,True,True,False,True,True,True,OK,,,,,0.0,25.7,NORMAL,正常,WARN_BREADTH_PROXY,88.0,88.0,100.0,REALIZED_VOL|STOCK_BREADTH
2025-12-23,15.364492149475431,OK,16.10337972166998,23.803434477461277,35.87331459455747,30.0,12.59,OK,OPTBBS_PARSE_300INDEX_QVIX,,,,False,False,1.0,True,OK,True,,,,,16.380546235794043,OK_REPLICA_ROLLING_MEDIAN_BASIS,AVIX_CLEAN_MINUS_PRIOR_252D_MEDIAN_AVIX_QVIX_SPREAD,12.16039140283374,,50.0,4620.734,-0.02677092183852936,3919.979,-0.027180040406988404,22.3091015321078,27.180040406988404,23.77038319457198,0.8,0.2,0.0,0.0,9.999999999999998,WARN_BREADTH_PROXY,,,,,,,,,,,,,,,0.996084230201944,16.340352516828666,1.0,16925641200.0,16992178660.0,True,True,False,True,True,True,OK,,,,,9.999999999999998,24.8,NORMAL,正常,WARN_BREADTH_PROXY,88.0,88.0,100.0,REALIZED_VOL|STOCK_BREADTH
2025-12-24,16.263935390512117,OK,33.20079522862823,31.164774699512503,45.30004533952632,30.0,13.47,OK,OPTBBS_PARSE_300INDEX_QVIX,,,,False,False,1.0,True,OK,True,,,,,17.27998947683073,OK_REPLICA_ROLLING_MEDIAN_BASIS,AVIX_CLEAN_MINUS_PRIOR_252D_MEDIAN_AVIX_QVIX_SPREAD,12.052576595411391,,50.0,4634.059,-0.023964381261534107,3940.947,-0.021976418420047605,19.97031771794509,21.976418420047604,20.572147928575845,1.0,0.0,0.0,0.0,0.0,WARN_BREADTH_PROXY,,,,,,,,,,,,,,,0.9052630025082505,8.771916875687541,1.0,15371124100.0,16979733025.0,True,True,False,True,True,True,OK,,,,,0.0,29.7,NORMAL,正常,WARN_BREADTH_PROXY,88.0,88.0,100.0,REALIZED_VOL|STOCK_BREADTH
2025-12-25,15.89382420097995,OK,25.24850894632207,28.083550778215102,37.45084889583809,30.0,12.03,OK,OPTBBS_PARSE_300INDEX_QVIX,,,,False,False,1.0,True,OK,True,,,,,16.90987828729856,OK_REPLICA_ROLLING_MEDIAN_BASIS,AVIX_CLEAN_MINUS_PRIOR_252D_MEDIAN_AVIX_QVIX_SPREAD,12.035649466930815,,50.0,4642.536,-0.02217893702354623,3959.621,-0.017342097693982428,18.482447519621857,17.342097693982428,18.140342571930027,1.0,0.0,0.0,0.0,0.0,WARN_BREADTH_PROXY,,,,,,,,,,,,,,,0.8238188658332937,1.984905486107802,1.0,13943418600.0,16925345095.0,True,True,False,True,True,True,OK,,,,,0.0,25.9,NORMAL,正常,WARN_BREADTH_PROXY,88.0,88.0,100.0,REALIZED_VOL|STOCK_BREADTH
2025-12-26,16.082433565675895,OK,27.833001988071572,29.759272981715057,51.35287381809612,30.0,12.81,OK,OPTBBS_PARSE_300INDEX_QVIX,,,,False,False,1.0,True,OK,True,,,,,17.098487651994507,OK_REPLICA_ROLLING_MEDIAN_BASIS,AVIX_CLEAN_MINUS_PRIOR_252D_MEDIAN_AVIX_QVIX_SPREAD,12.046167179185577,,50.0,4657.24,-0.019081948457382092,3963.679,-0.01633502510608631,15.901623714485078,16.33502510608631,16.031644131965447,1.0,0.0,0.0,0.0,0.0,WARN_BREADTH_PROXY,,,,,,,,,,,,,,,1.0264421750517017,18.87018125430847,1.0,17539656500.0,17087817440.0,True,True,False,True,True,True,OK,,,,,0.0,28.3,NORMAL,正常,WARN_BREADTH_PROXY,88.0,88.0,100.0,REALIZED_VOL|STOCK_BREADTH
2025-12-29,16.515171871345014,OK,36.779324055666,33.546761526264945,62.00932064185069,30.0,15.06,OK,OPTBBS_PARSE_300INDEX_QVIX,,,,False,False,1.0,True,OK,True,,,,,17.531225957663626,OK_REPLICA_ROLLING_MEDIAN_BASIS,AVIX_CLEAN_MINUS_PRIOR_252D_MEDIAN_AVIX_QVIX_SPREAD,11.63205896215202,,50.0,4639.372,-0.022845345607832357,3965.28,-0.015937705437968575,19.037788006526966,15.937705437968575,18.107763235959446,0.2,0.8,0.0,0.0,40.0,WARN_BREADTH_PROXY,,,,,,,,,,,,,,,1.172743476077498,31.061956339791497,1.0,20039713300.0,17087891520.0,True,True,False,True,True,True,OK,,,,,40.0,37.0,NORMAL,正常,WARN_BREADTH_PROXY,88.0,88.0,100.0,REALIZED_VOL|STOCK_BREADTH
2025-12-30,16.8019760497646,OK,39.562624254473164,36.10006536484294,68.71176588597167,30.0,15.82,OK,OPTBBS_PARSE_300INDEX_QVIX,,,,False,False,1.0,True,OK,True,,,,,17.818030136083213,OK_REPLICA_ROLLING_MEDIAN_BASIS,AVIX_CLEAN_MINUS_PRIOR_252D_MEDIAN_AVIX_QVIX_SPREAD,11.460685103972509,,50.0,4651.282,-0.020336835418563015,3965.116,-0.015978405266557916,16.947362848802513,15.978405266557916,16.65667557412913,0.8,0.2,0.0,0.0,9.999999999999998,WARN_BREADTH_PROXY,,,,,,,,,,,,,,,1.045815671818462,20.484639318205154,1.0,18037497400.0,17247300730.0,True,True,False,True,True,True,OK,,,,,9.999999999999998,35.0,NORMAL,正常,WARN_BREADTH_PROXY,88.0,88.0,100.0,REALIZED_VOL|STOCK_BREADTH
2025-12-31,16.741253956662767,OK,39.165009940357855,35.706718339126084,55.8696564477144,30.0,15.74,OK,OPTBBS_PARSE_300INDEX_QVIX,,,,False,False,1.0,True,OK,True,,,,,17.75730804298138,OK_REPLICA_ROLLING_MEDIAN_BASIS,AVIX_CLEAN_MINUS_PRIOR_252D_MEDIAN_AVIX_QVIX_SPREAD,11.424463601181452,,50.0,4629.94,-0.02483193402976258,3968.84,-0.015054221353959174,20.693278358135487,15.054221353959175,19.001561256882592,0.4,0.6,0.0,0.0,30.0,WARN_BREADTH_PROXY,,,,,,,,,,,,,,,0.9897830652362346,15.815255436352881,1.0,17076022400.0,17252287900.0,True,True,False,True,True,True,OK,,,,,30.0,35.9,NORMAL,正常,WARN_BREADTH_PROXY,88.0,88.0,100.0,REALIZED_VOL|STOCK_BREADTH
2026-01-05,16.724019273205464,OK,38.9662027833002,35.6828839600624,60.44676299080152,30.0,21.37,OK,OPTBBS_PARSE_300INDEX_QVIX,,,,False,False,1.0,True,OK,True,,,,,17.740073359524075,OK_REPLICA_ROLLING_MEDIAN_BASIS,AVIX_CLEAN_MINUS_PRIOR_252D_MEDIAN_AVIX_QVIX_SPREAD,13.031295625696835,,50.0,4717.746,-0.006338042704911118,4023.417,-0.001509864372784664,5.281702254092599,1.509864372784664,4.1501508897002175,1.0,0.0,0.0,0.0,0.0,WARN_BREADTH_PROXY,,,,,,,,,,,,,,,1.3238228856355476,43.651907136295634,1.0,23414483900.0,17687021545.0,True,True,False,True,True,True,OK,,,,,0.0,32.6,NORMAL,正常,WARN_BREADTH_PROXY,88.0,88.0,100.0,REALIZED_VOL|STOCK_BREADTH
2026-01-06,17.6878831889895,OK,50.29821073558648,44.10514150005638,69.9652573319507,30.0,21.22,OK,OPTBBS_PARSE_300INDEX_QVIX,,,,False,False,1.0,True,OK,True,,,,,18.70720203579439,OK_REPLICA_ROLLING_MEDIAN_BASIS,AVIX_CLEAN_MINUS_PRIOR_252D_MEDIAN_AVIX_QVIX_SPREAD,13.714787490438296,,50.0,4790.694,0.0,4083.667,0.0,0.0,0.0,0.0,1.0,0.0,0.0,0.0,0.0,WARN_BREADTH_PROXY,,,,,,,,,,,,,,,1.6327948360967237,69.39956967472698,1.0,29697068600.0,18187875135.0,True,True,False,True,True,True,OK,,,,,0.0,38.2,NORMAL,正常,WARN_BREADTH_PROXY,88.0,88.0,100.0,REALIZED_VOL|STOCK_BREADTH
2026-01-07,17.919665057287524,OK,52.286282306163024,46.210118499485375,67.00852037004114,30.0,17.83,OK,OPTBBS_PARSE_300INDEX_QVIX,,,,False,False,1.0,True,OK,True,,,,,18.95246968745098,OK_REPLICA_ROLLING_MEDIAN_BASIS,AVIX_CLEAN_MINUS_PRIOR_252D_MEDIAN_AVIX_QVIX_SPREAD,13.64507621183092,,50.0,4776.666,-0.0029281770031649446,4085.772,0.0,2.440147502637454,0.0,1.7081032518462176,0.8,0.2,0.0,0.0,9.999999999999998,WARN_BREADTH_PROXY,,,,,,,,,,,,,,,1.4016342324967364,50.136186041394694,1.0,25909556400.0,18485248005.0,True,True,False,True,True,True,OK,,,,,9.999999999999998,39.3,NORMAL,正常,WARN_BREADTH_PROXY,88.0,88.0,100.0,REALIZED_VOL|STOCK_BREADTH
2026-01-08,18.029160603153294,OK,53.28031809145129,47.253008117778485,64.60762174346613,30.0,22.26,OK,OPTBBS_PARSE_300INDEX_QVIX,,,,False,False,1.0,True,OK,True,,,,,19.061965233316748,OK_REPLICA_ROLLING_MEDIAN_BASIS,AVIX_CLEAN_MINUS_PRIOR_252D_MEDIAN_AVIX_QVIX_SPREAD,13.89036277977565,,50.0,4737.654,-0.011071464802385633,4082.979,-0.0006835917422705062,9.226220668654694,0.6835917422705062,6.663431990739437,0.4,0.6,0.0,0.0,30.0,WARN_BREADTH_PROXY,,,,,,,,,,,,,,,1.2730512849840698,39.42094041533915,1.0,23880495700.0,18758471070.0,True,True,False,True,True,True,OK,,,,,30.0,41.7,CAUTION,警戒,WARN_BREADTH_PROXY,88.0,88.0,100.0,REALIZED_VOL|STOCK_BREADTH
2026-01-09,18.643500369035102,OK,59.443339960238575,52.67317104440755,72.72525603275102,30.0,17.83,OK,OPTBBS_PARSE_300INDEX_QVIX,,,,False,False,1.0,True,OK,True,,,,,19.676793208811333,OK_REPLICA_ROLLING_MEDIAN_BASIS,AVIX_CLEAN_MINUS_PRIOR_252D_MEDIAN_AVIX_QVIX_SPREAD,13.884934840619117,,50.0,4758.922,-0.0066320245041743275,4120.426,0.0,5.52668708681194,0.0,3.8686809607683577,1.0,0.0,0.0,0.0,0.0,WARN_BREADTH_PROXY,,,,,,,,,,,,,,,1.3274435311431598,43.95362759526332,1.0,25468803800.0,19186355730.0,True,True,False,True,True,True,OK,,,,,0.0,41.7,CAUTION,警戒,WARN_BREADTH_PROXY,88.0,88.0,100.0,REALIZED_VOL|STOCK_BREADTH
2026-01-12,21.284726051360465,WARN_NOT_BRACKET_30D,82.90258449304176,75.58184731052347,100.0,30.0,20.08,OK,OPTBBS_PARSE_300INDEX_QVIX,,,,False,False,1.0,True,OK,True,,,,,22.318018891136695,OK_REPLICA_ROLLING_MEDIAN_BASIS,AVIX_CLEAN_MINUS_PRIOR_252D_MEDIAN_AVIX_QVIX_SPREAD,13.405110548086435,,50.0,4789.916,-0.00016239818281027496,4165.287,0.0,0.13533181900856248,0.0,0.09473227330599372,1.0,0.0,0.0,0.0,0.0,WARN_BREADTH_PROXY,,,,,,,,,,,,,,,1.4876720626995268,57.306005224960565,1.0,29483316500.0,19818424530.0,True,True,False,True,True,True,OK,,,,,0.0,53.7,CAUTION,警戒,WARN_BREADTH_PROXY|WARN_NOT_BRACKET_30D,88.0,88.0,100.0,REALIZED_VOL|STOCK_BREADTH
2026-01-13,20.773974030488,WARN_NOT_BRACKET_30D,80.31809145129225,71.04831526618662,84.89497085122717,30.0,20.24,OK,OPTBBS_PARSE_300INDEX_QVIX,,,,False,False,1.0,True,OK,True,,,,,21.80726687026423,OK_REPLICA_ROLLING_MEDIAN_BASIS,AVIX_CLEAN_MINUS_PRIOR_252D_MEDIAN_AVIX_QVIX_SPREAD,13.660603988406544,13.934164324106298,50.0,4761.032,-0.006191587273159271,4138.759,-0.006368828846607721,5.15965606096606,6.368828846607721,5.522407896658558,0.0,1.0,0.0,0.0,50.0,WARN_BREADTH_PROXY,,,,,,,,,,,,,,,1.4877916767609043,57.315973063408684,1.0,30144949700.0,20261539415.0,True,True,False,True,True,True,OK,,,,,50.0,56.8,CAUTION,警戒,WARN_BREADTH_PROXY|WARN_NOT_BRACKET_30D,88.0,88.0,100.0,REALIZED_VOL|STOCK_BREADTH
2026-01-14,20.385379976925293,WARN_NOT_BRACKET_30D,77.73359840954275,67.606832578423,77.5196540979433,30.0,20.08,OK,OPTBBS_PARSE_300INDEX_QVIX,,,,False,False,1.0,True,OK,True,,,,,21.418672816701523,OK_REPLICA_ROLLING_MEDIAN_BASIS,AVIX_CLEAN_MINUS_PRIOR_252D_MEDIAN_AVIX_QVIX_SPREAD,13.499337064410035,13.939017616212467,50.0,4741.931,-0.01017869227297774,4126.093,-0.009409675731828382,8.482243560814783,9.409675731828383,8.760473212118862,0.6,0.4,0.0,0.0,20.0,WARN_BREADTH_PROXY,,,,,,,,,,,,,,,1.7175503703395658,76.46253086163048,1.0,36495102300.0,21248344695.0,True,True,False,True,True,True,OK,,,,,20.0,53.1,CAUTION,警戒,WARN_BREADTH_PROXY|WARN_NOT_BRACKET_30D,88.0,88.0,100.0,REALIZED_VOL|STOCK_BREADTH
2026-01-15,18.653821880685296,WARN_NOT_BRACKET_30D,58.8469184890656,52.61074680772192,56.929454912312984,30.0,19.58,OK,OPTBBS_PARSE_300INDEX_QVIX,,,,False,False,1.0,True,OK,True,,,,,19.687114720461526,OK_REPLICA_ROLLING_MEDIAN_BASIS,AVIX_CLEAN_MINUS_PRIOR_252D_MEDIAN_AVIX_QVIX_SPREAD,12.433653930434971,13.611058411823127,50.0,4751.429,-0.00819609851933778,4112.601,-0.01264882828002023,6.830082099448151,12.64882828002023,8.575705953619774,0.4,0.6,0.0,0.0,30.0,WARN_BREADTH_PROXY,,,,,,,,,,,,,,,1.1709263767636044,30.910531396967034,1.0,25400363600.0,21692536870.0,True,True,False,True,True,True,OK,,,,,30.0,43.3,CAUTION,警戒,WARN_BREADTH_PROXY|WARN_NOT_BRACKET_30D,88.0,88.0,100.0,REALIZED_VOL|STOCK_BREADTH
2026-01-16,18.203548321451777,WARN_NOT_BRACKET_30D,54.67196819085487,48.79144493416013,45.28037075790725,30.0,19.82,OK,OPTBBS_PARSE_300INDEX_QVIX,,,,False,False,1.0,True,OK,True,,,,,19.23635295161523,OK_REPLICA_ROLLING_MEDIAN_BASIS,AVIX_CLEAN_MINUS_PRIOR_252D_MEDIAN_AVIX_QVIX_SPREAD,11.231456262616842,13.621646087888262,50.0,4731.873,-0.012278179320157179,4101.913,-0.01521479792388869,10.231816100130983,15.214797923888689,11.726710647258294,0.2,0.8,0.0,0.0,40.0,WARN_BREADTH_PROXY,,,,,,,,,,,,,,,1.45040229626104,54.20019135508666,1.0,32527892900.0,22426807365.0,True,True,False,True,True,True,OK,,,,,40.0,42.9,CAUTION,警戒,WARN_BREADTH_PROXY|WARN_NOT_BRACKET_30D,88.0,88.0,100.0,REALIZED_VOL|STOCK_BREADTH
2026-01-19,16.14255231968898,WARN_NOT_BRACKET_30D,28.82703777335984,31.04119155215833,1.6820303981050415,30.0,16.53,WARN_QVIX_REALTIME_PROXY,OPTBBS_PARSE_300ETF_QVIX_PROXY,,,,True,False,1.0,True,PROXY,True,,,,,17.175356949852436,OK_REPLICA_ROLLING_MEDIAN_BASIS,AVIX_CLEAN_MINUS_PRIOR_252D_MEDIAN_AVIX_QVIX_SPREAD,10.882882178352585,13.611714879025433,50.0,4734.456,-0.011739009003705947,4114.0,-0.012312957066343833,9.78250750308829,12.312957066343833,10.541642372064953,0.8,0.2,0.0,0.0,9.999999999999998,WARN_BREADTH_PROXY,,,,,,,,,,,,,,,1.1632057037540688,30.267141979505734,1.0,26761249200.0,23006463185.0,True,True,False,True,True,True,PROXY,,,,,9.999999999999998,25.6,NORMAL,正常,WARN_BREADTH_PROXY|WARN_NOT_BRACKET_30D|WARN_QVIX_REALTIME_PROXY,83.2,88.0,94.5,QVIX_PROXY|REALIZED_VOL|STOCK_BREADTH
2026-01-20,15.281350047393852,WARN_NOT_BRACKET_30D,13.916500994035786,23.719951331357137,0.0,30.0,15.56,WARN_QVIX_REALTIME_PROXY,OPTBBS_PARSE_300ETF_QVIX_PROXY,,,,True,False,1.0,True,PROXY,True,,,,,16.314154677557305,OK_REPLICA_ROLLING_MEDIAN_BASIS,AVIX_CLEAN_MINUS_PRIOR_252D_MEDIAN_AVIX_QVIX_SPREAD,11.024259089908915,13.427376579737668,50.0,4718.878,-0.01499072994434647,4113.649,-0.01239722496913176,12.49227495362206,12.39722496913176,12.463759958274968,0.0,1.0,0.0,0.0,50.0,WARN_BREADTH_PROXY,,,,,,,,,,,,,,,1.1956500267242474,32.97083556035395,1.0,28271957900.0,23645679980.0,True,True,False,True,True,True,PROXY,,,,,50.0,24.6,NORMAL,正常,WARN_BREADTH_PROXY|WARN_NOT_BRACKET_30D|WARN_QVIX_REALTIME_PROXY,83.2,88.0,94.5,QVIX_PROXY|REALIZED_VOL|STOCK_BREADTH
2026-01-21,15.309390497745213,WARN_NOT_BRACKET_30D,14.7117296222664,24.184458793710743,0.199706996624883,30.0,16.09,WARN_QVIX_REALTIME_PROXY,OPTBBS_PARSE_300ETF_QVIX_PROXY,,,,True,False,1.0,True,PROXY,True,,,,,16.342195127908667,OK_REPLICA_ROLLING_MEDIAN_BASIS,AVIX_CLEAN_MINUS_PRIOR_252D_MEDIAN_AVIX_QVIX_SPREAD,10.62825918276227,13.209319080906843,50.0,4723.069,-0.014115908885017459,4116.94,-0.011607123350684034,11.763257404181216,11.607123350684034,11.716417188132061,1.0,0.0,0.0,0.0,0.0,WARN_BREADTH_PROXY,,,,,,,,,,,,,,,1.1028583529771334,25.238196081427784,1.0,26635333200.0,24151182360.0,True,True,False,True,True,True,PROXY,,,,,0.0,19.5,CALM,平静,WARN_BREADTH_PROXY|WARN_NOT_BRACKET_30D|WARN_QVIX_REALTIME_PROXY,83.2,88.0,94.5,QVIX_PROXY|REALIZED_VOL|STOCK_BREADTH
2026-01-22,15.335522609147642,WARN_NOT_BRACKET_30D,15.308151093439365,24.617364854592104,14.422312030613767,30.0,15.76,WARN_QVIX_REALTIME_PROXY,OPTBBS_PARSE_300ETF_QVIX_PROXY,,,,True,False,1.0,True,PROXY,True,,,,,16.35484145595253,OK_REPLICA_ROLLING_MEDIAN_BASIS,AVIX_CLEAN_MINUS_PRIOR_252D_MEDIAN_AVIX_QVIX_SPREAD,10.63040334338503,13.165866338389186,50.0,4723.709,-0.01398231654954385,4122.576,-0.01025403531617397,11.651930457953208,10.25403531617397,11.232561915419435,1.0,0.0,0.0,0.0,0.0,WARN_BREADTH_PROXY,,,,,,,,,,,,,,,1.1112053965386557,25.93378304488797,1.0,27419993200.0,24675899960.0,True,True,False,True,True,True,PROXY,,,,,0.0,20.9,NORMAL,正常,WARN_BREADTH_PROXY|WARN_NOT_BRACKET_30D|WARN_QVIX_REALTIME_PROXY,83.2,88.0,94.5,QVIX_PROXY|REALIZED_VOL|STOCK_BREADTH
2026-01-23,17.327251246283986,WARN_NOT_BRACKET_30D,47.713717693836976,41.951075006086946,40.37223886581356,30.0,17.78,WARN_QVIX_REALTIME_PROXY,OPTBBS_PARSE_300ETF_QVIX_PROXY,,,,True,False,1.0,True,PROXY,True,,,,,18.343305332602597,OK_REPLICA_ROLLING_MEDIAN_BASIS,AVIX_CLEAN_MINUS_PRIOR_252D_MEDIAN_AVIX_QVIX_SPREAD,10.788350717464274,12.968742379632303,50.0,4702.497,-0.018410067518401352,4136.164,-0.006991835136450519,15.341722932001128,6.991835136450519,12.836756593335945,0.8,0.2,0.0,0.0,9.999999999999998,WARN_BREADTH_PROXY,,,,,,,,,,,,,,,1.2348077390056567,36.23397825047139,1.0,31463544500.0,25480520980.0,True,True,False,True,True,True,PROXY,,,,,9.999999999999998,36.1,NORMAL,正常,WARN_BREADTH_PROXY|WARN_NOT_BRACKET_30D|WARN_QVIX_REALTIME_PROXY,83.2,88.0,94.5,QVIX_PROXY|REALIZED_VOL|STOCK_BREADTH
2026-01-26,18.84725326379305,OK,62.02783300198808,55.15405263036804,83.51020198714374,30.0,19.22,WARN_QVIX_REALTIME_PROXY,OPTBBS_PARSE_300ETF_QVIX_PROXY,,,,True,False,1.0,True,PROXY,True,,,,,19.852304630754535,OK_REPLICA_ROLLING_MEDIAN_BASIS,AVIX_CLEAN_MINUS_PRIOR_252D_MEDIAN_AVIX_QVIX_SPREAD,10.781034390555021,12.866412514709438,50.0,4706.964,-0.017477634764399563,4132.605,-0.00784627805959126,14.564695636999636,7.846278059591261,12.549170363777122,0.2,0.8,0.0,0.0,40.0,WARN_BREADTH_PROXY,,,,,,,,,,,,,,,1.364762004194591,47.063500349549244,1.0,36300448100.0,26598372455.0,True,True,False,True,True,True,PROXY,,,,,40.0,48.8,CAUTION,警戒,WARN_BREADTH_PROXY|WARN_QVIX_REALTIME_PROXY,83.2,88.0,94.5,QVIX_PROXY|REALIZED_VOL|STOCK_BREADTH
2026-01-27,18.27244190892207,OK,55.26838966202783,50.206288907593695,89.14695824978281,30.0,17.94,WARN_QVIX_REALTIME_PROXY,OPTBBS_PARSE_300ETF_QVIX_PROXY,,,,True,False,1.0,True,PROXY,True,,,,,19.277493275883554,OK_REPLICA_ROLLING_MEDIAN_BASIS,AVIX_CLEAN_MINUS_PRIOR_252D_MEDIAN_AVIX_QVIX_SPREAD,10.745391329305647,12.49163783369899,50.0,4705.692,-0.017743149531153635,4139.904,-0.006093937824692475,14.78595794262803,6.093937824692475,12.178351907247363,0.8,0.2,0.0,0.0,9.999999999999998,WARN_BREADTH_PROXY,,,,,,,,,,,,,,,1.1071955063362586,25.59962552802155,1.0,30147569700.0,27228768115.0,True,True,False,True,True,True,PROXY,,,,,9.999999999999998,42.7,CAUTION,警戒,WARN_BREADTH_PROXY|WARN_QVIX_REALTIME_PROXY,83.2,88.0,94.5,QVIX_PROXY|REALIZED_VOL|STOCK_BREADTH
2026-01-28,18.828222793108186,OK,61.23260437375746,55.0934820377752,95.96959357567147,30.0,18.17,WARN_QVIX_REALTIME_PROXY,OPTBBS_PARSE_300ETF_QVIX_PROXY,,,,True,False,1.0,True,PROXY,True,,,,,19.832368445359766,OK_REPLICA_ROLLING_MEDIAN_BASIS,AVIX_CLEAN_MINUS_PRIOR_252D_MEDIAN_AVIX_QVIX_SPREAD,10.64166667556505,12.490549314238923,50.0,4717.991,-0.015175880571791978,4151.238,-0.0033728768269749576,12.64656714315998,3.3728768269749576,9.864460048304473,0.8,0.2,0.0,0.0,9.999999999999998,WARN_BREADTH_PROXY,,,,,,,,,,,,,,,1.358500180008498,46.541681667374824,1.0,38225560200.0,28138060460.0,True,True,False,True,True,True,PROXY,,,,,9.999999999999998,46.2,CAUTION,警戒,WARN_BREADTH_PROXY|WARN_QVIX_REALTIME_PROXY,83.2,88.0,94.5,QVIX_PROXY|REALIZED_VOL|STOCK_BREADTH
2026-01-29,18.946205735451883,OK,63.618290258449306,56.151637161355694,97.08914353072609,30.0,17.95,WARN_QVIX_REALTIME_PROXY,OPTBBS_PARSE_300ETF_QVIX_PROXY,,,,True,False,1.0,True,PROXY,True,,,,,19.945575570318514,OK_REPLICA_ROLLING_MEDIAN_BASIS,AVIX_CLEAN_MINUS_PRIOR_252D_MEDIAN_AVIX_QVIX_SPREAD,10.895042866896068,12.47456591349044,50.0,4753.87,-0.0076865690023200095,4157.985,-0.0017530604733840827,6.4054741686000085,1.7530604733840827,5.0097500600352305,0.4,0.6,0.0,0.0,30.0,WARN_BREADTH_PROXY,,,,,,,,,,,,,,,1.417468057614264,51.45567146785533,1.0,41551305500.0,29313750865.0,True,True,False,True,True,True,PROXY,,,,,30.0,48.7,CAUTION,警戒,WARN_BREADTH_PROXY|WARN_QVIX_REALTIME_PROXY,83.2,88.0,94.5,QVIX_PROXY|REALIZED_VOL|STOCK_BREADTH
2026-01-30,19.35579554611692,OK,68.78727634194831,59.73260579856111,73.41449628680112,30.0,18.09,WARN_QVIX_REALTIME_PROXY,OPTBBS_PARSE_300ETF_QVIX_PROXY,,,,True,False,1.0,True,PROXY,True,,,,,20.34955407775778,OK_REPLICA_ROLLING_MEDIAN_BASIS,AVIX_CLEAN_MINUS_PRIOR_252D_MEDIAN_AVIX_QVIX_SPREAD,11.431041134376251,12.655790614910961,50.0,4706.34,-0.017607887291486435,4117.948,-0.011365123219600481,14.67323940957203,11.36512321960048,13.680804552580565,0.2,0.8,0.0,0.0,40.0,WARN_BREADTH_PROXY,,,,,,,,,,,,,,,1.0638670019215353,21.9889168267946,1.0,31978653100.0,30058882400.0,True,True,False,True,True,True,PROXY,,,,,40.0,49.6,CAUTION,警戒,WARN_BREADTH_PROXY|WARN_QVIX_REALTIME_PROXY,83.2,88.0,94.5,QVIX_PROXY|REALIZED_VOL|STOCK_BREADTH
2026-02-02,24.27025766741922,OK,89.86083499005964,100.0,100.0,30.0,27.31,WARN_QVIX_REALTIME_PROXY,OPTBBS_PARSE_300ETF_QVIX_PROXY,,,,True,False,1.0,True,PROXY,True,,,,,25.257696851262427,OK_REPLICA_ROLLING_MEDIAN_BASIS,AVIX_CLEAN_MINUS_PRIOR_252D_MEDIAN_AVIX_QVIX_SPREAD,11.97676176610743,13.09052784543296,50.0,4605.98,-0.03855683539796129,4015.746,-0.03590172778010259,32.130696164967745,35.90172778010259,33.2620056495082,0.0,1.0,0.4,0.0,74.0,WARN_BREADTH_PROXY,,,,,,,,,,,,,,,1.0021479757919993,16.845664649333276,1.0,30477350000.0,30412025705.0,True,True,False,True,True,True,PROXY,,,,,74.0,68.8,HIGH_RISK,高风险,WARN_BREADTH_PROXY|WARN_QVIX_REALTIME_PROXY,83.2,88.0,94.5,QVIX_PROXY|REALIZED_VOL|STOCK_BREADTH
2026-02-03,20.88249300034165,OK,80.71570576540755,72.56353209053853,78.56816953562343,30.0,24.08,WARN_QVIX_REALTIME_PROXY,OPTBBS_PARSE_300ETF_QVIX_PROXY,,,,True,False,1.0,True,PROXY,True,,,,,21.869932184184858,OK_REPLICA_ROLLING_MEDIAN_BASIS,AVIX_CLEAN_MINUS_PRIOR_252D_MEDIAN_AVIX_QVIX_SPREAD,11.360704870215981,13.304768687668231,50.0,4660.107,-0.027258472363294373,4067.738,-0.023419514669697494,22.715393636078645,23.419514669697495,22.926629946164297,1.0,0.0,0.0,0.0,0.0,WARN_BREADTH_PROXY,,,,,,,,,,,,,,,0.8777065387842565,6.475544898688041,1.0,26554940500.0,30254919300.0,True,True,False,True,True,True,PROXY,,,,,0.0,51.7,CAUTION,警戒,WARN_BREADTH_PROXY|WARN_QVIX_REALTIME_PROXY,83.2,88.0,94.5,QVIX_PROXY|REALIZED_VOL|STOCK_BREADTH
2026-02-04,19.10005806074171,OK,65.20874751491054,57.25978071365926,52.887529753822804,30.0,22.64,WARN_QVIX_REALTIME_PROXY,OPTBBS_PARSE_300ETF_QVIX_PROXY,,,,True,False,1.0,True,PROXY,True,,,,,20.09381659238257,OK_REPLICA_ROLLING_MEDIAN_BASIS,AVIX_CLEAN_MINUS_PRIOR_252D_MEDIAN_AVIX_QVIX_SPREAD,11.840911926638649,13.394652495656551,50.0,4698.683,-0.019206194342615168,4102.202,-0.015145414949798153,16.005161952179307,15.145414949798152,15.74723785146496,0.6,0.4,0.0,0.0,20.0,WARN_BREADTH_PROXY,,,,,,,,,,,,,,,0.8746611193379098,6.221759944825813,1.0,26488103200.0,30283846640.0,True,True,False,True,True,True,PROXY,,,,,20.0,44.2,CAUTION,警戒,WARN_BREADTH_PROXY|WARN_QVIX_REALTIME_PROXY,83.2,88.0,94.5,QVIX_PROXY|REALIZED_VOL|STOCK_BREADTH
2026-02-05,18.8471134194452,OK,61.0337972166998,55.11880818076697,48.953961364187414,30.0,24.78,WARN_QVIX_REALTIME_PROXY,OPTBBS_PARSE_300ETF_QVIX_PROXY,,,,True,False,1.0,True,PROXY,True,,,,,19.84087195108606,OK_REPLICA_ROLLING_MEDIAN_BASIS,AVIX_CLEAN_MINUS_PRIOR_252D_MEDIAN_AVIX_QVIX_SPREAD,11.685786367402322,13.317834410591939,50.0,4670.419,-0.025105965857973978,4075.917,-0.02145590447909118,20.921638214978316,21.45590447909118,21.081918094212174,0.0,1.0,0.0,0.0,50.0,WARN_BREADTH_PROXY,,,,,,,,,,,,,,,0.7855462105603594,0.0,1.0,23785635100.0,30279103610.0,True,True,False,True,True,True,PROXY,,,,,50.0,45.9,CAUTION,警戒,WARN_BREADTH_PROXY|WARN_QVIX_REALTIME_PROXY,83.2,88.0,94.5,QVIX_PROXY|REALIZED_VOL|STOCK_BREADTH
2026-02-06,18.930951761730345,OK,62.82306163021869,55.87859768663784,45.61016457965423,30.0,18.09,WARN_QVIX_REALTIME_PROXY,OPTBBS_PARSE_300ETF_QVIX_PROXY,,,,True,False,1.0,True,PROXY,True,,,,,19.924710293371206,OK_REPLICA_ROLLING_MEDIAN_BASIS,AVIX_CLEAN_MINUS_PRIOR_252D_MEDIAN_AVIX_QVIX_SPREAD,11.647336921298296,13.368433047421208,50.0,4643.596,-0.030704945880492662,4065.583,-0.023936885981686307,25.587454900410556,23.936885981686306,25.09228422479328,0.2,0.8,0.0,0.0,40.0,WARN_BREADTH_PROXY,,,,,,,,,,,,,,,0.6752883743875923,0.0,1.0,20271647700.0,30019245805.0,True,True,False,True,True,True,PROXY,,,,,40.0,45.7,CAUTION,警戒,WARN_BREADTH_PROXY|WARN_QVIX_REALTIME_PROXY,83.2,88.0,94.5,QVIX_PROXY|REALIZED_VOL|STOCK_BREADTH
2026-02-09,18.751640472455115,OK,59.04572564612326,54.372304682153285,4.523620881269963,30.0,23.98,WARN_QVIX_REALTIME_PROXY,OPTBBS_PARSE_300ETF_QVIX_PROXY,,,,True,False,1.0,True,PROXY,True,,,,,19.739079656298323,OK_REPLICA_ROLLING_MEDIAN_BASIS,AVIX_CLEAN_MINUS_PRIOR_252D_MEDIAN_AVIX_QVIX_SPREAD,12.924886970879657,13.551258200165558,50.0,4719.056,-0.01495357457604285,4123.09,-0.010130634455680965,12.461312146702374,10.130634455680966,11.76210883939595,1.0,0.0,0.0,0.0,0.0,WARN_BREADTH_PROXY,,,,,,,,,,,,,,,0.7006171468636532,0.0,1.0,20725193800.0,29581339670.0,True,True,False,True,True,True,PROXY,,,,,0.0,35.5,NORMAL,正常,WARN_BREADTH_PROXY|WARN_QVIX_REALTIME_PROXY,83.2,88.0,94.5,QVIX_PROXY|REALIZED_VOL|STOCK_BREADTH
2026-02-10,17.708832264912473,OK,48.9065606361829,45.45290913835157,19.604579918908584,30.0,17.83,OK,OPTBBS_PARSE_300INDEX_QVIX,,,,False,False,1.0,True,OK,True,,,,,18.702590796553334,OK_REPLICA_ROLLING_MEDIAN_BASIS,AVIX_CLEAN_MINUS_PRIOR_252D_MEDIAN_AVIX_QVIX_SPREAD,12.784331579477154,13.140361988264788,50.0,4724.296,-0.013859787329351447,4128.373,-0.008862294482949395,11.549822774459539,8.862294482949395,10.743564287006496,0.6,0.4,0.0,0.0,20.0,WARN_BREADTH_PROXY,,,,,,,,,,,,,,,0.6446286768635272,0.0,1.0,18700095800.0,29009096975.0,True,True,False,True,True,True,OK,,,,,20.0,34.5,NORMAL,正常,WARN_BREADTH_PROXY,88.0,88.0,100.0,REALIZED_VOL|STOCK_BREADTH
2026-02-11,17.537059131935983,OK,47.713717693836976,44.053981674676976,33.63356882125592,30.0,17.83,OK,OPTBBS_PARSE_300INDEX_QVIX,,,,False,False,1.0,True,OK,True,,,,,18.530817663576844,OK_REPLICA_ROLLING_MEDIAN_BASIS,AVIX_CLEAN_MINUS_PRIOR_252D_MEDIAN_AVIX_QVIX_SPREAD,12.732356951252106,13.073777125485844,50.0,4713.819,-0.016046735608661322,4131.985,-0.007995127346567155,13.372279673884435,7.995127346567155,11.75913397568925,0.4,0.6,0.0,0.0,30.0,WARN_BREADTH_PROXY,,,,,,,,,,,,,,,0.6181235071528689,0.0,1.0,17339168100.0,28051300265.0,True,True,False,True,True,True,OK,,,,,30.0,36.2,NORMAL,正常,WARN_BREADTH_PROXY,88.0,88.0,100.0,REALIZED_VOL|STOCK_BREADTH
2026-02-12,17.578714903803238,OK,48.111332007952285,44.49710565382151,36.54012964835971,30.0,22.3,WARN_QVIX_REALTIME_PROXY,OPTBBS_PARSE_300ETF_QVIX_PROXY,,,,True,False,1.0,True,PROXY,True,,,,,18.5724734354441,OK_REPLICA_ROLLING_MEDIAN_BASIS,AVIX_CLEAN_MINUS_PRIOR_252D_MEDIAN_AVIX_QVIX_SPREAD,12.716683807715832,12.99452963730729,50.0,4719.578,-0.014844613327421818,4134.018,-0.007507045732983109,12.37051110618485,7.507045732983109,10.911471494224326,1.0,0.0,0.0,0.0,0.0,WARN_BREADTH_PROXY,,,,,,,,,,,,,,,0.7124161083560138,0.0,1.0,19784143900.0,27770489280.0,True,True,False,True,True,True,PROXY,,,,,0.0,33.5,NORMAL,正常,WARN_BREADTH_PROXY|WARN_QVIX_REALTIME_PROXY,83.2,88.0,94.5,QVIX_PROXY|REALIZED_VOL|STOCK_BREADTH
2026-02-13,19.510517305009948,OK,69.58250497017893,61.23120157848875,56.12294141968306,30.0,22.01,WARN_QVIX_REALTIME_PROXY,OPTBBS_PARSE_300ETF_QVIX_PROXY,,,,True,False,1.0,True,PROXY,True,,,,,20.50988713987658,OK_REPLICA_ROLLING_MEDIAN_BASIS,AVIX_CLEAN_MINUS_PRIOR_252D_MEDIAN_AVIX_QVIX_SPREAD,13.391599953826047,13.244514191787795,50.0,4660.406,-0.027196059694065244,4082.073,-0.019977975107117518,22.663383078387707,19.97797510711752,21.85776068700665,0.0,1.0,0.0,0.0,50.0,WARN_BREADTH_PROXY,,,,,,,,,,,,,,,0.6982953892948873,0.0,1.0,18916775600.0,27089933415.0,True,True,False,True,True,True,PROXY,,,,,50.0,49.8,CAUTION,警戒,WARN_BREADTH_PROXY|WARN_QVIX_REALTIME_PROXY,83.2,88.0,94.5,QVIX_PROXY|REALIZED_VOL|STOCK_BREADTH
2026-02-24,17.71725067033997,OK,49.30417495029821,45.82499782967219,38.967474033702864,30.0,17.83,OK,OPTBBS_PARSE_300INDEX_QVIX,,,,False,False,1.0,True,OK,True,,,,,18.72139632259155,OK_REPLICA_ROLLING_MEDIAN_BASIS,AVIX_CLEAN_MINUS_PRIOR_252D_MEDIAN_AVIX_QVIX_SPREAD,13.930135636866984,13.346585338398253,50.0,4707.544,-0.017356566710376553,4117.409,-0.011494526067471589,14.46380559198046,11.49452606747159,13.573021734627797,1.0,0.0,0.0,0.0,0.0,WARN_BREADTH_PROXY,,,,,,,,,,,,,,,0.8139112013238543,1.159266776987855,1.0,21848889000.0,26844315405.0,True,True,False,True,True,True,OK,,,,,0.0,34.6,NORMAL,正常,WARN_BREADTH_PROXY,88.0,88.0,100.0,REALIZED_VOL|STOCK_BREADTH
2026-02-25,16.579357753435726,OK,38.17097415506958,36.074177080152594,37.243941389465405,30.0,16.01,WARN_QVIX_REALTIME_PROXY,OPTBBS_PARSE_300ETF_QVIX_PROXY,,,,True,False,1.0,True,PROXY,True,,,,,17.583503405687306,OK_REPLICA_ROLLING_MEDIAN_BASIS,AVIX_CLEAN_MINUS_PRIOR_252D_MEDIAN_AVIX_QVIX_SPREAD,14.05405254696029,12.313119526022215,50.0,4735.886,-0.011440513629131788,4147.231,-0.004334875363930624,9.533761357609825,4.334875363930624,7.974095559506065,1.0,0.0,0.0,0.0,0.0,WARN_BREADTH_PROXY,,,,,,,,,,,,,,,1.0586463817757519,21.55386514797932,1.0,28426835400.0,26852059280.0,True,True,False,True,True,True,PROXY,,,,,0.0,30.1,NORMAL,正常,WARN_BREADTH_PROXY|WARN_QVIX_REALTIME_PROXY,83.2,88.0,94.5,QVIX_PROXY|REALIZED_VOL|STOCK_BREADTH
2026-02-26,15.652626681370208,OK,20.87475149105368,28.202151223850326,28.509139572505447,30.0,19.49,OK,OPTBBS_PARSE_300INDEX_QVIX,,,,False,False,1.0,True,OK,True,,,,,16.656772333621788,OK_REPLICA_ROLLING_MEDIAN_BASIS,AVIX_CLEAN_MINUS_PRIOR_252D_MEDIAN_AVIX_QVIX_SPREAD,14.070344464031365,12.31902054405074,50.0,4726.874,-0.013321660703021432,4146.631,-0.004478923061003948,11.101383919184526,4.478923061003948,9.114645661730352,0.4,0.6,0.0,0.0,30.0,WARN_BREADTH_PROXY,,,,,,,,,,,,,,,0.879759398685877,6.646616557156418,1.0,23484764400.0,26694530840.0,True,True,False,True,True,True,OK,,,,,30.0,26.0,NORMAL,正常,WARN_BREADTH_PROXY,88.0,88.0,100.0,REALIZED_VOL|STOCK_BREADTH
2026-02-27,15.62837413193489,OK,20.675944333996025,28.157360097699687,27.810200773591443,30.0,14.95,WARN_QVIX_REALTIME_PROXY,OPTBBS_PARSE_300ETF_QVIX_PROXY,,,,True,False,1.0,True,PROXY,True,,,,,16.644428218253502,OK_REPLICA_ROLLING_MEDIAN_BASIS,AVIX_CLEAN_MINUS_PRIOR_252D_MEDIAN_AVIX_QVIX_SPREAD,14.124236363972283,12.223996957215277,50.0,4710.647,-0.016708852621353132,4162.882,-0.0005773911857696046,13.92404385112761,0.5773911857696046,9.920048051520208,0.6,0.4,0.0,0.0,20.0,WARN_BREADTH_PROXY,,,,,,,,,,,,,,,0.9816546246180166,15.137885384834709,1.0,26142086500.0,26630635505.0,True,True,False,True,True,True,PROXY,,,,,20.0,25.4,NORMAL,正常,WARN_BREADTH_PROXY|WARN_QVIX_REALTIME_PROXY,83.2,88.0,94.5,QVIX_PROXY|REALIZED_VOL|STOCK_BREADTH
2026-03-02,16.248305381925828,OK,33.20079522862823,33.6393851043898,16.559452298618012,30.0,15.93,WARN_QVIX_REALTIME_PROXY,OPTBBS_PARSE_300ETF_QVIX_PROXY,,,,True,False,1.0,True,PROXY,True,,,,,17.26435946824444,OK_REPLICA_ROLLING_MEDIAN_BASIS,AVIX_CLEAN_MINUS_PRIOR_252D_MEDIAN_AVIX_QVIX_SPREAD,14.092123680190621,12.191674554547781,50.0,4728.669,-0.012946975949622463,4182.591,0.0,10.789146624685387,0.0,7.55240263727977,0.4,0.6,0.0,0.0,30.0,WARN_BREADTH_PROXY,,,,,,,,,,,,,,,1.3030288490055555,41.91907075046296,1.0,34926075200.0,26803762040.0,True,True,False,True,True,True,PROXY,,,,,30.0,30.5,NORMAL,正常,WARN_BREADTH_PROXY|WARN_QVIX_REALTIME_PROXY,83.2,88.0,94.5,QVIX_PROXY|REALIZED_VOL|STOCK_BREADTH
2026-03-03,18.275178460230027,OK,55.46719681908549,51.226121890862984,56.298130565190576,30.0,19.08,WARN_QVIX_REALTIME_PROXY,OPTBBS_PARSE_300ETF_QVIX_PROXY,,,,True,False,1.0,True,PROXY,True,,,,,19.29123254654864,OK_REPLICA_ROLLING_MEDIAN_BASIS,AVIX_CLEAN_MINUS_PRIOR_252D_MEDIAN_AVIX_QVIX_SPREAD,15.15872266753489,12.637886716677496,50.0,4655.896,-0.028137468183106806,4122.676,-0.014324852704938107,23.447890152589007,14.324852704938106,20.710978918293733,0.0,1.0,0.4,0.0,74.0,WARN_BREADTH_PROXY,,,,,,,,,,,,,,,1.380769657025787,48.397471418815584,1.0,37062427200.0,26841860995.0,True,True,False,True,True,True,PROXY,,,,,74.0,48.6,CAUTION,警戒,WARN_BREADTH_PROXY|WARN_QVIX_REALTIME_PROXY,83.2,88.0,94.5,QVIX_PROXY|REALIZED_VOL|STOCK_BREADTH
2026-03-04,19.096274497221504,OK,65.8051689860835,58.33907819740227,80.36205359962389,30.0,19.49,WARN_QVIX_REALTIME_PROXY,OPTBBS_PARSE_300ETF_QVIX_PROXY,,,,True,False,1.0,True,PROXY,True,,,,,20.112328583540116,OK_REPLICA_ROLLING_MEDIAN_BASIS,AVIX_CLEAN_MINUS_PRIOR_252D_MEDIAN_AVIX_QVIX_SPREAD,15.648564288777521,12.867731987294073,50.0,4602.625,-0.03925715146907738,4082.474,-0.02393659815171989,32.714292890897816,23.936598151719892,30.080984469144436,0.0,1.0,0.0,0.0,50.0,WARN_BREADTH_PROXY,,,,,,,,,,,,,,,1.128638710953639,27.38655924613659,1.0,30303566600.0,26849660840.0,True,True,False,True,True,True,PROXY,,,,,50.0,52.3,CAUTION,警戒,WARN_BREADTH_PROXY|WARN_QVIX_REALTIME_PROXY,83.2,88.0,94.5,QVIX_PROXY|REALIZED_VOL|STOCK_BREADTH
2026-03-05,16.88354074468135,OK,42.14711729622266,39.25595816564447,65.72789140593484,30.0,16.57,WARN_QVIX_REALTIME_PROXY,OPTBBS_PARSE_300ETF_QVIX_PROXY,,,,True,False,1.0,True,PROXY,True,,,,,17.899594830999963,OK_REPLICA_ROLLING_MEDIAN_BASIS,AVIX_CLEAN_MINUS_PRIOR_252D_MEDIAN_AVIX_QVIX_SPREAD,16.07247514996247,12.82743667997959,50.0,4647.692,-0.029849954933460654,4108.567,-0.01769812061470999,24.874962444550548,17.69812061470999,22.72190989559838,1.0,0.0,0.0,0.0,0.0,WARN_BREADTH_PROXY,,,,,,,,,,,,,,,0.9884433093536349,15.703609112802905,1.0,25931782500.0,26234971955.0,True,True,False,True,True,True,PROXY,,,,,0.0,35.5,NORMAL,正常,WARN_BREADTH_PROXY|WARN_QVIX_REALTIME_PROXY,83.2,88.0,94.5,QVIX_PROXY|REALIZED_VOL|STOCK_BREADTH
2026-03-06,16.23696773747614,OK,32.80318091451292,33.747292274963485,57.78831630729462,30.0,15.2,WARN_QVIX_REALTIME_PROXY,OPTBBS_PARSE_300ETF_QVIX_PROXY,,,,True,False,1.0,True,PROXY,True,,,,,17.25302182379475,OK_REPLICA_ROLLING_MEDIAN_BASIS,AVIX_CLEAN_MINUS_PRIOR_252D_MEDIAN_AVIX_QVIX_SPREAD,15.829994970267549,12.792582761201333,50.0,4660.439,-0.02718917133926735,4124.194,-0.013961919776521281,22.657642782722792,13.961919776521281,20.04892588086234,1.0,0.0,0.0,0.0,0.0,WARN_BREADTH_PROXY,,,,,,,,,,,,,,,0.9409368451761223,11.744737098010189,1.0,23852792600.0,25350046310.0,True,True,False,True,True,True,PROXY,,,,,0.0,31.0,NORMAL,正常,WARN_BREADTH_PROXY|WARN_QVIX_REALTIME_PROXY,83.2,88.0,94.5,QVIX_PROXY|REALIZED_VOL|STOCK_BREADTH
2026-03-09,18.539531843618544,OK,57.25646123260437,53.65336540302701,78.20265138838924,30.0,18.97,WARN_QVIX_REALTIME_PROXY,OPTBBS_PARSE_300ETF_QVIX_PROXY,,,,True,False,1.0,True,PROXY,True,,,,,19.555585929937155,OK_REPLICA_ROLLING_MEDIAN_BASIS,AVIX_CLEAN_MINUS_PRIOR_252D_MEDIAN_AVIX_QVIX_SPREAD,15.803956271107175,12.91050013203298,50.0,4615.455,-0.036579042618877455,4096.602,-0.020558787603186746,30.482535515731215,20.558787603186744,27.50541114196787,0.0,1.0,0.0,0.0,50.0,WARN_BREADTH_PROXY,,,,,,,,,,,,,,,1.272568336578524,39.38069471487701,1.0,32278761700.0,25365051740.0,True,True,False,True,True,True,PROXY,,,,,50.0,49.3,CAUTION,警戒,WARN_BREADTH_PROXY|WARN_QVIX_REALTIME_PROXY,83.2,88.0,94.5,QVIX_PROXY|REALIZED_VOL|STOCK_BREADTH
2026-03-10,17.357926019481585,OK,48.70775347912525,43.46365809964134,39.96176762109829,30.0,16.34,WARN_QVIX_REALTIME_PROXY,OPTBBS_PARSE_300ETF_QVIX_PROXY,,,,True,False,1.0,True,PROXY,True,,,,,18.373980105800197,OK_REPLICA_ROLLING_MEDIAN_BASIS,AVIX_CLEAN_MINUS_PRIOR_252D_MEDIAN_AVIX_QVIX_SPREAD,14.519753986660938,13.146684372004596,50.0,4674.756,-0.024200669047115153,4123.138,-0.014214394857159252,20.167224205929298,14.214394857159252,18.381375401298282,1.0,0.0,0.0,0.0,0.0,WARN_BREADTH_PROXY,,,,,,,,,,,,,,,1.0488727131740896,20.739392764507464,1.0,26390374800.0,25160702980.0,True,True,False,True,True,True,PROXY,,,,,0.0,35.6,NORMAL,正常,WARN_BREADTH_PROXY|WARN_QVIX_REALTIME_PROXY,83.2,88.0,94.5,QVIX_PROXY|REALIZED_VOL|STOCK_BREADTH
2026-03-11,17.166760780814673,OK,47.31610337972167,41.84155131735337,29.791726216675674,30.0,17.83,OK,OPTBBS_PARSE_300INDEX_QVIX,,,,False,False,1.0,True,OK,True,,,,,18.182814867133285,OK_REPLICA_ROLLING_MEDIAN_BASIS,AVIX_CLEAN_MINUS_PRIOR_252D_MEDIAN_AVIX_QVIX_SPREAD,14.103723587440323,13.102444435742614,50.0,4704.496,-0.017992800208070148,4133.433,-0.011753001907191085,14.994000173391791,11.753001907191084,14.021700693531578,0.8,0.2,0.0,0.0,9.999999999999998,WARN_BREADTH_PROXY,,,,,,,,,,,,,,,1.0728130272155865,22.734418934632203,1.0,27017544300.0,25183833170.0,True,True,False,True,True,True,OK,,,,,9.999999999999998,34.7,NORMAL,正常,WARN_BREADTH_PROXY,88.0,88.0,100.0,REALIZED_VOL|STOCK_BREADTH
2026-03-12,17.88153143244415,OK,51.689860834990064,48.02521238711444,61.82205442394757,30.0,16.57,WARN_QVIX_REALTIME_PROXY,OPTBBS_PARSE_300ETF_QVIX_PROXY,,,,True,False,1.0,True,PROXY,True,,,,,18.89758551876276,OK_REPLICA_ROLLING_MEDIAN_BASIS,AVIX_CLEAN_MINUS_PRIOR_252D_MEDIAN_AVIX_QVIX_SPREAD,13.863083318679264,13.029582081536992,50.0,4687.56,-0.021527987385543734,4129.103,-0.012788245372306384,17.939989487953113,12.788245372306385,16.394466253259093,0.0,1.0,0.0,0.0,50.0,WARN_BREADTH_PROXY,,,,,,,,,,,,,,,1.1940667313146236,32.83889427621863,1.0,30298681600.0,25374362090.0,True,True,False,True,True,True,PROXY,,,,,50.0,44.0,CAUTION,警戒,WARN_BREADTH_PROXY|WARN_QVIX_REALTIME_PROXY,83.2,88.0,94.5,QVIX_PROXY|REALIZED_VOL|STOCK_BREADTH
2026-03-13,18.893809239538108,OK,64.21471172962227,56.742694862887056,82.72583335778614,30.0,17.83,OK,OPTBBS_PARSE_300INDEX_QVIX,,,,False,False,1.0,True,OK,True,,,,,19.90986332585672,OK_REPLICA_ROLLING_MEDIAN_BASIS,AVIX_CLEAN_MINUS_PRIOR_252D_MEDIAN_AVIX_QVIX_SPREAD,13.764075345945084,13.011331329002978,50.0,4669.14,-0.025372941790897108,4095.449,-0.020834454050133067,21.144118159080925,20.83445405013307,21.051218926396565,0.0,1.0,0.0,0.0,50.0,WARN_BREADTH_PROXY,,,,,,,,,,,,,,,1.207400166486574,33.950013873881154,1.0,31077200900.0,25738940380.0,True,True,False,True,True,True,OK,,,,,50.0,51.0,CAUTION,警戒,WARN_BREADTH_PROXY,88.0,88.0,100.0,REALIZED_VOL|STOCK_BREADTH
2026-03-16,18.285089404599933,WARN_NOT_BRACKET_30D,56.461232604373755,51.50529849411818,47.255136309105964,30.0,19.58,WARN_QVIX_REALTIME_PROXY,OPTBBS_PARSE_300ETF_QVIX_PROXY,,,,True,False,1.0,True,PROXY,True,,,,,19.301143490918545,OK_REPLICA_ROLLING_MEDIAN_BASIS,AVIX_CLEAN_MINUS_PRIOR_252D_MEDIAN_AVIX_QVIX_SPREAD,13.595838929929805,13.006891778762263,50.0,4671.559,-0.024868004510411268,4084.786,-0.023383830740323464,20.72333709200939,23.383830740323464,21.52148518650361,0.4,0.6,0.0,0.0,30.0,WARN_BREADTH_PROXY,,,,,,,,,,,,,,,1.1303143243508782,27.526193695906514,1.0,29621507000.0,26206433345.0,True,True,False,True,True,True,PROXY,,,,,30.0,43.1,CAUTION,警戒,WARN_BREADTH_PROXY|WARN_NOT_BRACKET_30D|WARN_QVIX_REALTIME_PROXY,83.2,88.0,94.5,QVIX_PROXY|REALIZED_VOL|STOCK_BREADTH
2026-03-17,18.13309520187236,WARN_NOT_BRACKET_30D,54.47316103379721,50.17266888109133,58.93158758161281,30.0,18.97,WARN_QVIX_REALTIME_PROXY,OPTBBS_PARSE_300ETF_QVIX_PROXY,,,,True,False,1.0,True,PROXY,True,,,,,19.15241404867725,OK_REPLICA_ROLLING_MEDIAN_BASIS,AVIX_CLEAN_MINUS_PRIOR_252D_MEDIAN_AVIX_QVIX_SPREAD,12.47922043145157,12.970321883470975,50.0,4637.439,-0.03199014589535465,4049.907,-0.031722920075140104,26.65845491279554,31.722920075140102,28.177794461498905,0.0,1.0,0.0,0.0,50.0,WARN_BREADTH_PROXY,,,,,,,,,,,,,,,0.9930870318252161,16.090585985434668,1.0,26302191300.0,26485283220.0,True,True,False,True,True,True,PROXY,,,,,50.0,45.6,CAUTION,警戒,WARN_BREADTH_PROXY|WARN_NOT_BRACKET_30D|WARN_QVIX_REALTIME_PROXY,83.2,88.0,94.5,QVIX_PROXY|REALIZED_VOL|STOCK_BREADTH
2026-03-18,17.707946502514186,OK,50.695825049701796,46.47860659075089,56.305041802695044,30.0,21.05,WARN_QVIX_REALTIME_PROXY,OPTBBS_PARSE_300ETF_QVIX_PROXY,,,,True,False,1.0,True,PROXY,True,,,,,18.727265349319076,OK_REPLICA_ROLLING_MEDIAN_BASIS,AVIX_CLEAN_MINUS_PRIOR_252D_MEDIAN_AVIX_QVIX_SPREAD,12.607735020853491,12.939973614612843,50.0,4658.332,-0.027628982356209808,4062.984,-0.02859638917599172,23.024151963508174,28.59638917599172,24.695823127253234,1.0,0.0,0.0,0.0,0.0,WARN_BREADTH_PROXY,,,,,,,,,,,,,,,0.8782108179920187,6.517568166001557,1.0,23469070500.0,26723731955.0,True,True,False,True,True,True,PROXY,,,,,0.0,38.0,NORMAL,正常,WARN_BREADTH_PROXY|WARN_QVIX_REALTIME_PROXY,83.2,88.0,94.5,QVIX_PROXY|REALIZED_VOL|STOCK_BREADTH
2026-03-19,19.17105710809589,OK,68.98608349900597,59.038342751819066,64.42298922241116,30.0,18.97,WARN_QVIX_REALTIME_PROXY,OPTBBS_PARSE_300ETF_QVIX_PROXY,,,,True,False,1.0,True,PROXY,True,,,,,20.19037595490078,OK_REPLICA_ROLLING_MEDIAN_BASIS,AVIX_CLEAN_MINUS_PRIOR_252D_MEDIAN_AVIX_QVIX_SPREAD,13.762194166718384,13.31078392222399,50.0,4583.251,-0.04330124194949625,4006.552,-0.04208850447007617,36.084368291246875,42.088504470076174,37.88560914489566,0.0,1.0,0.0,0.0,50.0,WARN_BREADTH_PROXY,,,,,,,,,,,,,,,0.9368026694476854,11.400222453973782,1.0,25413044900.0,27127425795.0,True,True,False,True,True,True,PROXY,,,,,50.0,52.3,CAUTION,警戒,WARN_BREADTH_PROXY|WARN_QVIX_REALTIME_PROXY,83.2,88.0,94.5,QVIX_PROXY|REALIZED_VOL|STOCK_BREADTH
2026-03-20,19.81368346004108,OK,74.15506958250498,64.48868020641383,59.7373082245162,30.0,20.76,WARN_QVIX_REALTIME_PROXY,OPTBBS_PARSE_300ETF_QVIX_PROXY,,,,True,False,1.0,True,PROXY,True,,,,,20.82973754635969,OK_REPLICA_ROLLING_MEDIAN_BASIS,AVIX_CLEAN_MINUS_PRIOR_252D_MEDIAN_AVIX_QVIX_SPREAD,13.7456306661521,13.091330324799427,50.0,4567.018,-0.04668968629597303,3957.053,-0.05392303478872318,38.90807191331086,53.92303478872318,43.41256077593455,0.2,0.8,0.0,0.0,40.0,WARN_BREADTH_PROXY,,,,,,,,,,,,,,,0.9401982825495074,11.68319021245895,1.0,25787370300.0,27427587115.0,True,True,False,True,True,True,PROXY,,,,,40.0,53.8,CAUTION,警戒,WARN_BREADTH_PROXY|WARN_QVIX_REALTIME_PROXY,83.2,88.0,94.5,QVIX_PROXY|REALIZED_VOL|STOCK_BREADTH
2026-03-23,25.119434429285885,OK,91.65009940357854,100.0,100.0,60.0,43.6,WARN_QVIX_REALTIME_PROXY,OPTBBS_PARSE_300ETF_QVIX_PROXY,,,,True,False,1.0,True,PROXY,True,,,,,26.118804264152516,OK_REPLICA_ROLLING_MEDIAN_BASIS,AVIX_CLEAN_MINUS_PRIOR_252D_MEDIAN_AVIX_QVIX_SPREAD,17.37904743161984,14.268222048015039,50.0,4417.997,-0.07779603539695923,3813.283,-0.08829646503805899,64.83002949746603,88.296465038059,71.86996015964391,0.0,1.0,1.0,0.0,80.0,WARN_BREADTH_PROXY,,,,,,,,,,,,,,,1.1666314665468458,30.552622212237146,1.0,32808194500.0,28122158060.0,True,True,False,True,True,True,PROXY,,,,,80.0,78.7,PANIC,恐慌区,WARN_BREADTH_PROXY|WARN_QVIX_REALTIME_PROXY,83.2,88.0,94.5,QVIX_PROXY|REALIZED_VOL|STOCK_BREADTH
2026-03-24,20.853752228506544,OK,82.10735586481114,72.61415856160932,80.00764068511872,60.0,31.59,WARN_QVIX_REALTIME_PROXY,OPTBBS_PARSE_300ETF_QVIX_PROXY,,,,True,False,1.0,True,PROXY,True,,,,,21.853122063373174,OK_REPLICA_ROLLING_MEDIAN_BASIS,AVIX_CLEAN_MINUS_PRIOR_252D_MEDIAN_AVIX_QVIX_SPREAD,17.664831799853268,14.482419896405066,50.0,4474.722,-0.06595537097547888,3881.28,-0.07203931725573931,54.9628091462324,72.0393172557393,60.08576157908447,1.0,0.0,0.0,0.0,0.0,WARN_BREADTH_PROXY,,,,,,,,,,,,,,,0.9027064721213381,8.558872676778176,1.0,25553251700.0,28307376195.0,True,True,False,True,True,True,PROXY,,,,,0.0,60.3,HIGH_RISK,高风险,WARN_BREADTH_PROXY|WARN_QVIX_REALTIME_PROXY,83.2,88.0,94.5,QVIX_PROXY|REALIZED_VOL|STOCK_BREADTH
2026-03-25,18.694288337958643,OK,60.834990059642145,54.19771220912938,61.14010408044113,100.0,18.3,WARN_QVIX_REALTIME_PROXY,OPTBBS_PARSE_300ETF_QVIX_PROXY,,,,True,False,1.0,True,PROXY,True,,,,,19.693658172825273,OK_REPLICA_ROLLING_MEDIAN_BASIS,AVIX_CLEAN_MINUS_PRIOR_252D_MEDIAN_AVIX_QVIX_SPREAD,18.38197129584021,14.755216704737798,50.0,4537.466,-0.05285831238647265,3931.838,-0.05995159459770272,44.04859365539387,59.951594597702716,48.819493938086524,1.0,0.0,0.0,0.0,0.0,WARN_BREADTH_PROXY,,,,,,,,,,,,,,,0.9313703649452947,10.947530412107886,1.0,26263927900.0,28199230820.0,True,True,False,True,True,True,PROXY,,,,,0.0,53.8,CAUTION,警戒,WARN_BREADTH_PROXY|WARN_QVIX_REALTIME_PROXY,83.2,88.0,94.5,QVIX_PROXY|REALIZED_VOL|STOCK_BREADTH
2026-03-26,19.714600371173105,OK,73.558648111332,62.772658871541196,55.67045687686858,100.0,20.09,WARN_QVIX_REALTIME_PROXY,OPTBBS_PARSE_300ETF_QVIX_PROXY,,,,True,False,1.0,True,PROXY,True,,,,,20.708358902813966,OK_REPLICA_ROLLING_MEDIAN_BASIS,AVIX_CLEAN_MINUS_PRIOR_252D_MEDIAN_AVIX_QVIX_SPREAD,18.802567739524694,14.861128367857518,50.0,4477.534,-0.0653683996514911,3889.084,-0.07017348815602586,54.47366637624259,70.17348815602587,59.18361291017757,0.0,1.0,0.0,0.0,50.0,WARN_BREADTH_PROXY,,,,,,,,,,,,,,,0.7608003448593845,0.0,1.0,21373678800.0,28093676540.0,True,True,False,True,True,True,PROXY,,,,,50.0,63.9,HIGH_RISK,高风险,WARN_BREADTH_PROXY|WARN_QVIX_REALTIME_PROXY,83.2,88.0,94.5,QVIX_PROXY|REALIZED_VOL|STOCK_BREADTH
2026-03-27,19.18731715738464,OK,69.18489065606362,58.214289345452144,43.677437071005464,100.0,19.07,WARN_QVIX_REALTIME_PROXY,OPTBBS_PARSE_300ETF_QVIX_PROXY,,,,True,False,1.0,True,PROXY,True,,,,,20.174756341227848,OK_REPLICA_ROLLING_MEDIAN_BASIS,AVIX_CLEAN_MINUS_PRIOR_252D_MEDIAN_AVIX_QVIX_SPREAD,19.027142426951997,14.904926287248543,50.0,4502.57,-0.06014243447817802,3913.724,-0.06428240294114351,50.118695398481684,64.28240294114352,54.36780766128024,1.0,0.0,0.0,0.0,0.0,WARN_BREADTH_PROXY,,,,,,,,,,,,,,,0.6933703581498493,0.0,1.0,19240038800.0,27748574155.0,True,True,False,True,True,True,PROXY,,,,,0.0,55.5,CAUTION,警戒,WARN_BREADTH_PROXY|WARN_QVIX_REALTIME_PROXY,83.2,88.0,94.5,QVIX_PROXY|REALIZED_VOL|STOCK_BREADTH
2026-03-30,20.105595104809108,OK,77.33598409542743,65.9541384480793,10.079998308948277,100.0,19.58,WARN_QVIX_REALTIME_PROXY,OPTBBS_PARSE_300ETF_QVIX_PROXY,,,,True,False,1.0,True,PROXY,True,,,,,21.066667240535434,OK_REPLICA_ROLLING_MEDIAN_BASIS,AVIX_CLEAN_MINUS_PRIOR_252D_MEDIAN_AVIX_QVIX_SPREAD,18.89131119208675,14.893890816223385,50.0,4491.95,-0.06235923229494533,3923.287,-0.06199602112661762,51.966026912454446,61.99602112661762,54.9750251767034,0.6,0.4,0.0,0.0,20.0,WARN_BREADTH_PROXY,,,,,,,,,,,,,,,0.7737629334027152,0.0,1.0,20929309200.0,27048735855.0,True,True,False,True,True,True,PROXY,,,,,20.0,58.3,CAUTION,警戒,WARN_BREADTH_PROXY|WARN_QVIX_REALTIME_PROXY,83.2,88.0,94.5,QVIX_PROXY|REALIZED_VOL|STOCK_BREADTH
2026-03-31,19.81223854370591,OK,74.55268389662028,63.402187190302804,40.01125866090504,100.0,18.09,WARN_QVIX_REALTIME_PROXY,OPTBBS_PARSE_300ETF_QVIX_PROXY,,,,True,False,1.0,True,PROXY,True,,,,,20.75855508366483,OK_REPLICA_ROLLING_MEDIAN_BASIS,AVIX_CLEAN_MINUS_PRIOR_252D_MEDIAN_AVIX_QVIX_SPREAD,18.454219414011668,14.99502640107224,50.0,4450.049,-0.07110556424601533,3891.861,-0.06950954563809864,59.254636871679445,69.50954563809863,62.3311095016052,0.0,1.0,0.0,0.0,50.0,WARN_BREADTH_PROXY,,,,,,,,,,,,,,,0.8531759031470973,4.431325262258109,1.0,22454158500.0,26318322420.0,True,True,False,True,True,True,PROXY,,,,,50.0,63.6,HIGH_RISK,高风险,WARN_BREADTH_PROXY|WARN_QVIX_REALTIME_PROXY,83.2,88.0,94.5,QVIX_PROXY|REALIZED_VOL|STOCK_BREADTH
2026-04-01,18.279778607788767,OK,56.85884691848907,50.387365397201904,45.56538636105001,60.0,18.18,WARN_QVIX_REALTIME_PROXY,OPTBBS_PARSE_300ETF_QVIX_PROXY,,,,True,False,1.0,True,PROXY,True,,,,,19.20595672710347,OK_REPLICA_ROLLING_MEDIAN_BASIS,AVIX_CLEAN_MINUS_PRIOR_252D_MEDIAN_AVIX_QVIX_SPREAD,19.306513053295216,15.406925754639284,50.0,4526.067,-0.055237717124074326,3948.552,-0.05595550700510765,46.031430936728604,55.95550700510765,49.008653757242314,1.0,0.0,0.0,0.0,0.0,WARN_BREADTH_PROXY,,,,,,,,,,,,,,,0.83630871966681,3.0257266389008275,1.0,21648319600.0,25885560070.0,True,True,False,True,True,True,PROXY,,,,,0.0,45.8,CAUTION,警戒,WARN_BREADTH_PROXY|WARN_QVIX_REALTIME_PROXY,83.2,88.0,94.5,QVIX_PROXY|REALIZED_VOL|STOCK_BREADTH
2026-04-02,19.122683353799395,OK,68.58846918489066,57.50778224852023,43.995140593981134,100.0,19.26,WARN_QVIX_REALTIME_PROXY,OPTBBS_PARSE_300ETF_QVIX_PROXY,,,,True,False,1.0,True,PROXY,True,,,,,20.045391319965237,OK_REPLICA_ROLLING_MEDIAN_BASIS,AVIX_CLEAN_MINUS_PRIOR_252D_MEDIAN_AVIX_QVIX_SPREAD,19.169965511251778,15.52822917949001,50.0,4478.914,-0.06508034117812589,3919.285,-0.0629528443015347,54.23361764843825,62.9528443015347,56.849385644367175,0.0,1.0,0.0,0.0,50.0,WARN_BREADTH_PROXY,,,,,,,,,,,,,,,0.7477007176078131,0.0,1.0,19099216100.0,25543931750.0,True,True,False,True,True,True,PROXY,,,,,50.0,60.6,HIGH_RISK,高风险,WARN_BREADTH_PROXY|WARN_QVIX_REALTIME_PROXY,83.2,88.0,94.5,QVIX_PROXY|REALIZED_VOL|STOCK_BREADTH
2026-04-03,19.799651600974546,OK,74.75149105367794,63.157114112294394,56.38269997381302,100.0,19.96,WARN_QVIX_REALTIME_PROXY,OPTBBS_PARSE_300ETF_QVIX_PROXY,,,,True,False,1.0,True,PROXY,True,,,,,20.695075482555342,OK_REPLICA_ROLLING_MEDIAN_BASIS,AVIX_CLEAN_MINUS_PRIOR_252D_MEDIAN_AVIX_QVIX_SPREAD,19.230247974889764,15.598770375502232,50.0,4440.789,-0.07303847834990096,3880.097,-0.07232215629020389,60.86539862491747,72.32215629020389,64.3024259245034,0.0,1.0,0.0,0.0,50.0,WARN_BREADTH_PROXY,,,,,,,,,,,,,,,0.6681315001073788,0.0,1.0,16832170500.0,25192900645.0,True,True,False,True,True,True,PROXY,,,,,50.0,65.0,HIGH_RISK,高风险,WARN_BREADTH_PROXY|WARN_QVIX_REALTIME_PROXY,83.2,88.0,94.5,QVIX_PROXY|REALIZED_VOL|STOCK_BREADTH
2026-04-07,19.254888418729514,OK,69.98011928429423,58.46468209329217,41.53761247409076,100.0,19.26,WARN_QVIX_REALTIME_PROXY,OPTBBS_PARSE_300ETF_QVIX_PROXY,,,,True,False,1.0,True,PROXY,True,,,,,20.15031230031031,OK_REPLICA_ROLLING_MEDIAN_BASIS,AVIX_CLEAN_MINUS_PRIOR_252D_MEDIAN_AVIX_QVIX_SPREAD,19.049727610124314,15.578965978111551,50.0,4440.616,-0.0730745900280837,3890.165,-0.06991503591912296,60.89549169006975,69.91503591912296,63.601354958785706,0.8,0.2,0.0,0.0,9.999999999999998,WARN_BREADTH_PROXY,,,,,,,,,,,,,,,0.6667667413225162,0.0,1.0,16263878700.0,24392156495.0,True,True,False,True,True,True,PROXY,,,,,9.999999999999998,57.7,CAUTION,警戒,WARN_BREADTH_PROXY|WARN_QVIX_REALTIME_PROXY,83.2,88.0,94.5,QVIX_PROXY|REALIZED_VOL|STOCK_BREADTH
2026-04-08,17.786469314697978,OK,51.491053677932406,45.9451367492618,29.550324668875017,100.0,16.99,WARN_QVIX_REALTIME_PROXY,OPTBBS_PARSE_300ETF_QVIX_PROXY,,,,True,False,1.0,True,PROXY,True,,,,,18.673861341452948,OK_REPLICA_ROLLING_MEDIAN_BASIS,AVIX_CLEAN_MINUS_PRIOR_252D_MEDIAN_AVIX_QVIX_SPREAD,22.47749839756542,16.69189975228483,50.0,4595.556,-0.04073272056198973,3994.998,-0.04485090700955463,33.94393380165811,44.85090700955463,37.216025764027066,1.0,0.0,0.0,0.0,0.0,WARN_BREADTH_PROXY,,,,,,,,,,,,,,,1.0408633813626704,20.0719484468892,1.0,25333921300.0,24339333820.0,True,True,False,True,True,True,PROXY,,,,,0.0,46.5,CAUTION,警戒,WARN_BREADTH_PROXY|WARN_QVIX_REALTIME_PROXY,83.2,88.0,94.5,QVIX_PROXY|REALIZED_VOL|STOCK_BREADTH
2026-04-09,16.88388974056228,OK,42.54473161033797,38.21135137130007,34.72750795098014,100.0,16.45,WARN_QVIX_REALTIME_PROXY,OPTBBS_PARSE_300ETF_QVIX_PROXY,,,,True,False,1.0,True,PROXY,True,,,,,17.75934537419495,OK_REPLICA_ROLLING_MEDIAN_BASIS,AVIX_CLEAN_MINUS_PRIOR_252D_MEDIAN_AVIX_QVIX_SPREAD,22.391433590326667,16.40625955230835,50.0,4566.224,-0.046700610198592174,3966.171,-0.05174304635571603,38.917175165493475,51.743046355716025,42.76493652256024,0.0,1.0,0.0,0.0,50.0,WARN_BREADTH_PROXY,,,,,,,,,,,,,,,0.7733809235059915,0.0,1.0,18493978300.0,23913155520.0,True,True,False,True,True,True,PROXY,,,,,50.0,48.2,CAUTION,警戒,WARN_BREADTH_PROXY|WARN_QVIX_REALTIME_PROXY,83.2,88.0,94.5,QVIX_PROXY|REALIZED_VOL|STOCK_BREADTH
2026-04-10,17.489113016900042,OK,48.9065606361829,43.27125088195071,32.91484195313219,100.0,16.94,WARN_QVIX_REALTIME_PROXY,OPTBBS_PARSE_300ETF_QVIX_PROXY,,,,True,False,1.0,True,PROXY,True,,,,,18.361641194160594,OK_REPLICA_ROLLING_MEDIAN_BASIS,AVIX_CLEAN_MINUS_PRIOR_252D_MEDIAN_AVIX_QVIX_SPREAD,23.146407634504445,16.726880682699626,50.0,4636.566,-0.032015175213928715,3986.225,-0.04694841068610356,26.67931267827393,46.94841068610356,32.76004208062282,1.0,0.0,0.0,0.0,0.0,WARN_BREADTH_PROXY,,,,,,,,,,,,,,,0.8902057719257008,7.517147660475065,1.0,20867860500.0,23441614465.0,True,True,False,True,True,True,PROXY,,,,,0.0,44.6,CAUTION,警戒,WARN_BREADTH_PROXY|WARN_QVIX_REALTIME_PROXY,83.2,88.0,94.5,QVIX_PROXY|REALIZED_VOL|STOCK_BREADTH
2026-04-13,17.690454507825166,WARN_NOT_BRACKET_30D,50.29821073558648,44.880365234874404,28.694603969237885,100.0,17.45,WARN_QVIX_REALTIME_PROXY,OPTBBS_PARSE_300ETF_QVIX_PROXY,,,,True,False,1.0,True,PROXY,True,,,,,18.544663743670533,OK_REPLICA_ROLLING_MEDIAN_BASIS,AVIX_CLEAN_MINUS_PRIOR_252D_MEDIAN_AVIX_QVIX_SPREAD,23.127864965453153,16.657084980156306,50.0,4646.155,-0.030013261192889495,3988.558,-0.046390622463444386,25.01105099407458,46.39062246344439,31.42492243488552,0.8,0.2,0.0,0.0,9.999999999999998,WARN_BREADTH_PROXY,,,,,,,,,,,,,,,0.8600829033063147,5.0069086088595505,1.0,19671227700.0,22871315805.0,True,True,False,True,True,True,PROXY,,,,,9.999999999999998,45.6,CAUTION,警戒,WARN_BREADTH_PROXY|WARN_NOT_BRACKET_30D|WARN_QVIX_REALTIME_PROXY,83.2,88.0,94.5,QVIX_PROXY|REALIZED_VOL|STOCK_BREADTH
2026-04-14,18.069616667822874,WARN_NOT_BRACKET_30D,53.87673956262425,48.028468059614276,37.68861470260498,100.0,17.69,WARN_QVIX_REALTIME_PROXY,OPTBBS_PARSE_300ETF_QVIX_PROXY,,,,True,False,1.0,True,PROXY,True,,,,,18.906915255505687,OK_REPLICA_ROLLING_MEDIAN_BASIS,AVIX_CLEAN_MINUS_PRIOR_252D_MEDIAN_AVIX_QVIX_SPREAD,23.520444755519506,16.813966129590998,50.0,4701.284,-0.018503873554358896,4026.626,-0.03728908707545153,15.419894628632413,37.28908707545153,21.98065236267815,1.0,0.0,0.0,0.0,0.0,WARN_BREADTH_PROXY,,,,,,,,,,,,,,,0.9132804819013597,9.440040158446637,1.0,20470033200.0,22413742115.0,True,True,False,True,True,True,PROXY,,,,,0.0,45.8,CAUTION,警戒,WARN_BREADTH_PROXY|WARN_NOT_BRACKET_30D|WARN_QVIX_REALTIME_PROXY,83.2,88.0,94.5,QVIX_PROXY|REALIZED_VOL|STOCK_BREADTH
2026-04-15,17.854689301087177,OK,51.491053677932406,46.11417645617995,50.767099812584206,100.0,17.61,WARN_QVIX_REALTIME_PROXY,OPTBBS_PARSE_300ETF_QVIX_PROXY,,,,True,False,1.0,True,PROXY,True,,,,,18.691594099214814,OK_REPLICA_ROLLING_MEDIAN_BASIS,AVIX_CLEAN_MINUS_PRIOR_252D_MEDIAN_AVIX_QVIX_SPREAD,23.39235121570484,16.768018645250425,50.0,4685.246,-0.015917977446906484,4027.21,-0.03714946070509895,13.264981205755404,37.149460705098946,20.430325055558463,0.2,0.8,0.0,0.0,40.0,WARN_BREADTH_PROXY,,,,,,,,,,,,,,,0.9123255769650087,9.360464747084055,1.0,20168850000.0,22107075050.0,True,True,False,True,True,True,PROXY,,,,,40.0,49.8,CAUTION,警戒,WARN_BREADTH_PROXY|WARN_QVIX_REALTIME_PROXY,83.2,88.0,94.5,QVIX_PROXY|REALIZED_VOL|STOCK_BREADTH
2026-04-16,17.9366880065765,OK,51.88866799204771,46.73576860041911,62.471039342136294,60.0,17.42,WARN_QVIX_REALTIME_PROXY,OPTBBS_PARSE_300ETF_QVIX_PROXY,,,,True,False,1.0,True,PROXY,True,,,,,18.74150954634647,OK_REPLICA_ROLLING_MEDIAN_BASIS,AVIX_CLEAN_MINUS_PRIOR_252D_MEDIAN_AVIX_QVIX_SPREAD,23.64623318771605,16.882234037370495,50.0,4736.608,-0.0036311468340530784,4055.547,-0.030374473621733622,3.025955695044232,30.37447362173362,11.230511073051048,1.0,0.0,0.0,0.0,0.0,WARN_BREADTH_PROXY,,,,,,,,,,,,,,,0.877219300557971,6.43494171316425,1.0,19205760000.0,21893909525.0,True,True,False,True,True,True,PROXY,,,,,0.0,40.9,CAUTION,警戒,WARN_BREADTH_PROXY|WARN_QVIX_REALTIME_PROXY,83.2,88.0,94.5,QVIX_PROXY|REALIZED_VOL|STOCK_BREADTH
2026-04-17,17.71578238651495,OK,50.09940357852882,44.752104308430745,52.59211967348914,100.0,16.91,WARN_QVIX_REALTIME_PROXY,OPTBBS_PARSE_300ETF_QVIX_PROXY,,,,True,False,1.0,True,PROXY,True,,,,,18.520450471729678,OK_REPLICA_ROLLING_MEDIAN_BASIS,AVIX_CLEAN_MINUS_PRIOR_252D_MEDIAN_AVIX_QVIX_SPREAD,22.800664873163818,16.86573242163125,50.0,4728.672,-0.005300523573425475,4051.425,-0.03135998714672317,4.417102977854563,31.359987146723167,12.499968228515144,0.6,0.4,0.0,0.0,20.0,WARN_BREADTH_PROXY,,,,,,,,,,,,,,,0.8492745200827057,4.106210006892135,1.0,18291533600.0,21537833960.0,True,True,False,True,True,True,PROXY,,,,,20.0,46.2,CAUTION,警戒,WARN_BREADTH_PROXY|WARN_QVIX_REALTIME_PROXY,83.2,88.0,94.5,QVIX_PROXY|REALIZED_VOL|STOCK_BREADTH
2026-04-20,17.740867902353283,OK,50.29821073558648,44.917450681650614,50.56995024639779,60.0,16.47,WARN_QVIX_REALTIME_PROXY,OPTBBS_PARSE_300ETF_QVIX_PROXY,,,,True,False,1.0,True,PROXY,True,,,,,18.53467630812114,OK_REPLICA_ROLLING_MEDIAN_BASIS,AVIX_CLEAN_MINUS_PRIOR_252D_MEDIAN_AVIX_QVIX_SPREAD,22.770260063449044,16.907331470612338,50.0,4757.442,0.0,4082.127,-0.024019561080679486,0.0,24.019561080679487,7.205868324203846,0.8,0.2,0.0,0.0,9.999999999999998,WARN_BREADTH_PROXY,,,,,,,,,,,,,,,1.0377735801430288,19.814465011919065,1.0,22163349400.0,21356632915.0,True,True,False,True,True,True,PROXY,,,,,9.999999999999998,40.3,CAUTION,警戒,WARN_BREADTH_PROXY|WARN_QVIX_REALTIME_PROXY,83.2,88.0,94.5,QVIX_PROXY|REALIZED_VOL|STOCK_BREADTH
2026-04-21,17.508714402684287,OK,47.713717693836976,42.97969054334673,43.79176353931842,100.0,16.33,WARN_QVIX_REALTIME_PROXY,OPTBBS_PARSE_300ETF_QVIX_PROXY,,,,True,False,1.0,True,PROXY,True,,,,,18.30075725347488,OK_REPLICA_ROLLING_MEDIAN_BASIS,AVIX_CLEAN_MINUS_PRIOR_252D_MEDIAN_AVIX_QVIX_SPREAD,18.592812379727196,16.890857681811543,50.0,4767.997,0.0,4085.077,-0.023314256641397635,0.0,23.314256641397634,6.99427699241929,0.6,0.4,0.0,0.0,20.0,WARN_BREADTH_PROXY,,,,,,,,,,,,,,,0.9911837113095066,15.931975942458877,1.0,20561405800.0,20744293480.0,True,True,False,True,True,True,PROXY,,,,,20.0,44.4,CAUTION,警戒,WARN_BREADTH_PROXY|WARN_QVIX_REALTIME_PROXY,83.2,88.0,94.5,QVIX_PROXY|REALIZED_VOL|STOCK_BREADTH
2026-04-22,17.470983515561084,OK,47.31610337972167,42.73872181030151,45.701904647506474,60.0,16.7,WARN_QVIX_REALTIME_PROXY,OPTBBS_PARSE_300ETF_QVIX_PROXY,,,,True,False,1.0,True,PROXY,True,,,,,18.263026366351678,OK_REPLICA_ROLLING_MEDIAN_BASIS,AVIX_CLEAN_MINUS_PRIOR_252D_MEDIAN_AVIX_QVIX_SPREAD,18.32669586130574,16.942954932802085,50.0,4799.627,0.0,4106.258,-0.01825017076735458,0.0,18.25017076735458,5.475051230206374,1.0,0.0,0.0,0.0,0.0,WARN_BREADTH_PROXY,,,,,,,,,,,,,,,0.9980059073089679,16.50049227574732,1.0,20448183000.0,20489040045.0,True,True,False,True,True,True,PROXY,,,,,0.0,37.4,NORMAL,正常,WARN_BREADTH_PROXY|WARN_QVIX_REALTIME_PROXY,83.2,88.0,94.5,QVIX_PROXY|REALIZED_VOL|STOCK_BREADTH
2026-04-23,17.177130202654247,OK,45.52683896620278,40.032104099132624,41.530679424832954,100.0,16.21,WARN_QVIX_REALTIME_PROXY,OPTBBS_PARSE_300ETF_QVIX_PROXY,,,,True,False,1.0,True,PROXY,True,,,,,17.96917305344484,OK_REPLICA_ROLLING_MEDIAN_BASIS,AVIX_CLEAN_MINUS_PRIOR_252D_MEDIAN_AVIX_QVIX_SPREAD,18.023553670270196,16.93866383328868,50.0,4786.327,-0.0027710486669069168,4093.25,-0.021360204715211273,2.309207222422431,21.360204715211275,8.024506470259084,0.0,1.0,0.0,0.0,50.0,WARN_BREADTH_PROXY,,,,,,,,,,,,,,,1.1448562589439968,28.738021578666395,1.0,23286573600.0,20340172330.0,True,True,False,True,True,True,PROXY,,,,,50.0,46.8,CAUTION,警戒,WARN_BREADTH_PROXY|WARN_QVIX_REALTIME_PROXY,83.2,88.0,94.5,QVIX_PROXY|REALIZED_VOL|STOCK_BREADTH
2026-04-24,16.990158247797478,OK,42.74353876739563,38.33887851611464,41.80816152641604,60.0,16.26,WARN_QVIX_REALTIME_PROXY,OPTBBS_PARSE_300ETF_QVIX_PROXY,,,,True,False,1.0,True,PROXY,True,,,,,17.78220109858807,OK_REPLICA_ROLLING_MEDIAN_BASIS,AVIX_CLEAN_MINUS_PRIOR_252D_MEDIAN_AVIX_QVIX_SPREAD,17.191238626424113,16.955777064206796,50.0,4769.369,-0.006304239891975039,4079.9,-0.024552006160774575,5.253533243312533,24.552006160774575,11.043075118551144,0.0,1.0,0.0,0.0,50.0,WARN_BREADTH_PROXY,,,,,,,,,,,,,,,0.9574788462674381,13.12323718895317,1.0,19379831400.0,20240479960.0,True,True,False,True,True,True,PROXY,,,,,50.0,40.7,CAUTION,警戒,WARN_BREADTH_PROXY|WARN_QVIX_REALTIME_PROXY,83.2,88.0,94.5,QVIX_PROXY|REALIZED_VOL|STOCK_BREADTH
2026-04-27,16.883223371833427,OK,40.95427435387674,37.4164031776304,40.33142532552094,60.0,16.51,WARN_QVIX_REALTIME_PROXY,OPTBBS_PARSE_300ETF_QVIX_PROXY,,,,True,False,1.0,True,PROXY,True,,,,,17.67526622262402,OK_REPLICA_ROLLING_MEDIAN_BASIS,AVIX_CLEAN_MINUS_PRIOR_252D_MEDIAN_AVIX_QVIX_SPREAD,17.194176197035826,16.955810980467398,50.0,4770.947,-0.0059754643433750365,4086.344,-0.023011334361882407,4.979553619479198,23.011334361882408,10.389087842200162,0.8,0.2,0.0,0.0,9.999999999999998,WARN_BREADTH_PROXY,,,,,,,,,,,,,,,0.952436327730129,12.703027310844078,1.0,19279655000.0,20242460770.0,True,True,False,True,True,True,PROXY,,,,,9.999999999999998,35.9,NORMAL,正常,WARN_BREADTH_PROXY|WARN_QVIX_REALTIME_PROXY,83.2,88.0,94.5,QVIX_PROXY|REALIZED_VOL|STOCK_BREADTH
2026-04-28,16.599505273216046,OK,38.17097415506958,34.74322279311797,39.6142102891478,100.0,16.18,WARN_QVIX_REALTIME_PROXY,OPTBBS_PARSE_300ETF_QVIX_PROXY,,,,True,False,1.0,True,PROXY,True,,,,,17.39154812400664,OK_REPLICA_ROLLING_MEDIAN_BASIS,AVIX_CLEAN_MINUS_PRIOR_252D_MEDIAN_AVIX_QVIX_SPREAD,17.20718893170232,16.93846016764073,50.0,4758.208,-0.008629628927414701,4078.637,-0.02485397209528739,7.1913574395122515,24.85397209528739,12.490141836244792,0.0,1.0,0.0,0.0,50.0,WARN_BREADTH_PROXY,,,,,,,,,,,,,,,1.0686801363683087,22.390011364025725,1.0,21672423300.0,20279616475.0,True,True,False,True,True,True,PROXY,,,,,50.0,44.1,CAUTION,警戒,WARN_BREADTH_PROXY|WARN_QVIX_REALTIME_PROXY,83.2,88.0,94.5,QVIX_PROXY|REALIZED_VOL|STOCK_BREADTH
2026-04-29,16.270050778889566,OK,33.59840954274354,31.62990373868377,36.252259518167705,100.0,16.14,WARN_QVIX_REALTIME_PROXY,OPTBBS_PARSE_300ETF_QVIX_PROXY,,,,True,False,1.0,True,PROXY,True,,,,,17.06209362968016,OK_REPLICA_ROLLING_MEDIAN_BASIS,AVIX_CLEAN_MINUS_PRIOR_252D_MEDIAN_AVIX_QVIX_SPREAD,16.792405441352493,17.079475329857235,50.0,4810.347,0.0,4107.514,-0.0179498784365959,0.0,17.949878436595903,5.38496353097877,1.0,0.0,0.0,0.0,0.0,WARN_BREADTH_PROXY,,,,,,,,,,,,,,,1.147928596255338,28.994049687944834,1.0,23329811000.0,20323399100.0,True,True,False,True,True,True,PROXY,,,,,0.0,36.5,NORMAL,正常,WARN_BREADTH_PROXY|WARN_QVIX_REALTIME_PROXY,83.2,88.0,94.5,QVIX_PROXY|REALIZED_VOL|STOCK_BREADTH
2026-04-30,16.957528593188623,OK,42.34592445328032,38.444912751610175,47.44309314914909,100.0,16.27,WARN_QVIX_REALTIME_PROXY,OPTBBS_PARSE_300ETF_QVIX_PROXY,,,,True,False,1.0,True,PROXY,True,,,,,17.749571443979217,OK_REPLICA_ROLLING_MEDIAN_BASIS,AVIX_CLEAN_MINUS_PRIOR_252D_MEDIAN_AVIX_QVIX_SPREAD,16.127030282162153,17.080208659798004,50.0,4807.307,-0.0006319710407586276,4112.159,-0.016839322802540524,0.5266425339655231,16.839322802540522,5.420446614538022,0.6,0.4,0.0,0.0,20.0,WARN_BREADTH_PROXY,,,,,,,,,,,,,,,1.222950795065349,35.24589958877909,1.0,25063337000.0,20494149970.0,True,True,False,True,True,True,PROXY,,,,,20.0,43.1,CAUTION,警戒,WARN_BREADTH_PROXY|WARN_QVIX_REALTIME_PROXY,83.2,88.0,94.5,QVIX_PROXY|REALIZED_VOL|STOCK_BREADTH
2026-05-06,17.752104786142983,OK,50.29821073558648,46.271160231907466,58.969269470392135,60.0,15.76,WARN_QVIX_REALTIME_PROXY,OPTBBS_PARSE_300ETF_QVIX_PROXY,,,,True,False,1.0,True,PROXY,True,,,,,18.544147636933577,OK_REPLICA_ROLLING_MEDIAN_BASIS,AVIX_CLEAN_MINUS_PRIOR_252D_MEDIAN_AVIX_QVIX_SPREAD,15.782273604466408,17.31635767879683,50.0,4877.093,0.0,4160.174,-0.0053595964797897855,0.0,5.3595964797897855,1.6078789439369356,1.0,0.0,0.0,0.0,0.0,WARN_BREADTH_PROXY,,,,,,,,,,,,,,,1.3124122133950569,42.701017782921404,1.0,27444388000.0,20911408565.0,True,True,False,True,True,True,PROXY,,,,,0.0,40.4,CAUTION,警戒,WARN_BREADTH_PROXY|WARN_QVIX_REALTIME_PROXY,83.2,88.0,94.5,QVIX_PROXY|REALIZED_VOL|STOCK_BREADTH
2026-05-07,18.232872000499885,OK,55.864811133200796,51.002801828578235,65.98804445030444,100.0,16.99,WARN_QVIX_REALTIME_PROXY,OPTBBS_PARSE_300ETF_QVIX_PROXY,,,,True,False,1.0,True,PROXY,True,,,,,19.02491485129048,OK_REPLICA_ROLLING_MEDIAN_BASIS,AVIX_CLEAN_MINUS_PRIOR_252D_MEDIAN_AVIX_QVIX_SPREAD,15.039405110773554,17.277464620069964,50.0,4900.51,0.0,4180.092,-0.000597476540259545,0.0,0.597476540259545,0.1792429620778635,0.6383750453391367,0.3322451940515052,0.009974610083424,0.009974610083424,31.796336597751168,OK,PARSE_SOHU_ZDT,,,,,,,,,,,,,,1.2071460993069707,33.928841608914226,1.0,25783397200.0,21358969900.0,True,True,False,True,True,True,PROXY,,,,,31.796336597751168,50.6,CAUTION,警戒,WARN_QVIX_REALTIME_PROXY,83.2,88.0,94.5,QVIX_PROXY|REALIZED_VOL
2026-05-08,18.003615544530767,OK,52.087475149105366,48.78480426321615,66.91749540970125,60.0,20.09,WARN_QVIX_REALTIME_PROXY,OPTBBS_PARSE_300ETF_QVIX_PROXY,,,,True,False,1.0,True,PROXY,True,,,,,18.79565839532136,OK_REPLICA_ROLLING_MEDIAN_BASIS,AVIX_CLEAN_MINUS_PRIOR_252D_MEDIAN_AVIX_QVIX_SPREAD,15.430444017459353,17.189158860730327,50.0,4871.912,-0.005835719139436479,4179.952,-0.0006309486153439625,4.863099282863733,0.6309486153439625,3.593454082607802,0.6597134046798476,0.3134409577362597,0.0059858516234355,0.0059858516234355,25.244875748231433,OK,PARSE_SOHU_ZDT,,,,,,,,,,,,,,1.1544514684225538,29.537622368546145,1.0,25172099600.0,21804380945.0,True,True,False,True,True,True,PROXY,,,,,25.244875748231433,44.1,CAUTION,警戒,WARN_QVIX_REALTIME_PROXY,83.2,88.0,94.5,QVIX_PROXY|REALIZED_VOL
2026-05-11,19.648244495153538,WARN_NOT_BRACKET_30D,73.558648111332,64.84756604716551,91.52652947644376,60.0,19.62,WARN_QVIX_REALTIME_PROXY,OPTBBS_PARSE_300ETF_QVIX_PROXY,,,,True,False,1.0,True,PROXY,True,,,,,20.442052900921393,OK_REPLICA_ROLLING_MEDIAN_BASIS,AVIX_CLEAN_MINUS_PRIOR_252D_MEDIAN_AVIX_QVIX_SPREAD,11.713792411825724,16.853812407310777,50.0,4951.837,0.0,4225.021,0.0,0.0,0.0,0.0,0.5659111514052584,0.4059836808703536,0.0054397098821396,0.0054397098821396,29.18404351767903,OK,PARSE_SOHU_ZDT,,,,,,,,,,,,,,1.3855244655149186,48.79370545957655,1.0,30573480100.0,22066358885.0,True,True,False,True,True,True,PROXY,,,,,29.18404351767903,55.1,CAUTION,警戒,WARN_NOT_BRACKET_30D|WARN_QVIX_REALTIME_PROXY,83.2,88.0,94.5,QVIX_PROXY|REALIZED_VOL
2026-05-12,19.88571698972566,WARN_NOT_BRACKET_30D,75.3479125248509,67.09013508558981,84.5355560563608,100.0,20.54,WARN_QVIX_REALTIME_PROXY,OPTBBS_PARSE_300ETF_QVIX_PROXY,,,,True,False,1.0,True,PROXY,True,,,,,20.679525395493513,OK_REPLICA_ROLLING_MEDIAN_BASIS,AVIX_CLEAN_MINUS_PRIOR_252D_MEDIAN_AVIX_QVIX_SPREAD,11.227597684937225,16.71583534176339,50.0,4948.047,-0.000765372527407715,4214.489,-0.0024927686749959266,0.6378104395064292,2.4927686749959266,1.1942979101532785,0.2500453309156845,0.7339981867633726,0.0061650045330915,0.0061650045330915,45.97461468721659,OK,PARSE_SOHU_ZDT,,,,,,,,,,,,,,1.2163626987679232,34.6968915639936,1.0,27381200100.0,22510719975.0,True,True,False,True,True,True,PROXY,,,,,45.97461468721659,61.4,HIGH_RISK,高风险,WARN_NOT_BRACKET_30D|WARN_QVIX_REALTIME_PROXY,83.2,88.0,94.5,QVIX_PROXY|REALIZED_VOL
2026-05-13,19.673761990638454,WARN_NOT_BRACKET_30D,73.35984095427436,64.94781572527921,71.64990830828674,100.0,20.0,WARN_QVIX_REALTIME_PROXY,OPTBBS_PARSE_300ETF_QVIX_PROXY,,,,True,False,1.0,True,PROXY,True,,,,,20.46757039640631,OK_REPLICA_ROLLING_MEDIAN_BASIS,AVIX_CLEAN_MINUS_PRIOR_252D_MEDIAN_AVIX_QVIX_SPREAD,10.675262399598177,16.75478647557468,50.0,4998.342,0.0,4242.572,0.0,0.0,0.0,0.0,0.5828498912255258,0.3868745467730239,0.0030819434372733,0.0030819434372733,25.0951776649745,OK,PARSE_SOHU_ZDT,,,,,,,,,,,,,,1.1769366463937059,31.411387199475488,1.0,26845453700.0,22809599635.0,True,True,False,True,True,True,PROXY,,,,,25.0951776649745,57.1,CAUTION,警戒,WARN_NOT_BRACKET_30D|WARN_QVIX_REALTIME_PROXY,83.2,88.0,94.5,QVIX_PROXY|REALIZED_VOL
2026-05-14,18.718149831078144,WARN_NOT_BRACKET_30D,60.63618290258449,55.60627944227494,55.32310905890148,100.0,19.27,WARN_QVIX_REALTIME_PROXY,OPTBBS_PARSE_300ETF_QVIX_PROXY,,,,True,False,1.0,True,PROXY,True,,,,,19.511958236846,OK_REPLICA_ROLLING_MEDIAN_BASIS,AVIX_CLEAN_MINUS_PRIOR_252D_MEDIAN_AVIX_QVIX_SPREAD,12.952672637094356,17.094855754463556,50.0,4914.597,-0.01675455581070684,4177.918,-0.015239340664106704,13.962129842255699,15.239340664106704,14.345293088811001,0.1898458748866727,0.7954669084315503,0.0087035358114233,0.0087035358114233,52.475067996373404,OK,PARSE_SOHU_ZDT,,,,,,,,,,,,,,1.2083565982668296,34.029716522235795,1.0,28069537900.0,23229515145.0,True,True,False,True,True,True,PROXY,,,,,52.475067996373404,55.5,CAUTION,警戒,WARN_NOT_BRACKET_30D|WARN_QVIX_REALTIME_PROXY,83.2,88.0,94.5,QVIX_PROXY|REALIZED_VOL
2026-05-15,19.181058784423367,WARN_NOT_BRACKET_30D,68.389662027833,60.113316042757674,63.08007535464499,100.0,19.5,WARN_QVIX_REALTIME_PROXY,OPTBBS_PARSE_300ETF_QVIX_PROXY,,,,True,False,1.0,True,PROXY,True,,,,,19.974867190191222,OK_REPLICA_ROLLING_MEDIAN_BASIS,AVIX_CLEAN_MINUS_PRIOR_252D_MEDIAN_AVIX_QVIX_SPREAD,13.407755441559113,17.22222279505175,50.0,4859.593,-0.027759004886020122,4135.389,-0.02526368438767801,23.132504071683435,25.26368438767801,23.771858166481806,0.2693492840311763,0.7127061808954142,0.0083378647815841,0.0083378647815841,47.997099873119325,OK,PARSE_SOHU_ZDT,,,,,,,,,,,,,,1.1740473176875674,31.170609807297282,1.0,27696776900.0,23590852330.0,True,True,False,True,True,True,PROXY,,,,,47.997099873119325,59.5,CAUTION,警戒,WARN_NOT_BRACKET_30D|WARN_QVIX_REALTIME_PROXY,83.2,88.0,94.5,QVIX_PROXY|REALIZED_VOL
2026-05-18,19.0616123208427,WARN_NOT_BRACKET_30D,66.40159045725646,58.96025092792277,44.028655593576936,100.0,19.09,WARN_QVIX_REALTIME_PROXY,OPTBBS_PARSE_300ETF_QVIX_PROXY,,,,True,False,1.0,True,PROXY,True,,,,,19.855420726610554,OK_REPLICA_ROLLING_MEDIAN_BASIS,AVIX_CLEAN_MINUS_PRIOR_252D_MEDIAN_AVIX_QVIX_SPREAD,13.523779014730255,16.964811964130565,36.666666666666664,4833.524,-0.03297453435559217,4131.528,-0.026173745548690674,27.478778629660138,26.173745548690675,27.087268705369297,0.4303315818082986,0.5441203116506613,0.0099655734734553,0.0099655734734553,42.1860844355861,OK,PARSE_SOHU_ZDT,,,,,,,,,,,,,,1.0054656422047334,17.12213685039445,1.0,23907758700.0,23777797765.0,True,True,True,True,True,True,PROXY,,,,,42.1860844355861,54.9,CAUTION,警戒,WARN_NOT_BRACKET_30D|WARN_QVIX_REALTIME_PROXY,95.2,100.0,95.2,QVIX_PROXY
2026-05-19,18.61685436326518,WARN_NOT_BRACKET_30D,58.4493041749503,54.68872136680109,37.23845233122787,100.0,18.84,WARN_QVIX_REALTIME_PROXY,OPTBBS_PARSE_300ETF_QVIX_PROXY,,,,True,False,1.0,True,PROXY,True,,,,,19.410662769033035,OK_REPLICA_ROLLING_MEDIAN_BASIS,AVIX_CLEAN_MINUS_PRIOR_252D_MEDIAN_AVIX_QVIX_SPREAD,13.10660111683893,16.980288540230763,31.40495867768595,4852.883,-0.029101450040833532,4169.538,-0.01721455758440882,24.251208367361276,17.21455758440882,22.140213132475537,0.6537416198586701,0.3214350425801776,0.0047109983692697,0.0047109983692697,23.790541764812335,OK,PARSE_SOHU_ZDT,,,,,,,,,,,,,,0.9686879554171136,14.057329618092798,1.0,23228085200.0,23978914025.0,True,True,True,True,True,True,PROXY,,,,,23.790541764812335,48.4,CAUTION,警戒,WARN_NOT_BRACKET_30D|WARN_QVIX_REALTIME_PROXY,95.2,100.0,95.2,QVIX_PROXY
2026-05-20,17.74477064244654,WARN_NOT_BRACKET_30D,48.31013916500994,46.150367171544545,30.390213634689655,100.0,18.39,WARN_QVIX_REALTIME_PROXY,OPTBBS_PARSE_300ETF_QVIX_PROXY,,,,True,False,1.0,True,PROXY,True,,,,,18.538579048214395,OK_REPLICA_ROLLING_MEDIAN_BASIS,AVIX_CLEAN_MINUS_PRIOR_252D_MEDIAN_AVIX_QVIX_SPREAD,13.077930638788846,16.972283423159194,31.147540983606557,4850.7,-0.02953819486541731,4162.185,-0.018947704364239315,24.61516238784776,18.947704364239314,22.914924980765225,0.2967928972639971,0.6892552998731655,0.0074288820438485,0.0074288820438485,45.375067947091836,OK,PARSE_SOHU_ZDT,,,,,,,,,,,,,,0.9105242423055638,9.210353525463649,1.0,22002320600.0,24164453375.0,True,True,True,True,True,True,PROXY,,,,,45.375067947091836,45.8,CAUTION,警戒,WARN_NOT_BRACKET_30D|WARN_QVIX_REALTIME_PROXY,95.2,100.0,95.2,QVIX_PROXY
2026-05-21,18.30143615773416,WARN_NOT_BRACKET_30D,55.666003976143145,51.550606466167075,45.547490781892286,100.0,18.79,WARN_QVIX_REALTIME_PROXY,OPTBBS_PARSE_300ETF_QVIX_PROXY,,,,True,False,1.0,True,PROXY,True,,,,,19.095244563502014,OK_REPLICA_ROLLING_MEDIAN_BASIS,AVIX_CLEAN_MINUS_PRIOR_252D_MEDIAN_AVIX_QVIX_SPREAD,14.01391496898709,17.22973293980736,47.96747967479675,4783.098,-0.04306307971723422,4077.277,-0.03896103589992106,35.88589976436185,38.96103589992106,36.80844060502961,0.1271969559702844,0.8642870085160355,0.0125022649030621,0.0125022649030621,60.83076644319617,OK,PARSE_SOHU_ZDT,,,,,,,,,,,,,,1.1731618229752356,31.096818581269638,1.0,28734250700.0,24492998440.0,True,True,True,True,True,True,PROXY,,,,,60.83076644319617,55.9,CAUTION,警戒,WARN_NOT_BRACKET_30D|WARN_QVIX_REALTIME_PROXY,95.2,100.0,95.2,QVIX_PROXY
2026-05-22,17.90159566296566,WARN_NOT_BRACKET_30D,49.50298210735586,47.60312147294213,36.659098062962634,100.0,18.41,WARN_QVIX_REALTIME_PROXY,OPTBBS_PARSE_300ETF_QVIX_PROXY,,,,True,False,1.0,True,PROXY,True,,,,,18.695404068733517,OK_REPLICA_ROLLING_MEDIAN_BASIS,AVIX_CLEAN_MINUS_PRIOR_252D_MEDIAN_AVIX_QVIX_SPREAD,14.704487724410711,17.210484269690156,60.483870967741936,4845.096,-0.03065936664597979,4112.9,-0.030564478340025958,25.54947220498316,30.564478340025957,27.053974045496,0.7006519377037306,0.2732705541470481,0.0036218761318362,0.0036218761318362,19.947482796088245,OK,PARSE_SOHU_ZDT,,,,,,,,,,,,,,1.1523883337010947,29.365694475091225,1.0,28694043500.0,24899630325.0,True,True,True,True,True,True,PROXY,,,,,19.947482796088245,49.1,CAUTION,警戒,WARN_NOT_BRACKET_30D|WARN_QVIX_REALTIME_PROXY,95.2,100.0,95.2,QVIX_PROXY
2026-05-25,18.27530943843792,OK,54.87077534791253,51.220715735703514,41.74988065888839,100.0,18.78,WARN_QVIX_REALTIME_PROXY,OPTBBS_PARSE_300ETF_QVIX_PROXY,,,,True,False,1.0,True,PROXY,True,,,,,19.069117844205774,OK_REPLICA_ROLLING_MEDIAN_BASIS,AVIX_CLEAN_MINUS_PRIOR_252D_MEDIAN_AVIX_QVIX_SPREAD,15.508214628613706,17.37887015841232,72.0,4921.597,-0.015354091416713733,4152.569,-0.021214253994982224,12.795076180594778,21.214253994982222,15.32082952491101,0.3949655921767475,0.584027526258602,0.0048895327779789,0.0048895327779789,36.974827960883616,OK,PARSE_SOHU_ZDT,,,,,,,,,,,,,,1.0505293206781197,20.877443389843304,1.0,26474323600.0,25200937355.0,True,True,True,True,True,True,PROXY,,,,,36.974827960883616,52.9,CAUTION,警戒,WARN_QVIX_REALTIME_PROXY,95.2,100.0,95.2,QVIX_PROXY
2026-05-26,18.936477280444024,OK,64.81113320079523,57.66203754243283,53.433694124067756,100.0,19.51,WARN_QVIX_REALTIME_PROXY,OPTBBS_PARSE_300ETF_QVIX_PROXY,,,,True,False,1.0,True,PROXY,True,,,,,19.73028568621188,OK_REPLICA_ROLLING_MEDIAN_BASIS,AVIX_CLEAN_MINUS_PRIOR_252D_MEDIAN_AVIX_QVIX_SPREAD,15.495427773057488,17.37060425286929,71.42857142857143,4947.849,-0.010101949806555766,4145.373,-0.022910394920817034,8.418291505463138,22.910394920817033,12.765922530069307,0.2452010141253169,0.739224918507787,0.0067004708438971,0.0067004708438971,46.95309670409267,OK,PARSE_SOHU_ZDT,,,,,,,,,,,,,,1.1850970397656972,32.09141998047477,1.0,30279947600.0,25550606055.0,True,True,True,True,True,True,PROXY,,,,,46.95309670409267,58.6,CAUTION,警戒,WARN_QVIX_REALTIME_PROXY,95.2,100.0,95.2,QVIX_PROXY
2026-05-27,19.574771063267978,OK,72.96222664015905,63.79582839802776,70.62579965326762,100.0,20.27,WARN_QVIX_REALTIME_PROXY,OPTBBS_PARSE_300ETF_QVIX_PROXY,,,,True,False,1.0,True,PROXY,True,,,,,20.368579469035833,OK_REPLICA_ROLLING_MEDIAN_BASIS,AVIX_CLEAN_MINUS_PRIOR_252D_MEDIAN_AVIX_QVIX_SPREAD,15.77603026693763,17.45589084824017,73.22834645669292,4908.171,-0.01804018212439229,4093.727,-0.035083670943003464,15.033485103660244,35.08367094300346,21.04854085546321,0.1763215061549601,0.8126357711803042,0.0063359884141926,0.0063359884141926,49.89590876176682,OK,PARSE_SOHU_ZDT,,,,,,,,,,,,,,1.1564098144163342,29.700817868027844,1.0,30170917500.0,26090160360.0,True,True,True,True,True,True,PROXY,,,,,49.89590876176682,64.5,HIGH_RISK,高风险,WARN_QVIX_REALTIME_PROXY,95.2,100.0,95.2,QVIX_PROXY
2026-05-28,18.856291867147785,OK,62.42544731610338,56.71061120227492,56.06352096777001,100.0,19.24,WARN_QVIX_REALTIME_PROXY,OPTBBS_PARSE_300ETF_QVIX_PROXY,,,,True,False,1.0,True,PROXY,True,,,,,19.64833471793838,OK_REPLICA_ROLLING_MEDIAN_BASIS,AVIX_CLEAN_MINUS_PRIOR_252D_MEDIAN_AVIX_QVIX_SPREAD,15.770915221614464,17.435652159537344,72.65625,4914.213,-0.016831381286034452,4098.636,-0.03392658981391472,14.026151071695377,33.92658981391472,19.996282694361177,0.5463432295438089,0.4281317885590152,0.0023533671252715,0.0023533671252715,25.91871832005787,OK,PARSE_SOHU_ZDT,,,,,,,,,,,,,,1.0105780986685242,17.548174889043683,1.0,26743273100.0,26463341265.0,True,True,True,True,True,True,PROXY,,,,,25.91871832005787,56.3,CAUTION,警戒,WARN_QVIX_REALTIME_PROXY,95.2,100.0,95.2,QVIX_PROXY
2026-05-29,19.43427701588343,OK,71.76938369781311,62.279966619578744,67.12340488271153,100.0,21.19,OK,OPTBBS_PARSE_300INDEX_QVIX,,,,False,False,1.0,True,OK,True,,,,,20.226319866674025,OK_REPLICA_ROLLING_MEDIAN_BASIS,AVIX_CLEAN_MINUS_PRIOR_252D_MEDIAN_AVIX_QVIX_SPREAD,15.848117532191472,17.455610642313413,75.96899224806202,4892.121,-0.021251246913476463,4068.569,-0.041013564413285186,17.70937242789705,41.01356441328519,24.70063002351349,0.2790445168295331,0.7028592110025335,0.0115816141874773,0.0115816141874773,51.97249366630463,OK,PARSE_SOHU_ZDT,,,,,,,,,,,,,,1.2296233985442182,35.801949878684844,1.0,33251861000.0,27042313150.0,True,True,True,True,True,True,OK,,,,,51.97249366630463,64.9,HIGH_RISK,高风险,OK,100.0,100.0,100.0,
2026-06-01,19.598388819742137,OK,72.96222664015905,63.76941293661758,64.4794197412759,60.0,19.78,WARN_QVIX_REALTIME_PROXY,OPTBBS_PARSE_300ETF_QVIX_PROXY,,,,True,False,1.0,True,PROXY,True,,,,,20.39043167053273,OK_REPLICA_ROLLING_MEDIAN_BASIS,AVIX_CLEAN_MINUS_PRIOR_252D_MEDIAN_AVIX_QVIX_SPREAD,15.906402688675255,17.270086255469558,76.15384615384615,4844.256,-0.03082742237325886,4057.74,-0.04356602551471145,25.689518644382385,43.56602551471145,31.052470705481102,0.6834389140271493,0.3044343891402715,0.004524886877828,0.004524886877828,22.049773755656034,OK,PARSE_SOHU_ZDT,,,,,,,,,,,,,,1.0825000579190653,23.541671493255443,1.0,29613405100.0,27356492855.0,True,True,True,True,True,True,PROXY,,,,,22.049773755656034,57.7,CAUTION,警戒,WARN_QVIX_REALTIME_PROXY,95.2,100.0,95.2,QVIX_PROXY
2026-06-02,19.35077949387364,OK,70.37773359840955,61.22649466725924,54.37570523063941,100.0,19.22,WARN_QVIX_REALTIME_PROXY,OPTBBS_PARSE_300ETF_QVIX_PROXY,,,,True,False,1.0,True,PROXY,True,,,,,20.140017936747032,OK_REPLICA_ROLLING_MEDIAN_BASIS,AVIX_CLEAN_MINUS_PRIOR_252D_MEDIAN_AVIX_QVIX_SPREAD,16.66113997689648,17.306801000223242,79.38931297709924,4914.559,-0.016762158331702692,4075.102,-0.03947369661610933,13.968465276418913,39.473696616109336,21.620034678326036,0.2792760180995475,0.7015384615384616,0.0032579185520361,0.0032579185520361,40.51583710407226,OK,PARSE_SOHU_ZDT,,,,,,,,,,,,,,1.024032504432605,18.669375369383754,1.0,28173166200.0,27511984315.0,True,True,True,True,True,True,PROXY,,,,,40.51583710407226,61.5,HIGH_RISK,高风险,WARN_QVIX_REALTIME_PROXY,95.2,100.0,95.2,QVIX_PROXY
2026-06-03,19.047113804046763,OK,65.4075546719682,58.14558412293434,44.6088027541598,60.0,19.4,WARN_QVIX_REALTIME_PROXY,OPTBBS_PARSE_300ETF_QVIX_PROXY,,,,True,False,1.0,True,PROXY,True,,,,,19.836352246920153,OK_REPLICA_ROLLING_MEDIAN_BASIS,AVIX_CLEAN_MINUS_PRIOR_252D_MEDIAN_AVIX_QVIX_SPREAD,15.982413606347375,17.231904409659744,75.75757575757575,4938.809,-0.011910549538226789,4083.974,-0.037382512306214255,9.925457948522325,37.38251230621425,18.162574255829902,0.3101013758146271,0.6746922519913107,0.005430847212165,0.005430847212165,41.962346125995516,OK,PARSE_SOHU_ZDT,,,,,,,,,,,,,,1.0991921742692279,24.932681189102322,1.0,30403594700.0,27659944650.0,True,True,True,True,True,True,PROXY,,,,,41.962346125995516,53.7,CAUTION,警戒,WARN_QVIX_REALTIME_PROXY,95.2,100.0,95.2,QVIX_PROXY
2026-06-04,19.237466187507675,OK,68.19085487077535,59.915645664315306,54.04294039406534,60.0,19.17,WARN_QVIX_REALTIME_PROXY,OPTBBS_PARSE_300ETF_QVIX_PROXY,,,,True,False,1.0,True,PROXY,True,,,,,20.026704630381065,OK_REPLICA_ROLLING_MEDIAN_BASIS,AVIX_CLEAN_MINUS_PRIOR_252D_MEDIAN_AVIX_QVIX_SPREAD,16.118048153880775,17.30413888533618,77.44360902255639,4904.745,-0.018725609412081012,4057.781,-0.04355636156557863,15.604674510067513,43.55636156557863,23.990180626720843,0.2433019551049964,0.746017378711079,0.0061549601737871,0.0061549601737871,46.29797248370745,OK,PARSE_SOHU_ZDT,,,,,,,,,,,,,,0.9561676743546507,13.013972862887552,1.0,26480891000.0,27694819340.0,True,True,True,True,True,True,PROXY,,,,,46.29797248370745,56.3,CAUTION,警戒,WARN_QVIX_REALTIME_PROXY,95.2,100.0,95.2,QVIX_PROXY
2026-06-05,19.655150048446234,OK,73.1610337972167,63.92247016767907,52.27302546302375,100.0,19.24,WARN_QVIX_REALTIME_PROXY,OPTBBS_PARSE_300ETF_QVIX_PROXY,,,,True,False,1.0,True,PROXY,True,,,,,20.444388491319625,OK_REPLICA_ROLLING_MEDIAN_BASIS,AVIX_CLEAN_MINUS_PRIOR_252D_MEDIAN_AVIX_QVIX_SPREAD,17.25393526958262,17.60448987880906,82.83582089552239,4816.92,-0.036296435898143686,4027.736,-0.050638150631268086,30.24702991511974,50.63815063126809,36.36436612996424,0.5931221719457014,0.3824434389140271,0.0032579185520361,0.0032579185520361,24.823529411764568,OK,PARSE_SOHU_ZDT,,,,,,,,,,,,,,1.0804080631755693,23.367338597964103,1.0,30192933600.0,27945861040.0,True,True,True,True,True,True,PROXY,,,,,24.823529411764568,63.3,HIGH_RISK,高风险,WARN_QVIX_REALTIME_PROXY,95.2,100.0,95.2,QVIX_PROXY
2026-06-08,21.47888699368711,OK,84.69184890656064,81.6043987372303,69.19033438147406,100.0,21.08,WARN_QVIX_REALTIME_PROXY,OPTBBS_PARSE_300ETF_QVIX_PROXY,,,,True,False,1.0,True,PROXY,True,,,,,22.2681254365605,OK_REPLICA_ROLLING_MEDIAN_BASIS,AVIX_CLEAN_MINUS_PRIOR_252D_MEDIAN_AVIX_QVIX_SPREAD,17.596270942400015,18.00760444822003,83.7037037037037,4713.636,-0.05696008796516905,3959.338,-0.06675997484544749,47.46673997097421,66.75997484544749,53.25471043331619,0.1626854867897213,0.8307998552298227,0.0101339124140427,0.0101339124140427,55.79985522982265,OK,PARSE_SOHU_ZDT,,,,,,,,,,,,,,1.0734121601328908,22.784346677740892,1.0,29964756500.0,27915424860.0,True,True,True,True,True,True,PROXY,,,,,55.79985522982265,75.6,PANIC,恐慌区,WARN_QVIX_REALTIME_PROXY,95.2,100.0,95.2,QVIX_PROXY
2026-06-09,19.847102760187703,OK,74.95029821073558,65.43829033762923,55.129749594544194,100.0,19.5,WARN_QVIX_REALTIME_PROXY,OPTBBS_PARSE_300ETF_QVIX_PROXY,,,,True,False,1.0,True,PROXY,True,,,,,20.636341203061093,OK_REPLICA_ROLLING_MEDIAN_BASIS,AVIX_CLEAN_MINUS_PRIOR_252D_MEDIAN_AVIX_QVIX_SPREAD,19.111723406405538,18.356952576634768,91.17647058823529,4801.811,-0.03931923825940686,4010.031,-0.05481132671407818,32.76603188283905,54.81132671407818,39.379620332210784,0.6010493938845667,0.3707255292201918,0.0034376696218563,0.0034376696218563,24.674326035824073,OK,PARSE_SOHU_ZDT,,,,,,,,,,,,,,0.9281866666302468,10.682222219187235,1.0,25839160100.0,27838322860.0,True,True,True,True,True,True,PROXY,,,,,24.674326035824073,65.1,HIGH_RISK,高风险,WARN_QVIX_REALTIME_PROXY,95.2,100.0,95.2,QVIX_PROXY
2026-06-10,20.091173921870705,OK,76.73956262425448,67.69711639381082,60.96292203181064,60.0,19.24,WARN_QVIX_REALTIME_PROXY,OPTBBS_PARSE_300ETF_QVIX_PROXY,,,,True,False,1.0,True,PROXY,True,,,,,20.880412364744096,OK_REPLICA_ROLLING_MEDIAN_BASIS,AVIX_CLEAN_MINUS_PRIOR_252D_MEDIAN_AVIX_QVIX_SPREAD,18.886792209915747,18.490714841549302,88.32116788321169,4748.593,-0.04996636884790995,3993.226,-0.058772367328120745,41.63864070659162,58.772367328120744,46.77875869305036,0.2815779949330438,0.7024972855591748,0.0133912414042707,0.0133912414042707,54.33405718422002,OK,PARSE_SOHU_ZDT,,,,,,,,,,,,,,0.9329739164944393,11.081159707869936,1.0,25929710900.0,27792535720.0,True,True,True,True,True,True,PROXY,,,,,54.33405718422002,65.1,HIGH_RISK,高风险,WARN_QVIX_REALTIME_PROXY,95.2,100.0,95.2,QVIX_PROXY
2026-06-11,19.735459697473328,OK,73.35984095427436,64.08484506872516,55.17732954134091,60.0,19.98,WARN_QVIX_REALTIME_PROXY,OPTBBS_PARSE_300ETF_QVIX_PROXY,,,,True,False,1.0,True,PROXY,True,,,,,20.524698140346718,OK_REPLICA_ROLLING_MEDIAN_BASIS,AVIX_CLEAN_MINUS_PRIOR_252D_MEDIAN_AVIX_QVIX_SPREAD,18.159600457666112,18.50884800274124,84.05797101449275,4722.412,-0.0552043057477859,3987.015,-0.06023633776869319,46.00358812315491,60.23633776869319,50.27341301681639,0.247874072733852,0.7362040890175502,0.0099511489053736,0.0099511489053736,51.2891261081961,OK,PARSE_SOHU_ZDT,,,,,,,,,,,,,,0.8947603945415691,7.896699545130753,1.0,24717705900.0,27624944120.0,True,True,True,True,True,True,PROXY,,,,,51.2891261081961,62.7,HIGH_RISK,高风险,WARN_QVIX_REALTIME_PROXY,95.2,100.0,95.2,QVIX_PROXY
2026-06-12,19.210598262361607,OK,66.99801192842942,58.816098816524914,45.47648545049119,100.0,18.78,WARN_QVIX_REALTIME_PROXY,OPTBBS_PARSE_300ETF_QVIX_PROXY,,,,True,False,1.0,True,PROXY,True,,,,,19.999836705234998,OK_REPLICA_ROLLING_MEDIAN_BASIS,AVIX_CLEAN_MINUS_PRIOR_252D_MEDIAN_AVIX_QVIX_SPREAD,18.420462199549288,18.6549945878167,85.61151079136691,4777.321,-0.04421886297496247,4031.513,-0.04974788878067371,36.849052479135395,49.74788878067371,40.71870336959689,0.7096599131693199,0.2740593342981187,0.0041606367583212,0.0041606367583212,20.237879884225656,OK,PARSE_SOHU_ZDT,,,,,,,,,,,,,,1.2031715076650606,33.597625638755055,1.0,33592206300.0,27919715590.0,True,True,True,True,True,True,PROXY,,,,,20.237879884225656,61.2,HIGH_RISK,高风险,WARN_QVIX_REALTIME_PROXY,95.2,100.0,95.2,QVIX_PROXY
2026-06-15,19.259799348185613,OK,67.79324055666004,59.19116390610914,29.33703318841696,100.0,19.6,WARN_QVIX_REALTIME_PROXY,OPTBBS_PARSE_300ETF_QVIX_PROXY,,,,True,False,1.0,True,PROXY,True,,,,,20.049037791059003,OK_REPLICA_ROLLING_MEDIAN_BASIS,AVIX_CLEAN_MINUS_PRIOR_252D_MEDIAN_AVIX_QVIX_SPREAD,20.26629858533425,19.182209442262693,93.57142857142857,4891.713,-0.021332873981012135,4096.472,-0.034436657763262546,17.77739498417678,34.436657763262545,22.775173817902505,0.7065846599131693,0.2668234442836469,0.0021707670043415,0.0021707670043415,17.655571635311098,OK,PARSE_SOHU_ZDT,,,,,,,,,,,,,,1.1673906824665838,30.615890205548652,1.0,33131607600.0,28380908035.0,True,True,True,True,True,True,PROXY,,,,,17.655571635311098,58.6,CAUTION,警戒,WARN_QVIX_REALTIME_PROXY,95.2,100.0,95.2,QVIX_PROXY
2026-06-16,20.03802166491552,WARN_NOT_BRACKET_30D,76.34194831013916,66.7476734763666,51.92389697412953,100.0,20.01,WARN_QVIX_REALTIME_PROXY,OPTBBS_PARSE_300ETF_QVIX_PROXY,,,,True,False,1.0,True,PROXY,True,,,,,20.82726010778891,OK_REPLICA_ROLLING_MEDIAN_BASIS,AVIX_CLEAN_MINUS_PRIOR_252D_MEDIAN_AVIX_QVIX_SPREAD,20.238309034948145,19.173581973618877,92.90780141843972,4884.232,-0.022829570285506584,4091.892,-0.03551619159321284,19.024641904588822,35.516191593212845,23.972106811176026,0.4938494934876989,0.4842619392185239,0.0019898697539797,0.0019898697539797,28.04359623733714,OK,PARSE_SOHU_ZDT,,,,,,,,,,,,,,0.9869395219762417,15.578293498020138,1.0,28258474300.0,28632427490.0,True,True,True,True,True,True,PROXY,,,,,28.04359623733714,64.3,HIGH_RISK,高风险,WARN_NOT_BRACKET_30D|WARN_QVIX_REALTIME_PROXY,95.2,100.0,95.2,QVIX_PROXY
2026-06-17,20.76694698438252,OK,81.11332007952286,73.80135979958206,56.72706398480965,100.0,21.12,WARN_QVIX_REALTIME_PROXY,OPTBBS_PARSE_300ETF_QVIX_PROXY,,,,True,False,1.0,True,PROXY,True,,,,,21.553765005539802,OK_REPLICA_ROLLING_MEDIAN_BASIS,AVIX_CLEAN_MINUS_PRIOR_252D_MEDIAN_AVIX_QVIX_SPREAD,20.500639818403094,18.9228144553054,93.66197183098592,4931.386,-0.013395641994885299,4108.076,-0.031701524452619756,11.16303499573775,31.701524452619758,17.32458183280235,0.3116859623733719,0.6754703328509407,0.0037988422575976,0.0037988422575976,39.63910998552811,OK,PARSE_SOHU_ZDT,,,,,,,,,,,,,,0.9547883255214902,12.899027126790847,1.0,27605395000.0,28912581210.0,True,True,True,True,True,True,PROXY,,,,,39.63910998552811,67.4,HIGH_RISK,高风险,WARN_QVIX_REALTIME_PROXY,95.2,100.0,95.2,QVIX_PROXY
2026-06-18,21.226962674714027,OK,83.89662027833002,78.15159955934142,65.1149555176731,100.0,21.7,WARN_QVIX_REALTIME_PROXY,OPTBBS_PARSE_300ETF_QVIX_PROXY,,,,True,False,1.0,True,PROXY,True,,,,,22.007572176968814,OK_REPLICA_ROLLING_MEDIAN_BASIS,AVIX_CLEAN_MINUS_PRIOR_252D_MEDIAN_AVIX_QVIX_SPREAD,19.735156566547918,18.89735669392311,91.6083916083916,4941.599,-0.011352364444049523,4090.481,-0.035848772867024925,9.460303703374603,35.84877286702493,17.3768444524697,0.3659551374819103,0.6141461649782923,0.0075976845151953,0.0075976845151953,42.149059334298016,OK,PARSE_SOHU_ZDT,,,,,,,,,,,,,,1.1474474137696142,28.953951147467848,1.0,33445990200.0,29148168185.0,True,True,True,True,True,True,PROXY,,,,,42.149059334298016,70.1,HIGH_RISK,高风险,WARN_QVIX_REALTIME_PROXY,95.2,100.0,95.2,QVIX_PROXY
2026-06-22,22.59483244910004,OK,86.87872763419483,91.30135635866901,85.23299108668571,100.0,22.88,WARN_QVIX_REALTIME_PROXY,OPTBBS_PARSE_300ETF_QVIX_PROXY,,,,True,False,1.0,True,PROXY,True,,,,,23.329546577922503,OK_REPLICA_ROLLING_MEDIAN_BASIS,AVIX_CLEAN_MINUS_PRIOR_252D_MEDIAN_AVIX_QVIX_SPREAD,20.88078579095701,18.03456448650804,93.75,5059.658,0.0,4163.097,-0.018732740422555128,0.0,18.73274042255513,5.619822126766539,0.5274009766684753,0.4463736661240731,0.005968529571351,0.005968529571351,31.83667932718386,OK,PARSE_SOHU_ZDT,,,,,,,,,,,,,,1.267702683539104,38.97522362825867,1.0,37510012400.0,29588966630.0,True,True,True,True,True,True,PROXY,,,,,31.83667932718386,72.6,HIGH_RISK,高风险,WARN_QVIX_REALTIME_PROXY,95.2,100.0,95.2,QVIX_PROXY
2026-06-23,23.19524712177192,OK,88.07157057654076,96.64017079009588,90.86696545939925,30.0,23.18,WARN_QVIX_REALTIME_PROXY,OPTBBS_PARSE_300ETF_QVIX_PROXY,,,,True,False,1.0,True,PROXY,True,,,,,23.890476058503943,OK_REPLICA_ROLLING_MEDIAN_BASIS,AVIX_CLEAN_MINUS_PRIOR_252D_MEDIAN_AVIX_QVIX_SPREAD,22.819881248157355,18.940911352386138,96.55172413793103,4919.386,-0.02772361293984693,4106.252,-0.032131452335988575,23.103010783205775,32.13145233598858,25.811543249040618,0.5,0.4782923299565846,0.0095875542691751,0.0095875542691751,38.182887120115765,OK,PARSE_SOHU_ZDT,,,,,,,,,,,,,,1.1432038547507681,28.600321229230673,1.0,34271933600.0,29978847130.0,True,True,True,True,True,True,PROXY,,,,,38.182887120115765,68.7,HIGH_RISK,高风险,WARN_QVIX_REALTIME_PROXY,95.2,100.0,95.2,QVIX_PROXY
2026-06-24,22.516118466160595,OK,86.28230616302187,89.53617784458419,74.73394672073806,30.0,22.75,WARN_QVIX_REALTIME_PROXY,OPTBBS_PARSE_300ETF_QVIX_PROXY,,,,True,False,1.0,True,PROXY,True,,,,,23.17935768534592,OK_REPLICA_ROLLING_MEDIAN_BASIS,AVIX_CLEAN_MINUS_PRIOR_252D_MEDIAN_AVIX_QVIX_SPREAD,22.804276074289255,18.778448826446358,95.8904109589041,4943.02,-0.023052546239291205,4110.813,-0.031056396921490093,19.21045519940934,31.05639692149009,22.764237716033563,0.2593597395550732,0.7296075239645505,0.0119370591427021,0.0119370591427021,53.445469343461724,OK,PARSE_SOHU_ZDT,,,,,,,,,,,,,,1.0399255257798488,19.99379381498739,1.0,31224902500.0,30026094875.0,True,True,True,True,True,True,PROXY,,,,,53.445469343461724,66.7,HIGH_RISK,高风险,WARN_QVIX_REALTIME_PROXY,95.2,100.0,95.2,QVIX_PROXY
2026-06-25,22.008302664926187,OK,84.89065606361828,84.23785600003754,61.955110026304894,30.0,21.6,WARN_QVIX_REALTIME_PROXY,OPTBBS_PARSE_300ETF_QVIX_PROXY,,,,True,False,1.0,True,PROXY,True,,,,,22.66258567520053,OK_REPLICA_ROLLING_MEDIAN_BASIS,AVIX_CLEAN_MINUS_PRIOR_252D_MEDIAN_AVIX_QVIX_SPREAD,23.234237338909647,18.740613687778644,97.95918367346938,5020.104,-0.007817524425563938,4120.281,-0.028824731790055735,6.514603687969949,28.824731790055736,13.207642118595684,0.222644239464641,0.7646952432627961,0.0164586724543317,0.0164586724543317,61.49846265147404,OK,PARSE_SOHU_ZDT,,,,,,,,,,,,,,1.1459646744059169,28.830389533826406,1.0,34666428900.0,30250870445.0,True,True,True,True,True,True,PROXY,,,,,61.49846265147404,64.8,HIGH_RISK,高风险,WARN_QVIX_REALTIME_PROXY,95.2,100.0,95.2,QVIX_PROXY
2026-06-26,23.46650981857743,OK,88.07157057654076,97.81057054201764,71.10096652246148,30.0,23.18,WARN_QVIX_REALTIME_PROXY,OPTBBS_PARSE_300ETF_QVIX_PROXY,,,,True,False,1.0,True,PROXY,True,,,,,24.118958795937402,OK_REPLICA_ROLLING_MEDIAN_BASIS,AVIX_CLEAN_MINUS_PRIOR_252D_MEDIAN_AVIX_QVIX_SPREAD,25.83792665487823,19.878859813057343,100.0,4868.221,-0.03783595650140792,4027.265,-0.050749168193256367,31.529963751173266,50.74916819325637,37.295725083798196,0.1429088277858176,0.8458755426917511,0.0083212735166425,0.0083212735166425,54.29630969609256,OK,PARSE_SOHU_ZDT,,,,,,,,,,,,,,1.1142510182867171,26.187584857226426,1.0,34117923800.0,30619602980.0,True,True,True,True,True,True,PROXY,,,,,54.29630969609256,70.6,HIGH_RISK,高风险,WARN_QVIX_REALTIME_PROXY,95.2,100.0,95.2,QVIX_PROXY
2026-06-29,23.54443852905032,OK,88.07157057654076,97.83591655590772,58.40551557166429,30.0,21.7,WARN_QVIX_REALTIME_PROXY,OPTBBS_PARSE_300ETF_QVIX_PROXY,,,,True,False,1.0,True,PROXY,True,,,,,24.19245069669929,OK_REPLICA_ROLLING_MEDIAN_BASIS,AVIX_CLEAN_MINUS_PRIOR_252D_MEDIAN_AVIX_QVIX_SPREAD,26.157454505935828,19.983125277428385,100.0,4926.921,-0.026234381849524202,4073.902,-0.03975654390779937,21.8619848746035,39.75654390779937,27.23035258456226,0.4466353111432706,0.5305716353111433,0.0135672937771345,0.0135672937771345,46.323263386396405,OK,PARSE_SOHU_ZDT,,,,,,,,,,,,,,1.0571915617847285,21.432630148727373,1.0,32321613400.0,30573090600.0,True,True,True,True,True,True,PROXY,,,,,46.323263386396405,67.4,HIGH_RISK,高风险,WARN_QVIX_REALTIME_PROXY,95.2,100.0,95.2,QVIX_PROXY
2026-06-30,23.25612087766116,OK,87.67395626242545,94.47559620650614,50.52488128770225,30.0,22.88,WARN_QVIX_REALTIME_PROXY,OPTBBS_PARSE_300ETF_QVIX_PROXY,,,,True,False,1.0,True,PROXY,True,,,,,23.901350235214622,OK_REPLICA_ROLLING_MEDIAN_BASIS,AVIX_CLEAN_MINUS_PRIOR_252D_MEDIAN_AVIX_QVIX_SPREAD,26.107620292664574,19.93645548089593,99.33333333333333,4979.433,-0.015855814760602494,4094.397,-0.03492574787180991,13.213178967168746,34.92574787180991,19.726949638561095,0.5524602026049205,0.4276410998552822,0.0039797395079594,0.0039797395079594,27.849131693198153,OK,PARSE_SOHU_ZDT,,,,,,,,,,,,,,0.9997338983976022,16.64449153313351,1.0,30615022600.0,30623171475.0,True,True,True,True,True,True,PROXY,,,,,27.849131693198153,63.2,HIGH_RISK,高风险,WARN_QVIX_REALTIME_PROXY,95.2,100.0,95.2,QVIX_PROXY
2026-07-01,22.70908085829216,OK,86.48111332007953,88.83608495531308,51.713993399187075,30.0,22.75,WARN_QVIX_REALTIME_PROXY,OPTBBS_PARSE_300ETF_QVIX_PROXY,,,,True,False,1.0,True,PROXY,True,,,,,23.33203866427295,OK_REPLICA_ROLLING_MEDIAN_BASIS,AVIX_CLEAN_MINUS_PRIOR_252D_MEDIAN_AVIX_QVIX_SPREAD,25.706175594520175,19.7227189090932,98.01324503311258,4958.977,-0.019898775767057897,4112.445,-0.030671724604791728,16.582313139214914,30.671724604791727,20.80913657888796,0.7831041968162084,0.2071273516642547,0.0023516642547033,0.0023516642547033,14.078328509406619,OK,PARSE_SOHU_ZDT,,,,,,,,,,,,,,1.1087738843855608,25.731157032130064,1.0,34293474700.0,30929186900.0,True,True,True,True,True,True,PROXY,,,,,14.078328509406619,61.1,HIGH_RISK,高风险,WARN_QVIX_REALTIME_PROXY,95.2,100.0,95.2,QVIX_PROXY
2026-07-02,24.300636585914138,OK,89.86083499005964,100.0,70.83153758732297,30.0,22.88,WARN_QVIX_REALTIME_PROXY,OPTBBS_PARSE_300ETF_QVIX_PROXY,,,,True,False,1.0,True,PROXY,True,,,,,24.904391711363097,OK_REPLICA_ROLLING_MEDIAN_BASIS,AVIX_CLEAN_MINUS_PRIOR_252D_MEDIAN_AVIX_QVIX_SPREAD,27.807084938313505,20.617394269827408,100.0,4812.296,-0.04888907511140084,4028.904,-0.05036284593402307,40.74089592616736,50.36284593402307,43.62748092852407,0.4012658227848101,0.5717902350813743,0.0079566003616636,0.0079566003616636,40.87703435804695,OK,PARSE_SOHU_ZDT,,,,,,,,,,,,,,1.1027831845984104,25.231932049867535,1.0,34324375800.0,31125225955.0,True,True,True,True,True,True,PROXY,,,,,40.87703435804695,70.8,HIGH_RISK,高风险,WARN_QVIX_REALTIME_PROXY,95.2,100.0,95.2,QVIX_PROXY
2026-07-03,22.42797331914832,OK,84.89065606361828,85.07827644235306,41.148777492194924,30.0,23.18,WARN_QVIX_REALTIME_PROXY,OPTBBS_PARSE_300ETF_QVIX_PROXY,,,,True,False,1.0,True,PROXY,True,,,,,23.012391272519114,OK_REPLICA_ROLLING_MEDIAN_BASIS,AVIX_CLEAN_MINUS_PRIOR_252D_MEDIAN_AVIX_QVIX_SPREAD,27.844824634373055,20.540956118360132,100.0,4842.174,-0.04298393290613722,4043.643,-0.04688877407384018,35.819944088447684,46.88877407384018,39.14059308406543,0.6881331403762663,0.2945007235890014,0.0050651230101302,0.0050651230101302,22.557887120115712,OK,PARSE_SOHU_ZDT,,,,,,,,,,,,,,0.9616769135012793,13.473076125106603,1.0,30106756800.0,31306519245.0,True,True,True,True,True,True,PROXY,,,,,22.557887120115712,62.1,HIGH_RISK,高风险,WARN_QVIX_REALTIME_PROXY,95.2,100.0,95.2,QVIX_PROXY
2026-07-06,22.3254673152499,OK,84.29423459244532,83.81123471357247,39.645357545507885,30.0,20.29,WARN_QVIX_REALTIME_PROXY,OPTBBS_PARSE_300ETF_QVIX_PROXY,,,,True,False,1.0,True,PROXY,True,,,,,22.90988526862069,OK_REPLICA_ROLLING_MEDIAN_BASIS,AVIX_CLEAN_MINUS_PRIOR_252D_MEDIAN_AVIX_QVIX_SPREAD,27.07303180039534,20.540948087470177,98.7012987012987,4841.998,-0.04301871786591127,4041.238,-0.04745564718760231,35.84893155492606,47.45564718760231,39.330946244728935,0.3394246426632893,0.6406730595259634,0.0097702189252759,0.0097702189252759,46.462818889089895,OK,PARSE_SOHU_ZDT,,,,,,,,,,,,,,0.9404463645658185,11.703863713818208,1.0,29405054300.0,31267125280.0,True,True,True,True,True,True,PROXY,,,,,46.462818889089895,63.8,HIGH_RISK,高风险,WARN_QVIX_REALTIME_PROXY,95.2,100.0,95.2,QVIX_PROXY
2026-07-07,22.15216780470671,OK,83.89662027833002,81.96852880169841,40.506128870229084,30.0,22.29,WARN_QVIX_REALTIME_PROXY,OPTBBS_PARSE_300ETF_QVIX_PROXY,,,,True,False,1.0,True,PROXY,True,,,,,22.72569052426269,OK_REPLICA_ROLLING_MEDIAN_BASIS,AVIX_CLEAN_MINUS_PRIOR_252D_MEDIAN_AVIX_QVIX_SPREAD,26.13695088590124,19.501887218274593,97.41935483870968,4792.262,-0.0528486312711256,3990.235,-0.059477364202658145,44.040526059271336,59.477364202658144,48.67157750228738,0.1253844762077076,0.8679211145286774,0.0090464990048851,0.0090464990048851,56.16971232133163,OK,PARSE_SOHU_ZDT,,,,,,,,,,,,,,0.7945247814719346,0.0,1.0,24630599900.0,31000417450.0,True,True,True,True,True,True,PROXY,,,,,56.16971232133163,65.0,HIGH_RISK,高风险,WARN_QVIX_REALTIME_PROXY,95.2,100.0,95.2,QVIX_PROXY
2026-07-08,21.8392210755944,OK,82.50497017892644,78.82270720771768,42.33910180578591,30.0,21.86,WARN_QVIX_REALTIME_PROXY,OPTBBS_PARSE_300ETF_QVIX_PROXY,,,,True,False,1.0,True,PROXY,True,,,,,22.391071244516255,OK_REPLICA_ROLLING_MEDIAN_BASIS,AVIX_CLEAN_MINUS_PRIOR_252D_MEDIAN_AVIX_QVIX_SPREAD,25.42883609484072,19.523738455384958,94.87179487179486,4755.534,-0.0601076199221372,3970.88,-0.0640394553115422,50.08968326844767,64.0394553115422,54.274614881376024,0.2881693198263386,0.6856005788712012,0.0085021707670043,0.0085021707670043,47.28201881331398,OK,PARSE_SOHU_ZDT,,,,,,,,,,,,,,0.7886961172545157,0.0,1.0,24392874900.0,30928103190.0,True,True,True,True,True,True,PROXY,,,,,47.28201881331398,63.7,HIGH_RISK,高风险,WARN_QVIX_REALTIME_PROXY,95.2,100.0,95.2,QVIX_PROXY
2026-07-09,21.103923876345192,OK,80.71570576540755,71.80098861013745,23.690296562667655,30.0,21.74,WARN_QVIX_REALTIME_PROXY,OPTBBS_PARSE_300ETF_QVIX_PROXY,,,,True,False,1.0,True,PROXY,True,,,,,21.650984649069013,OK_REPLICA_ROLLING_MEDIAN_BASIS,AVIX_CLEAN_MINUS_PRIOR_252D_MEDIAN_AVIX_QVIX_SPREAD,26.637029968932573,19.935562800289418,98.08917197452229,4876.313,-0.03623663891907325,4036.588,-0.048551680442901146,30.19719909922771,48.551680442901144,35.70354350232974,0.4496292277084464,0.5223367697594502,0.0027129679869777,0.0027129679869777,31.24886959667202,OK,PARSE_SOHU_ZDT,,,,,,,,,,,,,,0.9073128779026746,8.942739825222876,1.0,28162770500.0,31039756170.0,True,True,True,True,True,True,PROXY,,,,,31.24886959667202,57.7,CAUTION,警戒,WARN_QVIX_REALTIME_PROXY,95.2,100.0,95.2,QVIX_PROXY
2026-07-10,20.81785729309881,OK,78.52882703777337,68.9806913666097,35.641894582825785,30.0,21.09,WARN_QVIX_REALTIME_PROXY,OPTBBS_PARSE_300ETF_QVIX_PROXY,,,,True,False,1.0,True,PROXY,True,,,,,21.369707462020667,OK_REPLICA_ROLLING_MEDIAN_BASIS,AVIX_CLEAN_MINUS_PRIOR_252D_MEDIAN_AVIX_QVIX_SPREAD,27.587350483948974,20.37623464096958,98.73417721518987,4780.787,-0.05511657112002433,3996.162,-0.05808033428778592,45.93047593335361,58.08033428778592,49.57543343968331,0.1654149817061428,0.8280377431157327,0.2135567109570575,0.0259965337954939,91.72925091469287,OK,,,,,,,,,,,,,,,0.9709015928120153,14.24179940100127,1.0,30413028600.0,31324522305.0,True,True,True,True,True,True,PROXY,,,,,91.72925091469287,65.6,HIGH_RISK,高风险,WARN_QVIX_REALTIME_PROXY,95.2,100.0,95.2,QVIX_PROXY
2026-07-13,22.94260298000864,WARN_NOT_BRACKET_30D,86.48111332007953,88.41162056656,55.528535246715236,30.0,23.15,WARN_QVIX_REALTIME_PROXY,OPTBBS_PARSE_300ETF_QVIX_PROXY,,,,True,False,1.0,True,PROXY,True,,,,,23.48966375273246,OK_REPLICA_ROLLING_MEDIAN_BASIS,AVIX_CLEAN_MINUS_PRIOR_252D_MEDIAN_AVIX_QVIX_SPREAD,28.02583924294295,20.584113059263277,100.0,4695.383,-0.07199597285033899,3913.794,-0.0774949723893903,59.99664404194915,77.4949723893903,65.24614254618149,0.1448462929475587,0.8468354430379746,0.0338155515370705,0.0338155515370705,75.4385171790235,OK,PARSE_SOHU_ZDT,,,,,,,,,,,,,,0.8977191786594576,8.143264888288131,1.0,27863485300.0,31038086255.0,True,True,True,True,True,True,PROXY,,,,,75.4385171790235,72.3,HIGH_RISK,高风险,WARN_NOT_BRACKET_30D|WARN_QVIX_REALTIME_PROXY,95.2,100.0,95.2,QVIX_PROXY
2026-07-14,21.19792729593721,WARN_NOT_BRACKET_30D,80.9145129224652,72.02226211815807,41.38467605353952,30.0,21.5,WARN_QVIX_REALTIME_PROXY,OPTBBS_PARSE_300ETF_QVIX_PROXY,,,,True,False,1.0,True,PROXY,True,,,,,21.706331632971548,OK_REPLICA_ROLLING_MEDIAN_BASIS,AVIX_CLEAN_MINUS_PRIOR_252D_MEDIAN_AVIX_QVIX_SPREAD,27.763677693504242,21.028720123113086,98.125,4796.502,-0.05201062996747996,3967.126,-0.06492429592237914,43.342191639566636,64.92429592237914,49.81682292441039,0.7540888974408313,0.2337887242639984,0.0307869924956705,0.0082740042332114,32.114681547046274,OK,,,,,,,,,,,,,,,0.919712922616161,9.97607688468008,1.0,28325098600.0,30797760805.0,True,True,True,True,True,True,PROXY,,,,,32.114681547046274,61.0,HIGH_RISK,高风险,WARN_NOT_BRACKET_30D|WARN_QVIX_REALTIME_PROXY,95.2,100.0,95.2,QVIX_PROXY
2026-07-15,20.85172161946936,WARN_NOT_BRACKET_30D,78.33001988071571,68.66798136516144,40.95664215580854,30.0,21.25,WARN_QVIX_REALTIME_PROXY,OPTBBS_PARSE_300ETF_QVIX_PROXY,,,,True,False,1.0,True,PROXY,True,,,,,21.35641218103144,OK_REPLICA_ROLLING_MEDIAN_BASIS,AVIX_CLEAN_MINUS_PRIOR_252D_MEDIAN_AVIX_QVIX_SPREAD,27.765542586777375,20.919334977208752,98.13664596273291,4786.783,-0.053931510785906855,3955.578,-0.06764622969274303,44.942925654922384,67.64622969274303,51.753916866268575,0.4508559338334295,0.5183689170994422,0.1096364685516445,0.0184650894402769,75.92229274860543,OK,,,,,,,,,,,,,,,0.9054842699601454,8.790355830012114,1.0,27869266900.0,30778300435.0,True,True,True,True,True,True,PROXY,,,,,75.92229274860543,64.4,HIGH_RISK,高风险,WARN_NOT_BRACKET_30D|WARN_QVIX_REALTIME_PROXY,95.2,100.0,95.2,QVIX_PROXY
2026-07-16,22.651180581064192,WARN_NOT_BRACKET_30D,85.6858846918489,85.26122569853132,64.66321347427981,30.0,22.69,WARN_QVIX_REALTIME_PROXY,OPTBBS_PARSE_300ETF_QVIX_PROXY,,,,True,False,1.0,True,PROXY,True,,,,,23.14302652716551,OK_REPLICA_ROLLING_MEDIAN_BASIS,AVIX_CLEAN_MINUS_PRIOR_252D_MEDIAN_AVIX_QVIX_SPREAD,28.14029277911291,21.269025245606525,100.0,4698.434,-0.07139296766698466,3882.413,-0.08489166477316124,59.494139722487226,84.89166477316124,67.11339723768943,0.4519804666304937,0.5174534273828902,0.0074154458310725,0.0074154458310725,37.597214686200005,OK,PARSE_SOHU_ZDT,,,,,,,,,,,,,,0.8205973587820885,1.7164465651740384,1.0,25156097700.0,30655835570.0,True,True,True,True,True,True,PROXY,,,,,37.597214686200005,68.6,HIGH_RISK,高风险,WARN_NOT_BRACKET_30D|WARN_QVIX_REALTIME_PROXY,95.2,100.0,95.2,QVIX_PROXY
2026-07-17,24.579842793919067,WARN_NOT_BRACKET_30D,90.65606361829026,100.0,86.14190882235863,30.0,23.75,WARN_QVIX_REALTIME_PROXY,OPTBBS_PARSE_300ETF_QVIX_PROXY,,,,True,False,1.0,True,PROXY,True,,,,,25.068406636184907,OK_REPLICA_ROLLING_MEDIAN_BASIS,AVIX_CLEAN_MINUS_PRIOR_252D_MEDIAN_AVIX_QVIX_SPREAD,30.580381650410153,22.509051881203685,100.0,4529.095,-0.10486143529859138,3764.155,-0.11276579395706188,87.38452941549282,100.0,91.16917059084497,0.0867683041596085,0.9058912102390364,0.5172219085262564,0.1948051948051948,95.66158479201957,OK,PARSE_EM_ZDFENBU,,,,,,,,,,,,,,0.9923369741253806,16.028081177115045,1.0,30262988600.0,30496685490.0,True,True,True,True,True,True,PROXY,,,,,95.66158479201957,83.0,PANIC,恐慌区,WARN_NOT_BRACKET_30D|WARN_QVIX_REALTIME_PROXY,95.2,100.0,95.2,QVIX_PROXY
2026-07-20,25.07445487849729,WARN_NOT_BRACKET_30D,91.25248508946322,100.0,68.58421993656316,30.0,24.06,WARN_QVIX_REALTIME_PROXY,OPTBBS_PARSE_300ETF_QVIX_PROXY,,,,True,False,1.0,True,PROXY,True,,,,,25.55016696136396,OK_REPLICA_ROLLING_MEDIAN_BASIS,AVIX_CLEAN_MINUS_PRIOR_252D_MEDIAN_AVIX_QVIX_SPREAD,29.690315222367474,22.739027399283422,99.39024390243902,4598.321,-0.0911794828820447,3796.281,-0.10519350054636667,75.98290240170391,100.0,83.18803168119274,0.3147042864894194,0.6710074154458311,0.048290830168204,0.048290830168204,72.37384698860554,OK,PARSE_SOHU_ZDT,,,,,,,,,,,,,,1.0998733481116343,24.98944567596952,1.0,33311605800.0,30286765160.0,True,True,True,True,True,True,PROXY,,,,,72.37384698860554,78.8,PANIC,恐慌区,WARN_NOT_BRACKET_30D|WARN_QVIX_REALTIME_PROXY,95.2,100.0,95.2,QVIX_PROXY
2026-07-21,22.54419675173774,WARN_NOT_BRACKET_30D,84.69184890656064,82.70747844845488,62.70189709593499,30.0,21.81,WARN_QVIX_REALTIME_PROXY,OPTBBS_PARSE_300ETF_QVIX_PROXY,,,,True,False,1.0,True,PROXY,True,,,,,23.017234077023712,OK_REPLICA_ROLLING_MEDIAN_BASIS,AVIX_CLEAN_MINUS_PRIOR_252D_MEDIAN_AVIX_QVIX_SPREAD,30.804099729328666,23.556916015993423,100.0,4739.229,-0.06333016974665084,3864.367,-0.08914521662802655,52.775141455542375,89.14521662802655,63.68616400728763,0.5619461023693254,0.4161692892023874,0.0052450714414903,0.0052450714414903,29.11466811358289,OK,PARSE_SOHU_ZDT,,,,,,,,,,,,,,1.1399388277625195,28.328235646876625,1.0,34540359000.0,30300186430.0,True,True,True,True,True,True,PROXY,,,,,29.11466811358289,67.6,HIGH_RISK,高风险,WARN_NOT_BRACKET_30D|WARN_QVIX_REALTIME_PROXY,95.2,100.0,95.2,QVIX_PROXY
2026-07-22,20.694113784185667,OK,76.1431411530815,65.5280194921815,48.48829906556462,30.0,20.21,WARN_QVIX_REALTIME_PROXY,OPTBBS_PARSE_300ETF_QVIX_PROXY,,,,True,False,1.0,True,PROXY,True,,,,,21.151894317405556,OK_REPLICA_ROLLING_MEDIAN_BASIS,AVIX_CLEAN_MINUS_PRIOR_252D_MEDIAN_AVIX_QVIX_SPREAD,30.71562568838699,23.56876185475342,99.3975903614458,4717.244,-0.0676753250911426,3867.034,-0.08851658852224542,56.39610424261884,88.51658852224543,66.03224952650682,0.2767727930535456,0.7009768451519537,0.0450434153400868,0.0039797395079594,57.03238060781468,OK,AKSHARE_EASTMONEY_A_SPOT,,,,,,,,,,,,,,0.9465938880668792,12.216157338906594,1.0,28555635700.0,30166723090.0,True,True,True,True,True,True,PROXY,,,,,57.03238060781468,64.0,HIGH_RISK,高风险,WARN_QVIX_REALTIME_PROXY,95.2,100.0,95.2,QVIX_PROXY
2026-07-23,19.55186303369377,OK,66.00397614314116,54.887135607367135,22.63438401121245,30.0,19.78,WARN_QVIX_REALTIME_PROXY,OPTBBS_PARSE_300ETF_QVIX_PROXY,,,,True,False,1.0,True,PROXY,True,,,,,20.004611787409786,OK_REPLICA_ROLLING_MEDIAN_BASIS,AVIX_CLEAN_MINUS_PRIOR_252D_MEDIAN_AVIX_QVIX_SPREAD,30.050654227603403,23.56409462906593,98.20359281437125,4728.002,-0.06554909442495915,3876.777,-0.08622010421979875,54.624245354132626,86.22010421979876,64.10300301383246,0.7703435804701627,0.2184448462929475,0.0003616636528028,0.0003616636528028,11.980108499095714,OK,PARSE_SOHU_ZDT,,,,,,,,,,,,,,0.8336069250728803,2.8005770894066844,1.0,24733167500.0,29670060020.0,True,True,True,True,True,True,PROXY,,,,,11.980108499095714,52.4,CAUTION,警戒,WARN_QVIX_REALTIME_PROXY,95.2,100.0,95.2,QVIX_PROXY
2026-07-24,20.967518151714824,OK,78.72763419483101,67.84230370237968,20.607422736666848,30.0,19.95,WARN_QVIX_REALTIME_PROXY,OPTBBS_PARSE_300ETF_QVIX_PROXY,,,,True,False,1.0,True,PROXY,True,,,,,21.409660351015543,OK_REPLICA_ROLLING_MEDIAN_BASIS,AVIX_CLEAN_MINUS_PRIOR_252D_MEDIAN_AVIX_QVIX_SPREAD,28.724756988473832,23.809839577676325,97.02380952380952,4649.192,-0.08112524601465165,3814.198,-0.10097035477535798,67.60437167887639,100.0,77.32306017521347,0.1003253796095444,0.8929862617498192,0.0045191612436731,0.0045191612436731,51.1975777295733,OK,PARSE_SOHU_ZDT,,,,,,,,,,,,,,0.7611201774076312,0.0,1.0,22126121200.0,29070469890.0,True,True,True,True,True,True,PROXY,,,,,51.1975777295733,62.8,HIGH_RISK,高风险,WARN_QVIX_REALTIME_PROXY,95.2,100.0,95.2,QVIX_PROXY
2026-07-27,20.26284514227467,OK,73.35984095427436,61.23003428052445,11.62142100765002,30.0,20.23,WARN_QVIX_REALTIME_PROXY,OPTBBS_PARSE_300ETF_QVIX_PROXY,,,,True,False,1.0,True,PROXY,True,,,,,20.69949926548253,OK_REPLICA_ROLLING_MEDIAN_BASIS,AVIX_CLEAN_MINUS_PRIOR_252D_MEDIAN_AVIX_QVIX_SPREAD,28.68591568396996,23.92731529113627,96.44970414201184,4702.427,-0.07060378389211297,3858.245,-0.09058820922779864,58.83648657676082,90.58820922779864,68.36200337207217,0.941486359360301,0.051552210724365,0.0060206961429915,0.0024459078080903,7.629350893697062,OK,PARSE_EM_ZDFENBU,,,,,,,,,,,,,,0.7190975899400652,0.0,1.0,20478694100.0,28478323925.0,True,True,True,True,True,True,PROXY,,,,,7.629350893697062,54.2,CAUTION,警戒,WARN_QVIX_REALTIME_PROXY,95.2,100.0,95.2,QVIX_PROXY
2026-07-28,22.6101014190961,OK,85.08946322067594,82.62511830775708,50.584670796516875,100.0,22.74,WARN_QVIX_REALTIME_PROXY,OPTBBS_PARSE_300ETF_QVIX_PROXY,,,,True,False,1.0,True,PROXY,True,,,,,23.040569575477555,OK_REPLICA_ROLLING_MEDIAN_BASIS,AVIX_CLEAN_MINUS_PRIOR_252D_MEDIAN_AVIX_QVIX_SPREAD,29.706444420384802,24.510648914734716,97.6470588235294,4569.524,-0.0968709742832421,3813.315,-0.10117848324082657,80.72581190270175,100.0,86.50806833189122,0.4666039510818438,0.5068673565380997,0.1557855126999059,0.0457196613358419,76.6698024459078,OK,PARSE_EM_ZDFENBU,,,,,,,,,,,,,,0.7696577841341611,0.0,1.0,21570504500.0,28026098020.0,True,True,True,True,True,True,PROXY,,,,,76.6698024459078,81.2,PANIC,恐慌区,WARN_QVIX_REALTIME_PROXY,95.2,100.0,95.2,QVIX_PROXY
2026-07-29,23.17990189534396,OK,86.67992047713717,87.45538093459228,74.02410788963496,100.0,23.34,WARN_QVIX_REALTIME_PROXY,OPTBBS_PARSE_300ETF_QVIX_PROXY,,,,True,False,1.0,True,PROXY,True,,,,,23.60437928619632,OK_REPLICA_ROLLING_MEDIAN_BASIS,AVIX_CLEAN_MINUS_PRIOR_252D_MEDIAN_AVIX_QVIX_SPREAD,29.962297448284282,24.55957521005677,97.6608187134503,4600.262,-0.0907958601154466,3828.469,-0.09760659335893418,75.66321676287218,97.60659335893418,82.24622974169077,0.768521864835562,0.2195518612215395,0.0021684134441633,0.0021684134441633,14.55547524394644,OK,PARSE_SOHU_ZDT,,,,,,,,,,,,,,0.9004204161555902,8.368368012965847,1.0,24808235700.0,27551836070.0,True,True,True,True,True,True,PROXY,,,,,14.55547524394644,77.8,PANIC,恐慌区,WARN_QVIX_REALTIME_PROXY,95.2,100.0,95.2,QVIX_PROXY
2026-07-30,24.51206470846237,OK,89.86083499005964,98.90936359785695,100.0,100.0,24.82,WARN_QVIX_REALTIME_PROXY,OPTBBS_PARSE_300ETF_QVIX_PROXY,,,,True,False,1.0,True,PROXY,True,,,,,24.91034308899301,OK_REPLICA_ROLLING_MEDIAN_BASIS,AVIX_CLEAN_MINUS_PRIOR_252D_MEDIAN_AVIX_QVIX_SPREAD,28.475763516906323,24.44292527786057,94.76744186046511,4549.72,-0.10078507282508031,3804.693,-0.10321074103161942,83.98756068756693,100.0,88.79129248129684,0.3249389212554031,0.6534485998872392,0.2420597632024055,0.0843826348430746,83.75305393722985,OK,PARSE_EM_ZDFENBU,,2026-07-30T20:04:44+08:00,,0.0,0.0,5321.0,1.0,TIME_UNVERIFIED,,,,,,1.0094175187138117,17.45145989281764,1.0,27465113000.0,27208872930.0,True,True,True,True,True,True,PROXY,,,TIME_UNVERIFIED,,83.75305393722985,90.1,EXTREME_PANIC,极端恐慌,WARN_QVIX_REALTIME_PROXY,93.7,100.0,93.7,QVIX_PROXY
2026-07-31,22.9108819505031,OK,85.48707753479125,84.02679172968391,68.53689868993236,100.0,22.72,WARN_QVIX_REALTIME_PROXY,OPTBBS_PARSE_300ETF_QVIX_PROXY,,,,True,False,1.0,True,PROXY,True,,,,,23.304607453281594,OK_REPLICA_ROLLING_MEDIAN_BASIS,AVIX_CLEAN_MINUS_PRIOR_252D_MEDIAN_AVIX_QVIX_SPREAD,28.58010311474092,24.491950827932698,94.79768786127167,4588.197,-0.09318040863631494,3832.262,-0.09671256021111718,77.65034053026245,96.71256021111718,83.36900643451887,0.8466453674121406,0.1338094343168577,0.0056380379627889,0.0001879345987596,9.96993046419841,OK,PARSE_EM_ZDFENBU,,2026-07-31T20:16:28+08:00,,0.0,0.0,5321.0,1.0,TIME_UNVERIFIED,,,,,,1.0304289194942562,19.20240995785468,1.0,27924369800.0,27099753580.0,True,True,True,True,True,True,PROXY,,,TIME_UNVERIFIED,,9.96993046419841,76.3,PANIC,恐慌区,WARN_QVIX_REALTIME_PROXY,93.7,100.0,93.7,QVIX_PROXY
2026-08-03,23.478553909434392,OK,87.07753479125249,88.71555449355199,81.73995304786436,60.0,21.09,WARN_QVIX_REALTIME_PROXY,OPTBBS_PARSE_300ETF_QVIX_PROXY,,,,True,False,1.0,True,PROXY,True,,,,,23.866001589745412,OK_REPLICA_ROLLING_MEDIAN_BASIS,AVIX_CLEAN_MINUS_PRIOR_252D_MEDIAN_AVIX_QVIX_SPREAD,28.671544336174705,24.538910326050026,94.82758620689656,4543.178,-0.1020780455912238,3809.663,-0.10203928183186994,85.0650379926865,100.0,89.54552659488054,0.7235772357723578,0.2648599819331527,0.0016260162601626,0.0016260162601626,16.056910569105685,OK,PARSE_SOHU_ZDT,,,,,,,,,,,,,,0.866162982786044,5.5135818988369945,1.0,23204258400.0,26789713785.0,True,True,True,True,True,True,PROXY,,,,,16.056910569105685,74.5,HIGH_RISK,高风险,WARN_QVIX_REALTIME_PROXY,95.2,100.0,95.2,QVIX_PROXY
2026-08-04,21.201162599600103,OK,79.12524850894633,68.08682024103334,37.5370853639247,60.0,21.6,WARN_QVIX_REALTIME_PROXY,OPTBBS_PARSE_300ETF_QVIX_PROXY,,,,True,False,1.0,True,PROXY,True,,,,,21.584870732452316,OK_REPLICA_ROLLING_MEDIAN_BASIS,AVIX_CLEAN_MINUS_PRIOR_252D_MEDIAN_AVIX_QVIX_SPREAD,29.068566847490622,24.43956458303437,96.0,4600.93,-0.09066383538175904,3822.285,-0.09906419973544356,75.55319615146587,99.06419973544357,82.60649722665917,0.6636602780909433,0.3136039083051484,0.0022547914317925,0.0003757985719654,18.038331454340423,OK,PARSE_EM_ZDFENBU,,2026-08-04T20:18:26+08:00,,0.0,0.0,5322.0,1.0,TIME_UNVERIFIED,,,,,,0.904320907614642,8.693408967886832,1.0,24207361100.0,26768551845.0,True,True,True,True,True,True,PROXY,,,TIME_UNVERIFIED,,18.038331454340423,65.5,HIGH_RISK,高风险,WARN_QVIX_REALTIME_PROXY,93.7,100.0,93.7,QVIX_PROXY
2026-08-05,20.691099647267194,OK,74.35387673956262,63.40110885143833,28.526205509293547,100.0,20.51,WARN_QVIX_REALTIME_PROXY,OPTBBS_PARSE_300ETF_QVIX_PROXY,,,,True,False,1.0,True,PROXY,True,,,,,21.078547327578214,OK_REPLICA_ROLLING_MEDIAN_BASIS,AVIX_CLEAN_MINUS_PRIOR_252D_MEDIAN_AVIX_QVIX_SPREAD,29.42051346747509,24.597649606869496,96.02272727272727,4658.155,-0.0793537824097994,3878.43,-0.08583048207549582,66.12815200816617,85.83048207549582,72.03885102836506,0.6779342723004694,0.2905164319248826,0.0020657276995305,0.00037558685446,17.253521126760464,OK,PARSE_EM_ZDFENBU,,2026-08-05T20:16:37+08:00,,0.0,0.0,5325.0,1.0,TIME_UNVERIFIED,,,,,,1.0281684039044348,19.014033658702896,1.0,27692191900.0,26933517695.0,True,True,True,True,True,True,PROXY,,,TIME_UNVERIFIED,,17.253521126760464,66.6,HIGH_RISK,高风险,WARN_QVIX_REALTIME_PROXY,93.7,100.0,93.7,QVIX_PROXY
2026-08-06,20.452637068502078,OK,73.558648111332,61.20771899039122,16.878125623103116,100.0,20.37,WARN_QVIX_REALTIME_PROXY,OPTBBS_PARSE_300ETF_QVIX_PROXY,,,,True,False,1.0,True,PROXY,True,,,,,20.83634520135429,OK_REPLICA_ROLLING_MEDIAN_BASIS,AVIX_CLEAN_MINUS_PRIOR_252D_MEDIAN_AVIX_QVIX_SPREAD,27.757230228590473,24.488303123011107,88.70056497175142,4651.31,-0.0807066406464626,3900.352,-0.06643644035139029,67.25553387205217,66.43644035139029,67.00980581585361,0.5006570302233903,0.472310869157124,0.0167073399662098,0.0015017833677492,32.73418434390836,OK,PARSE_EM_ZDFENBU,,2026-08-06T20:18:59+08:00,,0.0,0.0,5327.0,1.0,TIME_UNVERIFIED,,,,,,0.9248266311644091,10.402219263700756,1.0,24751073000.0,26762932820.0,True,True,True,True,True,True,PROXY,,,TIME_UNVERIFIED,,32.73418434390836,64.9,HIGH_RISK,高风险,WARN_QVIX_REALTIME_PROXY,93.7,100.0,93.7,QVIX_PROXY
2026-08-07,19.44341703248334,OK,63.22067594433399,52.143308789419315,19.730847328261667,100.0,19.5,WARN_QVIX_REALTIME_PROXY,OPTBBS_PARSE_300ETF_QVIX_PROXY,,,,True,False,1.0,True,PROXY,True,,,,,19.818816661310233,OK_REPLICA_ROLLING_MEDIAN_BASIS,AVIX_CLEAN_MINUS_PRIOR_252D_MEDIAN_AVIX_QVIX_SPREAD,27.247818275539682,24.35799527601076,87.64044943820225,4694.437,-0.07218294200912401,3940.037,-0.05504230924385378,60.15245167427001,55.04230924385378,58.61940894514514,0.5226121223494089,0.4522424469881779,0.0163257646838055,0.0020641771439294,32.05573278288602,OK,PARSE_EM_ZDFENBU,,2026-08-07T19:07:52+08:00,,0.0,0.0,5329.0,1.0,TIME_UNVERIFIED,,,,,,0.9042864889836283,8.690540748635687,1.0,23907202000.0,26437641490.0,True,True,True,True,True,True,PROXY,,,TIME_UNVERIFIED,,32.05573278288602,59.7,CAUTION,警戒,WARN_QVIX_REALTIME_PROXY,93.7,100.0,93.7,QVIX_PROXY
2026-08-10,19.446872571399325,OK,63.22067594433399,52.17043590793444,15.656476513955852,100.0,19.59,WARN_QVIX_REALTIME_PROXY,OPTBBS_PARSE_300ETF_QVIX_PROXY,,,,True,False,1.0,True,PROXY,True,,,,,19.819619307606274,OK_REPLICA_ROLLING_MEDIAN_BASIS,AVIX_CLEAN_MINUS_PRIOR_252D_MEDIAN_AVIX_QVIX_SPREAD,26.493113142439768,24.263854623438274,86.03351955307262,4702.025,-0.0706832359025058,3966.594,-0.048673018449525984,58.90269658542151,48.67301844952598,55.833793144652844,0.7390733445882574,0.2479834927780904,0.0226974301256799,0.0035640592759332,25.121928343650293,OK,PARSE_EM_ZDFENBU,,2026-08-10T19:21:37+08:00,,0.0,0.0,5331.0,1.0,TIME_UNVERIFIED,,,,,,0.8160752314138255,1.3396026178187914,1.0,21307599600.0,26109847205.0,True,True,True,True,True,True,PROXY,,,TIME_UNVERIFIED,,25.121928343650293,57.8,CAUTION,警戒,WARN_QVIX_REALTIME_PROXY,93.7,100.0,93.7,QVIX_PROXY
2026-08-11,19.311255954363666,OK,60.437375745526836,50.95344297889822,32.1716697246397,100.0,19.48,WARN_QVIX_REALTIME_PROXY,OPTBBS_300ETF_EOD_QVIX_PROXY_CROSSCHECKED_EASTMONEY_DELAYED,2026-08-11T15:00:38+08:00,303.8,18229,True,True,239,True,CROSS_CONFIRMED|DELAYED|EOD_PROVISIONAL|PROXY,True,EASTMONEY_CFFEX_300INDEX_QVIX_DELAYED,0.991,0.1751,19.304886147148796,19.664308969981146,OK_REPLICA_ROLLING_MEDIAN_BASIS,AVIX_CLEAN_MINUS_PRIOR_252D_MEDIAN_AVIX_QVIX_SPREAD,25.402858523673178,24.294240727395433,82.22222222222221,4663.789,-0.07824026841339882,3934.093,-0.056467886849813964,65.20022367783234,56.467886849813965,62.580522629426824,0.2824456114028507,0.6922355588897224,0.0386346586646661,0.0035633908477119,53.92910727681916,OK,PARSE_EM_ZDFENBU,,2026-08-11T19:05:10+08:00,,0.0,0.0,5332.0,1.0,TIME_UNVERIFIED,,,,,,0.8146157371319179,1.2179780943264904,1.0,20969909800.0,25742087765.0,True,True,True,True,True,True,CROSS_CONFIRMED|DELAYED|EOD_PROVISIONAL|PROXY,18229,,TIME_UNVERIFIED,,53.92910727681916,61.4,HIGH_RISK,高风险,WARN_QVIX_REALTIME_PROXY,92.2,100.0,92.2,QVIX_PROXY
