trade_date,avix,near_expiry,next_expiry,near_dte,next_dte,near_var,next_var,near_n_options,next_n_options,quality,sse_open,sse_close,sse_ret1,sse_ret10,sse_ma5,sse_ma10,sse_prev_close,sse_prev_ma5,s3_signal,s4_signal,s3_s4_signal,s3_buy,s3_sell,s4_buy,s4_sell,s3_s4_buy,s3_s4_sell,s3_sell_reason,s4_sell_reason,s3_s4_sell_reason,execution_trade_date,execution_sse_open,signal_quality
2019-12-23,15.985252291885004,2020-02-21,2020-02-21,60.0,60.0,0.0255528290835214,0.0255528290835214,18.0,18.0,WARN_NOT_BRACKET_30D,2999.036,2962.751,,,,,,,False,False,False,False,False,False,False,False,False,,,,2019-12-24,2965.826,WARN_NOT_BRACKET_30D
2019-12-24,15.314159289699822,2020-02-21,2020-02-21,59.0,59.0,0.0234523474750299,0.0234523474750299,19.0,19.0,WARN_NOT_BRACKET_30D,2965.826,2982.681,0.006726856222476929,,,,2962.751,,False,False,False,False,False,False,False,False,False,,,,2019-12-25,2980.428,WARN_NOT_BRACKET_30D
2019-12-25,14.908624072503116,2020-02-21,2020-02-21,58.0,58.0,0.0222267071735219,0.0222267071735219,19.0,19.0,WARN_NOT_BRACKET_30D,2980.428,2981.881,-0.0002682150722790322,,,,2982.681,,False,False,False,False,False,False,False,False,False,,,,2019-12-26,2981.249,WARN_NOT_BRACKET_30D
2019-12-26,14.65375738780603,2020-02-21,2020-02-21,57.0,57.0,0.0214732605580679,0.0214732605580679,19.0,19.0,WARN_NOT_BRACKET_30D,2981.249,3007.355,0.008542929781570896,,,,2981.881,,False,False,False,False,False,False,False,False,False,,,,2019-12-27,3006.852,WARN_NOT_BRACKET_30D
2019-12-27,15.025494893121945,2020-02-21,2020-02-21,56.0,56.0,0.0225765496783233,0.0225765496783233,19.0,19.0,WARN_NOT_BRACKET_30D,3006.852,3005.036,-0.0007711094965509036,,2987.9408,,3007.355,,False,False,False,False,False,False,False,False,False,,,,2019-12-30,2998.169,WARN_NOT_BRACKET_30D
2019-12-30,16.265988630567662,2020-02-21,2020-02-21,53.0,53.0,0.0264582386129756,0.0264582386129756,19.0,19.0,WARN_NOT_BRACKET_30D,2998.169,3040.024,0.011643121746295115,,3003.3954,,3005.036,2987.9408,False,False,False,False,False,False,False,False,False,,,,2019-12-31,3036.386,WARN_NOT_BRACKET_30D
2019-12-31,17.44079795011284,2020-02-21,2020-02-21,52.0,52.0,0.030418143313666,0.030418143313666,20.0,20.0,WARN_NOT_BRACKET_30D,3036.386,3050.124,0.003322342192035199,,3016.8839999999996,,3040.024,3003.3954,False,False,False,False,False,False,False,False,False,,,,2020-01-02,3066.336,WARN_NOT_BRACKET_30D
2020-01-02,19.08771648372733,2020-02-21,2020-02-21,50.0,50.0,0.0364340920563156,0.0364340920563156,21.0,21.0,WARN_NOT_BRACKET_30D,3066.336,3085.198,0.011499204622500647,,3037.5474,,3050.124,3016.8839999999996,False,False,False,False,False,False,False,False,False,,,,2020-01-03,3089.022,WARN_NOT_BRACKET_30D
2020-01-03,18.80510589020697,2020-02-21,2020-02-21,49.0,49.0,0.0353632007541897,0.0353632007541897,22.0,22.0,WARN_NOT_BRACKET_30D,3089.022,3083.786,-0.0004576691674245126,,3052.8336,,3085.198,3037.5474,False,False,False,False,False,False,False,False,False,,,,2020-01-06,3070.909,WARN_NOT_BRACKET_30D
2020-01-06,19.583319362361497,2020-02-21,2020-02-21,46.0,46.0,0.0383506397248242,0.0383506397248242,22.0,22.0,WARN_NOT_BRACKET_30D,3070.909,3083.408,-0.00012257659902470408,,3068.5080000000003,3028.2244,3083.786,3052.8336,False,False,False,False,False,False,False,False,False,,,,2020-01-07,3085.488,WARN_NOT_BRACKET_30D
2020-01-07,19.812871639927067,2020-02-21,2020-02-21,45.0,45.0,0.0392549882620226,0.0392549882620226,22.0,22.0,WARN_NOT_BRACKET_30D,3085.488,3104.802,0.006938426572156597,0.047945642411393985,3081.4636,3042.4294999999997,3083.408,3068.5080000000003,False,False,False,False,False,False,False,False,False,,,,2020-01-08,3094.239,WARN_NOT_BRACKET_30D
2020-01-08,19.724531660187854,2020-02-21,2020-02-21,44.0,44.0,0.0389057149213752,0.0389057149213752,22.0,22.0,WARN_NOT_BRACKET_30D,3094.239,3066.893,-0.012209796309072263,0.028233659583441817,3084.8174,3050.8507,3104.802,3081.4636,False,False,False,False,False,False,False,False,False,,,,2020-01-09,3082.64,WARN_NOT_BRACKET_30D
2020-01-09,19.05320717617261,2020-02-21,2020-02-21,43.0,43.0,0.0363024703698155,0.0363024703698155,22.0,22.0,WARN_NOT_BRACKET_30D,3082.64,3094.882,0.00912617427474638,0.03789587847402376,3086.7542000000003,3062.1508,3066.893,3084.8174,False,False,False,False,False,False,False,False,False,,,,2020-01-10,3102.294,WARN_NOT_BRACKET_30D
2020-01-10,18.369114971925995,2020-02-21,2020-02-21,42.0,42.0,0.0337424384851835,0.0337424384851835,22.0,22.0,WARN_NOT_BRACKET_30D,3102.294,3092.291,-0.0008371886230233994,0.02824275817121702,3088.4552000000003,3070.6444,3094.882,3086.7542000000003,False,False,False,False,False,False,False,False,False,,,,2020-01-13,3091.493,WARN_NOT_BRACKET_30D
2020-01-13,17.785408946824237,2020-02-21,2020-02-21,39.0,39.0,0.0316320771405775,0.0316320771405775,22.0,22.0,WARN_NOT_BRACKET_30D,3091.493,3115.57,0.007528075462496897,0.03678292040428133,3094.8876000000005,3081.6978,3092.291,3088.4552000000003,False,False,False,False,False,False,False,False,False,,,,2020-01-14,3120.667,WARN_NOT_BRACKET_30D
2020-01-14,17.316200402981966,2020-02-21,2020-02-21,38.0,38.0,0.0299850796396232,0.0299850796396232,23.0,23.0,WARN_NOT_BRACKET_30D,3120.667,3106.82,-0.002808474853718601,0.021972194956355606,3095.2912,3088.3774000000003,3115.57,3094.8876000000005,False,False,False,False,False,False,False,False,False,,,,2020-01-15,3103.175,WARN_NOT_BRACKET_30D
2020-01-15,17.215506083638456,2020-02-21,2020-02-21,37.0,37.0,0.0296373649715792,0.0296373649715792,23.0,23.0,WARN_NOT_BRACKET_30D,3103.175,3090.038,-0.005401664724702493,0.013086025355034892,3099.9202,3092.3688,3106.82,3095.2912,False,False,False,False,False,False,False,False,False,,,,2020-01-16,3095.734,WARN_NOT_BRACKET_30D
2020-01-16,16.457177809640072,2020-02-21,2020-02-21,36.0,36.0,0.0270838701458109,0.0270838701458109,23.0,23.0,WARN_NOT_BRACKET_30D,3095.734,3074.081,-0.005164014164227071,-0.0036033343727046585,3095.76,3091.2571,3090.038,3099.9202,False,False,False,False,False,False,False,False,False,,,,2020-01-17,3081.464,WARN_NOT_BRACKET_30D
2020-01-17,15.345842281185268,2020-02-21,2020-02-21,35.0,35.0,0.0235494875319013,0.0235494875319013,23.0,23.0,WARN_NOT_BRACKET_30D,3081.464,3075.496,0.00046030016775744365,-0.0026882539839016006,3092.4010000000003,3090.4281,3074.081,3095.76,False,False,False,False,False,False,False,False,False,,,,2020-01-20,3082.113,WARN_NOT_BRACKET_30D
2020-01-20,15.64333376474846,2020-02-21,2020-02-21,32.0,32.0,0.0244713891275319,0.0244713891275319,23.0,23.0,WARN_NOT_BRACKET_30D,3082.113,3095.787,0.006597634983105172,0.004014713589638452,3088.4444,3091.666,3075.496,3092.4010000000003,False,False,False,False,False,False,False,False,False,,,,2020-01-21,3085.79,WARN_NOT_BRACKET_30D
2020-01-21,17.363629798034687,2020-02-21,2020-02-21,31.0,31.0,0.0301495639763198,0.0301495639763198,23.0,23.0,WARN_NOT_BRACKET_30D,3085.79,3052.142,-0.014098192155984846,-0.016960823910832423,3077.5088,3086.4,3095.787,3088.4444,False,False,False,False,False,False,False,False,False,,,,2020-01-22,3038.487,WARN_NOT_BRACKET_30D
2020-01-22,17.24583890632801,2020-02-21,2020-02-21,30.0,30.0,0.0297418959583017,0.0297418959583017,23.0,23.0,OK,3038.487,3060.755,0.0028219525828090397,-0.002001374029025449,3071.6521999999995,3085.7862,3052.142,3077.5088,False,False,False,False,False,False,False,False,False,,,,2020-01-23,3037.952,OK
2020-01-23,20.79640414817112,2020-02-21,2020-03-20,29.0,57.0,0.043104017930242,0.0452412228442506,23.0,23.0,OK,3037.952,2976.528,-0.02751837373458521,-0.038241845731113555,3052.1416,3073.9508,3060.755,3071.6521999999995,False,False,False,False,False,False,False,False,False,,,,2020-02-03,2716.698,OK
2020-02-03,28.12080736357792,2020-02-21,2020-03-20,18.0,46.0,0.0983242224058317,0.0690364632547009,23.0,23.0,OK,2716.698,2746.606,-0.07724503179543396,-0.1117892850317127,2986.3635999999997,3039.3823,2976.528,3052.1416,False,False,False,False,False,False,False,False,False,,,,2020-02-04,2685.269,OK
2020-02-04,27.21070453062798,2020-02-21,2020-03-20,17.0,45.0,0.0842513054355997,0.0695921404485224,28.0,28.0,OK,2685.269,2783.288,0.013355392072980088,-0.10665207329637916,2923.8638,3006.1541,2746.606,2986.3635999999997,True,False,True,True,False,False,False,True,False,,,,2020-02-05,2792.371,OK
2020-02-05,25.239353729224856,2020-02-21,2020-03-20,16.0,44.0,0.0698864394887965,0.061453791549838,28.0,28.0,OK,2792.371,2818.088,0.012503197656872134,-0.09293489806297117,2877.053,2977.2809,2783.288,2923.8638,True,False,True,False,False,False,False,False,False,,,,2020-02-06,2826.885,OK
2020-02-06,25.14895166752793,2020-02-21,2020-03-20,15.0,43.0,0.0694874388370239,0.0613603257437759,28.0,28.0,OK,2826.885,2866.51,0.01718257201336515,-0.07233826897921636,2838.204,2954.9281,2818.088,2877.053,True,True,True,False,False,True,False,False,False,,,,2020-02-07,2858.932,OK
2020-02-07,26.45531858511861,2020-02-21,2020-03-20,14.0,42.0,0.0729765691853546,0.0692413428836766,28.0,28.0,OK,2858.932,2875.964,0.0032980872210457424,-0.06444755359406606,2818.0912000000003,2935.1164,2866.51,2838.204,True,False,True,False,False,False,False,False,False,,,,2020-02-10,2860.499,OK
2020-02-10,25.210511423653344,2020-02-21,2020-03-20,11.0,39.0,0.0709013856009592,0.062575753400602,28.0,28.0,OK,2860.499,2890.488,0.005050132755486381,-0.06015550012095616,2846.8676000000005,2916.6156,2875.964,2818.0912000000003,True,False,True,False,False,False,False,False,False,,,,2020-02-11,2894.541,OK
2020-02-11,23.23750364546551,2020-02-21,2020-03-20,10.0,38.0,0.0551264539660205,0.0538793895253319,28.0,28.0,OK,2894.541,2901.674,0.00386993476534081,-0.06270231123782088,2870.5448,2897.2043,2890.488,2846.8676000000005,False,False,False,False,False,False,False,False,False,,,,2020-02-12,2895.556,OK
2020-02-12,21.39061979548984,2020-02-21,2020-03-20,9.0,37.0,0.0451275123916068,0.045806808750432,28.0,28.0,OK,2895.556,2926.899,0.008693257753972228,-0.04103446038880232,2892.307,2884.68,2901.674,2870.5448,False,False,False,False,False,False,False,False,False,,,,2020-02-13,2927.144,OK
2020-02-13,22.13480938190305,2020-02-21,2020-03-20,8.0,36.0,0.0498631206637222,0.0489423639690514,28.0,28.0,OK,2927.144,2906.074,-0.007115038817533392,-0.05053687733908796,2900.2198,2869.2119000000002,2926.899,2892.307,False,False,False,False,False,False,False,False,False,,,,2020-02-14,2899.866,OK
2020-02-14,21.37217933046216,2020-02-21,2020-03-20,7.0,35.0,0.042219720537711,0.0458273216461969,27.0,28.0,OK,2899.866,2917.008,0.003762464410747901,-0.019996452242344143,2908.4285999999997,2863.2599,2906.074,2900.2198,False,False,False,False,False,False,False,False,False,,,,2020-02-17,2924.991,OK
2020-02-17,21.78734231049276,2020-03-20,2020-03-20,32.0,32.0,0.0474688284954587,0.0474688284954587,28.0,28.0,WARN_NOT_BRACKET_30D,2924.991,2983.622,0.022836413201472228,0.08629413902103167,2927.0553999999997,2886.9615,2917.008,2908.4285999999997,False,False,False,False,False,False,False,False,False,,,,2020-02-18,2981.41,WARN_NOT_BRACKET_30D
2020-02-18,22.649040861017195,2020-03-20,2020-03-20,31.0,31.0,0.0512979051924026,0.0512979051924026,28.0,28.0,WARN_NOT_BRACKET_30D,2981.41,2984.972,0.00045247018556660024,0.07246249759277523,2943.715,2907.1299,2983.622,2927.0553999999997,False,False,False,False,False,False,False,False,False,,,,2020-02-19,2979.522,WARN_NOT_BRACKET_30D
2020-02-19,22.949670508004218,2020-03-20,2020-03-20,30.0,30.0,0.0526687376425958,0.0526687376425958,28.0,28.0,OK,2979.522,2975.402,-0.0032060602243505487,0.05582295513837754,2953.4156,2922.8612999999996,2984.972,2943.715,False,False,False,False,False,False,False,False,False,,,,2020-02-20,2981.88,OK
2020-02-20,23.23474686960824,2020-03-20,2020-04-17,29.0,57.0,0.0541835980819245,0.0512619915405922,28.0,27.0,OK,2981.88,3030.154,0.018401547085066028,0.05708823621756065,2978.2316,2939.2257,2975.402,2953.4156,False,False,False,False,False,False,False,False,False,,,,2020-02-21,3022.246,OK
2020-02-21,25.917031455641546,2020-03-20,2020-04-17,28.0,56.0,0.0676889580607769,0.063791162209485,28.0,27.0,OK,3022.246,3039.669,0.003140104430335855,0.05692178344374277,3002.7637999999997,2955.5962,3030.154,2978.2316,False,False,False,False,False,False,False,False,False,,,,2020-02-24,3027.893,OK
2020-02-24,27.19482047634241,2020-03-20,2020-04-17,25.0,53.0,0.0769527028865751,0.0674531688393232,28.0,27.0,OK,3027.893,3031.233,-0.0027753021792832344,0.04869246992203413,3012.286,2969.6706999999997,3039.669,3002.7637999999997,False,False,False,False,False,False,False,False,False,,,,2020-02-25,2982.07,OK
2020-02-25,27.13791379542316,2020-03-20,2020-04-17,24.0,52.0,0.0759861514500768,0.0696874573988981,28.0,27.0,OK,2982.07,3013.05,-0.005998549105265094,0.03838336077726168,3017.9016,2980.8082999999997,3031.233,3012.286,False,False,False,False,False,False,False,False,False,,,,2020-02-26,2978.42,OK
2020-02-26,27.75795570376708,2020-03-20,2020-04-17,23.0,51.0,0.0806408729846624,0.0721927259271732,28.0,27.0,OK,2978.42,2987.929,-0.008337398981098865,0.020851419881588118,3020.407,2986.9112999999998,3013.05,3017.9016,False,False,False,False,False,False,False,False,False,,,,2020-02-27,2992.492,OK
2020-02-27,25.980527894610685,2020-03-20,2020-04-17,22.0,50.0,0.0706386955335145,0.0640448791464892,28.0,27.0,OK,2992.492,2991.329,0.00113791191156154,0.02933683037665258,3012.6420000000003,2995.4368,2987.929,3020.407,False,False,False,False,False,False,False,False,False,,,,2020-02-28,2924.641,OK
2020-02-28,29.05075514298382,2020-03-20,2020-04-17,21.0,49.0,0.0906652377037484,0.0787212371971039,28.0,27.0,OK,2924.641,2880.304,-0.03711560981757611,-0.01258275602946568,2980.7690000000002,2991.7664,2991.329,3012.6420000000003,False,False,False,False,False,False,False,False,False,,,,2020-03-02,2899.31,OK
2020-03-02,27.13921835374109,2020-03-20,2020-04-17,18.0,46.0,0.0815637721221053,0.0695267321529071,28.0,27.0,OK,2899.31,2970.931,0.03146438709247357,-0.004253554907424517,2968.7086000000004,2990.4973,2880.304,2980.7690000000002,False,True,True,False,False,False,False,False,False,,,,2020-03-03,3006.889,OK
2020-03-03,26.27322860392151,2020-03-20,2020-04-17,17.0,45.0,0.0752593696917754,0.0663121268300965,28.0,27.0,OK,3006.889,2992.897,0.0073936419257127906,0.0026549662777406446,2964.678,2991.2898,2970.931,2968.7086000000004,False,False,False,False,False,False,False,False,False,,,,2020-03-04,2981.806,OK
2020-03-04,26.44545994647593,2020-03-20,2020-04-17,16.0,44.0,0.0743056238888363,0.068347366555968,28.0,27.0,OK,2981.806,3011.666,0.006271181400496095,0.01218793292469389,2969.4254,2994.9162000000006,2992.897,2964.678,False,False,False,False,False,False,False,False,False,,,,2020-03-05,3036.155,OK
2020-03-05,25.99714604439001,2020-03-20,2020-04-17,15.0,43.0,0.073014955942332,0.0659435941043815,28.0,27.0,OK,3036.155,3071.677,0.019926180393177617,0.013703263926519993,2985.495,2999.0685000000003,3011.666,2969.4254,False,False,False,False,False,False,False,False,False,,,,2020-03-06,3039.94,OK
2020-03-06,27.48741955049136,2020-03-20,2020-04-17,14.0,42.0,0.0826960662805415,0.0737707626229564,28.0,27.0,OK,3039.94,3034.511,-0.012099579480524869,-0.0016968952869539367,3016.3364,2998.5527,3071.677,2985.495,False,False,False,False,False,False,False,False,False,,,,2020-03-09,2987.181,OK
2020-03-09,32.729316059249406,2020-03-20,2020-04-17,11.0,39.0,0.1380548516512914,0.1029879252116685,28.0,27.0,OK,2987.181,2943.291,-0.03006085659270963,-0.02901195652066335,3010.8084000000003,2989.7585000000004,3034.511,3016.3364,False,False,False,False,False,False,False,False,False,,,,2020-03-10,2918.935,OK
2020-03-10,31.420673471422184,2020-03-20,2020-04-17,10.0,38.0,0.1254118356003661,0.0959168233544478,28.0,27.0,OK,2918.935,2996.762,0.01816707896025238,-0.005405818024924902,3011.5814,2988.1297000000004,2943.291,3010.8084000000003,False,False,False,False,False,False,False,False,False,,,,2020-03-11,3001.762,OK
2020-03-11,31.52031490842201,2020-03-20,2020-04-17,9.0,37.0,0.1231546512766753,0.0974231636182253,28.0,27.0,OK,3001.762,2968.517,-0.009425172903287038,-0.006496807655068215,3002.9516,2986.1885,2996.762,3011.5814,False,False,False,False,False,False,False,False,False,,,,2020-03-12,2936.016,OK
2020-03-12,33.80583992431137,2020-03-20,2020-04-17,8.0,36.0,0.1404107195720255,0.1127000123125613,28.0,27.0,OK,2936.016,2923.486,-0.01516952741048816,-0.02267988576315083,2973.3134,2979.4042,2968.517,3002.9516,False,False,False,False,False,False,False,False,False,,,,2020-03-13,2804.232,OK
2020-03-13,39.39963926631804,2020-03-20,2020-04-17,7.0,35.0,0.2166965381272161,0.1525608365317896,28.0,27.0,OK,2804.232,2887.427,-0.012334247538725918,0.002473002849699313,2943.8966,2980.1165,2923.486,2973.3134,False,False,False,False,False,False,False,False,False,,,,2020-03-16,2897.301,OK
2020-03-16,42.53515246323343,2020-04-17,2020-04-17,32.0,32.0,0.1809239195070512,0.1809239195070512,27.0,27.0,WARN_NOT_BRACKET_30D,2897.301,2789.254,-0.03400016693062724,-0.061151538019563634,2913.0892,2961.9488,2887.427,2943.8966,False,False,False,False,False,False,False,False,False,,,,2020-03-17,2796.284,WARN_NOT_BRACKET_30D
2020-03-17,43.4979395193567,2020-04-17,2020-04-17,31.0,31.0,0.1892070742429613,0.1892070742429613,27.0,27.0,WARN_NOT_BRACKET_30D,2796.284,2779.641,-0.0034464412348247375,-0.07125403914668627,2869.665,2940.6232,2789.254,2913.0892,False,False,False,False,False,False,False,False,False,,,,2020-03-18,2792.322,WARN_NOT_BRACKET_30D
2020-03-18,38.61384448891143,2020-04-17,2020-04-17,30.0,30.0,0.1491028986213835,0.1491028986213835,27.0,27.0,OK,2792.322,2728.756,-0.018306320852225277,-0.09393803960997016,2821.7128000000002,2912.3322,2779.641,2869.665,False,False,False,False,False,False,False,False,False,,,,2020-03-19,2719.406,OK
2020-03-19,40.139953847005806,2020-04-17,2020-05-15,29.0,57.0,0.1643975425297232,0.1161203397502841,28.0,29.0,OK,2719.406,2702.13,-0.009757559855113396,-0.12030789695661359,2777.4415999999997,2875.3774999999996,2728.756,2821.7128000000002,False,False,False,False,False,False,False,False,False,,,,2020-03-20,2727.019,OK
2020-03-20,37.36663182820746,2020-04-17,2020-05-15,28.0,56.0,0.1438481598450995,0.1121858416454577,29.0,30.0,OK,2727.019,2745.618,0.01609397031230908,-0.09520248896774475,2749.0798,2846.4882000000002,2702.13,2777.4415999999997,True,False,True,False,False,False,False,False,False,,,,2020-03-23,2677.591,OK
2020-03-23,39.27479081350463,2020-04-17,2020-05-15,25.0,53.0,0.1668767043857195,0.126855348028503,29.0,30.0,OK,2677.591,2660.167,-0.031122683490565684,-0.0961930030024215,2723.2624000000005,2818.1758,2745.618,2749.0798,False,False,False,False,False,False,False,False,False,,,,2020-03-24,2703.019,OK
2020-03-24,38.75376423918628,2020-04-17,2020-05-15,24.0,52.0,0.1644069656010437,0.126118200480735,30.0,31.0,OK,2703.019,2722.438,0.023408680733202125,-0.09154013565308161,2711.8218,2790.7434000000003,2660.167,2723.2624000000005,True,True,True,False,False,False,False,False,False,,,,2020-03-25,2775.303,OK
2020-03-25,37.48588088497794,2020-04-17,2020-05-15,23.0,51.0,0.15346548563783,0.1230034643071132,30.0,31.0,OK,2775.303,2781.591,0.02172795119668458,-0.06296948947909009,2722.3887999999997,2772.0508,2722.438,2711.8218,True,False,True,False,False,False,False,False,False,,,,2020-03-26,2761.896,OK
2020-03-26,36.2507210165429,2020-04-17,2020-05-15,22.0,50.0,0.1457581445547812,0.1156301435757779,30.0,31.0,OK,2761.896,2764.911,-0.005996568151104831,-0.05424175111493601,2734.9449999999997,2756.1933,2781.591,2722.3887999999997,False,False,False,False,False,False,False,False,False,,,,2020-03-27,2792.984,OK
2020-03-27,36.103163021222194,2020-04-17,2020-05-15,21.0,49.0,0.145629298566073,0.1165141356091616,30.0,31.0,OK,2792.984,2772.203,0.0026373362469895856,-0.039905424448825944,2740.262,2744.6709,2764.911,2734.9449999999997,False,False,False,False,False,False,False,False,False,,,,2020-03-30,2739.719,OK
2020-03-30,34.82958414013529,2020-04-17,2020-05-15,18.0,46.0,0.1396502832542657,0.111741146120021,30.0,31.0,OK,2739.719,2747.214,-0.009014130639062201,-0.015072130397590144,2757.6714,2740.4669,2772.203,2740.262,False,False,False,False,False,False,False,False,False,,,,2020-03-31,2767.307,OK
2020-03-31,32.508174367198194,2020-04-17,2020-05-15,17.0,45.0,0.1210122073046404,0.0989940594788415,30.0,31.0,OK,2767.307,2750.296,0.001121863822767244,-0.010557118707056112,2763.243,2737.5324,2747.214,2757.6714,False,False,False,False,False,False,False,False,False,,,,2020-04-01,2743.541,OK
2020-04-01,30.720481609290097,2020-04-17,2020-05-15,16.0,44.0,0.1065806153470925,0.0899363203701569,30.0,31.0,OK,2743.541,2734.522,-0.005735382664265876,0.002113050782114767,2753.8292,2738.1089999999995,2750.296,2763.243,False,False,False,False,False,False,False,False,False,,,,2020-04-02,2720.228,OK
2020-04-02,29.981017199003595,2020-04-17,2020-05-15,15.0,43.0,0.1003791845707961,0.0867138231950364,30.0,31.0,OK,2720.228,2780.638,0.016864373371287655,0.029054116567300614,2756.9746,2745.9598,2734.522,2753.8292,False,True,True,False,False,False,False,False,False,,,,2020-04-03,2773.576,OK
2020-04-03,31.07788077496956,2020-04-17,2020-05-15,14.0,42.0,0.1137472419943219,0.0922925236843223,30.0,31.0,OK,2773.576,2763.987,-0.00598819407632345,0.0066902970478777135,2755.3314,2747.7967,2780.638,2756.9746,False,False,False,False,False,False,False,False,False,,,,2020-04-07,2806.968,OK
2020-04-07,29.234043834748263,2020-04-17,2020-05-15,10.0,38.0,0.1049485371465104,0.0834118155507443,30.0,31.0,OK,2806.968,2820.763,0.02054134118575801,0.06037064590305796,2770.0411999999997,2763.8563000000004,2763.987,2755.3314,False,False,False,False,False,False,False,False,False,,,,2020-04-08,2805.917,OK
2020-04-08,27.33814430706192,2020-04-17,2020-05-15,9.0,37.0,0.0863732824793464,0.0737939645723493,30.0,31.0,OK,2805.917,2815.369,-0.0019122485653703114,0.03413521262926844,2783.0558,2773.1494,2820.763,2770.0411999999997,False,False,False,False,False,False,False,False,False,,,,2020-04-09,2825.839,OK
2020-04-09,25.649178230444043,2020-04-17,2020-05-15,8.0,36.0,0.0748322333253099,0.0652399011208841,30.0,31.0,OK,2825.839,2825.904,0.003741960645300857,0.015930810820138586,2801.3322,2777.5806999999995,2815.369,2783.0558,False,False,False,False,False,False,False,False,False,,,,2020-04-10,2827.187,OK
2020-04-10,25.124670890864063,2020-04-17,2020-05-15,7.0,35.0,0.0668750816183007,0.0629618577426024,30.0,31.0,OK,2827.187,2796.631,-0.010358809074901387,0.0114723403393453,2804.5308,2780.7527,2825.904,2801.3322,False,False,False,False,False,False,False,False,False,,,,2020-04-13,2784.598,OK
2020-04-13,22.551842353343943,2020-05-15,2020-05-15,32.0,32.0,0.0508585593530077,0.0508585593530077,31.0,31.0,WARN_NOT_BRACKET_30D,2784.598,2783.048,-0.004856915338491197,0.003912051173741604,2808.343,2781.8372,2796.631,2804.5308,False,False,False,False,False,False,False,False,False,,,,2020-04-14,2794.801,WARN_NOT_BRACKET_30D
2020-04-14,21.68254785830306,2020-05-15,2020-05-15,31.0,31.0,0.0470132881627602,0.0470132881627602,31.0,31.0,WARN_NOT_BRACKET_30D,2794.801,2827.283,0.015894443789686852,0.0291455270685137,2809.647,2789.8441,2783.048,2808.343,False,False,False,False,False,False,False,False,False,,,,2020-04-15,2826.662,WARN_NOT_BRACKET_30D
2020-04-15,22.35036430694084,2020-05-15,2020-05-15,30.0,30.0,0.0499538784652975,0.0499538784652975,30.0,30.0,OK,2826.662,2811.174,-0.0056976963395598546,0.022135072006794987,2808.808,2795.9319,2827.283,2809.647,False,False,False,False,False,False,False,False,False,,,,2020-04-16,2798.43,OK
2020-04-16,22.277070797452776,2020-05-15,2020-06-19,29.0,64.0,0.0494991567952148,0.0515931116869398,31.0,28.0,OK,2798.43,2819.935,0.0031164915441022067,0.031235075088077657,2807.6142,2804.4732,2811.174,2808.808,False,False,False,False,False,False,False,False,False,,,,2020-04-17,2835.558,OK
2020-04-17,21.95743128573705,2020-05-15,2020-06-19,28.0,63.0,0.0481022378690038,0.0490242461838588,31.0,28.0,OK,2835.558,2838.495,0.006581711989815275,0.020807095350059868,2815.987,2810.2589,2819.935,2807.6142,False,False,False,False,False,False,False,False,False,,,,2020-04-20,2840.409,OK
2020-04-20,22.802594790586912,2020-05-15,2020-06-19,25.0,60.0,0.0522983368819648,0.0512395730093834,31.0,28.0,OK,2840.409,2852.553,0.00495262454223111,0.03204284245909972,2829.888,2819.1155,2838.495,2815.987,False,False,False,False,False,False,False,False,False,,,,2020-04-21,2842.237,OK
2020-04-21,22.314650162011507,2020-05-15,2020-06-19,24.0,59.0,0.050094506359698,0.0492042452491834,30.0,28.0,OK,2842.237,2827.013,-0.008953383162381146,0.0022157125572053182,2829.834,2819.7405,2852.553,2829.888,False,False,False,False,False,False,False,False,False,,,,2020-04-22,2814.066,OK
2020-04-22,22.56623064161601,2020-05-15,2020-06-19,23.0,58.0,0.0505826806915196,0.0514640492575746,31.0,28.0,OK,2814.066,2843.98,0.006001741060263965,0.010162433414589556,2836.3952,2822.6016,2827.013,2829.834,False,True,True,False,False,False,False,False,False,,,,2020-04-23,2850.51,OK
2020-04-23,21.81277402397776,2020-05-15,2020-06-19,22.0,57.0,0.0465807258578713,0.0488810207360567,31.0,28.0,OK,2850.51,2838.499,-0.0019272287428182544,0.004456980845775282,2840.108,2823.8611,2843.98,2836.3952,False,False,False,False,False,False,False,False,False,,,,2020-04-24,2834.939,OK
2020-04-24,21.058652911871427,2020-05-15,2020-06-19,21.0,56.0,0.042127176672524,0.0467511549511554,31.0,28.0,OK,2834.939,2808.529,-0.01055839723741303,0.004254404674767676,2834.1148000000003,2825.0508999999997,2838.499,2840.108,False,False,False,False,False,False,False,False,False,,,,2020-04-27,2812.242,OK
2020-04-27,20.734224519273013,2020-05-15,2020-06-19,18.0,53.0,0.0412634039567604,0.0441152480118577,30.0,28.0,OK,2812.242,2815.495,0.002480301965904541,0.011658799991951296,2826.7032,2828.2956,2808.529,2834.1148000000003,False,False,False,False,False,False,False,False,False,,,,2020-04-28,2819.991,OK
2020-04-28,20.9505682008226,2020-05-15,2020-06-19,17.0,52.0,0.0413638614159153,0.0452916836743582,31.0,28.0,OK,2819.991,2810.024,-0.001943175178787393,-0.006104447273230118,2823.3054,2826.5697,2815.495,2826.7032,False,False,False,False,False,False,False,False,False,,,,2020-04-29,2801.383,OK
2020-04-29,21.28453152398256,2020-05-15,2020-06-19,16.0,51.0,0.0443938373490338,0.0457310298056616,29.0,28.0,OK,2801.383,2822.442,0.004419179337970203,0.004008289775019325,2818.9978,2827.6964999999996,2810.024,2823.3054,False,False,False,False,False,False,False,False,False,,,,2020-04-30,2832.384,OK
2020-04-30,23.30982204753347,2020-05-15,2020-06-19,15.0,50.0,0.0591085619103763,0.0524252677801242,31.0,28.0,OK,2832.384,2860.082,0.013335969348528653,0.014236852977107528,2823.3144,2831.7112,2822.442,2818.9978,False,False,False,False,False,False,False,False,False,,,,2020-05-06,2831.633,OK
2020-05-06,22.778000680978824,2020-05-15,2020-06-19,9.0,44.0,0.0576138995490187,0.0511023449504374,29.0,29.0,OK,2831.633,2878.14,0.006313804988808069,0.013966908520184118,2837.2366,2835.6757,2860.082,2823.3144,False,False,False,False,False,False,False,False,False,,,,2020-05-07,2876.473,OK
2020-05-07,20.690210966773577,2020-05-15,2020-06-19,8.0,43.0,0.0413707157370482,0.0429665461919183,31.0,29.0,OK,2876.473,2871.523,-0.002299054250314292,0.006650183186780456,2848.4422,2837.5726999999997,2878.14,2837.2366,False,False,False,False,False,False,False,False,False,,,,2020-05-08,2882.708,OK
2020-05-08,20.10816502983725,2020-05-15,2020-06-19,7.0,42.0,0.0391774456163553,0.0405430809102266,30.0,29.0,OK,2882.708,2895.344,0.008295597841284863,0.0241707413443093,2865.5062000000003,2844.4057999999995,2871.523,2848.4422,False,False,False,False,False,False,False,False,False,,,,2020-05-11,2901.574,OK
2020-05-11,20.30582540022649,2020-06-19,2020-06-19,39.0,39.0,0.0412326545184483,0.0412326545184483,29.0,29.0,WARN_NOT_BRACKET_30D,2901.574,2894.802,-0.0001871970998955641,0.017870027215381334,2879.9782,2849.488,2895.344,2865.5062000000003,False,False,False,False,False,False,False,False,False,,,,2020-05-12,2894.617,WARN_NOT_BRACKET_30D
2020-05-12,20.064730888047087,2020-06-19,2020-06-19,38.0,38.0,0.040259342560975,0.040259342560975,29.0,29.0,WARN_NOT_BRACKET_30D,2894.617,2891.556,-0.001121320214646837,0.01869192132884323,2886.273,2854.7936999999997,2894.802,2879.9782,False,False,False,False,False,False,False,False,False,,,,2020-05-13,2882.955,WARN_NOT_BRACKET_30D
2020-05-13,19.93612624314591,2020-06-19,2020-06-19,37.0,37.0,0.0397449129582651,0.0397449129582651,29.0,29.0,WARN_NOT_BRACKET_30D,2882.955,2898.05,0.002245849639432862,0.031874693122271536,2890.255,2863.7458,2891.556,2886.273,False,False,False,False,True,False,True,False,True,AVIX<20,AVIX<20,AVIX<20,2020-05-14,2887.058,WARN_NOT_BRACKET_30D
2020-05-14,19.259372843549816,2020-06-19,2020-06-19,36.0,36.0,0.0370923442326864,0.0370923442326864,29.0,29.0,WARN_NOT_BRACKET_30D,2887.058,2870.342,-0.00956091164748718,0.019480411082243076,2890.0188000000003,2869.2305,2898.05,2890.255,False,False,False,False,False,False,False,False,False,,,,2020-05-15,2880.707,WARN_NOT_BRACKET_30D
2020-05-15,19.125488512216936,2020-06-19,2020-06-19,35.0,35.0,0.0365784310830942,0.0365784310830942,29.0,29.0,WARN_NOT_BRACKET_30D,2880.707,2868.459,-0.0006560193872369169,0.02079519605526503,2884.6418,2875.074,2870.342,2890.0188000000003,False,False,False,False,False,False,False,False,False,,,,2020-05-18,2872.524,WARN_NOT_BRACKET_30D
2020-05-18,18.716896725255648,2020-06-19,2020-06-19,32.0,32.0,0.0350322223023885,0.0350322223023885,29.0,29.0,WARN_NOT_BRACKET_30D,2872.524,2875.418,0.0024260412995271707,0.01876956196088364,2880.7650000000003,2880.3716,2868.459,2884.6418,False,False,False,False,False,False,False,False,False,,,,2020-05-19,2897.687,WARN_NOT_BRACKET_30D
2020-05-19,17.904210833519603,2020-06-19,2020-06-19,31.0,31.0,0.032056076557112,0.032056076557112,29.0,29.0,WARN_NOT_BRACKET_30D,2897.687,2898.576,0.008053785571349836,0.01345905467046049,2882.169,2884.221,2875.418,2880.7650000000003,False,False,False,False,False,False,False,False,False,,,,2020-05-20,2896.466,WARN_NOT_BRACKET_30D
2020-05-20,17.13606416557537,2020-06-19,2020-06-19,30.0,30.0,0.0293644695086716,0.0293644695086716,29.0,29.0,OK,2896.466,2883.738,-0.005119065361750108,0.001945006149804973,2879.3066,2884.7808,2898.576,2882.169,False,False,False,False,False,False,False,False,False,,,,2020-05-21,2890.721,OK
2020-05-21,18.653846640111475,2020-06-19,2020-07-17,29.0,57.0,0.0351253087160608,0.0302811721234977,29.0,21.0,OK,2890.721,2867.924,-0.0054838546358926266,-0.001253341867712754,2878.823,2884.4209,2883.738,2879.3066,False,False,False,False,False,False,False,False,False,,,,2020-05-22,2863.046,OK
2020-05-22,21.60464009996592,2020-06-19,2020-07-17,28.0,56.0,0.0482118457708204,0.0366933578764583,29.0,21.0,OK,2863.046,2813.765,-0.018884391636598497,-0.02817592659110635,2867.8841999999995,2876.263,2867.924,2878.823,False,False,False,False,False,False,False,False,False,,,,2020-05-25,2816.241,OK
2020-05-25,20.00470205239248,2020-06-19,2020-07-17,25.0,53.0,0.0424367985363991,0.0347722324331704,29.0,21.0,OK,2816.241,2817.97,0.0014944389456830187,-0.02654136621433878,2856.3945999999996,2868.5798000000004,2813.765,2867.8841999999995,False,False,False,False,False,False,False,False,False,,,,2020-05-26,2827.897,OK
2020-05-26,19.085384637801628,2020-06-19,2020-07-17,24.0,52.0,0.0377953890573213,0.0341063934187577,29.0,21.0,OK,2827.897,2846.547,0.010140988016196228,-0.015565667758120516,2845.9888,2864.0789,2817.97,2856.3945999999996,False,False,False,False,False,False,False,False,False,,,,2020-05-27,2847.32,OK
2020-05-27,20.305436598145626,2020-06-19,2020-07-17,23.0,51.0,0.0439762796377031,0.037516975888122,29.0,21.0,OK,2847.32,2836.804,-0.0034227434150919667,-0.021133520815720952,2836.602,2857.9543,2846.547,2845.9888,False,False,False,False,False,False,False,False,False,,,,2020-05-28,2838.207,OK
2020-05-28,20.608972738125605,2020-06-19,2020-07-17,22.0,50.0,0.0454233319264012,0.0392275839183276,29.0,21.0,OK,2838.207,2846.222,0.003319933277025955,-0.008403179830138718,2832.2616000000003,2855.5423,2836.804,2836.602,False,False,False,False,False,False,False,False,False,,,,2020-05-29,2835.584,OK
2020-05-29,20.69606420047175,2020-06-19,2020-07-17,21.0,49.0,0.0465162850027029,0.0394999465956589,29.0,21.0,OK,2835.584,2852.351,0.0021533808676905686,-0.00561555873728703,2839.9788,2853.9314999999997,2846.222,2832.2616000000003,False,False,False,False,False,False,False,False,False,,,,2020-06-01,2871.964,OK
2020-06-01,19.483499089807683,2020-06-19,2020-07-17,18.0,46.0,0.0404002431037501,0.0366878548475598,29.0,21.0,OK,2871.964,2915.431,0.022115090323736375,0.01391554201858658,2859.471,2857.9328,2852.351,2839.9788,False,False,False,False,False,False,False,False,False,,,,2020-06-02,2916.317,OK
2020-06-02,18.96325104152833,2020-06-19,2020-07-17,17.0,45.0,0.038790999493486,0.034726676742802,29.0,21.0,OK,2916.317,2921.398,0.002046695668667997,0.007873521342893985,2874.4412,2860.215,2915.431,2859.471,False,False,False,False,False,False,False,False,False,,,,2020-06-03,2930.391,OK
2020-06-03,19.33077431114997,2020-06-19,2020-07-17,16.0,44.0,0.040815502266014,0.0361142040126242,29.0,21.0,OK,2930.391,2923.371,0.000675361590581014,0.013743620259538236,2891.7546,2864.1783,2921.398,2874.4412,False,False,False,False,False,False,False,False,False,,,,2020-06-04,2931.838,OK
2020-06-04,19.45524013398641,2020-06-19,2020-07-17,15.0,43.0,0.0416509130471545,0.0367017161615119,29.0,21.0,OK,2931.838,2919.251,-0.0014093318980039626,0.017896917770484855,2906.3604,2869.311,2923.371,2891.7546,False,False,False,False,False,False,False,False,False,,,,2020-06-05,2923.189,OK
2020-06-05,19.14376759542925,2020-06-19,2020-07-17,14.0,42.0,0.0392910085632099,0.0359877275776733,29.0,21.0,OK,2923.189,2930.799,0.003955809212705441,0.041593381110362815,2922.05,2881.0144,2919.251,2906.3604,False,False,False,False,False,False,False,False,False,,,,2020-06-08,2941.982,OK
2020-06-08,18.60951582661654,2020-06-19,2020-07-17,11.0,39.0,0.0363980384682866,0.0343953803683283,30.0,22.0,OK,2941.982,2937.771,0.002378873474434773,0.04251322760710741,2926.518,2892.9945,2930.799,2922.05,False,False,False,False,False,False,False,False,False,,,,2020-06-09,2939.535,OK
2020-06-09,19.130486841667587,2020-06-19,2020-07-17,10.0,38.0,0.038156650659069,0.0364334371031693,30.0,22.0,OK,2939.535,2956.112,0.006243168715328595,0.038490493921231606,2933.4608,2903.951,2937.771,2926.518,False,False,False,False,False,False,False,False,False,,,,2020-06-10,2951.278,OK
2020-06-10,19.19988014648876,2020-06-19,2020-07-17,9.0,37.0,0.0403576187964292,0.0365802360586174,30.0,23.0,OK,2951.278,2943.753,-0.004180829413770515,0.037700524956958636,2937.5372,2914.6459000000004,2956.112,2933.4608,False,False,False,False,False,False,False,False,False,,,,2020-06-11,2939.791,OK
2020-06-11,20.076153373904923,2020-06-19,2020-07-17,8.0,36.0,0.039991392213288,0.0403242116847685,30.0,23.0,OK,2939.791,2920.897,-0.007764238371901544,0.026236533903539305,2937.8664,2922.1133999999997,2943.753,2937.5372,False,False,False,False,False,False,False,False,False,,,,2020-06-12,2876.803,OK
2020-06-12,19.53624007050726,2020-06-19,2020-07-17,7.0,35.0,0.0386122330582947,0.0381470865027691,30.0,23.0,OK,2876.803,2919.741,-0.00039576883402592244,0.023626124554797068,2935.6548,2928.8524,2920.897,2937.8664,False,False,False,False,False,False,False,False,False,,,,2020-06-15,2908.277,OK
2020-06-15,20.07515392024146,2020-07-17,2020-07-17,32.0,32.0,0.0403011804921386,0.0403011804921386,23.0,23.0,WARN_NOT_BRACKET_30D,2908.277,2890.031,-0.010175560092487657,-0.008712262440784935,2926.1068,2926.3124,2919.741,2935.6548,False,False,False,False,False,False,False,False,False,,,,2020-06-16,2912.825,WARN_NOT_BRACKET_30D
2020-06-16,18.94567336005019,2020-07-17,2020-07-17,31.0,31.0,0.0358938539065715,0.0358938539065715,23.0,23.0,WARN_NOT_BRACKET_30D,2912.825,2931.749,0.014435139277052755,0.003543166661988506,2921.2342,2927.3475,2890.031,2926.1068,False,False,False,False,False,False,False,False,False,,,,2020-06-17,2932.671,WARN_NOT_BRACKET_30D
2020-06-17,19.48458364424201,2020-07-17,2020-07-17,30.0,30.0,0.0379648999789463,0.0379648999789463,22.0,22.0,OK,2932.671,2935.873,0.0014066688519378534,0.004276569754574355,2919.6582,2928.5977,2931.749,2921.2342,False,False,False,False,False,False,False,False,False,,,,2020-06-18,2929.88,OK
2020-06-18,19.08164338117809,2020-07-17,2020-08-21,29.0,64.0,0.0364454503362231,0.0358787961212811,23.0,21.0,OK,2929.88,2939.315,0.0011723940374805952,0.006872995847222452,2923.3417999999997,2930.6041,2935.873,2919.6582,False,False,False,False,False,False,False,False,False,,,,2020-06-19,2938.789,OK
2020-06-19,20.256773211591405,2020-07-17,2020-08-21,28.0,63.0,0.0412034100800689,0.0397890435343666,23.0,21.0,OK,2938.789,2967.634,0.00963455771157573,0.01256824504171039,2932.9204,2934.2876,2939.315,2923.3417999999997,False,False,False,False,False,False,False,False,False,,,,2020-06-22,2966.901,OK
2020-06-22,21.39256131748276,2020-07-17,2020-08-21,25.0,60.0,0.0472984984145093,0.0419283418665176,24.0,22.0,OK,2966.901,2965.272,-0.0007959202516213404,0.009361178934641279,2947.9686,2937.0377,2967.634,2932.9204,False,False,False,False,False,False,False,False,False,,,,2020-06-23,2960.888,OK
2020-06-23,22.073414893120816,2020-07-17,2020-08-21,24.0,59.0,0.050661672756228,0.0449130465855064,24.0,22.0,OK,2960.888,2970.62,0.0018035444977728687,0.004907797810096426,2955.7428,2938.4885,2965.272,2947.9686,False,False,False,False,False,False,False,False,False,,,,2020-06-24,2972.983,OK
2020-06-24,22.192457168630227,2020-07-17,2020-08-21,23.0,58.0,0.0515706619273879,0.0455702832828037,24.0,22.0,OK,2972.983,2979.551,0.0030064430994203306,0.012160667012483639,2964.4784,2942.0683,2970.62,2955.7428,False,False,False,False,False,False,False,False,False,,,,2020-06-29,2973.076,OK
2020-06-29,20.80161564425082,2020-07-17,2020-08-21,18.0,53.0,0.0458331358224284,0.0416027345561074,25.0,23.0,OK,2973.076,2961.516,-0.006052925423998379,0.013906344523617387,2968.9186,2946.1302000000005,2979.551,2964.4784,False,False,False,False,False,False,False,False,False,,,,2020-06-30,2965.105,OK
2020-06-30,19.37663066863392,2020-07-17,2020-08-21,17.0,52.0,0.0388003825456136,0.0368510467679706,25.0,23.0,OK,2965.105,2984.674,0.007819643723012026,0.022239301362689368,2972.3265999999994,2952.6235,2961.516,2968.9186,False,False,False,False,False,False,False,False,False,,,,2020-07-01,2991.181,OK
2020-07-01,20.30872390661672,2020-07-17,2020-08-21,16.0,51.0,0.044869026291009,0.0395387327329347,25.0,23.0,OK,2991.181,3025.981,0.013839702426462708,0.04704101789911608,2984.4684,2966.2185,2984.674,2972.3265999999994,False,False,False,False,False,False,False,False,False,,,,2020-07-02,3023.719,OK
2020-07-02,23.00295416179585,2020-07-17,2020-08-21,15.0,50.0,0.0596473834685725,0.0502200726363263,27.0,25.0,OK,3023.719,3090.569,0.021344482995762304,0.05417244109233099,3008.4582,2982.1005,3025.981,2984.4684,False,False,False,False,False,False,False,False,False,,,,2020-07-03,3103.995,OK
2020-07-03,24.920584505191893,2020-07-17,2020-08-21,14.0,49.0,0.0716057994351263,0.0588795768095656,29.0,27.0,OK,3103.995,3152.813,0.020139980696111337,0.0738928420950089,3043.1106,3003.7945,3090.569,3008.4582,False,False,False,False,False,False,False,False,False,,,,2020-07-06,3187.839,OK
2020-07-06,31.265706976587776,2020-07-17,2020-08-21,11.0,46.0,0.1506431629468336,0.087104083249052,31.0,29.0,OK,3187.839,3332.881,0.057113441234859064,0.1338971835274545,3117.3836,3043.1511,3152.813,3043.1106,False,False,False,False,False,False,False,False,False,,,,2020-07-07,3380.954,OK
2020-07-07,32.17733780135993,2020-07-17,2020-08-21,10.0,45.0,0.1403610564963412,0.0974009485152729,35.0,33.0,OK,3380.954,3345.337,0.0037373071525805823,0.12727411803477118,3189.5161999999996,3080.9214,3332.881,3117.3836,False,False,False,False,False,False,False,False,False,,,,2020-07-08,3337.552,OK
2020-07-08,32.33048329494749,2020-07-17,2020-08-21,9.0,44.0,0.1412482531786066,0.0995184370761989,35.0,33.0,OK,3337.552,3403.44,0.01736835481746679,0.14776654553106772,3265.008,3124.7382000000002,3345.337,3189.5161999999996,False,False,False,False,False,False,False,False,False,,,,2020-07-09,3403.483,OK
2020-07-09,32.14204334333102,2020-07-17,2020-08-21,8.0,43.0,0.1415271621434464,0.099109751497845,36.0,34.0,OK,3403.483,3450.594,0.013854805725971309,0.1615736782220547,3337.013,3172.7356,3403.44,3265.008,False,False,False,False,False,False,False,False,False,,,,2020-07-10,3418.935,OK
2020-07-10,32.307183055724714,2020-07-17,2020-08-21,7.0,42.0,0.1150420416539233,0.103447874312279,36.0,35.0,OK,3418.935,3383.322,-0.019495773771124658,0.13551404221642804,3383.1148000000003,3213.1127,3450.594,3337.013,False,False,False,False,False,False,False,False,False,,,,2020-07-13,3379.387,OK
2020-07-13,29.255692504700537,2020-08-21,2020-08-21,39.0,39.0,0.0855895543929591,0.0855895543929591,35.0,35.0,WARN_NOT_BRACKET_30D,3379.387,3443.286,0.017723409122749834,0.1626768182241798,3405.1958,3261.2897,3383.322,3383.1148000000003,False,False,False,False,False,False,False,False,False,,,,2020-07-14,3435.024,WARN_NOT_BRACKET_30D
2020-07-14,30.21363031617418,2020-08-21,2020-08-21,38.0,38.0,0.0912863456882439,0.0912863456882439,35.0,35.0,WARN_NOT_BRACKET_30D,3435.024,3414.619,-0.008325477465421116,0.14405090807237242,3419.0522000000005,3304.2841999999996,3443.286,3405.1958,False,False,False,False,False,False,False,False,False,,,,2020-07-15,3422.078,WARN_NOT_BRACKET_30D
2020-07-15,30.37210570243881,2020-08-21,2020-08-21,37.0,37.0,0.0922464804800116,0.0922464804800116,35.0,35.0,WARN_NOT_BRACKET_30D,3422.078,3361.304,-0.015613747829552937,0.11081464159887311,3410.625,3337.8165,3414.619,3419.0522000000005,False,False,False,False,False,False,False,False,False,,,,2020-07-16,3356.359,WARN_NOT_BRACKET_30D
2020-07-16,33.70546420753829,2020-08-21,2020-08-21,36.0,36.0,0.1136058317445645,0.1136058317445645,35.0,35.0,WARN_NOT_BRACKET_30D,3356.359,3210.099,-0.04498403000740192,0.03867572605562275,3362.5260000000003,3349.7695,3361.304,3410.625,False,False,False,False,False,False,False,False,False,,,,2020-07-17,3214.402,WARN_NOT_BRACKET_30D
2020-07-17,28.51069577418614,2020-08-21,2020-08-21,35.0,35.0,0.0812859773528195,0.0812859773528195,35.0,35.0,WARN_NOT_BRACKET_30D,3214.402,3214.129,0.0012554129950508308,0.0194480294264201,3328.6874,3355.9011,3210.099,3362.5260000000003,False,False,False,False,False,False,False,False,False,,,,2020-07-20,3243.911,WARN_NOT_BRACKET_30D
2020-07-20,29.45724437190902,2020-08-21,2020-08-21,32.0,32.0,0.0867729245986365,0.0867729245986365,35.0,35.0,WARN_NOT_BRACKET_30D,3243.911,3314.149,0.031118850550180044,-0.005620362683216085,3302.8599999999997,3354.0279,3214.129,3328.6874,False,True,True,False,False,True,False,True,False,,,,2020-07-21,3330.547,WARN_NOT_BRACKET_30D
2020-07-21,28.373683787797937,2020-08-21,2020-08-21,31.0,31.0,0.0805065931689947,0.0805065931689947,35.0,35.0,WARN_NOT_BRACKET_30D,3330.547,3320.895,0.0020355149994764066,-0.0073062893215242175,3284.1152,3351.5837,3314.149,3302.8599999999997,False,False,False,False,False,False,False,False,False,,,,2020-07-22,3315.182,WARN_NOT_BRACKET_30D
2020-07-22,27.85760024559552,2020-08-21,2020-08-21,30.0,30.0,0.0776045891443403,0.0776045891443403,35.0,35.0,OK,3315.182,3333.164,0.003694485974413686,-0.020648520320616703,3278.4872000000005,3344.5561000000002,3320.895,3284.1152,False,False,False,False,False,False,False,False,False,,,,2020-07-23,3306.149,OK
2020-07-23,28.58778252953637,2020-08-21,2020-09-18,29.0,57.0,0.082147879559572,0.0759326375642894,35.0,33.0,OK,3306.149,3325.11,-0.0024163227491956762,-0.03636591265156086,3301.4894,3332.0077000000006,3333.164,3278.4872000000005,False,False,False,False,False,False,False,False,False,,,,2020-07-24,3310.645,OK
2020-07-24,32.5261132117741,2020-08-21,2020-09-18,28.0,56.0,0.1086273132507651,0.0873834943688856,35.0,33.0,OK,3310.645,3196.768,-0.038597820823972784,-0.05513929800355988,3298.0172,3313.3523,3325.11,3301.4894,False,False,False,False,False,False,False,False,False,,,,2020-07-27,3210.386,OK
2020-07-27,31.08334414238694,2020-08-21,2020-09-18,25.0,53.0,0.1011178728614059,0.0868523127657083,35.0,33.0,OK,3210.386,3205.227,0.002646110071171881,-0.06913715561240052,3276.2328,3289.5464,3196.768,3298.0172,True,False,True,True,False,False,False,False,False,,,,2020-07-28,3226.133,OK
2020-07-28,30.56533049244881,2020-08-21,2020-09-18,24.0,52.0,0.0984848183010522,0.0848593842900787,35.0,33.0,OK,3226.133,3227.96,0.007092477381477336,-0.05466466390540203,3257.6458,3270.8805,3205.227,3276.2328,True,False,True,False,False,False,False,False,False,,,,2020-07-29,3221.988,OK
2020-07-29,30.99909937052377,2020-08-21,2020-09-18,23.0,51.0,0.1017258932023675,0.0884753590282338,35.0,33.0,OK,3221.988,3294.552,0.02062974758051528,-0.019858959499051587,3249.9234,3264.2053,3227.96,3257.6458,False,True,True,False,False,False,False,False,False,,,,2020-07-30,3299.572,OK
2020-07-30,31.25526448753812,2020-08-21,2020-09-18,22.0,50.0,0.1036725053023497,0.091107471386467,35.0,33.0,OK,3299.572,3286.822,-0.0023462977667373375,0.02390050898741758,3242.2658,3271.8776000000003,3294.552,3249.9234,False,False,False,False,False,False,False,False,False,,,,2020-07-31,3280.796,OK
2020-07-31,31.856048937781665,2020-08-21,2020-09-18,21.0,49.0,0.1087697552507452,0.0948860031400572,35.0,33.0,OK,3280.796,3310.007,0.007053926254600995,0.02983016549740225,3264.9136000000003,3281.4654,3286.822,3242.2658,False,False,False,False,False,False,False,False,False,,,,2020-08-03,3332.183,OK
2020-08-03,33.01146024124313,2020-08-21,2020-09-18,18.0,46.0,0.1238163983405422,0.1012326519704612,35.0,33.0,OK,3332.183,3367.966,0.01751023487261505,0.016238557771542483,3297.4614,3286.8471,3310.007,3264.9136000000003,False,False,False,False,False,False,False,False,False,,,,2020-08-04,3376.44,OK
2020-08-04,31.662374638835683,2020-08-21,2020-09-18,17.0,45.0,0.1117700419209883,0.0952293001757722,35.0,33.0,OK,3376.44,3371.688,0.0011051180445409425,0.015294973192467642,3326.207,3291.9264000000003,3367.966,3297.4614,False,False,False,False,False,False,False,False,False,,,,2020-08-05,3363.332,OK
2020-08-05,31.564652717762,2020-08-21,2020-09-18,16.0,44.0,0.110055737971997,0.095842545445581,35.0,33.0,OK,3363.332,3377.565,0.001743043840355396,0.013320976705616605,3342.8095999999996,3296.3665,3371.688,3326.207,False,False,False,False,False,False,False,False,False,,,,2020-08-06,3380.762,OK
2020-08-06,34.28864856692392,2020-08-21,2020-09-18,15.0,43.0,0.1806147399719132,0.0985114496609954,21.0,23.0,OK,3380.762,3386.463,0.002634442268320658,0.018451419652282253,3362.7378,3302.5018000000005,3377.565,3342.8095999999996,False,False,False,False,False,False,False,False,False,,,,2020-08-07,3370.588,OK
2020-08-07,31.76018535512372,2020-08-21,2020-09-18,14.0,42.0,0.1075552487539525,0.0991998595354887,35.0,33.0,OK,3370.588,3354.035,-0.009575772716252984,0.04919562508133213,3371.5434,3318.2285,3386.463,3362.7378,False,False,False,False,False,False,False,False,False,,,,2020-08-10,3341.528,OK
2020-08-10,31.535219793271523,2020-08-21,2020-09-18,11.0,39.0,0.1115545759419438,0.097829398548155,35.0,33.0,OK,3341.528,3379.252,0.007518406933737953,0.0542941264378467,3373.8006,3335.6310000000003,3354.035,3371.5434,False,True,True,False,False,False,False,False,False,,,,2020-08-11,3379.487,OK
2020-08-11,29.33261159116419,2020-08-21,2020-09-18,10.0,38.0,0.0958846731788364,0.0850039510228598,35.0,33.0,OK,3379.487,3340.29,-0.011529770493588498,0.0347990681421082,3367.5209999999997,3346.864,3379.252,3373.8006,False,False,False,False,False,False,False,False,False,,,,2020-08-12,3327.493,OK
2020-08-12,29.17711133245166,2020-08-21,2020-09-18,9.0,37.0,0.0966458586161887,0.0841966953236905,35.0,33.0,OK,3327.493,3319.266,-0.0062940642878313025,0.00750147516263211,3355.8612000000003,3349.3354,3340.29,3367.5209999999997,False,False,False,False,False,False,False,False,False,,,,2020-08-13,3328.175,OK
2020-08-13,28.30305524651181,2020-08-21,2020-09-18,8.0,36.0,0.0884600020037336,0.0796000082726479,34.0,33.0,OK,3328.175,3320.726,0.000439856281479134,0.010315131151002355,3342.7138,3352.7258,3319.266,3355.8612000000003,False,False,False,False,False,False,False,False,False,,,,2020-08-14,3315.669,OK
2020-08-14,28.31054055162401,2020-08-21,2020-09-18,7.0,35.0,0.0899538235408498,0.0797223596365002,34.0,33.0,OK,3315.669,3360.099,0.011856744579348044,0.015133502738815974,3343.9266000000002,3357.7350000000006,3320.726,3342.7138,False,True,True,False,False,False,False,False,False,,,,2020-08-17,3373.902,OK
2020-08-17,30.56216515985749,2020-09-18,2020-09-18,32.0,32.0,0.0934045939258407,0.0934045939258407,33.0,33.0,WARN_NOT_BRACKET_30D,3373.902,3438.801,0.023422524157770352,0.021031981914306774,3355.8364,3364.8185000000003,3360.099,3343.9266000000002,False,False,False,False,False,False,False,False,False,,,,2020-08-18,3441.934,WARN_NOT_BRACKET_30D
2020-08-18,30.762477190930653,2020-09-18,2020-09-18,31.0,31.0,0.0946330002922528,0.0946330002922528,33.0,33.0,WARN_NOT_BRACKET_30D,3441.934,3451.089,0.0035733384979241833,0.02354933196665887,3377.9962,3372.7586,3438.801,3355.8364,False,False,False,False,False,False,False,False,False,,,,2020-08-19,3444.565,WARN_NOT_BRACKET_30D
2020-08-19,29.44344910620553,2020-09-18,2020-09-18,30.0,30.0,0.0866916695269715,0.0866916695269715,33.0,33.0,OK,3444.565,3408.129,-0.012448244597574876,0.009049122666773268,3395.7688000000003,3375.815,3451.089,3377.9962,False,False,False,False,False,False,False,False,False,,,,2020-08-20,3385.965,OK
2020-08-20,28.07806925698627,2020-09-18,2020-10-16,29.0,57.0,0.0798997354345909,0.0642501211144758,33.0,23.0,OK,3385.965,3363.899,-0.012977795148012339,-0.006662999123274171,3404.4034,3373.5586000000003,3408.129,3395.7688000000003,False,False,False,False,False,False,False,False,False,,,,2020-08-21,3380.227,OK
2020-08-21,28.197666431264743,2020-09-18,2020-10-16,28.0,56.0,0.0816628669593829,0.0655226588906666,33.0,23.0,OK,3380.227,3380.683,0.0049894482563239695,0.00794505722212202,3408.5202,3376.2234000000003,3363.899,3404.4034,False,False,False,False,False,False,False,False,False,,,,2020-08-24,3391.113,OK
2020-08-24,27.387017450777066,2020-09-18,2020-10-16,25.0,53.0,0.079449202800197,0.0653615142536481,33.0,23.0,OK,3391.113,3385.638,0.0014656801598966762,0.00188976732128876,3397.8876000000005,3376.862,3380.683,3408.5202,False,False,False,False,False,False,False,False,False,,,,2020-08-25,3392.88,OK
2020-08-25,26.66180938313134,2020-09-18,2020-10-16,24.0,52.0,0.0771794864798412,0.0607718135370768,33.0,23.0,OK,3392.88,3373.578,-0.0035621055765560072,0.009965601789066136,3382.3854,3380.1908000000003,3385.638,3397.8876000000005,False,False,False,False,False,False,False,False,False,,,,2020-08-26,3371.808,OK
2020-08-26,27.247261689850205,2020-09-18,2020-10-16,23.0,51.0,0.0814810046567035,0.0644464688986195,33.0,23.0,OK,3371.808,3329.739,-0.012994808479305897,0.00315521564104837,3366.7074000000002,3381.2381,3373.578,3382.3854,False,False,False,False,False,False,False,False,False,,,,2020-08-27,3333.491,OK
2020-08-27,26.23027687480304,2020-09-18,2020-10-16,22.0,50.0,0.0760502983528188,0.060830431046953,33.0,23.0,OK,3333.491,3350.113,0.006118797899775208,0.008849570846857002,3363.9502,3384.1767999999997,3329.739,3366.7074000000002,False,False,False,False,False,False,False,False,False,,,,2020-08-28,3346.289,OK
2020-08-28,26.515715028471647,2020-09-18,2020-10-16,21.0,49.0,0.0783825301097379,0.0630030715142593,32.0,23.0,OK,3346.289,3403.807,0.01602751907174471,0.013007950063375961,3368.575,3388.5476000000003,3350.113,3363.9502,False,True,True,False,False,False,False,False,False,,,,2020-08-31,3416.55,OK
2020-08-31,26.71660768611824,2020-09-18,2020-10-16,18.0,46.0,0.0830757401581055,0.0652743939126767,33.0,24.0,OK,3416.55,3395.678,-0.002388208262101843,-0.012540126631346182,3370.583,3384.2353000000003,3403.807,3368.575,False,False,False,False,False,False,False,False,False,,,,2020-09-01,3389.742,OK
2020-09-01,26.67197600587911,2020-09-18,2020-10-16,17.0,45.0,0.0832390558932151,0.0658652346805439,32.0,24.0,OK,3389.742,3410.607,0.004396471043485395,-0.011730210377072225,3377.9888,3380.1871,3395.678,3370.583,False,False,False,False,False,False,False,False,False,,,,2020-09-02,3420.469,OK
2020-09-02,26.75135552259008,2020-09-18,2020-10-16,16.0,44.0,0.0843303141344295,0.0669210251732998,32.0,24.0,OK,3420.469,3404.802,-0.0017020430674070663,-0.0009761954433061826,3393.0013999999996,3379.8544,3410.607,3377.9888,False,False,False,False,False,False,False,False,False,,,,2020-09-03,3404.032,OK
2020-09-03,27.118948544197096,2020-09-18,2020-10-16,15.0,43.0,0.0854610762960053,0.069940820487248,33.0,24.0,OK,3404.032,3384.981,-0.0058214838924554035,0.006267132277158138,3399.975,3381.9626000000003,3404.802,3393.0013999999996,False,False,False,False,False,False,False,False,False,,,,2020-09-04,3336.408,OK
2020-09-04,27.07204532336032,2020-09-18,2020-10-16,14.0,42.0,0.0816405877101522,0.0712018078212213,33.0,24.0,OK,3336.408,3355.367,-0.008748645856505588,-0.007488427634297468,3390.2870000000003,3379.4309999999996,3384.981,3399.975,False,False,False,False,False,False,False,False,False,,,,2020-09-07,3349.918,OK
2020-09-07,27.71981568189412,2020-09-18,2020-10-16,11.0,39.0,0.0969350216204308,0.0741539002704247,33.0,24.0,OK,3349.918,3292.591,-0.018709130774666516,-0.0274828555208797,3369.6696,3370.1263,3355.367,3390.2870000000003,False,False,False,False,False,False,False,False,False,,,,2020-09-08,3301.217,OK
2020-09-08,27.59034663890214,2020-09-18,2020-10-16,10.0,38.0,0.0853840600311532,0.0751478451585646,33.0,24.0,OK,3301.217,3316.417,0.007236246469725538,-0.01694373155148632,3350.8316,3364.4102,3292.591,3369.6696,False,False,False,False,False,False,False,False,False,,,,2020-09-09,3280.997,OK
2020-09-09,28.14462785688509,2020-09-18,2020-10-16,9.0,37.0,0.0893233176982557,0.078392171776093,33.0,24.0,OK,3280.997,3254.628,-0.01863125173945246,-0.022557623885836042,3320.7968,3356.8991,3316.417,3350.8316,False,False,False,False,False,False,False,False,False,,,,2020-09-10,3282.232,OK
2020-09-10,25.823945340545613,2020-09-18,2020-10-16,8.0,36.0,0.0730675186947903,0.0663009544830492,33.0,24.0,OK,3282.232,3234.823,-0.006085180856306827,-0.03441376455062861,3290.7652000000003,3345.3701,3254.628,3320.7968,False,False,False,False,False,False,False,False,False,,,,2020-09-11,3225.784,OK
2020-09-11,25.0641707373196,2020-09-18,2020-10-16,7.0,35.0,0.0554995021907662,0.0631396030090457,33.0,24.0,OK,3225.784,3260.346,0.007890076211279684,-0.04214721927535836,3271.761,3331.024,3234.823,3290.7652000000003,True,False,True,False,False,False,False,False,False,,,,2020-09-14,3275.918,OK
2020-09-14,23.62467337390648,2020-10-16,2020-10-16,32.0,32.0,0.0558125192023765,0.0558125192023765,24.0,24.0,WARN_NOT_BRACKET_30D,3275.918,3278.814,0.005664429480797484,-0.03441551289609912,3269.0055999999995,3319.3376000000003,3260.346,3271.761,False,True,True,False,False,False,False,False,False,,,,2020-09-15,3277.128,WARN_NOT_BRACKET_30D
2020-09-15,22.851532482328945,2020-10-16,2020-10-16,31.0,31.0,0.0522192536790934,0.0522192536790934,24.0,24.0,WARN_NOT_BRACKET_30D,3277.128,3295.68,0.005143933141678714,-0.03369693429937837,3264.8581999999997,3307.8449,3278.814,3269.0055999999995,False,False,False,False,False,False,False,False,False,,,,2020-09-16,3293.168,WARN_NOT_BRACKET_30D
2020-09-16,21.98467718079791,2020-10-16,2020-10-16,30.0,30.0,0.0483326030743896,0.0483326030743896,24.0,24.0,OK,3293.168,3283.924,-0.0035670938926108953,-0.035502211288644725,3270.7174,3295.7571000000003,3295.68,3264.8581999999997,False,False,False,False,False,False,False,False,False,,,,2020-09-17,3277.324,OK
2020-09-17,22.667908637147587,2020-10-16,2020-11-20,29.0,64.0,0.0513374407499486,0.052091594197938,24.0,23.0,OK,3277.324,3270.435,-0.004107585924643775,-0.03383948093061684,3277.8398,3284.3025000000002,3283.924,3270.7174,False,False,False,False,False,False,False,False,False,,,,2020-09-18,3270.911,OK
2020-09-18,23.05597880151901,2020-10-16,2020-11-20,28.0,63.0,0.0527743652636798,0.0559697868130928,24.0,23.0,OK,3270.911,3338.09,0.0206868505260005,-0.005149064170923756,3293.3885999999998,3282.5748,3270.435,3277.8398,False,True,True,False,False,False,False,False,False,,,,2020-09-21,3348.899,OK
2020-09-21,23.4559149520392,2020-10-16,2020-11-20,25.0,60.0,0.0539375784380106,0.0577190350880271,24.0,23.0,OK,3348.899,3316.935,-0.00633745644964645,0.007393569380466536,3301.0127999999995,3285.0091999999995,3338.09,3293.3885999999998,False,False,False,False,False,False,False,False,False,,,,2020-09-22,3290.666,OK
2020-09-22,23.779082602552325,2020-10-16,2020-11-20,24.0,59.0,0.0554519440933017,0.0586925076272815,24.0,23.0,OK,3290.666,3274.302,-0.012853130977845462,-0.01269894588044862,3296.7372000000005,3280.7977,3316.935,3301.0127999999995,False,False,False,False,False,False,False,False,False,,,,2020-09-23,3278.836,OK
2020-09-23,22.82910509573195,2020-10-16,2020-11-20,23.0,58.0,0.0504949312768799,0.0546894295621838,24.0,23.0,OK,3278.836,3279.711,0.0016519551342544236,0.0077068715687320655,3295.8946000000005,3283.3059999999996,3274.302,3296.7372000000005,False,False,False,False,False,False,False,False,False,,,,2020-09-24,3262.879,OK
2020-09-24,23.938327028491056,2020-10-16,2020-11-20,22.0,57.0,0.0569301969539981,0.0577917337856109,24.0,23.0,OK,3262.879,3223.176,-0.017237799306097368,-0.0036005061173361996,3286.4428,3282.1413000000002,3279.711,3295.8946000000005,False,False,False,False,False,False,False,False,False,,,,2020-09-25,3234.374,OK
2020-09-25,24.398589058626367,2020-10-16,2020-11-20,21.0,56.0,0.056526037840856,0.0627824481831813,24.0,23.0,OK,3234.374,3219.418,-0.0011659307465679003,-0.012553268886185687,3262.7084,3278.0485,3223.176,3286.4428,False,False,False,False,False,False,False,False,False,,,,2020-09-28,3224.977,OK
2020-09-28,25.85619557799256,2020-10-16,2020-11-20,18.0,53.0,0.0645690441665383,0.0683418473909283,24.0,23.0,OK,3224.977,3217.535,-0.0005848883245357372,-0.018689379757436675,3242.8284,3271.9206,3219.418,3262.7084,False,False,False,False,False,False,False,False,False,,,,2020-09-29,3231.855,OK
2020-09-29,26.84107575171376,2020-10-16,2020-11-20,17.0,52.0,0.0727656903535074,0.0716452415625118,24.0,23.0,OK,3231.855,3224.359,0.002120878249964653,-0.021640753956694847,3232.8398,3264.7884999999997,3217.535,3242.8284,False,False,False,False,False,False,False,False,False,,,,2020-09-30,3232.71,OK
2020-09-30,26.986361886102173,2020-10-16,2020-11-20,16.0,51.0,0.0738777093542781,0.0723316261638202,24.0,23.0,OK,3232.71,3218.052,-0.0019560476981625996,-0.0200589295001955,3220.5080000000003,3258.2012999999997,3224.359,3232.8398,False,False,False,False,False,False,False,False,False,,,,2020-10-09,3262.611,OK
2020-10-09,22.95789257446747,2020-10-16,2020-11-20,7.0,42.0,0.0459522853319615,0.0532938046951325,24.0,23.0,OK,3262.611,3272.076,0.016787795846679776,0.0005017681134160679,3230.2879999999996,3258.3653999999997,3218.052,3220.5080000000003,False,True,True,False,False,False,False,False,False,,,,2020-10-12,3287.328,OK
2020-10-12,24.89976551573193,2020-11-20,2020-11-20,39.0,39.0,0.0619998322738433,0.0619998322738433,23.0,23.0,WARN_NOT_BRACKET_30D,3287.328,3358.465,0.026401892865569154,0.006103789891824363,3258.0974,3260.4029,3272.076,3230.2879999999996,False,False,False,False,False,False,False,False,False,,,,2020-10-13,3353.121,WARN_NOT_BRACKET_30D
2020-10-13,24.321334622049665,2020-11-20,2020-11-20,38.0,38.0,0.0591527317797711,0.0591527317797711,23.0,23.0,WARN_NOT_BRACKET_30D,3353.121,3359.75,0.0003826152721555509,0.012908000910479167,3286.5404000000003,3264.6843999999996,3358.465,3258.0974,False,False,False,False,False,False,False,False,False,,,,2020-10-14,3353.625,WARN_NOT_BRACKET_30D
2020-10-14,23.67459522151842,2020-11-20,2020-11-20,37.0,37.0,0.0560486458902742,0.0560486458902742,23.0,23.0,WARN_NOT_BRACKET_30D,3353.625,3340.778,-0.005646848723863451,0.020302342300740683,3309.8242,3271.332,3359.75,3286.5404000000003,False,False,False,False,False,False,False,False,False,,,,2020-10-15,3342.922,WARN_NOT_BRACKET_30D
2020-10-15,23.938353619665104,2020-11-20,2020-11-20,36.0,36.0,0.0573044774020133,0.0573044774020133,23.0,23.0,WARN_NOT_BRACKET_30D,3342.922,3332.183,-0.0025727540111913916,0.015998970641010857,3332.6504,3276.5791999999997,3340.778,3309.8242,False,False,False,False,False,False,False,False,False,,,,2020-10-16,3334.457,WARN_NOT_BRACKET_30D
2020-10-16,23.41447047028777,2020-11-20,2020-11-20,35.0,35.0,0.0548237427403978,0.0548237427403978,23.0,23.0,WARN_NOT_BRACKET_30D,3334.457,3336.358,0.0012529323869667763,0.03511505421981309,3345.5068,3287.8974000000003,3332.183,3332.6504,False,False,False,False,False,False,False,False,False,,,,2020-10-19,3351.096,WARN_NOT_BRACKET_30D
2020-10-19,20.915417526276148,2020-11-20,2020-11-20,32.0,32.0,0.0437454690298459,0.0437454690298459,23.0,23.0,WARN_NOT_BRACKET_30D,3351.096,3312.667,-0.007100856682646262,0.028964551978028164,3336.3471999999992,3297.2223,3336.358,3345.5068,False,False,False,False,False,False,False,False,False,,,,2020-10-20,3307.15,WARN_NOT_BRACKET_30D
2020-10-20,21.577212136027896,2020-11-20,2020-11-20,31.0,31.0,0.0465576083563149,0.0465576083563149,23.0,23.0,WARN_NOT_BRACKET_30D,3307.15,3328.103,0.004659689609610718,0.03436419495048226,3330.0178,3308.2790999999997,3312.667,3336.3471999999992,False,False,False,False,False,False,False,False,False,,,,2020-10-21,3332.147,WARN_NOT_BRACKET_30D
2020-10-21,22.288472081716705,2020-11-20,2020-11-20,30.0,30.0,0.0496775987737465,0.0496775987737465,23.0,23.0,OK,3332.147,3325.025,-0.0009248511839927698,0.031220468936616674,3326.8671999999997,3318.3457000000003,3328.103,3330.0178,False,False,False,False,False,False,False,False,False,,,,2020-10-22,3315.821,OK
2020-10-22,22.603752643072085,2020-11-20,2020-12-18,29.0,57.0,0.0506188072931319,0.0576063703089386,23.0,26.0,OK,3315.821,3312.501,-0.003766588221141176,0.02934974326082984,3322.9307999999996,3327.7905999999994,3325.025,3326.8671999999997,False,False,False,False,False,False,False,False,False,,,,2020-10-23,3308.158,OK
2020-10-23,22.50008808883162,2020-11-20,2020-12-18,28.0,56.0,0.0498976241035423,0.0553559163308618,23.0,26.0,OK,3308.158,3277.997,-0.010416298742249586,0.001809554545799008,3311.2585999999997,3328.3827000000006,3312.501,3322.9307999999996,False,False,False,False,False,False,False,False,False,,,,2020-10-26,3258.703,OK
2020-10-26,22.659285653470203,2020-11-20,2020-12-18,25.0,53.0,0.0501860590324966,0.0538575361043831,23.0,26.0,OK,3258.703,3251.119,-0.008199519401634547,-0.03196281634615816,3298.9489999999996,3317.6481,3277.997,3311.2585999999997,False,False,False,False,False,False,False,False,False,,,,2020-10-27,3240.74,OK
2020-10-27,22.813417084801603,2020-11-20,2020-12-18,24.0,52.0,0.0515854987954556,0.0528231556382991,23.0,26.0,OK,3240.74,3254.316,0.000983353731438319,-0.03138150159982145,3284.1916000000006,3307.1047,3251.119,3298.9489999999996,False,False,False,False,False,False,False,False,False,,,,2020-10-28,3256.223,OK
2020-10-28,22.675205385004936,2020-11-20,2020-12-18,23.0,51.0,0.0497452750681792,0.0536775547317944,23.0,26.0,OK,3256.223,3269.238,0.0045852953431688714,-0.021414173584715868,3273.0341999999996,3299.9507,3254.316,3284.1916000000006,False,False,False,False,False,False,False,False,False,,,,2020-10-29,3235.765,OK
2020-10-29,22.64015972740985,2020-11-20,2020-12-18,22.0,50.0,0.0491777213207693,0.0535456413685061,23.0,26.0,OK,3235.765,3272.727,0.0010672211689697342,-0.017842957604669363,3265.0793999999996,3294.0051,3269.238,3273.0341999999996,False,True,True,False,False,False,False,False,False,,,,2020-10-30,3278.631,OK
2020-10-30,23.309880921780213,2020-11-20,2020-12-18,21.0,49.0,0.0539380255809444,0.0546942718243974,23.0,26.0,OK,3278.631,3224.533,-0.014725945671606566,-0.03351708659562325,3254.3866,3282.8226000000004,3272.727,3265.0793999999996,False,False,False,False,False,False,False,False,False,,,,2020-11-02,3228.715,OK
2020-11-02,24.010180729732163,2020-11-20,2020-12-18,18.0,46.0,0.0591958317052054,0.0568417715173017,23.0,26.0,OK,3228.715,3225.12,0.0001820418646669708,-0.026427950651242593,3249.1868,3274.0679,3224.533,3254.3866,False,False,False,False,False,False,False,False,False,,,,2020-11-03,3239.806,OK
2020-11-03,24.10355544325487,2020-11-20,2020-12-18,17.0,45.0,0.0598851771367224,0.0573191729412733,23.0,26.0,OK,3239.806,3271.074,0.01424877213871123,-0.01713558745026822,3252.5384,3268.3650000000002,3225.12,3249.1868,False,True,True,False,False,False,False,False,False,,,,2020-11-04,3273.433,OK
2020-11-04,22.752589247695195,2020-11-20,2020-12-18,16.0,44.0,0.0504564681258088,0.0522449639734788,23.0,26.0,OK,3273.433,3277.44,0.0019461497966721808,-0.014311170592702371,3254.1787999999997,3263.6065,3271.074,3252.5384,False,False,False,False,False,False,False,False,False,,,,2020-11-05,3305.58,OK
2020-11-05,22.470226346350064,2020-11-20,2020-12-18,15.0,43.0,0.0496458398331927,0.0507466531554241,23.0,26.0,OK,3305.58,3320.133,0.013026325424721596,0.0023039993044529083,3263.66,3264.3697,3277.44,3254.1787999999997,False,False,False,False,False,False,False,False,False,,,,2020-11-06,3326.465,OK
2020-11-06,21.8689175541469,2020-11-20,2020-12-18,14.0,42.0,0.0449834981268537,0.0485353198420458,23.0,26.0,OK,3326.465,3312.159,-0.0024017110157935617,0.010421608073466926,3281.1852,3267.7859,3320.133,3263.66,False,False,False,False,False,False,False,False,False,,,,2020-11-09,3329.429,OK
2020-11-09,22.872311062647213,2020-11-20,2020-12-18,11.0,39.0,0.0596346366533314,0.0513362354823558,23.0,26.0,OK,3329.429,3373.734,0.018590593024066626,0.03771470684401268,3310.9080000000004,3280.0474000000004,3312.159,3281.1852,False,False,False,False,False,False,False,False,False,,,,2020-11-10,3387.622,OK
2020-11-10,23.152833071360227,2020-11-20,2020-12-18,10.0,38.0,0.0549000484855785,0.0534690857585481,24.0,27.0,OK,3387.622,3360.149,-0.0040266956434621415,0.032520812361184426,3328.7229999999995,3290.6307,3373.734,3310.9080000000004,False,False,False,False,False,False,False,False,False,,,,2020-11-11,3354.025,OK
2020-11-11,22.18568148010467,2020-11-20,2020-12-18,9.0,37.0,0.0508766821368016,0.0490861568793576,23.0,27.0,OK,3354.025,3342.203,-0.005340834587989951,0.022318656518736324,3341.6756,3297.9271999999996,3360.149,3328.7229999999995,False,False,False,False,False,False,False,False,False,,,,2020-11-12,3344.456,OK
2020-11-12,21.84484631401191,2020-11-20,2020-12-18,8.0,36.0,0.0482941984669807,0.0476849148410859,24.0,27.0,OK,3344.456,3338.679,-0.0010543943620420215,0.02015200167933351,3345.3848,3304.5224000000003,3342.203,3341.6756,False,False,False,False,False,False,False,False,False,,,,2020-11-13,3327.229,OK
2020-11-13,20.94016033442317,2020-11-20,2020-12-18,7.0,35.0,0.0403010939046518,0.0440032896387211,23.0,27.0,OK,3327.229,3310.105,-0.008558474774004954,0.02653779632585551,3344.9740000000006,3313.0796,3338.679,3345.3848,False,False,False,False,False,False,False,False,False,,,,2020-11-16,3325.621,OK
2020-11-16,21.12751497196492,2020-12-18,2020-12-18,32.0,32.0,0.0446371888890601,0.0446371888890601,27.0,27.0,WARN_NOT_BRACKET_30D,3325.621,3346.969,0.011136806838453861,0.037781229845711195,3339.621,3325.2644999999998,3310.105,3344.9740000000006,False,False,False,False,False,False,False,False,False,,,,2020-11-17,3347.151,WARN_NOT_BRACKET_30D
2020-11-17,20.681496739024183,2020-12-18,2020-12-18,31.0,31.0,0.0427724307366267,0.0427724307366267,27.0,27.0,WARN_NOT_BRACKET_30D,3347.151,3339.895,-0.0021135540843073564,0.021039267225382297,3335.5701999999997,3332.1466,3346.969,3339.621,False,False,False,False,False,False,False,False,False,,,,2020-11-18,3337.332,WARN_NOT_BRACKET_30D
2020-11-18,21.2862156654062,2020-12-18,2020-12-18,30.0,30.0,0.0453102977354184,0.0453102977354184,27.0,27.0,OK,3337.332,3347.303,0.0022180338004638145,0.02131633225932439,3336.5902,3339.1328999999996,3339.895,3335.5701999999997,False,False,False,False,False,False,False,False,False,,,,2020-11-19,3339.086,OK
2020-11-19,21.421832555709333,2020-12-18,2021-01-15,29.0,57.0,0.0460602033449899,0.0435444425375462,27.0,22.0,OK,3339.086,3363.088,0.004715736818567073,0.01293773472327775,3341.472,3343.4284,3347.303,3336.5902,False,False,False,False,False,False,False,False,False,,,,2020-11-20,3359.597,OK
2020-11-20,20.692738992075064,2020-12-18,2021-01-15,28.0,56.0,0.0427909442312591,0.043000947742423,27.0,22.0,OK,3359.597,3377.727,0.00435284476647646,0.019796151090572645,3354.9964,3349.9852,3363.088,3341.472,False,False,False,False,False,False,False,False,False,,,,2020-11-23,3384.104,OK
2020-11-23,21.22173658427748,2020-12-18,2021-01-15,25.0,53.0,0.0460656145186684,0.0428025975795184,27.0,22.0,OK,3384.104,3414.49,0.010883946511959008,0.012080383337868428,3368.5005999999994,3354.0608,3377.727,3354.9964,False,False,False,False,False,False,False,False,False,,,,2020-11-24,3407.409,OK
2020-11-24,20.99382077218315,2020-12-18,2021-01-15,24.0,52.0,0.0447710542849783,0.0428945071447228,28.0,23.0,OK,3407.409,3402.823,-0.0034169085280670863,0.012700032052149979,3381.0862,3358.3282,3414.49,3368.5005999999994,False,False,False,False,True,False,False,False,False,holding_80_days,,,2020-11-25,3417.515,OK
2020-11-25,20.13513554018509,2020-12-18,2021-01-15,23.0,51.0,0.0396921113270039,0.0416927160214945,28.0,23.0,OK,3417.515,3362.327,-0.011900707148153056,0.006021178246803149,3384.0910000000003,3360.3406000000004,3402.823,3381.0862,False,False,False,False,False,False,False,False,False,,,,2020-11-26,3360.061,OK
2020-11-26,19.309694273037177,2020-12-18,2021-01-15,22.0,50.0,0.0376963633064485,0.0368355018757211,28.0,23.0,OK,3360.061,3369.733,0.0022026412065214718,0.009301283531600424,3385.4200000000005,3363.446,3362.327,3384.0910000000003,False,False,False,False,False,False,True,False,True,,AVIX<20,AVIX<20,2020-11-27,3373.843,OK
2020-11-27,19.99041346435095,2020-12-18,2021-01-15,21.0,49.0,0.0405924928920393,0.039390912235908,28.0,23.0,OK,3373.843,3408.307,0.011447197745340532,0.029667336836746827,3391.536,3373.2661999999996,3369.733,3385.4200000000005,False,False,False,False,False,False,False,False,False,,,,2020-11-30,3418.158,OK
2020-11-30,20.142479902418035,2020-12-18,2021-01-15,18.0,46.0,0.0412669032360657,0.04020936518847,28.0,23.0,OK,3418.158,3391.755,-0.004856370039435953,0.013381062089311335,3386.989,3377.7447999999995,3408.307,3391.536,False,False,False,False,False,False,False,False,False,,,,2020-12-01,3388.987,OK
2020-12-01,22.26478205566385,2020-12-18,2021-01-15,17.0,45.0,0.0562518771271726,0.0466603333528422,26.0,23.0,OK,3388.987,3451.938,0.017743911337935625,0.03354686300018428,3396.8120000000004,3388.9491000000003,3391.755,3386.989,False,False,False,False,False,False,False,False,False,,,,2020-12-02,3453.518,OK
2020-12-02,22.831322622370404,2020-12-18,2021-01-15,16.0,44.0,0.0586650722657711,0.049749422724278,28.0,23.0,OK,3453.518,3449.381,-0.0007407433157838872,0.03049559600669549,3414.2228000000005,3399.1568999999995,3451.938,3396.8120000000004,False,False,False,False,False,False,False,False,False,,,,2020-12-03,3448.54,OK
2020-12-03,22.65370178063798,2020-12-18,2021-01-15,15.0,43.0,0.0568312962493436,0.0496525184467112,26.0,23.0,OK,3448.54,3442.136,-0.00210037685022324,0.023504588639964075,3428.7034,3407.0616999999997,3449.381,3414.2228000000005,False,False,False,False,False,False,False,False,False,,,,2020-12-04,3436.729,OK
2020-12-04,21.498565408283373,2020-12-18,2021-01-15,14.0,42.0,0.0495508055032623,0.0453858379509642,27.0,23.0,OK,3436.729,3444.581,0.000710314758045616,0.019792600171653962,3435.9582,3413.7470999999996,3442.136,3428.7034,False,False,False,False,False,False,False,False,False,,,,2020-12-07,3446.648,OK
2020-12-07,20.77196934601708,2020-12-18,2021-01-15,11.0,39.0,0.0478252587496879,0.0425225034639382,27.0,23.0,OK,3446.648,3416.604,-0.008122032839407822,0.0006191261359675959,3440.928,3413.9584999999997,3444.581,3435.9582,False,False,False,False,False,False,False,False,False,,,,2020-12-08,3417.694,OK
2020-12-08,19.781029100128418,2020-12-18,2021-01-15,10.0,38.0,0.0431190156545613,0.0387089002335339,28.0,23.0,OK,3417.694,3410.177,-0.001881107672999205,0.0021611467890043645,3432.5758,3414.6938999999998,3416.604,3440.928,False,False,False,False,False,False,False,False,False,,,,2020-12-09,3416.078,OK
2020-12-09,19.589186291058105,2020-12-18,2021-01-15,9.0,37.0,0.0402650266567799,0.0382202648165614,28.0,23.0,OK,3416.078,3371.964,-0.011205576719331645,0.002866169768734439,3417.0924,3415.6576,3410.177,3432.5758,False,False,False,False,False,False,False,False,False,,,,2020-12-10,3365.731,OK
2020-12-10,18.73547069559659,2020-12-18,2021-01-15,8.0,36.0,0.036959256930619,0.0349892122360065,26.0,23.0,OK,3365.731,3373.276,0.00038909074948612066,0.0010514186138781412,3403.3203999999996,3416.0119,3371.964,3417.0924,False,False,False,False,False,False,False,False,False,,,,2020-12-11,3381.008,OK
2020-12-11,19.425902695314328,2020-12-18,2021-01-15,7.0,35.0,0.0372252399234919,0.0377588012757946,28.0,23.0,OK,3381.008,3347.191,-0.007732838937578812,-0.017931483284809757,3383.8424,3409.9003,3373.276,3403.3203999999996,False,False,False,False,False,False,False,False,False,,,,2020-12-14,3349.534,OK
2020-12-14,18.733292405096265,2021-01-15,2021-01-15,32.0,32.0,0.0350936244334837,0.0350936244334837,23.0,23.0,WARN_NOT_BRACKET_30D,3349.534,3369.12,0.0065514636003742854,-0.006673536266623148,3374.3455999999996,3407.6367999999993,3347.191,3383.8424,False,False,False,False,False,False,False,False,False,,,,2020-12-15,3366.581,WARN_NOT_BRACKET_30D
2020-12-15,18.541660417323865,2021-01-15,2021-01-15,31.0,31.0,0.0343793171031354,0.0343793171031354,23.0,23.0,WARN_NOT_BRACKET_30D,3366.581,3367.233,-0.0005600869069667391,-0.02453838973932898,3365.7568,3399.1663,3369.12,3374.3455999999996,False,False,False,False,False,False,False,False,False,,,,2020-12-16,3371.263,WARN_NOT_BRACKET_30D
2020-12-16,19.056288350151725,2021-01-15,2021-01-15,30.0,30.0,0.0363142125684128,0.0363142125684128,23.0,23.0,OK,3371.263,3366.983,-7.42449364210529e-05,-0.023887764210448137,3364.7606,3390.9265,3367.233,3365.7568,False,False,False,False,False,False,False,False,False,,,,2020-12-17,3367.277,OK
2020-12-17,18.55690537024259,2021-01-15,2021-02-19,29.0,64.0,0.0346868590536115,0.0305691304648988,23.0,19.0,OK,3367.277,3404.873,0.01125339807180481,-0.010825545533354797,3371.0800000000004,3387.2002,3366.983,3364.7606,False,False,False,False,False,False,False,False,False,,,,2020-12-18,3400.486,OK
2020-12-18,17.911194788246636,2021-01-15,2021-02-19,28.0,63.0,0.0323020466152208,0.0304607404404748,23.0,19.0,OK,3400.486,3394.896,-0.0029302120813315957,-0.014424105573362933,3380.621,3382.2316999999994,3404.873,3371.0800000000004,False,False,False,False,False,False,False,False,False,,,,2020-12-21,3394.395,OK
2020-12-21,18.890640621257624,2021-01-15,2021-02-19,25.0,60.0,0.0376034519224128,0.030891076272496,23.0,19.0,OK,3394.395,3420.569,0.007562234601590001,0.0011605090903130666,3390.9108,3382.6282,3394.896,3380.621,False,False,False,False,False,False,False,False,False,,,,2020-12-22,3410.968,OK
2020-12-22,18.57841357581745,2021-01-15,2021-02-19,24.0,59.0,0.0364586669393408,0.0306957631768395,23.0,19.0,OK,3410.968,3356.782,-0.018648067032122406,-0.015657545048248234,3388.8206,3377.2887,3420.569,3390.9108,False,False,False,False,False,False,False,False,False,,,,2020-12-23,3362.472,OK
2020-12-23,18.551968200123746,2021-01-15,2021-02-19,23.0,58.0,0.0364606670727202,0.031176749841134,23.0,19.0,OK,3362.472,3382.32,0.0076078815961238,0.0030712071659129148,3391.888,3378.3243,3356.782,3388.8206,False,False,False,False,False,False,False,False,False,,,,2020-12-24,3382.193,OK
2020-12-24,18.36120486487908,2021-01-15,2021-02-19,22.0,57.0,0.0358024322856264,0.030992124674987,23.0,19.0,OK,3382.193,3363.113,-0.005678646609427962,-0.003012798241234904,3383.536,3377.308,3382.32,3391.888,False,False,False,False,False,False,False,False,False,,,,2020-12-25,3351.79,OK
2020-12-25,17.9861526311387,2021-01-15,2021-02-19,21.0,56.0,0.0339139107512221,0.0306561147008879,23.0,19.0,OK,3351.79,3396.563,0.009946142160552007,0.014750278666499916,3383.8694000000005,3382.2452,3363.113,3383.536,False,False,False,False,False,False,False,False,False,,,,2020-12-28,3396.359,OK
2020-12-28,18.38694223628584,2021-01-15,2021-02-19,18.0,53.0,0.0383037310664201,0.0308814749096789,23.0,19.0,OK,3396.359,3397.285,0.00021256782223666448,0.008359749726931653,3379.2126000000003,3385.0616999999997,3396.563,3383.8694000000005,False,False,False,False,False,False,False,False,False,,,,2020-12-29,3399.294,OK
2020-12-29,18.72377402848616,2021-01-15,2021-02-19,17.0,52.0,0.0397517556358877,0.0324611144208703,23.0,19.0,OK,3399.294,3379.036,-0.0053716423555868476,0.003505251938312526,3383.6634000000004,3386.2419999999997,3397.285,3379.2126000000003,False,False,False,False,False,False,False,False,False,,,,2020-12-30,3375.009,OK
2020-12-30,19.090667644095426,2021-01-15,2021-02-19,16.0,51.0,0.0421827816754103,0.0337453955494116,23.0,19.0,OK,3375.009,3414.453,0.010481391734210588,0.014098675282886663,3390.09,3390.989,3379.036,3383.6634000000004,False,False,False,False,False,False,False,False,False,,,,2020-12-31,3419.727,OK
2020-12-31,20.524874023373936,2021-01-15,2021-02-19,15.0,50.0,0.0532721080447375,0.0376690202966568,24.0,20.0,OK,3419.727,3473.069,0.017167024996390445,0.020028940873859202,3412.0811999999996,3397.8086000000003,3414.453,3390.09,False,False,False,False,False,False,False,False,False,,,,2021-01-04,3474.679,OK
2021-01-04,20.967359348491705,2021-01-15,2021-02-19,11.0,46.0,0.0595965695902482,0.0408148402142316,25.0,21.0,OK,3474.679,3502.958,0.00860593325384551,0.0318307247114491,3433.3602,3408.6148000000003,3473.069,3412.0811999999996,False,False,False,False,False,False,False,False,False,,,,2021-01-05,3492.191,OK
2021-01-05,21.053873511361136,2021-01-15,2021-02-19,10.0,45.0,0.0642339136214461,0.0410086665435382,25.0,21.0,OK,3492.191,3528.677,0.0073420806073039024,0.031605268012427246,3459.6385999999998,3419.4256,3502.958,3433.3602,False,False,False,False,False,False,False,False,False,,,,2021-01-06,3530.907,OK
2021-01-06,22.71015303426166,2021-01-15,2021-02-19,9.0,44.0,0.0788065558244917,0.047861725437522,27.0,23.0,OK,3530.907,3550.877,0.006291309745833917,0.05782174713758592,3494.0068,3438.8351000000002,3528.677,3459.6385999999998,False,False,False,False,False,False,False,False,False,,,,2021-01-07,3552.909,OK
2021-01-07,25.168972825510043,2021-01-15,2021-02-19,8.0,43.0,0.1020820480494259,0.0590893998704464,27.0,23.0,OK,3552.909,3576.205,0.0071328857631509646,0.05732308001608355,3526.3572,3458.2236000000003,3550.877,3494.0068,False,False,False,False,False,False,False,False,False,,,,2021-01-08,3577.692,OK
2021-01-08,25.78586755778604,2021-01-15,2021-02-19,7.0,42.0,0.0963672216251121,0.0638931726529991,28.0,24.0,OK,3577.692,3570.108,-0.0017048798936302179,0.06154863068829397,3545.7650000000003,3478.9231,3576.205,3526.3572,False,False,False,False,False,False,False,False,False,,,,2021-01-11,3571.321,OK
2021-01-11,23.5462555450589,2021-02-19,2021-02-19,39.0,39.0,0.0554426150193217,0.0554426150193217,24.0,24.0,WARN_NOT_BRACKET_30D,3571.321,3531.498,-0.010814798880033893,0.0397269239522422,3551.4730000000004,3492.4165999999996,3570.108,3545.7650000000003,False,False,False,False,False,False,False,False,False,,,,2021-01-12,3518.011,WARN_NOT_BRACKET_30D
2021-01-12,24.64710979349353,2021-02-19,2021-02-19,38.0,38.0,0.0607480021172524,0.0607480021172524,24.0,24.0,WARN_NOT_BRACKET_30D,3518.011,3608.339,0.021758755066546787,0.062124313974247114,3567.4054000000006,3513.522,3531.498,3551.4730000000004,False,True,True,False,False,True,False,True,False,,,,2021-01-13,3613.281,WARN_NOT_BRACKET_30D
2021-01-13,24.50491846691543,2021-02-19,2021-02-19,37.0,37.0,0.0600491029070173,0.0600491029070173,25.0,25.0,WARN_NOT_BRACKET_30D,3613.281,3598.652,-0.0026846147216211813,0.06499368458933263,3576.9604,3535.4836000000005,3608.339,3567.4054000000006,False,False,False,False,False,False,False,False,False,,,,2021-01-14,3584.932,WARN_NOT_BRACKET_30D
2021-01-14,24.07879351985803,2021-02-19,2021-02-19,36.0,36.0,0.0579788297371957,0.0579788297371957,25.0,25.0,WARN_NOT_BRACKET_30D,3584.932,3565.905,-0.009099796257042825,0.0443561530939216,3574.9004,3550.6288,3598.652,3576.9604,False,False,False,False,False,False,False,False,False,,,,2021-01-15,3566.285,WARN_NOT_BRACKET_30D
2021-01-15,22.85333828152772,2021-02-19,2021-02-19,35.0,35.0,0.052227507060994,0.052227507060994,25.0,25.0,WARN_NOT_BRACKET_30D,3566.285,3566.378,0.0001326451489873648,0.026866440027537575,3574.1544000000004,3559.9597000000003,3565.905,3574.9004,False,False,False,False,False,False,False,False,False,,,,2021-01-18,3554.798,WARN_NOT_BRACKET_30D
2021-01-18,23.258658843695645,2021-02-19,2021-02-19,32.0,32.0,0.0540965211207421,0.0540965211207421,25.0,25.0,WARN_NOT_BRACKET_30D,3554.798,3596.224,0.008368714701582292,0.026624926704801988,3587.0996,3569.2862999999998,3566.378,3574.1544000000004,False,True,True,False,False,False,False,False,False,,,,2021-01-19,3596.356,WARN_NOT_BRACKET_30D
2021-01-19,23.48249870498228,2021-02-19,2021-02-19,31.0,31.0,0.0551427745429494,0.0551427745429494,25.0,25.0,WARN_NOT_BRACKET_30D,3596.356,3566.381,-0.008298426349415466,0.01068502444400532,3578.708,3573.0567,3596.224,3587.0996,False,False,False,False,False,False,False,False,False,,,,2021-01-20,3564.121,WARN_NOT_BRACKET_30D
2021-01-20,23.185973085352344,2021-02-19,2021-02-19,30.0,30.0,0.0537589347914683,0.0537589347914683,25.0,25.0,OK,3564.121,3583.092,0.004685702396911573,0.00907240661954778,3575.596,3576.2781999999997,3566.381,3578.708,False,True,True,False,False,False,False,False,False,,,,2021-01-21,3590.925,OK
2021-01-21,23.694773413069043,2021-02-19,2021-03-19,29.0,57.0,0.0562306117683876,0.0549575982714721,25.0,28.0,OK,3590.925,3621.264,0.010653368654782058,0.012599669202408847,3586.6678,3580.7841,3583.092,3575.596,False,False,False,False,False,False,False,False,False,,,,2021-01-22,3616.54,OK
2021-01-22,22.3810198285422,2021-02-19,2021-03-19,28.0,56.0,0.0500327793882986,0.0504694704002576,25.0,28.0,OK,3616.54,3606.75,-0.004007992789258119,0.010263555052115958,3594.7421999999997,3584.4483,3621.264,3586.6678,False,False,False,False,False,False,False,False,False,,,,2021-01-25,3605.361,OK
2021-01-25,23.14322388955321,2021-02-19,2021-03-19,25.0,53.0,0.0536385918312456,0.0533922637932099,25.0,28.0,OK,3605.361,3624.238,0.004848686490607879,0.026260810568206505,3600.345,3593.7223,3606.75,3594.7421999999997,False,False,False,False,False,False,False,False,False,,,,2021-01-26,3610.969,OK
2021-01-26,23.10891345153276,2021-02-19,2021-03-19,24.0,52.0,0.0528161759963233,0.0543939008667228,25.0,28.0,OK,3610.969,3569.429,-0.015122903076453476,-0.010783354889881469,3600.9546,3589.8313000000003,3624.238,3600.345,False,False,False,False,False,False,False,False,False,,,,2021-01-27,3567.549,OK
2021-01-27,23.06038917928192,2021-02-19,2021-03-19,23.0,51.0,0.0520485137483615,0.0547064929522032,25.0,28.0,OK,3567.549,3573.341,0.0010959736137068354,-0.007033466975967739,3599.0044000000003,3587.3002,3569.429,3600.9546,False,False,False,False,False,False,False,False,False,,,,2021-01-28,3534.669,OK
2021-01-28,24.79181390895408,2021-02-19,2021-03-19,22.0,50.0,0.058840213762027,0.0643489126099741,25.0,28.0,OK,3534.669,3505.176,-0.019075985191449707,-0.01703045930836644,3575.7868000000003,3581.2273,3573.341,3599.0044000000003,False,False,False,False,False,False,False,False,False,,,,2021-01-29,3521.718,OK
2021-01-29,24.953426088165163,2021-02-19,2021-03-19,21.0,49.0,0.0599570045063785,0.0643576575489949,25.0,28.0,OK,3521.718,3483.069,-0.006306958623475634,-0.023359554147092676,3551.0506,3572.8964,3505.176,3575.7868000000003,False,False,False,False,False,False,False,False,False,,,,2021-02-01,3477.172,OK
2021-02-01,25.482082613306595,2021-02-19,2021-03-19,18.0,46.0,0.0618428960748631,0.066546222486586,25.0,28.0,OK,3477.172,3505.284,0.006377995957013827,-0.025287635030520894,3527.2598,3563.8023999999996,3483.069,3551.0506,False,False,False,False,False,False,False,False,False,,,,2021-02-02,3510.808,OK
2021-02-02,24.04502495597277,2021-02-19,2021-03-19,17.0,45.0,0.0532098640277328,0.0598242659557775,25.0,28.0,OK,3510.808,3533.685,0.008102339211316423,-0.009167837087512454,3520.111,3560.5328,3505.284,3527.2598,False,True,True,False,False,False,False,False,False,,,,2021-02-03,3531.149,OK
2021-02-03,23.539658891883107,2021-02-19,2021-03-19,16.0,44.0,0.0484285198108235,0.0579508392614566,25.0,28.0,OK,3531.149,3517.308,-0.004634538732229965,-0.01835956207655287,3508.9043999999994,3553.9544,3533.685,3520.111,False,False,False,False,False,False,False,False,False,,,,2021-02-04,3503.779,OK
2021-02-04,24.14858179363909,2021-02-19,2021-03-19,15.0,43.0,0.0502936726758085,0.0607405737214261,25.0,28.0,OK,3503.779,3501.859,-0.004392279550155975,-0.03297329330311194,3508.2409999999995,3542.0139000000004,3517.308,3508.9043999999994,False,False,False,False,False,False,False,False,False,,,,2021-02-05,3509.487,OK
2021-02-05,23.849140190750457,2021-02-19,2021-03-19,14.0,42.0,0.0382759250612649,0.0615287047144423,25.0,28.0,OK,3509.487,3496.333,-0.0015780189893425112,-0.030613987662022613,3510.8938000000003,3530.9722,3501.859,3508.2409999999995,False,False,False,False,False,False,False,False,False,,,,2021-02-08,3504.563,OK
2021-02-08,23.98287034067821,2021-02-19,2021-03-19,11.0,39.0,0.0401319640197279,0.0598406119073963,25.0,28.0,OK,3504.563,3532.447,0.010329107667948145,-0.025326979078084788,3516.3264000000004,3521.7931,3496.333,3510.8938000000003,False,True,True,False,False,False,False,False,False,,,,2021-02-09,3539.773,OK
2021-02-09,23.84326471517624,2021-02-19,2021-03-19,10.0,38.0,0.0403261098220359,0.0585894974810348,24.0,28.0,OK,3539.773,3603.489,0.02011127130852919,0.009542142454717517,3530.2871999999998,3525.1991000000003,3532.447,3516.3264000000004,False,False,False,False,False,False,False,False,False,,,,2021-02-10,3612.613,OK
2021-02-10,25.68338495604468,2021-02-19,2021-03-19,9.0,37.0,0.0481243262278816,0.0674100560139968,26.0,29.0,OK,3612.613,3655.088,0.014319177885654844,0.02287690987230162,3557.8432000000003,3533.3738,3603.489,3530.2871999999998,False,False,False,False,False,False,False,False,False,,,,2021-02-18,3721.087,OK
2021-02-18,25.208953372779103,2021-03-19,2021-04-16,29.0,57.0,0.0642131325992123,0.0544278755701167,30.0,19.0,OK,3721.087,3675.357,0.005545420520654876,0.048551342357701976,3592.5428,3550.3919,3655.088,3557.8432000000003,False,False,False,False,False,False,False,False,False,,,,2021-02-19,3661.783,OK
2021-02-19,23.471179764637647,2021-03-19,2021-04-16,28.0,56.0,0.0557970907862671,0.0504911195472153,30.0,19.0,OK,3661.783,3696.168,0.005662307090168461,0.06118138917144633,3632.5098000000007,3571.7018000000003,3675.357,3592.5428,False,False,False,False,False,False,False,False,False,,,,2021-02-22,3707.191,OK
2021-02-22,24.70059878763297,2021-03-19,2021-04-16,25.0,53.0,0.064481404040892,0.0534839148519501,30.0,19.0,OK,3707.191,3642.445,-0.014534783050986877,0.039129782351444264,3654.5094000000004,3585.4179000000004,3696.168,3632.5098000000007,False,False,False,False,False,False,False,False,False,,,,2021-02-23,3617.701,OK
2021-02-23,24.770493908429795,2021-03-19,2021-04-16,24.0,52.0,0.0640292252528961,0.0568367564671335,30.0,19.0,OK,3617.701,3636.357,-0.0016714047844237356,0.029055221390701158,3661.083,3595.6851,3642.445,3654.5094000000004,False,False,False,False,False,False,False,False,False,,,,2021-02-24,3638.936,OK
2021-02-24,26.65811540133049,2021-03-19,2021-04-16,23.0,51.0,0.0731425981982562,0.0682553357907482,30.0,19.0,OK,3638.936,3564.08,-0.019876211274085565,0.01329766969511903,3642.8813999999998,3600.3623,3636.357,3661.083,False,False,False,False,False,False,False,False,False,,,,2021-02-25,3595.542,OK
2021-02-25,25.660752012236504,2021-03-19,2021-04-16,22.0,50.0,0.0686033548885055,0.0628158903276789,30.0,19.0,OK,3595.542,3585.046,0.0058825840048484235,0.02375509693565614,3624.8192000000004,3608.6810000000005,3564.08,3642.8813999999998,False,False,False,False,False,False,False,False,False,,,,2021-02-26,3514.565,OK
2021-02-26,27.15292059760016,2021-03-19,2021-04-16,21.0,49.0,0.0827195574363068,0.0655929903156421,30.0,19.0,OK,3514.565,3509.08,-0.021189686269018515,0.003645819777464032,3587.4016,3609.9557,3585.046,3624.8192000000004,False,False,False,False,False,False,False,False,False,,,,2021-03-01,3531.48,OK
2021-03-01,25.6159227047808,2021-03-19,2021-04-16,18.0,46.0,0.075032827988087,0.0607052304436313,30.0,19.0,OK,3531.48,3551.4,0.012060141119609735,0.0053654025099314495,3569.1926,3611.851,3509.08,3587.4016,False,False,False,False,False,False,False,False,False,,,,2021-03-02,3566.852,OK
2021-03-02,24.74138367109254,2021-03-19,2021-04-16,17.0,45.0,0.0693487897974331,0.0576675010979687,30.0,19.0,OK,3566.852,3508.591,-0.01205411950216817,-0.026335032519871793,3543.6394,3602.3612000000003,3551.4,3569.1926,False,False,False,False,False,False,False,False,False,,,,2021-03-03,3500.158,OK
2021-03-03,24.82764088826144,2021-03-19,2021-04-16,16.0,44.0,0.0683947882328851,0.0591853159257423,30.0,19.0,OK,3500.158,3576.905,0.019470493996023075,-0.02139018267138848,3546.2043999999996,3594.5428999999995,3508.591,3543.6394,False,True,True,False,False,False,False,False,False,,,,2021-03-04,3546.641,OK
2021-03-04,26.005265150108688,2021-03-19,2021-04-16,15.0,43.0,0.0816523284553771,0.0633872813263687,30.0,19.0,OK,3546.641,3503.492,-0.020524168240420138,-0.04676144385429759,3529.8936000000003,3577.3563999999997,3576.905,3546.2043999999996,False,False,False,False,False,False,False,False,False,,,,2021-03-05,3463.309,OK
2021-03-05,26.856370205186288,2021-03-19,2021-04-16,14.0,42.0,0.089220064785859,0.0678530613782874,30.0,20.0,OK,3463.309,3501.987,-0.0004295714104670667,-0.052535761361496514,3528.475,3557.9383000000003,3503.492,3529.8936000000003,False,False,False,False,False,False,False,False,False,,,,2021-03-08,3524.983,OK
2021-03-08,27.723923047444888,2021-03-19,2021-04-16,11.0,39.0,0.1088778114114575,0.0725841201593521,30.0,21.0,OK,3524.983,3421.414,-0.023007795288788824,-0.0606820418702273,3502.4777999999997,3535.8352,3501.987,3528.475,False,False,False,False,False,False,False,False,False,,,,2021-03-09,3415.339,OK
2021-03-09,27.62283021109333,2021-03-19,2021-04-16,10.0,38.0,0.1186169298016271,0.0718478796329271,30.0,24.0,OK,3415.339,3359.292,-0.018156820542617802,-0.07619301405225065,3472.618,3508.1287,3421.414,3502.4777999999997,False,False,False,False,False,False,False,False,False,,,,2021-03-10,3389.839,OK
2021-03-10,27.114318055644265,2021-03-19,2021-04-16,9.0,37.0,0.1004895729630946,0.071331790691926,30.0,26.0,OK,3389.839,3357.737,-0.0004628951576700624,-0.05789516509169268,3428.7843999999996,3487.4944000000005,3359.292,3472.618,False,False,False,False,False,False,False,False,False,,,,2021-03-11,3369.902,OK
2021-03-11,25.19166886373022,2021-03-19,2021-04-16,8.0,36.0,0.0749269422387044,0.0627671741215761,30.0,26.0,OK,3369.902,3436.831,0.02355574602775623,-0.041342565757872984,3415.4521999999997,3472.6729,3357.737,3428.7843999999996,True,True,True,True,False,False,False,False,False,,,,2021-03-12,3447.203,OK
2021-03-12,24.18355623487543,2021-03-19,2021-04-16,7.0,35.0,0.0637765156432884,0.0582543489371143,30.0,26.0,OK,3447.203,3453.078,0.004727320022427595,-0.015959168784980715,3405.6704,3467.0726999999997,3436.831,3415.4521999999997,False,False,False,False,False,False,False,False,False,,,,2021-03-15,3441.882,OK
2021-03-15,24.200954890772227,2021-04-16,2021-04-16,32.0,32.0,0.0585686217625192,0.0585686217625192,26.0,26.0,WARN_NOT_BRACKET_30D,3441.882,3419.946,-0.009594917925398794,-0.037014698428788684,3405.3768000000005,3453.9273000000003,3453.078,3405.6704,False,False,False,False,False,False,False,False,False,,,,2021-03-16,3424.652,WARN_NOT_BRACKET_30D
2021-03-16,24.07330756688136,2021-04-16,2021-04-16,31.0,31.0,0.0579524137209667,0.0579524137209667,26.0,26.0,WARN_NOT_BRACKET_30D,3424.652,3446.733,0.00783257981266372,-0.017630439113592855,3422.8650000000002,3447.7415,3419.946,3405.3768000000005,False,False,False,False,False,False,False,False,False,,,,2021-03-17,3435.732,WARN_NOT_BRACKET_30D
2021-03-17,24.87815241527811,2021-04-16,2021-04-16,30.0,30.0,0.0618922467597808,0.0618922467597808,26.0,26.0,OK,3435.732,3445.551,-0.0003429334387085037,-0.03672280924430482,3440.4278,3434.6061,3446.733,3422.8650000000002,False,False,False,False,False,False,False,False,False,,,,2021-03-18,3449.641,OK
2021-03-18,23.835612089292862,2021-04-16,2021-05-21,29.0,64.0,0.0573043819168787,0.0492531533662219,26.0,26.0,OK,3449.641,3463.068,0.005083947386063992,-0.011538202456292224,3445.6752,3430.5637,3445.551,3440.4278,False,False,False,False,False,False,False,False,False,,,,2021-03-19,3423.873,OK
2021-03-19,23.92618383053523,2021-04-16,2021-05-21,28.0,63.0,0.0582836028846439,0.0496388060897491,26.0,26.0,OK,3423.873,3404.663,-0.016865103428520656,-0.02779107974986772,3435.9921999999997,3420.8313000000003,3463.068,3445.6752,False,False,False,False,False,False,False,False,False,,,,2021-03-22,3406.123,OK
2021-03-22,23.298270539616343,2021-04-16,2021-05-21,25.0,60.0,0.05561476727766,0.0509463753538541,26.0,26.0,OK,3406.123,3443.439,0.011389086085759503,0.00643739693588663,3440.6908000000003,3423.0337999999997,3404.663,3435.9921999999997,False,True,True,False,False,False,False,False,False,,,,2021-03-23,3445.341,OK
2021-03-23,22.87330296633301,2021-04-16,2021-05-21,24.0,59.0,0.0535391174180163,0.0499195284716802,26.0,26.0,OK,3445.341,3411.509,-0.009272706733007285,0.015544049162740325,3433.6459999999997,3428.2555,3443.439,3440.6908000000003,False,False,False,False,False,False,False,False,False,,,,2021-03-24,3394.128,OK
2021-03-24,23.69744119696724,2021-04-16,2021-05-21,23.0,58.0,0.0589758975867635,0.051685313987475,26.0,26.0,OK,3394.128,3367.061,-0.013028838557951894,0.0027768702551749236,3417.9480000000003,3429.1879,3411.509,3433.6459999999997,False,False,False,False,False,False,False,False,False,,,,2021-03-25,3355.071,OK
2021-03-25,22.99623530671903,2021-04-16,2021-05-21,22.0,57.0,0.0568665354458573,0.0476931929051968,27.0,27.0,OK,3355.071,3363.592,-0.0010302753647766227,-0.021310038229985673,3398.0528,3421.864,3367.061,3417.9480000000003,False,False,False,False,False,False,False,False,False,,,,2021-03-26,3373.317,OK
2021-03-26,21.681096776723265,2021-04-16,2021-05-21,21.0,56.0,0.0492059059460733,0.0446248430254287,27.0,27.0,OK,3373.317,3418.327,0.016272782192370494,-0.010063774985679341,3400.7856,3418.3889000000004,3363.592,3398.0528,False,False,False,False,False,False,False,False,False,,,,2021-03-29,3429.632,OK
2021-03-29,21.94357084751177,2021-04-16,2021-05-21,18.0,53.0,0.0511760660429489,0.0461835539620987,27.0,27.0,OK,3429.632,3435.296,0.004964124263126202,0.004488374962645647,3399.157,3419.9239000000002,3418.327,3400.7856,False,False,False,False,False,False,False,False,False,,,,2021-03-30,3432.529,OK
2021-03-30,21.55728835222963,2021-04-16,2021-05-21,17.0,52.0,0.0490932952546747,0.0450212412579512,27.0,27.0,OK,3432.529,3456.677,0.0062239178225109715,0.0028850508583055934,3408.1906000000004,3420.9183000000003,3435.296,3399.157,False,False,False,False,False,False,False,False,False,,,,2021-03-31,3452.208,OK
2021-03-31,21.104587654333027,2021-04-16,2021-05-21,16.0,51.0,0.0465462355148669,0.0435964215311546,27.0,27.0,OK,3452.208,3441.912,-0.00427144335441243,-0.0010561445760054466,3423.1608,3420.5544,3456.677,3408.1906000000004,False,False,False,False,False,False,False,False,False,,,,2021-04-01,3444.81,OK
2021-04-01,20.29311536327882,2021-04-16,2021-05-21,15.0,50.0,0.0414902046151002,0.0410573925145879,27.0,27.0,OK,3444.81,3466.332,0.007094893768347488,0.0009425168665471162,3443.7087999999994,3420.8808000000004,3441.912,3423.1608,False,False,False,False,False,False,False,False,False,,,,2021-04-02,3472.628,OK
2021-04-02,20.97385677640999,2021-04-16,2021-05-21,14.0,49.0,0.0453046071071784,0.043544329920425,27.0,27.0,OK,3472.628,3484.392,0.005210118361426375,0.023417589347315637,3456.9218,3428.8537000000006,3466.332,3443.7087999999994,False,False,False,False,False,False,False,False,False,,,,2021-04-06,3491.634,OK
2021-04-06,21.06730900751192,2021-04-16,2021-05-21,10.0,45.0,0.0534789286231704,0.042867187924904,27.0,27.0,OK,3491.634,3482.967,-0.00040896661454847827,0.011479221789612248,3466.4559999999997,3432.8065,3484.392,3456.9218,False,False,False,False,False,False,False,False,False,,,,2021-04-07,3483.421,OK
2021-04-07,19.890662992467945,2021-04-16,2021-05-21,9.0,44.0,0.0440478819974986,0.0389523881685153,27.0,27.0,OK,3483.421,3479.626,-0.0009592396367809064,0.01996682406524508,3471.0458,3439.6182,3482.967,3466.4559999999997,False,False,False,False,True,False,True,False,True,AVIX<20,AVIX<20,AVIX<20,2021-04-08,3467.487,OK
2021-04-08,18.94814573262667,2021-04-16,2021-05-21,8.0,43.0,0.0365280275126667,0.03583453376606,27.0,27.0,OK,3467.487,3482.555,0.0008417571313696914,0.03430113086754294,3479.1744,3451.1675999999998,3479.626,3471.0458,False,False,False,False,False,False,False,False,False,,,,2021-04-09,3475.443,OK
2021-04-09,18.78968858409712,2021-04-16,2021-05-21,7.0,42.0,0.036983441561836,0.0351593091128131,27.0,27.0,OK,3475.443,3450.677,-0.009153624278726347,0.025890476609529367,3476.0434,3459.8761,3482.555,3479.1744,False,False,False,False,False,False,False,False,False,,,,2021-04-12,3445.97,OK
2021-04-12,19.30057432874768,2021-05-21,2021-05-21,39.0,39.0,0.0372512169419513,0.0372512169419513,27.0,27.0,WARN_NOT_BRACKET_30D,3445.97,3412.948,-0.010933796469504431,-0.0015735767818586543,3461.7546,3459.3381999999997,3450.677,3476.0434,False,False,False,False,False,False,False,False,False,,,,2021-04-13,3411.293,WARN_NOT_BRACKET_30D
2021-04-13,19.92719364400834,2021-05-21,2021-05-21,38.0,38.0,0.0397093046525806,0.0397093046525806,27.0,27.0,WARN_NOT_BRACKET_30D,3411.293,3396.47,-0.004828084107932562,-0.0113020828481738,3444.4552000000003,3455.4556,3412.948,3461.7546,False,False,False,False,False,False,False,False,False,,,,2021-04-14,3397.021,WARN_NOT_BRACKET_30D
2021-04-14,19.84867054416852,2021-05-21,2021-05-21,37.0,37.0,0.0393969722370943,0.0393969722370943,27.0,27.0,WARN_NOT_BRACKET_30D,3397.021,3416.721,0.005962366810247088,-0.011559078270836465,3431.8741999999997,3451.46,3396.47,3444.4552000000003,False,False,False,False,False,False,False,False,False,,,,2021-04-15,3409.614,WARN_NOT_BRACKET_30D
2021-04-15,19.8853426658494,2021-05-21,2021-05-21,36.0,36.0,0.039542685293825,0.039542685293825,27.0,27.0,WARN_NOT_BRACKET_30D,3409.614,3398.988,-0.005190063806790213,-0.012470975434583975,3415.1608,3447.1675999999998,3416.721,3431.8741999999997,False,False,False,False,False,False,False,False,False,,,,2021-04-16,3407.188,WARN_NOT_BRACKET_30D
2021-04-16,19.508047008797387,2021-05-21,2021-05-21,35.0,35.0,0.0380563898097448,0.0380563898097448,27.0,27.0,WARN_NOT_BRACKET_30D,3407.188,3426.618,0.00812889012847351,-0.011457067586140068,3410.3489999999997,3443.1962,3398.988,3415.1608,False,False,False,False,False,False,False,False,False,,,,2021-04-19,3427.548,WARN_NOT_BRACKET_30D
2021-04-19,19.89167571040668,2021-05-21,2021-05-21,32.0,32.0,0.0395678762567983,0.0395678762567983,27.0,27.0,WARN_NOT_BRACKET_30D,3427.548,3477.549,0.014863343389896366,-0.0019639007321793356,3423.2691999999997,3442.5119,3426.618,3410.3489999999997,False,False,False,False,False,False,False,False,False,,,,2021-04-20,3467.148,WARN_NOT_BRACKET_30D
2021-04-20,19.61878346319686,2021-05-21,2021-05-21,31.0,31.0,0.0384896664575806,0.0384896664575806,27.0,27.0,WARN_NOT_BRACKET_30D,3467.148,3472.943,-0.0013244960746777723,-0.0028780060218772663,3438.5638,3441.5095,3477.549,3423.2691999999997,False,False,False,False,False,False,False,False,False,,,,2021-04-21,3456.299,WARN_NOT_BRACKET_30D
2021-04-21,19.719128390147983,2021-05-21,2021-05-21,30.0,30.0,0.038884402446714,0.038884402446714,27.0,27.0,OK,3456.299,3472.93,-3.7432229669231987e-06,-0.0019243447427971239,3449.8055999999997,3440.8399,3472.943,3438.5638,False,False,False,False,False,False,False,False,False,,,,2021-04-22,3482.833,OK
2021-04-22,19.891553464712207,2021-05-21,2021-06-18,29.0,57.0,0.0390215257140997,0.0470658403855837,27.0,28.0,OK,3482.833,3465.114,-0.002250549248041245,-0.005008104681763714,3463.0307999999995,3439.0958,3472.93,3449.8055999999997,False,False,False,False,False,False,False,False,False,,,,2021-04-23,3462.086,OK
2021-04-23,20.35663911396716,2021-05-21,2021-06-18,28.0,56.0,0.0405714026783205,0.0470804496031397,27.0,28.0,OK,3462.086,3474.166,0.0026123238658237735,0.006807070032923912,3472.5404000000003,3441.4447,3465.114,3463.0307999999995,False,False,False,False,False,False,False,False,False,,,,2021-04-26,3484.107,OK
2021-04-26,20.217369188120536,2021-05-21,2021-06-18,25.0,53.0,0.0385618485569195,0.0458915716921794,27.0,28.0,OK,3484.107,3441.166,-0.00949868256151265,0.008267925558783862,3465.2637999999997,3444.2665,3474.166,3472.5404000000003,False,False,False,False,False,False,False,False,False,,,,2021-04-27,3440.091,OK
2021-04-27,20.244623646125657,2021-05-21,2021-06-18,24.0,52.0,0.0382803561391958,0.0455606859957028,27.0,28.0,OK,3440.091,3442.611,0.00041991580760702973,0.013584986765671436,3459.1974,3448.8805999999995,3441.166,3465.2637999999997,False,False,False,False,False,False,False,False,False,,,,2021-04-28,3432.161,OK
2021-04-28,20.642013694873533,2021-05-21,2021-06-18,23.0,51.0,0.0403664264708111,0.0456437122758076,27.0,28.0,OK,3432.161,3457.068,0.004199428863731702,0.011808690261803756,3456.025,3452.9152999999997,3442.611,3459.1974,False,False,False,False,False,False,False,False,False,,,,2021-04-29,3458.082,OK
2021-04-29,20.97570615074273,2021-05-21,2021-06-18,22.0,50.0,0.0413654113043341,0.0468938997549167,27.0,28.0,OK,3458.082,3474.901,0.005158417479783406,0.02233400059076418,3457.9824,3460.5065999999997,3457.068,3456.025,False,False,False,False,False,False,False,False,False,,,,2021-04-30,3468.302,OK
2021-04-30,20.46289504942761,2021-05-21,2021-06-18,21.0,49.0,0.0387246519739559,0.0447215194147806,27.0,28.0,OK,3468.302,3446.856,-0.00807073352593346,0.005906115009026491,3452.5204,3462.5304000000006,3474.901,3457.9824,False,False,False,False,False,False,False,False,False,,,,2021-05-06,3446.074,OK
2021-05-06,20.34659342407669,2021-05-21,2021-06-18,15.0,43.0,0.0383887271148482,0.0423082833885857,27.0,28.0,OK,3446.074,3441.283,-0.0016168357482878593,-0.010428609345260131,3452.5437999999995,3458.9038,3446.856,3452.5204,False,False,False,False,False,False,False,False,False,,,,2021-05-07,3446.407,OK
2021-05-07,20.11501106544111,2021-05-21,2021-06-18,14.0,42.0,0.0384847358199124,0.0409555248153741,27.0,28.0,OK,3446.407,3418.874,-0.006511815506019203,-0.015568640199392969,3447.7964,3453.4968999999996,3441.283,3452.5437999999995,False,False,False,False,False,False,False,False,False,,,,2021-05-10,3423.59,OK
2021-05-10,19.8754865385968,2021-05-21,2021-06-18,11.0,39.0,0.0404573785427292,0.0393760547861389,27.0,28.0,OK,3423.59,3427.991,0.0026666674466506723,-0.012939794352319178,3441.9809999999998,3449.0029999999997,3418.874,3447.7964,False,False,False,False,False,False,False,False,False,,,,2021-05-11,3406.598,OK
2021-05-11,20.609720912616407,2021-05-21,2021-06-18,10.0,38.0,0.0410373232020707,0.0426275055472278,27.0,28.0,OK,3406.598,3441.845,0.004041434181128123,-0.006715219181822052,3435.3697999999995,3446.6760999999997,3427.991,3441.9809999999998,False,False,False,False,False,False,False,False,False,,,,2021-05-12,3429.754,OK
2021-05-12,20.79388415538581,2021-05-21,2021-06-18,9.0,37.0,0.0411017369780101,0.0434118178955781,27.0,28.0,OK,3429.754,3462.751,0.006074067832804841,-0.0032856806496868174,3438.5487999999996,3445.5346,3441.845,3435.3697999999995,False,False,False,False,False,False,False,False,False,,,,2021-05-13,3432.138,OK
2021-05-13,21.09488577624173,2021-05-21,2021-06-18,8.0,36.0,0.0434728934067717,0.0445616343600259,27.0,28.0,OK,3432.138,3429.536,-0.009592084443842519,-0.003379668403093672,3436.1994,3444.3716,3462.751,3438.5487999999996,False,False,False,False,False,False,False,False,False,,,,2021-05-14,3436.092,OK
2021-05-14,21.289922743219204,2021-05-21,2021-06-18,7.0,35.0,0.0444445476534081,0.0453644085798249,26.0,28.0,OK,3436.092,3490.376,0.017740009144094238,0.013874643402928877,3450.4998,3449.1481,3429.536,3436.1994,False,False,False,False,False,False,False,False,False,,,,2021-05-17,3490.409,OK
2021-05-17,22.358487799412472,2021-06-18,2021-06-18,32.0,32.0,0.0499901976676476,0.0499901976676476,28.0,28.0,WARN_NOT_BRACKET_30D,3490.409,3517.616,0.007804316784208787,0.01751426353198715,3468.4248,3455.2029,3490.376,3450.4998,False,False,False,False,False,False,False,False,False,,,,2021-05-18,3520.649,WARN_NOT_BRACKET_30D
2021-05-18,22.40963714015168,2021-06-18,2021-06-18,31.0,31.0,0.0502191836753265,0.0502191836753265,28.0,28.0,WARN_NOT_BRACKET_30D,3520.649,3529.014,0.003240262723390064,0.015572529979990923,3485.8586000000005,3460.6142,3517.616,3468.4248,False,False,False,False,False,False,False,False,False,,,,2021-05-19,3521.11,WARN_NOT_BRACKET_30D
2021-05-19,21.701723758035588,2021-06-18,2021-06-18,30.0,30.0,0.0470964814070086,0.0470964814070086,28.0,28.0,OK,3521.11,3510.965,-0.00511445973294522,0.018599268434770666,3495.5014,3467.0251000000003,3529.014,3485.8586000000005,False,False,False,False,False,False,False,False,False,,,,2021-05-20,3500.877,OK
2021-05-20,21.47500675098773,2021-06-18,2021-07-16,29.0,57.0,0.0462793973115449,0.0438948905487312,28.0,20.0,OK,3500.877,3506.944,-0.001145269178131958,0.019080383682481328,3510.983,3473.5912,3510.965,3495.5014,False,False,False,False,False,False,False,False,False,,,,2021-05-21,3510.835,OK
2021-05-21,20.6604412112164,2021-06-18,2021-07-16,28.0,56.0,0.0428952864537562,0.0413210113321809,28.0,20.0,OK,3510.835,3486.557,-0.005813323509015311,0.01979686879364384,3510.2192000000005,3480.3595,3506.944,3510.983,False,False,False,False,False,False,False,False,False,,,,2021-05-24,3486.271,OK
2021-05-24,20.896693206480787,2021-06-18,2021-07-16,25.0,53.0,0.0442963919655033,0.0423019046224947,28.0,20.0,OK,3486.271,3497.282,0.0030761005771597905,0.02021329694272822,3506.1524000000004,3487.2886,3486.557,3510.2192000000005,False,False,False,False,False,False,False,False,False,,,,2021-05-25,3502.539,OK
2021-05-25,22.94929609145684,2021-06-18,2021-07-16,24.0,52.0,0.0557472721164617,0.0474542832511221,28.0,20.0,OK,3502.539,3581.342,0.024035808379192725,0.04052971589365595,3516.618,3501.2383,3497.282,3506.1524000000004,False,True,True,False,False,True,False,True,False,,,,2021-05-26,3586.839,OK
2021-05-26,22.967409746688286,2021-06-18,2021-07-16,23.0,51.0,0.0559779770891449,0.0483831864022796,29.0,21.0,OK,3586.839,3593.357,0.003354887637092352,0.03771741023249997,3533.0964,3514.2989000000002,3581.342,3516.618,False,False,False,False,False,False,False,False,False,,,,2021-05-27,3585.734,OK
2021-05-27,23.569241317018395,2021-06-18,2021-07-16,22.0,50.0,0.059529995666619,0.0511739233812869,29.0,21.0,OK,3585.734,3608.851,0.004311845441463236,0.05228549867970478,3553.4777999999997,3532.2303999999995,3593.357,3533.0964,False,False,False,False,False,False,False,False,False,,,,2021-05-28,3610.767,OK
2021-05-28,23.38275615274073,2021-06-18,2021-07-16,21.0,49.0,0.0583150248026956,0.0513822699972819,29.0,21.0,OK,3610.767,3600.784,-0.002235337507699775,0.03163212215532085,3576.3232,3543.2712,3608.851,3553.4777999999997,False,False,False,False,False,False,False,False,False,,,,2021-05-31,3600.07,OK
2021-05-31,23.98168066782229,2021-06-18,2021-07-16,18.0,46.0,0.0654233501353869,0.0533844923983592,29.0,21.0,OK,3600.07,3615.477,0.004080500246612884,0.027820262359507186,3599.9622000000004,3553.0573000000004,3600.784,3576.3232,False,False,False,False,False,False,False,False,False,,,,2021-06-01,3608.598,OK
2021-06-01,23.970680952786083,2021-06-18,2021-07-16,17.0,45.0,0.0667050531129229,0.0534291782304044,29.0,21.0,OK,3608.598,3624.714,0.0025548496090557204,0.027118056204934238,3608.6366000000003,3562.6273,3615.477,3599.9622000000004,False,False,False,False,False,False,False,False,False,,,,2021-06-02,3626.328,OK
2021-06-02,22.356384545065016,2021-06-18,2021-07-16,16.0,44.0,0.0541946308032861,0.0484484883342807,29.0,21.0,OK,3626.328,3597.138,-0.007607772640820798,0.02454396440864537,3609.3928,3571.2446000000004,3624.714,3608.6366000000003,False,False,False,False,False,False,False,False,False,,,,2021-06-03,3595.422,OK
2021-06-03,21.24084093848245,2021-06-18,2021-07-16,15.0,43.0,0.0466457399132626,0.0446552556804998,29.0,21.0,OK,3595.422,3584.212,-0.0035934123183486433,0.022032858237827524,3604.465,3578.9714,3597.138,3609.3928,False,False,False,False,False,False,False,False,False,,,,2021-06-04,3565.472,OK
2021-06-04,21.161848545750622,2021-06-18,2021-07-16,14.0,42.0,0.0461734134180866,0.0444346258796393,29.0,21.0,OK,3565.472,3591.845,0.0021296173329032886,0.030198272966711848,3602.6771999999996,3589.5002,3584.212,3604.465,False,False,False,False,False,False,False,False,False,,,,2021-06-07,3597.141,OK
2021-06-07,22.04381705055859,2021-06-18,2021-07-16,11.0,39.0,0.0556469826899302,0.047650550346843,29.0,21.0,OK,3597.141,3599.541,0.002142631433149411,0.029239563752651243,3599.4900000000002,3599.7261,3591.845,3602.6771999999996,False,True,True,False,False,False,False,False,False,,,,2021-06-08,3598.753,OK
2021-06-08,22.150768345461124,2021-06-18,2021-07-16,10.0,38.0,0.0583376249060866,0.0480896568739905,29.0,21.0,OK,3598.753,3580.106,-0.005399299521800072,-0.00034512202409042736,3590.5684,3599.6025,3599.541,3599.4900000000002,False,False,False,False,False,False,False,False,False,,,,2021-06-09,3576.802,OK
2021-06-09,21.72304831941769,2021-06-18,2021-07-16,9.0,37.0,0.0547310776212048,0.0465775697374975,28.0,21.0,OK,3576.802,3591.397,0.0031538172333445136,-0.000545450952966875,3589.4201999999996,3599.4065,3580.106,3590.5684,False,False,False,False,False,False,False,False,False,,,,2021-06-10,3587.528,OK
2021-06-10,20.87264382421976,2021-06-18,2021-07-16,8.0,36.0,0.0434157958678256,0.043575873303301,28.0,21.0,OK,3587.528,3610.859,0.0054190611619935325,0.0005564097825041525,3594.7496,3599.6072999999997,3591.397,3589.4201999999996,False,False,False,False,False,False,False,False,False,,,,2021-06-11,3614.113,OK
2021-06-11,20.767249914204896,2021-06-18,2021-07-16,7.0,35.0,0.0427627819894737,0.0431437401568795,28.0,21.0,OK,3614.113,3589.748,-0.005846531254751208,-0.0030648880910379983,3594.3302000000003,3598.5036999999998,3610.859,3594.7496,False,False,False,False,False,False,False,False,False,,,,2021-06-15,3587.466,OK
2021-06-15,20.37800957619439,2021-07-16,2021-07-16,31.0,31.0,0.041526327428747,0.041526327428747,21.0,21.0,WARN_NOT_BRACKET_30D,3587.466,3556.559,-0.009245495784105162,-0.016296051668977518,3585.7338000000004,3592.6119,3589.748,3594.3302000000003,False,False,False,False,False,False,False,False,False,,,,2021-06-16,3556.714,WARN_NOT_BRACKET_30D
2021-06-16,20.86708167563926,2021-07-16,2021-07-16,30.0,30.0,0.0435435097657799,0.0435435097657799,21.0,21.0,OK,3556.714,3518.329,-0.010749153887226415,-0.029349901812942947,3573.3784,3581.9734000000003,3556.559,3585.7338000000004,False,False,False,False,False,False,False,False,False,,,,2021-06-17,3508.317,OK
2021-06-17,20.014194754538924,2021-07-16,2021-08-20,29.0,64.0,0.0402322614587543,0.0373535832389468,21.0,19.0,OK,3508.317,3525.604,0.0020677429541124948,-0.019886365215902257,3560.2198,3574.8200000000006,3518.329,3573.3784,False,False,False,False,False,False,False,False,False,,,,2021-06-18,3520.497,OK
2021-06-18,19.662064606879152,2021-07-16,2021-08-20,28.0,63.0,0.0391059061547289,0.0353873420362294,21.0,19.0,OK,3520.497,3525.097,-0.00014380514657907906,-0.016493165024836665,3543.0674,3568.9085,3525.604,3560.2198,False,False,False,False,False,False,True,False,True,,AVIX<20,AVIX<20,2021-06-21,3515.501,OK
2021-06-21,19.80228519464148,2021-07-16,2021-08-20,25.0,60.0,0.0403674958993534,0.0363269348770873,21.0,19.0,OK,3515.501,3529.183,0.001159117039899904,-0.017445630309771087,3530.9544,3562.6423000000004,3525.097,3543.0674,False,False,False,False,False,False,False,False,False,,,,2021-06-22,3539.788,OK
2021-06-22,19.48955609615897,2021-07-16,2021-08-20,24.0,59.0,0.0390998694562821,0.0357909167375339,21.0,19.0,OK,3539.788,3557.412,0.00799873511801441,-0.011703992259013085,3531.125,3558.4294,3529.183,3530.9544,False,False,False,False,False,False,False,False,False,,,,2021-06-23,3559.399,OK
2021-06-23,18.674190238121074,2021-07-16,2021-08-20,23.0,58.0,0.0357532181656715,0.0334755973189873,21.0,19.0,OK,3559.399,3566.22,0.0024759572408257213,-0.0038786561068304692,3540.7032,3557.0408,3557.412,3531.125,False,False,False,False,False,False,False,False,False,,,,2021-06-24,3568.576,OK
2021-06-24,18.55071728834731,2021-07-16,2021-08-20,22.0,57.0,0.0354244047666663,0.0330953077179384,21.0,19.0,OK,3568.576,3566.654,0.00012169748361023913,-0.006889519593628823,3548.9132,3554.5665,3566.22,3540.7032,False,False,False,False,False,False,False,False,False,,,,2021-06-25,3567.377,OK
2021-06-25,18.581597390416608,2021-07-16,2021-08-20,21.0,56.0,0.0352640471340759,0.0337297326004879,21.0,19.0,OK,3567.377,3607.562,0.011469573443344983,-0.0009130791315861142,3565.4062,3554.2368,3566.654,3548.9132,False,False,False,False,False,False,False,False,False,,,,2021-06-28,3612.247,OK
2021-06-28,19.026959673004065,2021-07-16,2021-08-20,18.0,53.0,0.039511679615769,0.0340484434762178,21.0,19.0,OK,3612.247,3606.372,-0.000329862660711,0.004630965739099269,3580.844,3555.8992,3607.562,3565.4062,False,False,False,False,False,False,False,False,False,,,,2021-06-29,3601.677,OK
2021-06-29,18.67997364505676,2021-07-16,2021-08-20,17.0,52.0,0.0375150072105246,0.0334441359736174,21.0,19.0,OK,3601.677,3573.178,-0.00920426400826091,0.004672775005278851,3583.9972000000002,3557.5611,3606.372,3580.844,False,False,False,False,False,False,False,False,False,,,,2021-06-30,3572.624,OK
2021-06-30,19.163670588476872,2021-07-16,2021-08-20,16.0,51.0,0.0407946350331672,0.0348093291643409,21.0,19.0,OK,3572.624,3591.197,0.005042849810448891,0.020710968189728618,3588.9926,3564.8478999999998,3573.178,3583.9972000000002,False,False,False,False,False,False,False,False,False,,,,2021-07-01,3600.546,OK
2021-07-01,18.88730799583658,2021-07-16,2021-08-20,15.0,50.0,0.0395333391505706,0.0341289208059146,21.0,19.0,OK,3600.546,3588.782,-0.0006724777281781336,0.01791976637194659,3593.4182,3571.1657,3591.197,3588.9926,False,False,False,False,False,False,False,False,False,,,,2021-07-02,3569.892,OK
2021-07-02,18.768688211413856,2021-07-16,2021-08-20,14.0,49.0,0.0371668611464376,0.0345679833401281,21.0,19.0,OK,3569.892,3518.76,-0.01951135510599411,-0.0017976810283518718,3575.6578,3570.532,3588.782,3593.4182,False,False,False,False,False,False,False,False,False,,,,2021-07-05,3516.923,OK
2021-07-05,18.13091057512538,2021-07-16,2021-08-20,11.0,46.0,0.0344294091705686,0.0325595714024201,21.0,19.0,OK,3516.923,3534.322,0.00442258068183099,0.0014561443824250286,3561.2478,3571.0458999999996,3518.76,3575.6578,False,False,False,False,False,False,False,False,False,,,,2021-07-06,3533.13,OK
2021-07-06,17.80859678928087,2021-07-16,2021-08-20,10.0,45.0,0.0337503382093656,0.0313753242521439,21.0,19.0,OK,3533.13,3530.259,-0.0011495839937617491,-0.007632795976400764,3552.6639999999998,3568.3306000000002,3534.322,3561.2478,False,False,False,False,False,False,False,False,False,,,,2021-07-07,3508.59,OK
2021-07-07,17.631215740168454,2021-07-16,2021-08-20,9.0,44.0,0.0348351105704221,0.0305747313399837,21.0,19.0,OK,3508.59,3553.716,0.006644554974578387,-0.0035062334909231607,3545.1678,3567.0802000000003,3530.259,3552.6639999999998,False,False,False,False,False,False,False,False,False,,,,2021-07-08,3557.218,OK
2021-07-08,17.882675458313653,2021-07-16,2021-08-20,8.0,43.0,0.0332763484985129,0.0318363830006647,20.0,19.0,OK,3557.218,3525.504,-0.007938732301624563,-0.011537424151599862,3532.5122,3562.9652,3553.716,3545.1678,False,False,False,False,False,False,False,False,False,,,,2021-07-09,3512.233,OK
2021-07-09,18.44927673189929,2021-07-16,2021-08-20,7.0,42.0,0.0347727175742759,0.0339736562903021,21.0,19.0,OK,3512.233,3524.088,-0.0004016447010128932,-0.023138618269069156,3533.5778,3554.6178,3525.504,3532.5122,False,False,False,False,False,False,False,False,False,,,,2021-07-12,3545.198,OK
2021-07-12,18.03425370582072,2021-08-20,2021-08-20,39.0,39.0,0.0325234306725908,0.0325234306725908,19.0,19.0,WARN_NOT_BRACKET_30D,3545.198,3547.836,0.006738764752753035,-0.01623127065094787,3536.2805999999996,3548.7642,3524.088,3533.5778,False,False,False,False,False,False,False,False,False,,,,2021-07-13,3547.59,WARN_NOT_BRACKET_30D
2021-07-13,18.372973209556744,2021-08-20,2021-08-20,38.0,38.0,0.0337566144559089,0.0337566144559089,19.0,19.0,WARN_NOT_BRACKET_30D,3547.59,3566.523,0.005267154400597995,-0.0018624876790351852,3543.5334000000003,3548.0987,3547.836,3536.2805999999996,False,False,False,False,False,False,False,False,False,,,,2021-07-14,3560.828,WARN_NOT_BRACKET_30D
2021-07-14,18.00883440599709,2021-08-20,2021-08-20,37.0,37.0,0.0324318116662624,0.0324318116662624,19.0,19.0,WARN_NOT_BRACKET_30D,3560.828,3528.501,-0.010660803252916073,-0.01745824581608857,3538.4903999999997,3541.8291,3566.523,3543.5334000000003,False,False,False,False,False,False,False,False,False,,,,2021-07-15,3519.063,WARN_NOT_BRACKET_30D
2021-07-15,17.9811471196234,2021-08-20,2021-08-20,36.0,36.0,0.032332165173754,0.032332165173754,19.0,19.0,WARN_NOT_BRACKET_30D,3519.063,3564.59,0.010227855964898502,-0.006741005722832982,3546.3076,3539.4099,3528.501,3538.4903999999997,False,False,False,False,False,False,False,False,False,,,,2021-07-16,3559.526,WARN_NOT_BRACKET_30D
2021-07-16,16.973345469894536,2021-08-20,2021-08-20,35.0,35.0,0.0288094456440389,0.0288094456440389,19.0,19.0,WARN_NOT_BRACKET_30D,3559.526,3539.304,-0.007093662945808599,0.005838420352624274,3549.3508,3541.4642999999996,3564.59,3546.3076,False,False,False,False,False,False,False,False,False,,,,2021-07-19,3530.493,WARN_NOT_BRACKET_30D
2021-07-19,17.46161125607421,2021-08-20,2021-08-20,32.0,32.0,0.0304907867658257,0.0304907867658257,19.0,19.0,WARN_NOT_BRACKET_30D,3530.493,3539.123,-5.113999814654324e-05,0.001358393491028842,3547.6082,3541.9444000000003,3539.304,3549.3508,False,False,False,False,False,False,False,False,False,,,,2021-07-20,3515.072,WARN_NOT_BRACKET_30D
2021-07-20,18.04488309461107,2021-08-20,2021-08-20,31.0,31.0,0.032561780589818,0.032561780589818,19.0,19.0,WARN_NOT_BRACKET_30D,3515.072,3536.791,-0.0006589203031371893,0.0018502891714178293,3541.6618000000003,3542.5976,3539.123,3547.6082,False,False,False,False,False,False,False,False,False,,,,2021-07-21,3543.053,WARN_NOT_BRACKET_30D
2021-07-21,17.81983071148691,2021-08-20,2021-08-20,30.0,30.0,0.0317546366586052,0.0317546366586052,19.0,19.0,OK,3543.053,3562.661,0.007314540214561793,0.0025170835260892588,3548.4938,3543.4921000000004,3536.791,3541.6618000000003,False,False,False,False,False,False,False,False,False,,,,2021-07-22,3563.661,OK
2021-07-22,17.926005550283527,2021-08-20,2021-09-17,29.0,57.0,0.0319740541029844,0.0343336199372279,19.0,24.0,OK,3563.661,3574.734,0.003388759132569641,0.013963960897505734,3550.5226000000002,3548.4150999999997,3562.661,3548.4938,False,False,False,False,False,False,False,False,False,,,,2021-07-23,3571.715,OK
2021-07-23,17.292255756261156,2021-08-20,2021-09-17,28.0,56.0,0.0293648827486219,0.0333948439889175,19.0,24.0,OK,3571.715,3550.396,-0.006808338746323472,0.007465193831709183,3552.7410000000004,3551.0459,3574.734,3550.5226000000002,False,False,False,False,False,False,False,False,False,,,,2021-07-26,3538.014,OK
2021-07-26,20.08211762106568,2021-08-20,2021-09-17,25.0,53.0,0.0393616115227529,0.0424285095045571,19.0,24.0,OK,3538.014,3467.441,-0.023364999284586907,-0.02266029207663489,3538.4046000000003,3543.0063999999998,3550.396,3552.7410000000004,False,False,False,False,False,False,False,False,False,,,,2021-07-27,3467.447,OK
2021-07-27,22.16132255649816,2021-08-20,2021-09-17,24.0,52.0,0.0496737303451895,0.0481625148839899,22.0,25.0,OK,3467.447,3381.183,-0.024876558822486072,-0.05196657921454595,3507.2830000000004,3524.4724,3467.441,3538.4046000000003,False,False,False,False,False,False,False,False,False,,,,2021-07-28,3355.819,OK
2021-07-28,21.7770677943276,2021-08-20,2021-09-17,23.0,51.0,0.0487250445019,0.0456639237253682,25.0,27.0,OK,3355.819,3361.59,-0.005794717411036321,-0.047303656708613695,3467.0688,3507.7813,3381.183,3507.2830000000004,False,False,False,False,False,False,False,False,False,,,,2021-07-29,3403.838,OK
2021-07-29,20.031744435626152,2021-08-20,2021-09-17,22.0,50.0,0.0402139164069469,0.0400315568305486,25.0,27.0,OK,3403.838,3411.724,0.014913775921513439,-0.042884595423316574,3434.4667999999997,3492.4947,3361.59,3467.0688,False,False,False,False,False,False,False,False,False,,,,2021-07-30,3398.196,OK
2021-07-30,19.868044544703235,2021-08-20,2021-09-17,21.0,49.0,0.0392233042181551,0.0397006664750618,25.0,27.0,OK,3398.196,3397.357,-0.0042110674837707585,-0.04010590782820578,3403.8590000000004,3478.3,3411.724,3434.4667999999997,False,False,False,False,False,False,False,False,False,,,,2021-08-02,3385.69,OK
2021-08-02,19.7211199226472,2021-08-20,2021-09-17,18.0,46.0,0.0400186545912098,0.0383045714529345,25.0,27.0,OK,3385.69,3464.285,0.01970001975064739,-0.0211459166578839,3403.2277999999997,3470.8162,3397.357,3403.8590000000004,False,False,False,False,False,False,False,False,False,,,,2021-08-03,3446.784,OK
2021-08-03,19.172780360033165,2021-08-20,2021-09-17,17.0,45.0,0.0362585589301332,0.0369779316897063,25.0,27.0,OK,3446.784,3447.991,-0.004703423650190386,-0.02510750564565456,3416.5894,3461.9362,3464.285,3403.2277999999997,False,False,False,False,False,False,False,False,False,,,,2021-08-04,3442.937,OK
2021-08-04,19.21712522764609,2021-08-20,2021-09-17,16.0,44.0,0.0369548265369074,0.0369206860795379,25.0,27.0,OK,3442.937,3477.219,0.008476820270122642,-0.02398263545142243,3439.7152,3453.392,3447.991,3416.5894,False,False,False,False,False,False,False,False,False,,,,2021-08-05,3461.719,OK
2021-08-05,19.2442769003462,2021-08-20,2021-09-17,15.0,43.0,0.0372971547733933,0.0369547272344697,25.0,27.0,OK,3461.719,3466.549,-0.003068544144041563,-0.03026379025684145,3450.6802000000002,3442.5735,3477.219,3439.7152,False,False,False,False,False,False,False,False,False,,,,2021-08-06,3465.484,OK
2021-08-06,19.043551260759976,2021-08-20,2021-09-17,14.0,42.0,0.0345342025928686,0.0366985549294319,25.0,27.0,OK,3465.484,3458.228,-0.0024003699356334174,-0.0259599210904925,3462.8544,3433.3566999999994,3466.549,3450.6802000000002,False,False,False,False,False,False,False,False,False,,,,2021-08-09,3441.75,OK
2021-08-09,19.05557118377048,2021-08-20,2021-09-17,11.0,39.0,0.0371226591325986,0.0362031030629031,25.0,27.0,OK,3441.75,3494.635,0.01052764595046951,0.007842671295632764,3468.9244,3436.0760999999998,3458.228,3462.8544,False,False,False,False,False,False,False,False,False,,,,2021-08-10,3488.664,OK
2021-08-10,19.257243512391767,2021-08-20,2021-09-17,10.0,38.0,0.0389644044310771,0.0368862204893952,25.0,27.0,OK,3488.664,3529.931,0.010100053367519068,0.04399288651338895,3485.3124000000003,3450.9509,3494.635,3468.9244,False,False,False,False,False,False,False,False,False,,,,2021-08-11,3527.109,OK
2021-08-11,18.91492555392349,2021-08-20,2021-09-17,9.0,37.0,0.0373485215863742,0.0356500559481824,25.0,27.0,OK,3527.109,3532.621,0.0007620545557405212,0.05087800713352908,3496.3928,3468.054,3529.931,3485.3124000000003,False,False,False,False,False,False,False,False,False,,,,2021-08-12,3522.724,OK
2021-08-12,18.89176583949285,2021-08-20,2021-09-17,8.0,36.0,0.0364283998097881,0.0356451229772795,25.0,27.0,OK,3522.724,3524.737,-0.0022317706881095356,0.03312489521426709,3508.0304000000006,3479.3553,3532.621,3496.3928,False,False,False,False,False,False,False,False,False,,,,2021-08-13,3514.467,OK
2021-08-13,18.81554900302546,2021-08-20,2021-09-17,7.0,35.0,0.0345078370344578,0.0354413863152238,25.0,27.0,OK,3514.467,3516.299,-0.002393937476753649,0.0350101564245382,3519.6445999999996,3491.2495000000004,3524.737,3508.0304000000006,False,False,False,False,False,False,False,False,False,,,,2021-08-16,3514.345,OK
2021-08-16,19.37825385297037,2021-09-17,2021-09-17,32.0,32.0,0.0375516722390161,0.0375516722390161,27.0,27.0,WARN_NOT_BRACKET_30D,3514.345,3517.345,0.000297471858906162,0.015316291817792038,3524.1866,3496.5555,3516.299,3519.6445999999996,False,False,False,False,False,False,False,False,False,,,,2021-08-17,3512.109,WARN_NOT_BRACKET_30D
2021-08-17,20.23565420756896,2021-09-17,2021-09-17,31.0,31.0,0.0409481701208303,0.0409481701208303,27.0,27.0,WARN_NOT_BRACKET_30D,3512.109,3446.976,-0.020006283148226722,-0.00029437431826240257,3507.5955999999996,3496.454,3517.345,3524.1866,False,False,False,False,False,False,False,False,False,,,,2021-08-18,3442.347,WARN_NOT_BRACKET_30D
2021-08-18,19.185150441564968,2021-09-17,2021-09-17,30.0,30.0,0.036806999746548,0.036806999746548,27.0,27.0,OK,3442.347,3485.286,0.011114089567203278,0.002319957414244067,3498.1286,3497.2607000000003,3446.976,3507.5955999999996,False,False,False,False,False,False,False,False,False,,,,2021-08-19,3475.298,OK
2021-08-19,19.92229089366236,2021-09-17,2021-10-15,29.0,57.0,0.040213919689477,0.0324895708260075,27.0,23.0,OK,3475.298,3465.555,-0.0056612283755193005,-0.0002867405018651681,3486.2922,3497.1612999999998,3485.286,3498.1286,False,False,False,False,False,False,False,False,False,,,,2021-08-20,3442.506,OK
2021-08-20,21.18205892810116,2021-09-17,2021-10-15,28.0,56.0,0.0461311078573401,0.0366575142524512,27.0,23.0,OK,3442.506,3427.334,-0.011028825108820972,-0.008933476913610128,3468.4991999999997,3494.0719,3465.555,3486.2922,False,False,False,False,False,False,False,False,False,,,,2021-08-23,3436.796,OK
2021-08-23,20.154937790029,2021-09-17,2021-10-15,25.0,53.0,0.0429225810030166,0.0356306542571332,27.0,23.0,OK,3436.796,3477.132,0.014529660663361144,-0.005008534510757223,3460.4566,3492.3216,3427.334,3468.4991999999997,False,False,False,False,False,False,False,False,False,,,,2021-08-24,3482.266,OK
2021-08-24,18.945631619612275,2021-09-17,2021-10-15,24.0,52.0,0.0375982408497196,0.0330090809567192,27.0,23.0,OK,3482.266,3514.471,0.010738447663189099,-0.004379689008085386,3473.9556,3490.7756,3477.132,3460.4566,False,False,False,False,False,False,False,False,False,,,,2021-08-25,3517.915,OK
2021-08-25,18.93601971840603,2021-09-17,2021-10-15,23.0,51.0,0.038131252466654,0.0327807390806121,27.0,23.0,OK,3517.915,3540.384,0.007373229143162741,0.0021975184997200525,3484.9752,3491.5519,3514.471,3473.9556,False,False,False,False,False,False,False,False,False,,,,2021-08-26,3537.314,OK
2021-08-26,19.786766182188074,2021-09-17,2021-10-15,22.0,50.0,0.043030624737148,0.0348846971383392,27.0,23.0,OK,3537.314,3501.664,-0.010936666757052294,-0.0065460203130048855,3492.197,3489.2446000000004,3540.384,3484.9752,False,False,False,False,False,False,False,False,False,,,,2021-08-27,3494.418,OK
2021-08-27,19.38790143418404,2021-09-17,2021-10-15,21.0,49.0,0.0416709489279001,0.0338959456407828,27.0,23.0,OK,3494.418,3522.157,0.005852360477761387,0.0016659561658436406,3511.1616000000004,3489.8304000000003,3501.664,3492.197,False,False,False,False,False,False,False,False,False,,,,2021-08-30,3535.073,OK
2021-08-30,19.882206236172003,2021-09-17,2021-10-15,18.0,46.0,0.0467698187973535,0.0357530265779837,27.0,23.0,OK,3535.073,3528.151,0.0017017980743050387,0.0030722036081192172,3521.3653999999997,3490.911,3522.157,3511.1616000000004,False,False,False,False,False,False,False,False,False,,,,2021-08-31,3519.025,OK
2021-08-31,19.58839427008652,2021-09-17,2021-10-15,17.0,45.0,0.0450634373719281,0.0354530930545443,27.0,23.0,OK,3519.025,3543.94,0.004475148597664846,0.028130163946601394,3527.2591999999995,3500.6074,3528.151,3521.3653999999997,False,False,False,False,False,False,False,False,False,,,,2021-09-01,3543.866,OK
2021-09-01,19.544742987939514,2021-09-17,2021-10-15,16.0,44.0,0.0446506496582348,0.0358538971876342,27.0,23.0,OK,3543.866,3567.101,0.006535381524517936,0.023474400666114725,3532.6025999999997,3508.7888999999996,3543.94,3527.2591999999995,False,False,False,False,False,False,False,False,False,,,,2021-09-02,3559.903,OK
2021-09-02,19.967561600660847,2021-09-17,2021-10-15,15.0,43.0,0.0478628017297381,0.0374540295037219,27.0,23.0,OK,3559.903,3597.043,0.008393931094185403,0.037941397553927336,3551.6784,3521.9377,3567.101,3532.6025999999997,False,False,False,False,False,False,False,False,False,,,,2021-09-03,3602.742,OK
2021-09-03,19.57221588926972,2021-09-17,2021-10-15,14.0,42.0,0.0451945008737422,0.0365853291335871,27.0,23.0,OK,3602.742,3581.734,-0.0042559958276841,0.04504959248208662,3563.5938,3537.3777,3597.043,3551.6784,False,False,False,False,False,False,False,False,False,,,,2021-09-06,3580.141,OK
2021-09-06,19.51059654913961,2021-09-17,2021-10-15,11.0,39.0,0.0466249981399978,0.0369228730245847,27.0,23.0,OK,3580.141,3621.859,0.011202674458795636,0.04162252108921938,3582.3354,3551.8504000000003,3581.734,3563.5938,False,False,False,False,False,False,False,False,False,,,,2021-09-07,3621.71,OK
2021-09-07,19.660565426624085,2021-09-17,2021-10-15,10.0,38.0,0.0501473185920259,0.0374439374681335,27.0,23.0,OK,3621.71,3676.587,0.01511047227404494,0.04612813706529373,3608.8648000000003,3568.0620000000004,3621.859,3582.3354,False,False,False,False,False,False,False,False,False,,,,2021-09-08,3673.402,OK
2021-09-08,19.84186699622036,2021-09-17,2021-10-15,9.0,37.0,0.0486056964076225,0.0386211257935115,27.0,23.0,OK,3673.402,3675.187,-0.00038078794273055383,0.038075813245116885,3630.482,3581.5423,3676.587,3608.8648000000003,False,False,False,False,False,False,False,False,False,,,,2021-09-09,3666.825,OK
2021-09-09,19.950684280312423,2021-09-17,2021-10-15,8.0,36.0,0.0480492174365628,0.0393032083791315,27.0,23.0,OK,3666.825,3693.13,0.004882200551971971,0.05467857567145207,3649.6994,3600.6889,3675.187,3630.482,False,False,False,False,False,False,False,False,False,,,,2021-09-10,3691.186,OK
2021-09-10,19.8424996335482,2021-09-17,2021-10-15,7.0,35.0,0.045202367796456,0.0391190057522264,27.0,23.0,OK,3691.186,3703.11,0.0027023148386329243,0.05137562011006325,3673.9746,3618.7842000000005,3693.13,3649.6994,False,False,False,False,False,False,False,False,False,,,,2021-09-13,3699.253,OK
2021-09-13,19.62024909962433,2021-10-15,2021-10-15,32.0,32.0,0.0384954174731309,0.0384954174731309,23.0,23.0,WARN_NOT_BRACKET_30D,3699.253,3715.372,0.0033112707967086763,0.05306490566872002,3692.6771999999996,3637.5063,3703.11,3673.9746,False,False,False,False,False,False,False,False,False,,,,2021-09-14,3709.634,WARN_NOT_BRACKET_30D
2021-09-14,18.858848446517456,2021-10-15,2021-10-15,31.0,31.0,0.0355656164728713,0.0355656164728713,23.0,23.0,WARN_NOT_BRACKET_30D,3709.634,3662.602,-0.014203153816091607,0.03348307251251437,3689.8802000000005,3649.3725,3715.372,3692.6771999999996,False,False,False,False,False,False,False,False,False,,,,2021-09-15,3651.158,WARN_NOT_BRACKET_30D
2021-09-15,19.25156068733416,2021-10-15,2021-10-15,30.0,30.0,0.037062258889811,0.037062258889811,23.0,23.0,OK,3651.158,3656.223,-0.0017416579797641107,0.02498443413853435,3686.0873999999994,3658.2847,3662.602,3689.8802000000005,False,False,False,False,False,False,False,False,False,,,,2021-09-16,3664.841,OK
2021-09-16,20.370704248149394,2021-10-15,2021-11-19,29.0,64.0,0.0415457302232933,0.0407390174096526,23.0,22.0,OK,3664.841,3607.092,-0.013437637693324511,0.002793683589548346,3668.8798,3659.2896,3656.223,3686.0873999999994,False,False,False,False,False,False,False,False,False,,,,2021-09-17,3595.272,OK
2021-09-17,18.85630141740518,2021-10-15,2021-11-19,28.0,63.0,0.0351080242963644,0.0388412411133579,23.0,22.0,OK,3595.272,3613.966,0.0019056902346821225,0.00899899322506914,3651.0509999999995,3662.5127999999995,3607.092,3668.8798,False,False,False,False,False,False,False,False,False,,,,2021-09-22,3563.207,OK
2021-09-22,20.588615389529373,2021-10-15,2021-11-19,23.0,58.0,0.0419980626165994,0.0430093878300402,23.0,22.0,OK,3563.207,3628.49,0.004018853525461941,0.0018308277599983214,3633.6746,3663.1758999999997,3613.966,3651.0509999999995,False,False,False,False,False,False,False,False,False,,,,2021-09-23,3651.266,OK
2021-09-23,19.80773509835964,2021-10-15,2021-11-19,22.0,57.0,0.0373558069402579,0.0416820603043849,23.0,22.0,OK,3651.266,3642.22,0.0037839431829769232,-0.00934752801987282,3629.5982000000004,3659.7392,3628.49,3633.6746,False,False,False,False,False,False,False,False,False,,,,2021-09-24,3637.868,OK
2021-09-24,19.040729669745826,2021-10-15,2021-11-19,21.0,56.0,0.0337338938926441,0.0389860704405394,23.0,22.0,OK,3637.868,3613.067,-0.00800418426124716,-0.01690254128565427,3620.9669999999996,3653.5271999999995,3642.22,3629.5982000000004,False,False,False,False,False,False,False,False,False,,,,2021-09-27,3625.96,OK
2021-09-27,19.622899419800028,2021-10-15,2021-11-19,18.0,53.0,0.0358953724898045,0.0402050705367573,23.0,22.0,OK,3625.96,3582.831,-0.008368513509436681,-0.02986599442749105,3616.1148000000003,3642.4973,3613.067,3620.9669999999996,False,False,False,False,False,False,False,False,False,,,,2021-09-28,3577.886,OK
2021-09-28,19.56138286260675,2021-10-15,2021-11-19,17.0,52.0,0.0361339029860762,0.0394436815539103,23.0,22.0,OK,3577.886,3602.218,0.0054110841398882226,-0.027245207406747407,3613.7652000000003,3632.4080999999996,3582.831,3616.1148000000003,False,False,False,False,False,False,False,False,False,,,,2021-09-29,3573.518,OK
2021-09-29,20.366435895006035,2021-10-15,2021-11-19,16.0,51.0,0.0386075603386117,0.0428305173502695,23.0,22.0,OK,3573.518,3536.294,-0.0183009468055515,-0.04819921127682503,3595.326,3614.5002999999997,3602.218,3613.7652000000003,False,False,False,False,False,False,False,False,False,,,,2021-09-30,3541.928,OK
2021-09-30,20.103334616216543,2021-10-15,2021-11-19,15.0,50.0,0.038375573777032,0.041229939266007,23.0,22.0,OK,3541.928,3568.167,0.009013108073027798,-0.02578358227293054,3580.5154,3605.0568,3536.294,3595.326,False,False,False,False,False,False,False,False,False,,,,2021-10-08,3609.087,OK
2021-10-08,19.063125919478395,2021-10-15,2021-11-19,7.0,42.0,0.0370431390971798,0.036279158537407,23.0,22.0,OK,3609.087,3592.167,0.006726142582452077,-0.017519719119977073,3576.3354,3598.6512000000002,3568.167,3580.5154,False,False,False,False,False,False,False,False,False,,,,2021-10-11,3600.357,OK
2021-10-11,18.50968974652653,2021-11-19,2021-11-19,39.0,39.0,0.0342608614512669,0.0342608614512669,22.0,22.0,WARN_NOT_BRACKET_30D,3600.357,3591.709,-0.00012749964018932136,-0.004264654186807659,3578.111,3597.1129,3592.167,3576.3354,False,False,False,False,False,False,False,False,False,,,,2021-10-12,3581.297,WARN_NOT_BRACKET_30D
2021-10-12,18.31662915758183,2021-11-19,2021-11-19,38.0,38.0,0.0335498903696376,0.0335498903696376,22.0,22.0,WARN_NOT_BRACKET_30D,3581.297,3546.936,-0.012465653537076515,-0.018547490485521956,3567.0546000000004,3590.4099,3591.709,3578.111,False,False,False,False,False,False,False,False,False,,,,2021-10-13,3543.492,WARN_NOT_BRACKET_30D
2021-10-13,18.014457153886507,2021-11-19,2021-11-19,37.0,37.0,0.0324520666549212,0.0324520666549212,22.0,22.0,WARN_NOT_BRACKET_30D,3543.492,3561.762,0.004179945733444379,-0.01839001898861503,3572.1482000000005,3583.7371,3546.936,3567.0546000000004,False,False,False,False,False,False,False,False,False,,,,2021-10-14,3555.109,WARN_NOT_BRACKET_30D
2021-10-14,17.61718797199232,2021-11-19,2021-11-19,36.0,36.0,0.031036531204051,0.031036531204051,22.0,22.0,WARN_NOT_BRACKET_30D,3555.109,3558.28,-0.0009776060275784593,-0.02304638379889179,3570.1708,3575.3430999999996,3561.762,3572.1482000000005,False,False,False,False,False,False,False,False,False,,,,2021-10-15,3551.987,WARN_NOT_BRACKET_30D
2021-10-15,17.462588164343824,2021-11-19,2021-11-19,35.0,35.0,0.0304941985397481,0.0304941985397481,22.0,22.0,WARN_NOT_BRACKET_30D,3551.987,3572.366,0.003958654181233534,-0.01126494471317585,3566.2106,3571.273,3558.28,3570.1708,False,False,False,False,False,False,False,False,False,,,,2021-10-18,3571.048,WARN_NOT_BRACKET_30D
2021-10-18,18.376315364470592,2021-11-19,2021-11-19,32.0,32.0,0.0337688966374477,0.0337688966374477,22.0,22.0,WARN_NOT_BRACKET_30D,3571.048,3568.138,-0.0011835293472169939,-0.0041009469885685546,3561.4964,3569.8036999999995,3572.366,3566.2106,False,False,False,False,False,False,False,False,False,,,,2021-10-19,3562.296,WARN_NOT_BRACKET_30D
2021-10-19,17.61777562324607,2021-11-19,2021-11-19,31.0,31.0,0.0310386017911043,0.0310386017911043,22.0,22.0,WARN_NOT_BRACKET_30D,3562.296,3593.153,0.007010659341090575,-0.0025165051087968626,3570.7398000000003,3568.8972000000003,3568.138,3561.4964,False,False,False,False,False,False,False,False,False,,,,2021-10-20,3583.236,WARN_NOT_BRACKET_30D
2021-10-20,17.824434297472575,2021-11-19,2021-11-19,30.0,30.0,0.0317710458024916,0.0317710458024916,22.0,22.0,OK,3583.236,3587.001,-0.0017121452941190052,0.014339022717002603,3575.7876000000006,3573.9679000000006,3593.153,3570.7398000000003,False,False,False,False,False,False,False,False,False,,,,2021-10-21,3590.05,OK
2021-10-21,18.05704866488518,2021-11-19,2021-12-17,29.0,57.0,0.0323703901932346,0.0358381232197176,22.0,24.0,OK,3590.05,3594.783,0.0021695003709225613,0.007459292123939365,3583.0881999999997,3576.6295,3587.001,3575.7876000000006,False,False,False,False,False,False,False,False,False,,,,2021-10-22,3594.746,OK
2021-10-22,18.15090133561204,2021-11-19,2021-12-17,28.0,56.0,0.0324416804513659,0.0362204915374638,22.0,24.0,OK,3594.746,3582.604,-0.003387965281909988,-0.0026621813518136195,3585.1358,3575.6732,3594.783,3583.0881999999997,False,False,False,False,False,False,False,False,False,,,,2021-10-25,3574.263,OK
2021-10-25,18.957049487630616,2021-11-19,2021-12-17,25.0,53.0,0.0353141823023806,0.0372883098088873,22.0,24.0,OK,3574.263,3609.863,0.007608711428893633,0.005054418384117465,3593.4808000000003,3577.4885999999997,3582.604,3585.1358,False,False,False,False,False,False,False,False,False,,,,2021-10-26,3612.833,OK
2021-10-26,18.77205156118402,2021-11-19,2021-12-17,24.0,52.0,0.0343629268812253,0.0367215636898594,22.0,24.0,OK,3612.833,3597.638,-0.0033865551130333182,0.014294591162625991,3594.3777999999998,3582.5588000000002,3609.863,3593.4808000000003,False,False,False,False,False,False,False,False,False,,,,2021-10-27,3589.857,OK
2021-10-27,18.717736696952457,2021-11-19,2021-12-17,23.0,51.0,0.0338980240536452,0.0365741244112894,22.0,24.0,OK,3589.857,3562.305,-0.009821165998357806,0.00015245263439833678,3589.4386,3582.6131,3597.638,3594.3777999999998,False,False,False,False,False,False,False,False,False,,,,2021-10-28,3548.702,OK
2021-10-28,18.8110268536656,2021-11-19,2021-12-17,22.0,50.0,0.0343334261048008,0.036542724855478,22.0,24.0,OK,3548.702,3518.417,-0.012320112960569007,-0.011202884539721514,3574.1654000000003,3578.6267999999995,3562.305,3589.4386,False,False,False,False,False,False,False,False,False,,,,2021-10-29,3519.328,OK
2021-10-29,18.255442509908047,2021-11-19,2021-12-17,21.0,49.0,0.0318808068028312,0.0346337807464969,22.0,24.0,OK,3519.328,3547.336,0.00821932135957737,-0.007006560917890314,3567.1117999999997,3576.1238,3518.417,3574.1654000000003,False,False,False,False,False,False,False,False,False,,,,2021-11-01,3530.396,OK
2021-11-01,18.7633686249018,2021-11-19,2021-12-17,18.0,46.0,0.0346596112119778,0.0354916814345689,22.0,24.0,OK,3530.396,3544.48,-0.0008051112158531382,-0.006630348938297725,3554.0352,3573.7580000000003,3547.336,3567.1117999999997,False,False,False,False,False,False,False,False,False,,,,2021-11-02,3543.383,OK
2021-11-02,19.628523440752904,2021-11-19,2021-12-17,17.0,45.0,0.0398991739646816,0.0379301554974321,22.0,24.0,OK,3543.383,3505.628,-0.01096126935403774,-0.0243588291397554,3535.6332,3565.0055,3544.48,3554.0352,False,False,False,False,False,False,False,False,False,,,,2021-11-03,3501.105,OK
2021-11-03,19.77741495092608,2021-11-19,2021-12-17,16.0,44.0,0.0410859153720365,0.0383977774294113,22.0,24.0,OK,3501.105,3498.537,-0.0020227474221452546,-0.024662385095515882,3522.8796,3556.1591,3505.628,3535.6332,False,False,False,False,False,False,False,False,False,,,,2021-11-04,3505.894,OK
2021-11-04,18.66481675755355,2021-11-19,2021-12-17,15.0,43.0,0.0333005246507086,0.0353022170526017,22.0,24.0,OK,3505.894,3526.866,0.008097384706807542,-0.018893212747473243,3524.5693999999994,3549.3674,3498.537,3522.8796,False,False,False,False,False,False,False,False,False,,,,2021-11-05,3520.207,OK
2021-11-05,18.42501580322267,2021-11-19,2021-12-17,14.0,42.0,0.0325158637694244,0.0343061849762695,22.0,24.0,OK,3520.207,3491.568,-0.010008319000495036,-0.025410567285694907,3513.4157999999998,3540.2637999999997,3526.866,3524.5693999999994,False,False,False,False,False,False,False,False,False,,,,2021-11-08,3491.971,OK
2021-11-08,18.82075058694065,2021-11-19,2021-12-17,11.0,39.0,0.0373464517858559,0.0351649609936433,22.0,24.0,OK,3491.971,3498.631,0.0020228733909806174,-0.030813357736844904,3504.246,3529.1406,3491.568,3513.4157999999998,False,False,False,False,False,False,False,False,False,,,,2021-11-09,3507.108,OK
2021-11-09,18.649819958288724,2021-11-19,2021-12-17,10.0,38.0,0.0358811794741668,0.0346658309711838,22.0,24.0,OK,3507.108,3507.002,0.00239265015373169,-0.025193196202619617,3504.5208,3520.077,3498.631,3504.246,False,False,False,False,False,False,False,False,False,,,,2021-11-10,3498.945,OK
2021-11-10,18.746409253882707,2021-11-19,2021-12-17,9.0,37.0,0.0361020524982944,0.0350650076259825,22.0,24.0,OK,3498.945,3492.462,-0.004145991362422885,-0.01960612580899157,3503.3057999999996,3513.0927,3507.002,3504.5208,False,False,False,False,False,False,False,False,False,,,,2021-11-11,3486.451,OK
2021-11-11,18.285036079395976,2021-11-19,2021-12-17,8.0,36.0,0.0312403832298015,0.0335672163341588,22.0,24.0,OK,3486.451,3532.786,0.011546009663097268,0.00408393888501557,3504.4898000000003,3514.5296000000003,3492.462,3503.3057999999996,False,False,False,False,False,False,False,False,False,,,,2021-11-12,3534.151,OK
2021-11-12,18.041667021779205,2021-11-19,2021-12-17,7.0,35.0,0.0274982685373218,0.0327698229948735,22.0,24.0,OK,3534.151,3539.1,0.0017872579884543605,-0.0023217422877336302,3513.9962,3513.7059999999997,3532.786,3504.4898000000003,False,False,False,False,False,False,False,False,False,,,,2021-11-15,3542.903,OK
2021-11-15,18.558890081971214,2021-12-17,2021-12-17,32.0,32.0,0.0344432401074689,0.0344432401074689,24.0,24.0,WARN_NOT_BRACKET_30D,3542.903,3533.303,-0.0016379870588567602,-0.0031533539475466776,3520.9305999999997,3512.5883000000003,3539.1,3513.9962,False,False,False,False,False,False,False,False,False,,,,2021-11-16,3530.458,WARN_NOT_BRACKET_30D
2021-11-16,18.172237654053628,2021-12-17,2021-12-17,31.0,31.0,0.0330230221355404,0.0330230221355404,24.0,24.0,WARN_NOT_BRACKET_30D,3530.458,3521.787,-0.0032592732635723376,0.004609445155047798,3523.8875999999996,3514.2042,3533.303,3520.9305999999997,False,False,False,False,False,False,False,False,False,,,,2021-11-17,3518.565,WARN_NOT_BRACKET_30D
2021-11-17,18.028515599942573,2021-12-17,2021-12-17,30.0,30.0,0.0325027374737372,0.0325027374737372,24.0,24.0,OK,3518.565,3537.366,0.004423606538385361,0.011098639231198693,3532.8684000000003,3518.0870999999997,3521.787,3523.8875999999996,False,False,False,False,False,False,False,False,False,,,,2021-11-18,3531.492,OK
2021-11-18,17.555012178682848,2021-12-17,2022-01-21,29.0,64.0,0.0309428314639919,0.0288922765444184,24.0,20.0,OK,3531.492,3520.711,-0.004708305558429715,-0.0017451754617272552,3530.4534,3517.4716,3537.366,3532.8684000000003,False,False,False,False,False,False,False,False,False,,,,2021-11-19,3519.276,OK
2021-11-19,17.104763883618375,2021-12-17,2022-01-21,28.0,63.0,0.0295828020963602,0.0268702408886376,24.0,20.0,OK,3519.276,3560.373,0.01126533816606945,0.019706046108797004,3534.708,3524.3521,3520.711,3530.4534,False,False,False,False,False,False,False,False,False,,,,2021-11-22,3562.763,OK
2021-11-22,17.104121435844128,2021-12-17,2022-01-21,25.0,60.0,0.0303167280341465,0.0266010194468694,24.0,20.0,OK,3562.763,3582.08,0.006096833112710254,0.02385190092924927,3544.4633999999996,3532.697,3560.373,3534.708,False,False,False,False,False,False,False,False,False,,,,2021-11-23,3580.506,OK
2021-11-23,16.946753451434038,2021-12-17,2022-01-21,24.0,59.0,0.0299253351538486,0.0263479498587823,24.0,20.0,OK,3580.506,3589.089,0.0019566843844915915,0.02340660199224298,3557.9237999999996,3540.9057000000003,3582.08,3544.4633999999996,False,False,False,False,False,False,False,False,False,,,,2021-11-25,3593.388,OK
2021-11-25,15.808575728072094,2021-12-17,2022-01-21,22.0,57.0,0.0259530726227296,0.0237380194076064,24.0,20.0,OK,3593.388,3584.179,-0.001368035175499882,0.026261416731234277,3567.2864,3550.0773999999997,3589.089,3557.9237999999996,False,False,False,False,False,False,False,False,False,,,,2021-11-26,3576.114,OK
2021-11-26,15.674114954172271,2021-12-17,2022-01-21,21.0,56.0,0.0256643298481869,0.0233798675804238,24.0,20.0,OK,3576.114,3564.089,-0.005605188803349481,0.008860712197115816,3575.9620000000004,3553.2077,3584.179,3567.2864,False,False,False,False,False,False,False,False,False,,,,2021-11-29,3528.672,OK
2021-11-29,16.351717611695626,2021-12-17,2022-01-21,18.0,53.0,0.0288486771067398,0.0253638489109065,24.0,20.0,OK,3528.672,3562.697,-0.0003905626374649529,0.006667514339804059,3576.4268,3555.5674,3564.089,3575.9620000000004,False,False,False,False,False,False,False,False,False,,,,2021-11-30,3570.747,OK
2021-11-30,16.17017655274278,2021-12-17,2022-01-21,17.0,52.0,0.0286901479420473,0.0247407081258815,24.0,20.0,OK,3570.747,3563.887,0.0003340166171863501,0.008655923366889473,3572.7882,3558.6258000000003,3562.697,3576.4268,False,False,False,False,False,False,False,False,False,,,,2021-12-01,3561.886,OK
2021-12-01,15.69038894988756,2021-12-17,2022-01-21,16.0,51.0,0.0259697095892704,0.0239831227519247,24.0,20.0,OK,3561.886,3576.885,0.003647141449770963,0.015644898456380396,3570.3474,3564.1356,3563.887,3572.7882,False,False,False,False,False,False,False,False,False,,,,2021-12-02,3573.247,OK
2021-12-02,15.262422035712683,2021-12-17,2022-01-21,15.0,50.0,0.0240129191366863,0.0230066460407945,24.0,20.0,OK,3573.247,3573.836,-0.0008524176762743085,0.010309931174778075,3568.2788,3567.7826,3576.885,3570.3474,False,False,False,False,False,False,False,False,False,,,,2021-12-03,3576.45,OK
2021-12-03,14.869188386842094,2021-12-17,2022-01-21,14.0,49.0,0.0222770935377538,0.0220523383465745,24.0,20.0,OK,3576.45,3607.432,0.009400543281784524,0.02463167240935138,3576.9474,3576.4547,3573.836,3568.2788,False,False,False,False,False,False,False,False,False,,,,2021-12-06,3615.236,OK
2021-12-06,15.078850474718672,2021-12-17,2022-01-21,11.0,46.0,0.0245760171416136,0.0223668796397745,24.0,20.0,OK,3615.236,3589.306,-0.005024626936834808,0.008126395745614357,3582.2692,3579.3480000000004,3607.432,3576.9474,False,False,False,False,False,False,False,False,False,,,,2021-12-07,3611.217,OK
2021-12-07,15.34344229915009,2021-12-17,2022-01-21,10.0,45.0,0.0243986385962413,0.0233993694191504,24.0,20.0,OK,3611.217,3595.088,0.0016108963682672783,0.0036314096837593013,3588.5094,3580.6488,3589.306,3582.2692,False,False,False,False,False,False,False,False,False,,,,2021-12-08,3602.824,OK
2021-12-08,16.667783585091485,2021-12-17,2022-01-21,9.0,44.0,0.0332927832252385,0.027029962473768,24.0,20.0,OK,3602.824,3637.568,0.011816122442621646,0.013507327346856002,3600.6459999999997,3585.4966999999997,3595.088,3588.5094,False,False,False,False,False,False,False,False,False,,,,2021-12-09,3641.158,OK
2021-12-09,16.731392102737395,2021-12-17,2022-01-21,8.0,43.0,0.0332659654810475,0.0274143606427094,24.0,20.0,OK,3641.158,3673.041,0.009751845188873398,0.024792846562629922,3620.487,3594.3828999999996,3637.568,3600.6459999999997,False,False,False,False,False,False,False,False,False,,,,2021-12-10,3654.368,OK
2021-12-10,16.559731792220237,2021-12-17,2022-01-21,7.0,42.0,0.0288686259098407,0.027296719163304,24.0,21.0,OK,3654.368,3666.348,-0.001822195831737261,0.028691483293486808,3632.2702,3604.6087999999995,3673.041,3620.487,False,False,False,False,False,False,False,False,False,,,,2021-12-13,3686.937,OK
2021-12-13,16.988739303608014,2022-01-21,2022-01-21,39.0,39.0,0.0288617263125955,0.0288617263125955,21.0,21.0,WARN_NOT_BRACKET_30D,3686.937,3681.082,0.004018712899048316,0.033229039685384265,3650.6254,3616.4473,3666.348,3632.2702,False,False,False,False,False,False,False,False,False,,,,2021-12-14,3669.807,WARN_NOT_BRACKET_30D
2021-12-14,16.4995314531901,2022-01-21,2022-01-21,38.0,38.0,0.0272234538174809,0.0272234538174809,21.0,21.0,WARN_NOT_BRACKET_30D,3669.807,3661.525,-0.005312840083431913,0.027396491527368783,3663.9127999999996,3626.2110999999995,3681.082,3650.6254,False,False,False,False,False,False,False,False,False,,,,2021-12-15,3655.049,WARN_NOT_BRACKET_30D
2021-12-15,16.07492821090766,2022-01-21,2022-01-21,37.0,37.0,0.0258403316985834,0.0258403316985834,21.0,21.0,WARN_NOT_BRACKET_30D,3655.049,3647.63,-0.0037948668928929896,0.01977838258708342,3665.9252,3633.2856,3661.525,3663.9127999999996,False,False,False,False,False,False,False,False,False,,,,2021-12-16,3648.927,WARN_NOT_BRACKET_30D
2021-12-16,15.948519458672958,2022-01-21,2022-01-21,36.0,36.0,0.0254355272923669,0.0254355272923669,21.0,21.0,WARN_NOT_BRACKET_30D,3648.927,3675.016,0.007507888683885078,0.028311315908172707,3666.3201999999997,3643.4036,3647.63,3665.9252,False,False,False,False,False,False,False,False,False,,,,2021-12-17,3670.258,WARN_NOT_BRACKET_30D
2021-12-17,16.150882191203205,2022-01-21,2022-01-21,35.0,35.0,0.0260850995554124,0.0260850995554124,21.0,21.0,WARN_NOT_BRACKET_30D,3670.258,3632.364,-0.011605935865313222,0.006911287586294224,3659.5233999999996,3645.8968,3675.016,3666.3201999999997,False,False,False,False,False,False,False,False,False,,,,2021-12-20,3620.037,WARN_NOT_BRACKET_30D
2021-12-20,17.09153913225586,2022-01-21,2022-01-21,32.0,32.0,0.0292120709909433,0.0292120709909433,21.0,21.0,WARN_NOT_BRACKET_30D,3620.037,3593.602,-0.010671287348955172,0.001196888757882375,3642.0274000000004,3646.3264000000004,3632.364,3659.5233999999996,False,False,False,False,False,False,False,False,False,,,,2021-12-21,3591.452,WARN_NOT_BRACKET_30D
2021-12-21,16.183908805268562,2022-01-21,2022-01-21,31.0,31.0,0.0261918904217249,0.0261918904217249,21.0,21.0,WARN_NOT_BRACKET_30D,3591.452,3625.125,0.008771978644268374,0.008355011059534512,3634.7474,3649.3301,3593.602,3642.0274000000004,False,False,False,False,False,False,False,False,False,,,,2021-12-22,3632.676,WARN_NOT_BRACKET_30D
2021-12-22,15.97759840195699,2022-01-21,2022-01-21,30.0,30.0,0.0255283650694218,0.0255283650694218,21.0,21.0,OK,3632.676,3622.618,-0.0006915623599186294,-0.004109888804827877,3629.745,3647.8350999999993,3625.125,3634.7474,False,False,False,False,False,False,False,False,False,,,,2021-12-23,3625.47,OK
2021-12-23,15.303334715661745,2022-01-21,2022-02-18,29.0,57.0,0.0232931866612179,0.0251503040615947,21.0,21.0,OK,3625.47,3643.339,0.005719896494744914,-0.008086487463657588,3623.4096000000004,3644.8649000000005,3622.618,3629.745,False,False,False,False,False,False,False,False,False,,,,2021-12-24,3645.395,OK
2021-12-24,15.457253307286337,2022-01-21,2022-02-18,28.0,56.0,0.023681678819898,0.0252640975248737,21.0,21.0,OK,3645.395,3618.054,-0.006940062398804958,-0.013172235696120471,3620.5475999999994,3640.0355000000004,3643.339,3623.4096000000004,False,False,False,False,False,False,False,False,False,,,,2021-12-27,3613.047,OK
2021-12-27,15.930731744036612,2022-01-21,2022-02-18,25.0,53.0,0.0248037411108007,0.0266266370902937,21.0,21.0,OK,3613.047,3615.974,-0.0005748946809527311,-0.017687190885723236,3625.022,3633.5247000000004,3618.054,3620.5475999999994,False,False,False,False,False,False,False,False,False,,,,2021-12-28,3619.642,OK
2021-12-28,16.104350123334306,2022-01-21,2022-02-18,24.0,52.0,0.0258569763479049,0.0260670650367979,21.0,21.0,OK,3619.642,3630.112,0.003909873245770079,-0.008579212213490228,3626.0194,3630.3834,3615.974,3625.022,False,False,False,False,False,False,False,False,False,,,,2021-12-29,3630.916,OK
2021-12-29,17.29214540142988,2022-01-21,2022-02-18,23.0,51.0,0.0305895664095456,0.0289713613480717,21.0,21.0,OK,3630.916,3597.0,-0.009121481651254815,-0.013880245529288904,3620.8958,3625.3203999999996,3630.112,3626.0194,False,False,False,False,False,False,False,False,False,,,,2021-12-31,3626.242,OK
2021-12-31,16.8630499554928,2022-01-21,2022-02-18,21.0,49.0,0.0280541239483136,0.0287819742946582,21.0,21.0,OK,3626.242,3639.775,0.011891854323047069,-0.009589346005568378,3620.183,3621.7962999999995,3597.0,3620.8958,False,False,False,False,False,False,False,False,False,,,,2022-01-04,3649.151,OK
2022-01-04,17.185910788488286,2022-01-21,2022-02-18,17.0,45.0,0.0298932399470146,0.0293796381237966,21.0,21.0,OK,3649.151,3632.329,-0.0020457308487474846,-9.63559819444626e-06,3623.0380000000005,3621.7928,3639.775,3620.183,False,False,False,False,False,False,False,False,False,,,,2022-01-05,3628.263,OK
2022-01-05,17.564280995303278,2022-01-21,2022-02-18,16.0,44.0,0.0334417582608182,0.0299080833890622,21.0,21.0,OK,3628.263,3595.176,-0.010228423691796662,0.0004380006467048503,3618.8784,3621.9502,3632.329,3623.0380000000005,False,False,False,False,False,False,False,False,False,,,,2022-01-06,3581.218,OK
2022-01-06,18.09240431971128,2022-01-21,2022-02-18,15.0,43.0,0.0351579882987221,0.0320005274162068,21.0,21.0,OK,3581.218,3586.079,-0.002530335093469671,-0.010770938933140184,3610.0718,3618.0456,3595.176,3618.8784,False,False,False,False,False,False,False,False,False,,,,2022-01-07,3588.985,OK
2022-01-07,17.05541555185895,2022-01-21,2022-02-18,14.0,42.0,0.0293341203821892,0.0290273698602766,21.0,21.0,OK,3588.985,3579.543,-0.0018226034618868958,-0.01189057195652421,3606.5804,3613.7381,3586.079,3610.0718,False,False,False,False,False,False,False,False,False,,,,2022-01-10,3572.743,OK
2022-01-10,17.275188286388087,2022-01-21,2022-02-18,11.0,39.0,0.0318329854676712,0.0295773729911389,21.0,21.0,OK,3572.743,3593.519,0.003904409026515232,-0.013674269674054496,3597.3292,3608.7561,3579.543,3606.5804,False,False,False,False,False,False,False,False,False,,,,2022-01-11,3589.904,OK
2022-01-11,17.489296642126433,2022-01-21,2022-02-18,10.0,38.0,0.0340664723444206,0.0302213473203883,21.0,21.0,OK,3589.904,3567.441,-0.007256953420866852,-0.013989011772627014,3584.3516000000004,3603.6948,3593.519,3597.3292,False,False,False,False,False,False,False,False,False,,,,2022-01-12,3578.163,OK
2022-01-12,16.766680182367725,2022-01-21,2022-02-18,9.0,37.0,0.0286293838463544,0.0280702190760039,21.0,21.0,OK,3578.163,3597.432,0.008406866434511384,-0.0051278023569860665,3584.8028,3601.8405999999995,3567.441,3584.3516000000004,False,False,False,False,False,False,False,False,False,,,,2022-01-13,3601.027,OK
2022-01-13,17.82963920804257,2022-01-21,2022-02-18,8.0,36.0,0.0355320227008236,0.0315627901396892,21.0,21.0,OK,3601.027,3555.259,-0.0117230846893005,-0.02062002494688875,3578.6387999999997,3594.3553,3597.432,3584.8028,False,False,False,False,False,False,False,False,False,,,,2022-01-14,3544.065,OK
2022-01-14,18.232059388903146,2022-01-21,2022-02-18,7.0,35.0,0.0348918460397705,0.0331690143002351,22.0,22.0,OK,3544.065,3521.256,-0.009564141459173614,-0.021057547956630618,3566.9813999999997,3586.7809,3555.259,3578.6387999999997,False,False,False,False,False,False,False,False,False,,,,2022-01-17,3522.085,OK
2022-01-17,17.42260837504989,2022-02-18,2022-02-18,32.0,32.0,0.0303547282590358,0.0303547282590358,22.0,22.0,WARN_NOT_BRACKET_30D,3522.085,3541.666,0.005796227255274955,-0.026954688133195015,3556.6108,3576.97,3521.256,3566.9813999999997,False,False,False,False,False,False,False,False,False,,,,2022-01-18,3541.89,WARN_NOT_BRACKET_30D
2022-01-18,16.609467802404044,2022-02-18,2022-02-18,31.0,31.0,0.0275874420679096,0.0275874420679096,22.0,22.0,WARN_NOT_BRACKET_30D,3541.89,3569.914,0.007975907383700243,-0.01718319017908343,3557.1054000000004,3570.7285,3541.666,3556.6108,False,False,False,False,False,False,False,False,False,,,,2022-01-19,3567.631,WARN_NOT_BRACKET_30D
2022-01-19,16.87068516147484,2022-02-18,2022-02-18,30.0,30.0,0.0284620017817607,0.0284620017817607,22.0,22.0,OK,3567.631,3558.18,-0.0032869139144529047,-0.010290455877542626,3549.2549999999997,3567.0289,3569.914,3557.1054000000004,False,False,False,False,False,False,False,False,False,,,,2022-01-20,3556.226,OK
2022-01-20,16.49981326046089,2022-02-18,2022-03-18,29.0,57.0,0.0269318503681198,0.0312428688191047,22.0,24.0,OK,3556.226,3555.063,-0.0008760096453804822,-0.008649000760998282,3549.2158000000004,3563.9273000000003,3558.18,3549.2549999999997,False,False,False,False,False,False,False,False,False,,,,2022-01-21,3546.75,OK
2022-01-21,17.183407435383497,2022-02-18,2022-03-18,28.0,56.0,0.0290400576625061,0.0326917435115047,22.0,24.0,OK,3546.75,3522.568,-0.009140484992811615,-0.015916836311227422,3549.4782,3558.2298,3555.063,3549.2158000000004,False,False,False,False,False,False,False,False,False,,,,2022-01-24,3508.244,OK
2022-01-24,18.04786239418569,2022-02-18,2022-03-18,25.0,53.0,0.031699933509064,0.0344659114726149,22.0,24.0,OK,3508.244,3524.105,0.00043632940513838037,-0.019316441627273973,3545.9660000000003,3551.2884,3522.568,3549.4782,False,False,False,False,False,False,False,False,False,,,,2022-01-25,3509.285,OK
2022-01-25,20.463876682901216,2022-02-18,2022-03-18,24.0,52.0,0.0420048703862294,0.0416606709714162,22.0,24.0,OK,3509.285,3433.061,-0.0258346445409543,-0.03766845758626414,3518.5953999999997,3537.8504000000003,3524.105,3545.9660000000003,False,False,False,False,False,False,False,False,False,,,,2022-01-26,3442.692,OK
2022-01-26,18.996687088021275,2022-02-18,2022-03-18,23.0,51.0,0.0350733081607801,0.0374594349166372,23.0,24.0,OK,3442.692,3455.668,0.0065850854383304736,-0.039406999214995464,3498.093,3523.674,3433.061,3518.5953999999997,False,False,False,False,False,False,False,False,False,,,,2022-01-27,3456.102,OK
2022-01-27,19.8450862484288,2022-02-18,2022-03-18,22.0,50.0,0.0390706042790009,0.0397260994166902,23.0,24.0,OK,3456.102,3394.247,-0.017773987547414882,-0.04528840233580733,3465.9298000000003,3507.5728000000004,3455.668,3498.093,False,False,False,False,False,False,False,False,False,,,,2022-01-28,3407.593,OK
2022-01-28,21.958148911839707,2022-02-18,2022-03-18,21.0,49.0,0.0514584950279943,0.0452823718574389,24.0,25.0,OK,3407.593,3361.44,-0.009665472194569147,-0.045386078149387554,3433.7042,3491.5912,3394.247,3465.9298000000003,False,False,False,False,False,False,False,False,False,,,,2022-02-07,3407.762,OK
2022-02-07,19.09684803464077,2022-02-18,2022-03-18,11.0,39.0,0.0388274870053465,0.0361538537038547,25.0,26.0,OK,3407.762,3429.581,0.02027137179304117,-0.03164753536894782,3414.799400000001,3480.3826999999997,3361.44,3433.7042,False,False,False,False,False,False,False,False,False,,,,2022-02-08,3428.542,OK
2022-02-08,18.21686559686627,2022-02-18,2022-03-18,10.0,38.0,0.0350919512059865,0.032984731639686,25.0,26.0,OK,3428.542,3452.629,0.006720354468956913,-0.03285373261092572,3418.7129999999997,3468.6542,3429.581,3414.799400000001,False,False,False,False,False,False,False,False,False,,,,2022-02-09,3450.818,OK
2022-02-09,17.40227130717447,2022-02-18,2022-03-18,9.0,37.0,0.0288031302886613,0.0304039674521093,25.0,26.0,OK,3450.818,3479.946,0.007911941885444307,-0.021987083284150888,3423.5686,3460.8308000000006,3452.629,3418.7129999999997,False,False,False,False,False,False,False,False,False,,,,2022-02-10,3481.91,OK
2022-02-10,16.849886303152278,2022-02-18,2022-03-18,8.0,36.0,0.0275258640036919,0.0284443518634749,25.0,26.0,OK,3481.91,3485.907,0.001712957614859567,-0.019452819823446155,3441.9006,3453.9152000000004,3479.946,3423.5686,False,False,False,False,False,False,False,False,False,,,,2022-02-11,3472.276,OK
2022-02-11,16.77939505428552,2022-02-18,2022-03-18,7.0,35.0,0.0268986752353721,0.0282094243867523,25.0,26.0,OK,3472.276,3462.948,-0.006586234228279864,-0.01692515233204872,3462.2021999999997,3447.9532,3485.907,3441.9006,False,False,False,False,False,False,False,False,False,,,,2022-02-14,3451.847,OK
2022-02-14,17.731407030099955,2022-03-18,2022-03-18,32.0,32.0,0.0314402795267078,0.0314402795267078,26.0,26.0,WARN_NOT_BRACKET_30D,3451.847,3428.882,-0.009837283147191345,-0.027020477539687393,3462.0624,3438.4309000000003,3462.948,3462.2021999999997,False,False,False,False,False,False,False,False,False,,,,2022-02-15,3428.045,WARN_NOT_BRACKET_30D
2022-02-15,17.227349725937422,2022-03-18,2022-03-18,31.0,31.0,0.0296781578579756,0.0296781578579756,27.0,27.0,WARN_NOT_BRACKET_30D,3428.045,3446.089,0.005018253763179992,0.00379486411689145,3460.7543999999994,3439.7336999999998,3428.882,3462.0624,False,False,False,False,False,False,False,False,False,,,,2022-02-16,3457.073,WARN_NOT_BRACKET_30D
2022-02-16,16.63404365750452,2022-03-18,2022-03-18,30.0,30.0,0.0276691408399766,0.0276691408399766,27.0,27.0,OK,3457.073,3465.831,0.0057288131560153666,0.002940965393666284,3457.9314,3440.75,3446.089,3460.7543999999994,False,False,False,False,False,False,False,False,False,,,,2022-02-17,3464.209,OK
2022-02-17,16.770224125323555,2022-03-18,2022-04-15,29.0,57.0,0.0282603167143531,0.0262520536596942,27.0,23.0,OK,3464.209,3468.035,0.0006359225247853928,0.0217391368394817,3454.357,3448.1288,3465.831,3457.9314,False,False,False,False,False,False,False,False,False,,,,2022-02-18,3451.632,OK
2022-02-18,16.083972807426115,2022-03-18,2022-04-15,28.0,56.0,0.0260188494743583,0.0248981143691877,27.0,23.0,OK,3451.632,3490.757,0.0065518369912644925,0.03847071493169585,3459.9188000000004,3461.0605000000005,3468.035,3454.357,False,False,False,False,False,False,False,False,False,,,,2022-02-21,3488.406,OK
2022-02-21,16.005150403850802,2022-03-18,2022-04-15,25.0,53.0,0.025821369523523,0.0251719208972249,27.0,23.0,OK,3488.406,3490.612,-4.153826806052585e-05,0.017795468309394158,3472.2648,3467.1636,3490.757,3459.9188000000004,False,False,False,False,False,False,False,False,False,,,,2022-02-22,3473.287,OK
2022-02-22,16.36069827774204,2022-03-18,2022-04-15,24.0,52.0,0.0277889945812559,0.0250381298219969,27.0,23.0,OK,3473.287,3457.146,-0.009587430513617656,0.0013082784162445904,3474.4762,3467.6153,3490.612,3472.2648,False,False,False,False,False,False,False,False,False,,,,2022-02-23,3458.514,OK
2022-02-23,15.529463726494278,2022-03-18,2022-04-15,23.0,51.0,0.0249341626059269,0.023010072623158,27.0,23.0,OK,3458.514,3489.147,0.009256479188324729,0.002644006544929134,3479.1394,3468.5353999999998,3457.146,3474.4762,False,False,False,False,False,False,False,False,False,,,,2022-02-24,3474.369,OK
2022-02-24,17.455779065490027,2022-03-18,2022-04-15,22.0,50.0,0.0321026004753257,0.0286750262616136,27.0,23.0,OK,3474.369,3429.956,-0.016964318213018803,-0.016050629004158767,3471.5236000000004,3462.9403000000007,3489.147,3479.1394,False,False,False,False,False,False,False,False,False,,,,2022-02-25,3445.336,OK
2022-02-25,16.413233149346816,2022-03-18,2022-04-15,21.0,49.0,0.0279878140936363,0.0259908772323894,27.0,23.0,OK,3445.336,3451.406,0.006253724537574223,-0.0033329983586238843,3463.6534,3461.7861000000003,3429.956,3471.5236000000004,False,False,False,False,False,False,False,False,False,,,,2022-02-28,3450.316,OK
2022-02-28,17.256274952487228,2022-03-18,2022-04-15,18.0,46.0,0.0330130705965818,0.0280899887463674,27.0,23.0,OK,3450.316,3462.306,0.00315813323613634,0.009747783679928235,3457.9921999999997,3465.1285000000003,3451.406,3463.6534,False,False,False,False,False,False,False,False,False,,,,2022-03-01,3471.365,OK
2022-03-01,16.35059294403766,2022-03-18,2022-04-15,17.0,45.0,0.0291196532463109,0.0256943711972757,27.0,23.0,OK,3471.365,3488.835,0.007662234360567677,0.012404206623798819,3464.3299999999995,3469.4031000000004,3462.306,3457.9921999999997,False,False,False,False,False,False,False,False,False,,,,2022-03-02,3478.293,OK
2022-03-02,16.695338935313885,2022-03-18,2022-04-15,16.0,44.0,0.0304529778264787,0.0269354183583269,27.0,23.0,OK,3478.293,3484.192,-0.0013308167339527444,0.005297719363696496,3463.339,3471.2392,3488.835,3464.3299999999995,False,False,False,False,False,False,False,False,False,,,,2022-03-03,3495.928,OK
2022-03-03,16.85542069107201,2022-03-18,2022-04-15,15.0,43.0,0.0318118232874038,0.0273822198751779,27.0,23.0,OK,3495.928,3481.113,-0.000883705605202012,0.0037710115382341147,3473.5703999999996,3472.547,3484.192,3463.339,False,False,False,False,False,False,False,False,False,,,,2022-03-04,3459.985,OK
2022-03-04,17.325366636183144,2022-03-18,2022-04-15,14.0,42.0,0.0336088816297183,0.0291188207273414,27.0,23.0,OK,3459.985,3447.649,-0.009613017445857075,-0.012349183858973878,3472.8190000000004,3468.2362000000003,3481.113,3473.5703999999996,False,False,False,False,False,False,False,False,False,,,,2022-03-07,3438.56,OK
2022-03-07,20.461926836924007,2022-03-18,2022-04-15,11.0,39.0,0.0577605054518631,0.0397458943996687,28.0,24.0,OK,3438.56,3372.855,-0.021694203789306865,-0.03373534497675479,3454.9288,3456.4604999999997,3447.649,3472.8190000000004,False,False,False,False,False,False,False,False,False,,,,2022-03-08,3372.555,OK
2022-03-08,22.98387938737712,2022-03-18,2022-04-15,10.0,38.0,0.0760696344518479,0.0503791592448764,30.0,26.0,OK,3372.555,3293.53,-0.023518651113077715,-0.04732689912430654,3415.8678,3440.0989,3372.855,3454.9288,False,False,False,False,False,False,False,False,False,,,,2022-03-09,3303.706,OK
2022-03-09,24.672216951014185,2022-03-18,2022-04-15,9.0,37.0,0.0809570670622699,0.0592432961060766,32.0,28.0,OK,3303.706,3256.388,-0.011277261782950299,-0.06670942783436751,3370.307,3416.8230000000003,3293.53,3415.8678,False,False,False,False,False,False,False,False,False,,,,2022-03-10,3312.179,OK
2022-03-10,22.60237217733458,2022-03-18,2022-04-15,8.0,36.0,0.0599321168022259,0.0505506383195505,32.0,28.0,OK,3312.179,3296.092,0.01219265026157812,-0.03902790589733518,3333.3028,3403.4366,3256.388,3370.307,False,False,False,False,False,False,False,False,False,,,,2022-03-11,3259.323,OK
2022-03-11,23.38642768051726,2022-03-18,2022-04-15,7.0,35.0,0.0711801923565131,0.0539756437746974,32.0,28.0,OK,3259.323,3309.747,0.004142784849451964,-0.041043852853011265,3305.7224,3389.2707,3296.092,3333.3028,False,True,True,False,False,True,False,True,False,,,,2022-03-14,3271.89,OK
2022-03-14,26.719408737503542,2022-04-15,2022-04-15,32.0,32.0,0.0713926803281781,0.0713926803281781,28.0,28.0,WARN_NOT_BRACKET_30D,3271.89,3223.533,-0.02604851669931263,-0.06896357514327156,3275.858,3365.3934,3309.747,3305.7224,False,False,False,False,False,False,False,False,False,,,,2022-03-15,3192.364,WARN_NOT_BRACKET_30D
2022-03-15,30.5651443956908,2022-04-15,2022-04-15,31.0,31.0,0.0934228051929428,0.0934228051929428,29.0,29.0,WARN_NOT_BRACKET_30D,3192.364,3063.965,-0.04950096679636895,-0.12177990647307768,3229.9449999999997,3322.9064,3223.533,3275.858,False,False,False,False,False,False,False,False,False,,,,2022-03-16,3107.669,WARN_NOT_BRACKET_30D
2022-03-16,28.017448227085744,2022-04-15,2022-04-15,30.0,30.0,0.078497740515743,0.078497740515743,33.0,33.0,OK,3107.669,3170.71,0.03483884443849705,-0.08997265363102835,3212.8094,3291.5581999999995,3063.965,3229.9449999999997,True,False,True,True,False,False,False,False,False,,,,2022-03-17,3215.011,OK
2022-03-17,26.18745290026133,2022-04-15,2022-05-20,29.0,64.0,0.0693825338941131,0.056187561996282,33.0,30.0,OK,3215.011,3215.045,0.013982672650605155,-0.07643187681640895,3196.6,3264.9514000000004,3170.71,3212.8094,True,True,True,False,False,False,False,False,False,,,,2022-03-18,3207.152,OK
2022-03-18,24.54857492210929,2022-04-15,2022-05-20,28.0,63.0,0.0612760646341201,0.0528359682717968,33.0,30.0,OK,3207.152,3251.072,0.011205752952135883,-0.05701769524681888,3184.8650000000002,3245.2936999999997,3215.045,3196.6,False,False,False,False,False,False,False,False,False,,,,2022-03-21,3255.615,OK
2022-03-21,23.78542010728649,2022-04-15,2022-05-20,25.0,60.0,0.0587974972158011,0.0510174303485352,33.0,30.0,OK,3255.615,3253.686,0.0008040424819875103,-0.03533178864789621,3190.8956000000003,3233.3768,3251.072,3184.8650000000002,False,False,False,False,False,False,False,False,False,,,,2022-03-22,3249.543,OK
2022-03-22,22.268073073516923,2022-04-15,2022-05-20,24.0,59.0,0.0515710575268666,0.0456852745595683,33.0,30.0,OK,3249.543,3259.862,0.0018981548926355618,-0.010222466472143865,3230.075,3230.01,3253.686,3190.8956000000003,False,False,False,False,False,False,False,False,False,,,,2022-03-23,3264.792,OK
2022-03-23,20.6606896958526,2022-04-15,2022-05-20,23.0,58.0,0.0446970974679582,0.0394970433374566,33.0,30.0,OK,3264.792,3271.033,0.003426832178785366,0.004497314202115854,3250.1396,3231.4745,3259.862,3230.075,False,False,False,False,False,False,False,False,False,,,,2022-03-24,3256.057,OK
2022-03-24,19.63526346055417,2022-04-15,2022-05-20,22.0,57.0,0.0395368329889694,0.0372745530195534,33.0,30.0,OK,3256.057,3250.264,-0.0063493703670980395,-0.013903738123814513,3257.1834000000003,3226.8916999999997,3271.033,3250.1396,False,False,False,False,True,False,True,False,True,AVIX<20,AVIX<20,AVIX<20,2022-03-25,3247.157,OK
2022-03-25,21.24023429008401,2022-04-15,2022-05-20,21.0,56.0,0.0474602513610539,0.0425738011708708,33.0,30.0,OK,3247.157,3212.24,-0.01169874200987997,-0.029460559976336564,3249.417,3217.141,3250.264,3257.1834000000003,False,False,False,False,False,False,False,False,False,,,,2022-03-28,3185.167,OK
2022-03-28,22.99444713439476,2022-04-15,2022-05-20,18.0,53.0,0.0588646332265852,0.0489751961335276,33.0,30.0,OK,3185.167,3214.503,0.00070449281498286,-0.002801274254055963,3241.5804,3216.2380000000003,3212.24,3249.417,False,False,False,False,False,False,False,False,False,,,,2022-03-29,3216.012,OK
2022-03-29,22.982818644965786,2022-04-15,2022-05-20,17.0,52.0,0.0593298241740997,0.0492199568194708,33.0,30.0,OK,3216.012,3203.939,-0.003286355620137904,0.045683942212133566,3230.3958,3230.2354,3214.503,3241.5804,False,False,False,False,False,False,False,False,False,,,,2022-03-30,3217.592,OK
2022-03-30,21.161477962336704,2022-04-15,2022-05-20,16.0,51.0,0.0475755959872512,0.0434656238810673,33.0,30.0,OK,3217.592,3266.596,0.01955623999083622,0.030241176266514458,3229.5083999999997,3239.824,3203.939,3230.3958,False,False,False,False,False,False,False,False,False,,,,2022-03-31,3256.137,OK
2022-03-31,21.54915383749444,2022-04-15,2022-05-20,15.0,50.0,0.0467529836492615,0.0463100508959755,33.0,30.0,OK,3256.137,3252.203,-0.004406115724136073,0.01155753651970648,3229.8962,3243.5397999999996,3266.596,3229.5083999999997,False,False,False,False,False,False,False,False,False,,,,2022-04-01,3234.668,OK
2022-04-01,20.894458867645035,2022-04-15,2022-05-20,14.0,49.0,0.0422404117809452,0.0441387546687476,33.0,30.0,OK,3234.668,3282.717,0.009382563142583678,0.009733712449309095,3243.9916000000003,3246.7043000000003,3252.203,3229.8962,False,False,False,False,False,False,False,False,False,,,,2022-04-06,3269.427,OK
2022-04-06,20.979270440742585,2022-04-15,2022-05-20,9.0,44.0,0.0517411595772314,0.042959135992402,33.0,30.0,OK,3269.427,3283.426,0.00021597962906949597,0.009140402607995979,3257.7762000000002,3249.6783,3282.717,3243.9916000000003,False,False,False,False,False,False,False,False,False,,,,2022-04-07,3267.81,OK
2022-04-07,21.716279283659578,2022-04-15,2022-05-20,8.0,43.0,0.0564978914166779,0.0461330674575953,33.0,30.0,OK,3267.81,3236.695,-0.01423239019243916,-0.007106742555359702,3264.3274,3247.3615999999997,3283.426,3257.7762000000002,False,False,False,False,False,False,False,False,False,,,,2022-04-08,3239.877,OK
2022-04-08,20.79595344429397,2022-04-15,2022-05-20,7.0,42.0,0.0482081138114738,0.0428157813704416,33.0,30.0,OK,3239.877,3251.85,0.004682245315051237,-0.005864508245560396,3261.3782,3245.4433,3236.695,3264.3274,False,False,False,False,False,False,False,False,False,,,,2022-04-11,3239.855,OK
2022-04-11,23.385892641875543,2022-05-20,2022-05-20,39.0,39.0,0.0546899974657328,0.0546899974657328,30.0,30.0,WARN_NOT_BRACKET_30D,3239.855,3167.126,-0.026054092285929475,-0.025578845287644314,3244.3628,3237.1295,3251.85,3261.3782,False,False,False,False,False,False,False,False,False,,,,2022-04-12,3165.12,WARN_NOT_BRACKET_30D
2022-04-12,21.999231590142827,2022-05-20,2022-05-20,38.0,38.0,0.0483966190556738,0.0483966190556738,30.0,30.0,WARN_NOT_BRACKET_30D,3165.12,3213.33,0.014588620724278023,0.0003393270739422416,3230.4854,3237.2385,3167.126,3244.3628,False,False,False,False,False,False,False,False,False,,,,2022-04-13,3199.797,WARN_NOT_BRACKET_30D
2022-04-13,22.250933593533905,2022-05-20,2022-05-20,37.0,37.0,0.0495104045783855,0.0495104045783855,30.0,30.0,WARN_NOT_BRACKET_30D,3199.797,3186.824,-0.008248763743530785,-0.008610662363668697,3211.165,3234.4705999999996,3213.33,3230.4854,False,False,False,False,False,False,False,False,False,,,,2022-04-14,3203.634,WARN_NOT_BRACKET_30D
2022-04-14,21.31791017795332,2022-05-20,2022-05-20,36.0,36.0,0.0454453294355285,0.0454453294355285,30.0,30.0,WARN_NOT_BRACKET_30D,3203.634,3225.641,0.012180465566971943,0.006773537199054047,3208.9542,3236.6408,3186.824,3211.165,False,False,False,False,False,False,False,False,False,,,,2022-04-15,3210.7,WARN_NOT_BRACKET_30D
2022-04-15,21.14671526854568,2022-05-20,2022-05-20,35.0,35.0,0.0447183566648943,0.0447183566648943,30.0,30.0,WARN_NOT_BRACKET_30D,3210.7,3211.245,-0.004462988906701049,-0.01694455022904584,3200.8332,3231.1057,3225.641,3208.9542,False,False,False,False,False,False,False,False,False,,,,2022-04-18,3185.943,WARN_NOT_BRACKET_30D
2022-04-18,21.588198147244466,2022-05-20,2022-05-20,32.0,32.0,0.0466050299244689,0.0466050299244689,30.0,30.0,WARN_NOT_BRACKET_30D,3185.943,3195.524,-0.0048956090239143935,-0.01742787888701902,3206.5128,3225.4378,3211.245,3200.8332,False,False,False,False,False,False,False,False,False,,,,2022-04-19,3192.092,WARN_NOT_BRACKET_30D
2022-04-19,22.001159094826416,2022-05-20,2022-05-20,31.0,31.0,0.0484051001515863,0.0484051001515863,30.0,30.0,WARN_NOT_BRACKET_30D,3192.092,3194.029,-0.0004678418938489637,-0.027016645053472454,3202.6526000000003,3216.5690000000004,3195.524,3206.5128,False,False,False,False,False,False,False,False,False,,,,2022-04-20,3189.891,WARN_NOT_BRACKET_30D
2022-04-20,23.721044811376643,2022-05-20,2022-05-20,30.0,30.0,0.0562687966943338,0.0562687966943338,30.0,30.0,OK,3189.891,3151.05,-0.013456045640161673,-0.0403164255871763,3195.4978,3203.3314,3194.029,3202.6526000000003,False,False,False,False,False,False,False,False,False,,,,2022-04-21,3138.428,OK
2022-04-21,25.57489737176885,2022-05-20,2022-06-17,29.0,57.0,0.065687749975567,0.0615583038168031,30.0,28.0,OK,3138.428,3079.808,-0.022608971612637085,-0.04847135735680996,3166.3312,3187.6427000000003,3151.05,3195.4978,False,False,False,False,False,False,False,False,False,,,,2022-04-22,3058.404,OK
2022-04-22,24.980523036690013,2022-05-20,2022-06-17,28.0,56.0,0.0629724697470313,0.0586988450342467,30.0,29.0,OK,3058.404,3086.919,0.0023089101658284594,-0.05071912911112142,3141.466,3171.1495999999997,3079.808,3166.3312,False,False,False,False,False,False,False,False,False,,,,2022-04-25,3034.267,OK
2022-04-25,29.95564674387758,2022-05-20,2022-06-17,25.0,53.0,0.0945537205864573,0.0792763603686098,30.0,29.0,OK,3034.267,2928.512,-0.05131556739907972,-0.07534086108351867,3088.0636000000004,3147.2882,3086.919,3141.466,False,False,False,False,False,False,False,False,False,,,,2022-04-26,2930.453,OK
2022-04-26,29.89139545653619,2022-05-20,2022-06-17,24.0,52.0,0.0951716704429581,0.079496736803195,33.0,31.0,OK,2930.453,2886.426,-0.014371120896892409,-0.10173371549140608,3026.543,3114.5978000000005,2928.512,3088.0636000000004,False,False,False,False,False,False,False,False,False,,,,2022-04-27,2866.816,OK
2022-04-27,27.972420100177096,2022-05-20,2022-06-17,23.0,51.0,0.0825886623394397,0.0723697594844738,33.0,31.0,OK,2866.816,2958.282,0.024894454248957087,-0.0717146601130153,2987.9894,3091.7436000000002,2886.426,3026.543,True,False,True,True,False,False,False,True,False,,,,2022-04-28,2945.811,OK
2022-04-28,25.30897642519556,2022-05-20,2022-06-17,22.0,50.0,0.0644194434084356,0.0636529126658526,33.0,31.0,OK,2945.811,2975.485,0.005815199497546164,-0.07755233765939851,2967.1248,3066.728,2958.282,2987.9894,True,True,True,False,False,True,False,False,False,,,,2022-04-29,2986.061,OK
2022-04-29,23.890861192890327,2022-05-20,2022-06-17,21.0,49.0,0.0553885095553849,0.058605300599976,33.0,31.0,OK,2986.061,3047.062,0.0240555741332924,-0.05112752219154881,2959.1534,3050.3097000000002,2975.485,2967.1248,False,False,False,False,False,False,False,False,False,,,,2022-05-05,3044.849,OK
2022-05-05,24.113613319778267,2022-05-20,2022-06-17,15.0,43.0,0.0584060537079647,0.0580682057413225,33.0,31.0,OK,3044.849,3067.759,0.006792444656524843,-0.03998248800509707,2987.0027999999998,3037.5332000000003,3047.062,2959.1534,False,False,False,False,False,False,False,False,False,,,,2022-05-06,3011.319,OK
2022-05-06,25.565008663186006,2022-05-20,2022-06-17,14.0,42.0,0.0717726152131614,0.0637530546903066,31.0,31.0,OK,3011.319,3001.561,-0.021578618137865435,-0.06025868894740771,3010.0298000000003,3018.2864,3067.759,2987.0027999999998,False,False,False,False,False,False,False,False,False,,,,2022-05-09,2990.199,OK
2022-05-09,26.36454557852461,2022-05-20,2022-06-17,11.0,39.0,0.0842289475534222,0.0675422838480805,31.0,31.0,OK,2990.199,3004.141,0.0008595527460544261,-0.046622237032100444,3019.2016000000003,3003.5955,3001.561,3010.0298000000003,True,False,True,False,False,False,False,False,False,,,,2022-05-10,2965.776,OK
2022-05-10,25.87674665563153,2022-05-20,2022-06-17,10.0,38.0,0.0788355122420994,0.0657106111696447,31.0,31.0,OK,2965.776,3035.844,0.0105530998711445,-0.014274915838909386,3031.2734,2999.1991,3004.141,3019.2016000000003,False,True,True,False,False,False,False,False,False,,,,2022-05-11,3035.389,OK
2022-05-11,25.285546735132407,2022-05-20,2022-06-17,9.0,37.0,0.0697688025764871,0.0634629482986161,31.0,31.0,OK,3035.389,3058.703,0.007529701789683596,-0.009140505468397397,3033.6016000000004,2996.3775,3035.844,3031.2734,False,False,False,False,False,False,False,False,False,,,,2022-05-12,3044.8,OK
2022-05-12,25.60187686803554,2022-05-20,2022-06-17,8.0,36.0,0.0728699144262276,0.0651017126735978,32.0,31.0,OK,3044.8,3054.994,-0.0012126054736271152,0.043189852047729405,3031.0486,3009.0257,3058.703,3033.6016000000004,False,False,False,False,False,False,False,False,False,,,,2022-05-13,3068.033,OK
2022-05-13,24.732529373968543,2022-05-20,2022-06-17,7.0,35.0,0.0628224571489741,0.0610979463049193,33.0,31.0,OK,3068.033,3084.285,0.009587907537625284,0.06854809373252602,3047.5934,3028.8116,3054.994,3031.0486,False,False,False,False,False,False,False,False,False,,,,2022-05-16,3100.55,OK
2022-05-16,25.130715719723405,2022-06-17,2022-06-17,32.0,32.0,0.0631552872585553,0.0631552872585553,31.0,31.0,WARN_NOT_BRACKET_30D,3100.55,3073.749,-0.0034160267290473945,0.03903177587532203,3061.515,3040.3583,3084.285,3047.5934,False,False,False,False,False,False,False,False,False,,,,2022-05-17,3076.498,WARN_NOT_BRACKET_30D
2022-05-17,23.64334636972852,2022-06-17,2022-06-17,31.0,31.0,0.0559007827558954,0.0559007827558954,31.0,31.0,WARN_NOT_BRACKET_30D,3076.498,3093.697,0.006489794709978014,0.0397286492790252,3073.0856,3052.1794999999997,3073.749,3061.515,False,False,False,False,False,False,False,False,False,,,,2022-05-18,3095.886,WARN_NOT_BRACKET_30D
2022-05-18,23.623587918208795,2022-06-17,2022-06-17,30.0,30.0,0.055807390612934,0.055807390612934,31.0,31.0,OK,3095.886,3085.977,-0.0024953962847688027,0.012771318732602177,3078.5404,3056.071,3093.697,3073.0856,False,False,False,False,False,False,False,False,False,,,,2022-05-19,3046.71,OK
2022-05-19,23.141167064331945,2022-06-17,2022-07-15,29.0,57.0,0.0536620227694186,0.0520312223138289,31.0,26.0,OK,3046.71,3096.965,0.0035606227784588107,0.009520304561081883,3086.9346,3058.9916,3085.977,3078.5404,False,False,False,False,False,False,False,False,False,,,,2022-05-20,3107.094,OK
2022-05-20,22.44726537657026,2022-06-17,2022-07-15,28.0,56.0,0.050853141291029,0.0473643737729388,31.0,26.0,OK,3107.094,3146.567,0.01601632566076794,0.04831019592805208,3099.391,3073.4922,3096.965,3086.9346,False,False,False,False,False,False,False,False,False,,,,2022-05-23,3150.49,OK
2022-05-23,22.152225279202657,2022-06-17,2022-07-15,25.0,53.0,0.0500638513163272,0.0469202136529722,31.0,26.0,OK,3150.49,3146.857,9.216393612465623e-05,0.04750642529761406,3114.0126,3087.7638,3146.567,3099.391,False,False,False,False,False,False,False,False,False,,,,2022-05-24,3149.059,OK
2022-05-24,22.99181369127446,2022-06-17,2022-07-15,24.0,52.0,0.0542349127167588,0.0505395506985591,31.0,26.0,OK,3149.059,3070.927,-0.024128837122246005,0.011556259149020809,3109.4586000000004,3091.2721,3146.857,3114.0126,False,False,False,False,False,False,False,False,False,,,,2022-05-25,3070.17,OK
2022-05-25,22.55693044946599,2022-06-17,2022-07-15,23.0,51.0,0.0516495698276633,0.0498423728924663,31.0,26.0,OK,3070.17,3107.464,0.011897710365632141,0.015941724319098682,3113.756,3096.1482,3070.927,3109.4586000000004,False,False,False,False,False,False,False,False,False,,,,2022-05-26,3111.482,OK
2022-05-26,21.53792326454285,2022-06-17,2022-07-15,22.0,50.0,0.0462930340314354,0.0464929116607816,31.0,26.0,OK,3111.482,3123.108,0.005034330244855667,0.022295952136076158,3118.9846,3102.9596,3107.464,3113.756,False,False,False,False,False,False,False,False,False,,,,2022-05-27,3135.032,OK
2022-05-27,21.279579272309253,2022-06-17,2022-07-15,21.0,49.0,0.0447043568905381,0.0458047235764642,31.0,26.0,OK,3135.032,3130.239,0.0022833024026065463,0.014899401319917072,3115.719,3107.555,3123.108,3118.9846,False,False,False,False,False,False,False,False,False,,,,2022-05-30,3141.956,OK
2022-05-30,21.81563056576237,2022-06-17,2022-07-15,18.0,46.0,0.0494340276227628,0.046631206433184,31.0,26.0,OK,3141.956,3149.061,0.006012959393835393,0.0245016753157139,3116.1598000000004,3115.0862,3130.239,3115.719,False,False,False,False,False,False,False,False,False,,,,2022-05-31,3149.944,OK
2022-05-31,21.913905456975407,2022-06-17,2022-07-15,17.0,45.0,0.0489386754758177,0.0476223161595829,31.0,26.0,OK,3149.944,3186.427,0.011865759348580474,0.029973846824689065,3139.2598,3124.3592,3149.061,3116.1598000000004,False,False,False,False,False,False,False,False,False,,,,2022-06-01,3179.695,OK
2022-06-01,21.719522927022123,2022-06-17,2022-07-15,16.0,44.0,0.048495473631992,0.0466931472489264,31.0,26.0,OK,3179.695,3182.157,-0.0013400589437636556,0.031166790938493838,3154.1984,3133.9772000000003,3186.427,3139.2598,False,False,False,False,False,False,False,False,False,,,,2022-06-02,3170.306,OK
2022-06-02,21.50285639906178,2022-06-17,2022-07-15,15.0,43.0,0.0464629368263665,0.0461690625079488,31.0,26.0,OK,3170.306,3195.458,0.0041798691893579765,0.031803071716987485,3168.6684,3143.8265,3182.157,3154.1984,False,False,False,False,False,False,False,False,False,,,,2022-06-06,3196.955,OK
2022-06-06,22.357028918286144,2022-06-17,2022-07-15,11.0,39.0,0.0555610282686098,0.0492385216381465,31.0,26.0,OK,3196.955,3236.372,0.012803798391341603,0.02854062856440054,3189.895,3152.807,3195.458,3168.6684,False,False,False,False,False,False,False,False,False,,,,2022-06-07,3235.416,OK
2022-06-07,22.39220936930677,2022-06-17,2022-07-15,10.0,38.0,0.0590193320121136,0.049206553731442,31.0,26.0,OK,3235.416,3241.764,0.001666063110174143,0.030159298627169928,3208.4356,3162.2977,3236.372,3189.895,False,False,False,False,False,False,False,False,False,,,,2022-06-08,3245.017,OK
2022-06-08,22.826791670580626,2022-06-17,2022-07-15,9.0,37.0,0.0596859128803916,0.0514916738715454,31.0,26.0,OK,3245.017,3263.793,0.00679537437025024,0.06280383740805306,3223.9088,3181.5843,3241.764,3208.4356,False,False,False,False,False,False,False,False,False,,,,2022-06-09,3259.49,OK
2022-06-09,22.33473052605084,2022-06-17,2022-07-15,8.0,36.0,0.0534815427645872,0.049665987009709,31.0,26.0,OK,3259.49,3238.954,-0.007610470394415314,0.04231424724469868,3235.2682,3194.7333,3263.793,3223.9088,False,False,False,False,False,False,False,False,False,,,,2022-06-10,3214.185,OK
2022-06-10,22.07012081576707,2022-06-17,2022-07-15,7.0,35.0,0.0506354597336139,0.0486252651756747,31.0,26.0,OK,3214.185,3284.834,0.014165066870353682,0.05178367190631894,3253.1434,3210.9059,3238.954,3235.2682,False,False,False,False,False,False,False,False,False,,,,2022-06-13,3256.275,OK
2022-06-13,22.83034466669748,2022-07-15,2022-07-15,32.0,32.0,0.0521224637600202,0.0521224637600202,27.0,27.0,WARN_NOT_BRACKET_30D,3256.275,3255.551,-0.008914605730456993,0.04003272593562346,3256.9792,3223.4371,3284.834,3253.1434,False,False,False,False,False,False,False,False,False,,,,2022-06-14,3224.214,WARN_NOT_BRACKET_30D
2022-06-14,22.836748150882936,2022-07-15,2022-07-15,31.0,31.0,0.0521517066106855,0.0521517066106855,27.0,27.0,WARN_NOT_BRACKET_30D,3224.214,3288.907,0.010245884644412007,0.04440879360545891,3266.4078,3237.4217,3255.551,3256.9792,False,True,True,False,False,False,False,False,False,,,,2022-06-15,3289.104,WARN_NOT_BRACKET_30D
2022-06-15,23.615660185551228,2022-07-15,2022-07-15,30.0,30.0,0.0557699405999429,0.0557699405999429,27.0,27.0,OK,3289.104,3305.407,0.005016864265240617,0.0373396283674472,3274.7306,3249.3197,3288.907,3266.4078,False,False,False,False,True,False,False,False,False,take_profit_12pct,,,2022-06-16,3306.835,OK
2022-06-16,23.145495913674942,2022-07-15,2022-08-19,29.0,64.0,0.0538842613419121,0.0487513489268549,28.0,25.0,OK,3306.835,3285.385,-0.006057347854591,0.03243963135696948,3284.0168,3259.6425000000004,3305.407,3274.7306,False,False,False,False,False,False,False,False,False,,,,2022-06-17,3265.512,OK
2022-06-17,23.149607923548547,2022-07-15,2022-08-19,28.0,63.0,0.0543337918907025,0.0481391486465323,28.0,25.0,OK,3265.512,3316.786,0.009557783943130005,0.03796889209621912,3290.4072,3271.7753000000002,3285.385,3284.0168,False,False,False,False,False,False,False,False,False,,,,2022-06-20,3315.783,OK
2022-06-20,22.98161916710912,2022-07-15,2022-08-19,25.0,60.0,0.054541051728448,0.0485015575185929,28.0,25.0,OK,3315.783,3315.43,-0.0004088295114608176,0.024427970579401936,3302.3830000000003,3279.6811000000002,3316.786,3290.4072,False,False,False,False,False,False,False,False,False,,,,2022-06-21,3313.787,OK
2022-06-21,22.469503310026777,2022-07-15,2022-08-19,24.0,59.0,0.0521773433160752,0.0471661577597135,29.0,26.0,OK,3313.787,3306.719,-0.0026274118289331128,0.020036930510672457,3305.9453999999996,3286.1766000000002,3315.43,3302.3830000000003,False,False,False,False,False,False,False,False,False,,,,2022-06-22,3309.118,OK
2022-06-22,21.67077907996492,2022-07-15,2022-08-19,23.0,58.0,0.0483656327402824,0.0447362375324774,29.0,26.0,OK,3309.118,3267.202,-0.011950516508962505,0.001044490260258657,3298.3044,3286.5175000000004,3306.719,3305.9453999999996,False,False,False,False,False,False,False,False,False,,,,2022-06-23,3269.055,OK
2022-06-23,21.39685688226765,2022-07-15,2022-08-19,22.0,57.0,0.046533803036952,0.0448039404874477,29.0,26.0,OK,3269.055,3320.149,0.016205609570513202,0.025068278215744977,3305.2572,3294.637,3267.202,3298.3044,False,False,False,False,False,False,False,False,False,,,,2022-06-24,3324.736,OK
2022-06-24,20.99457897975624,2022-07-15,2022-08-19,21.0,56.0,0.044778961385812,0.0433170306939583,29.0,26.0,OK,3324.736,3349.747,0.008914660155312282,0.0197614247782385,3311.8494,3301.1282999999994,3320.149,3305.2572,False,False,False,False,False,False,False,False,False,,,,2022-06-27,3364.003,OK
2022-06-27,21.850125408008,2022-07-15,2022-08-19,18.0,53.0,0.0518001721443153,0.0451016771518073,30.0,27.0,OK,3364.003,3379.185,0.008788126386858552,0.03797636713416552,3324.6004000000003,3313.4917,3349.747,3311.8494,False,False,False,False,False,False,False,False,False,,,,2022-06-28,3377.679,OK
2022-06-28,21.86121518531329,2022-07-15,2022-08-19,17.0,52.0,0.0534652372984445,0.0446521269750471,31.0,28.0,OK,3377.679,3409.21,0.008885278550893272,0.03657841343643953,3345.0986,3325.522,3379.185,3324.6004000000003,False,False,False,False,False,False,False,False,False,,,,2022-06-29,3399.678,OK
2022-06-29,22.283196098458944,2022-07-15,2022-08-19,16.0,51.0,0.0540529735985696,0.0475840165951401,32.0,29.0,OK,3399.678,3361.518,-0.01398916464518174,0.016975519202325096,3363.9618,3331.1331,3409.21,3345.0986,False,False,False,False,False,False,False,False,False,,,,2022-06-30,3358.934,OK
2022-06-30,22.81418145471624,2022-07-15,2022-08-19,15.0,50.0,0.057312350195223,0.0499432224847313,31.0,29.0,OK,3358.934,3398.616,0.011036085482808655,0.034465062694326365,3379.6551999999997,3342.4561999999996,3361.518,3363.9618,False,True,True,False,False,False,False,False,False,,,,2022-07-01,3400.262,OK
2022-07-01,22.481342182399867,2022-07-15,2022-08-19,14.0,49.0,0.0547281863488844,0.0491204474426309,31.0,29.0,OK,3400.262,3387.637,-0.0032304326231618052,0.021361341973826553,3387.2332,3349.5413,3398.616,3379.6551999999997,False,False,False,False,False,False,False,False,False,,,,2022-07-04,3381.819,OK
2022-07-04,22.824731080916933,2022-07-15,2022-08-19,11.0,46.0,0.0605486347388112,0.0503948706203291,32.0,29.0,OK,3381.819,3405.427,0.00525144813331524,0.0271448952322928,3392.4816,3358.5409999999997,3387.637,3387.2332,False,False,False,False,False,False,False,False,False,,,,2022-07-05,3411.13,OK
2022-07-05,22.80058496101582,2022-07-15,2022-08-19,10.0,45.0,0.0599274892530678,0.0506631971570137,32.0,29.0,OK,3411.13,3404.025,-0.00041169580202427003,0.029426752016122437,3391.4446000000003,3368.2716,3405.427,3392.4816,False,False,False,False,False,False,False,False,False,,,,2022-07-06,3391.027,OK
2022-07-06,23.26806360283658,2022-07-15,2022-08-19,9.0,44.0,0.0625614555674376,0.0529919360391731,31.0,29.0,OK,3391.027,3355.35,-0.01429924868354382,0.026979660272000272,3390.2110000000002,3377.0864,3404.025,3391.4446000000003,False,False,False,False,False,False,False,False,False,,,,2022-07-07,3353.128,OK
2022-07-07,22.93167497558965,2022-07-15,2022-08-19,8.0,43.0,0.0583441520037844,0.0519531590868344,31.0,29.0,OK,3353.128,3364.398,0.002696589029460572,0.01332741392027903,3383.3674,3381.5112999999997,3355.35,3390.2110000000002,False,False,False,False,False,False,False,False,False,,,,2022-07-08,3380.369,OK
2022-07-08,22.18283883095713,2022-07-15,2022-08-19,7.0,42.0,0.0520072064308469,0.0489644101582111,32.0,29.0,OK,3380.369,3356.078,-0.0024729535566244687,0.0018899934830900467,3377.0556000000006,3382.1444,3364.398,3383.3674,False,False,False,False,False,False,False,False,False,,,,2022-07-11,3341.102,OK
2022-07-11,23.009089900835267,2022-08-19,2022-08-19,39.0,39.0,0.0529418218064719,0.0529418218064719,29.0,29.0,WARN_NOT_BRACKET_30D,3341.102,3313.584,-0.012661803450336961,-0.019413260889829975,3358.6870000000004,3375.5843,3356.078,3377.0556000000006,False,False,False,False,False,False,False,False,False,,,,2022-07-12,3307.221,WARN_NOT_BRACKET_30D
2022-07-12,22.17328148084337,2022-08-19,2022-08-19,38.0,38.0,0.0491654411628711,0.0491654411628711,29.0,29.0,WARN_NOT_BRACKET_30D,3307.221,3281.467,-0.009692526279701852,-0.037469971049011286,3334.1754,3362.81,3313.584,3358.6870000000004,False,False,False,False,False,False,False,False,False,,,,2022-07-13,3279.603,WARN_NOT_BRACKET_30D
2022-07-13,21.81304056079934,2022-08-19,2022-08-19,37.0,37.0,0.0475808738507077,0.0475808738507077,29.0,29.0,WARN_NOT_BRACKET_30D,3279.603,3284.292,0.0008608954470668007,-0.022973549449980646,3319.9638,3355.0873999999994,3281.467,3334.1754,False,False,False,False,False,False,False,False,False,,,,2022-07-14,3277.455,WARN_NOT_BRACKET_30D
2022-07-14,21.162192418426923,2022-08-19,2022-08-19,36.0,36.0,0.0447838387954525,0.0447838387954525,29.0,29.0,WARN_NOT_BRACKET_30D,3277.455,3281.744,-0.0007758140871760855,-0.03438811563295174,3303.433,3343.4002,3284.292,3319.9638,False,False,False,False,False,False,False,False,False,,,,2022-07-15,3261.383,WARN_NOT_BRACKET_30D
2022-07-15,21.76861966534784,2022-08-19,2022-08-19,35.0,35.0,0.0473872802134568,0.0473872802134568,29.0,29.0,WARN_NOT_BRACKET_30D,3261.383,3228.061,-0.016358070586858675,-0.04710540119853457,3277.8296,3327.4426,3281.744,3303.433,False,False,False,False,False,False,False,False,False,,,,2022-07-18,3235.088,WARN_NOT_BRACKET_30D
2022-07-18,21.574436127856,2022-08-19,2022-08-19,32.0,32.0,0.0465456294234937,0.0465456294234937,29.0,29.0,WARN_NOT_BRACKET_30D,3235.088,3278.103,0.01550218536762471,-0.0373885565598675,3270.7334,3314.7102,3228.061,3277.8296,False,False,False,False,False,False,False,False,False,,,,2022-07-19,3278.722,WARN_NOT_BRACKET_30D
2022-07-19,21.63903530831088,2022-08-19,2022-08-19,31.0,31.0,0.0468247849074324,0.0468247849074324,29.0,29.0,WARN_NOT_BRACKET_30D,3278.722,3279.431,0.0004051123469885898,-0.03660196385161685,3270.3262000000004,3302.2508000000003,3278.103,3270.7334,False,False,False,False,False,False,False,False,False,,,,2022-07-20,3291.551,WARN_NOT_BRACKET_30D
2022-07-20,20.42765082863913,2022-08-19,2022-08-19,30.0,30.0,0.0417288918376801,0.0417288918376801,29.0,29.0,OK,3291.551,3304.724,0.007712618438991514,-0.015088142816695682,3274.4126,3297.1881999999996,3279.431,3270.3262000000004,False,False,False,False,False,False,False,False,False,,,,2022-07-21,3297.661,OK
2022-07-21,20.88561305539065,2022-08-19,2022-09-16,29.0,57.0,0.0433761390104803,0.0469828965184613,29.0,29.0,OK,3297.661,3272.001,-0.0099018859063571,-0.02746315982829617,3272.464,3287.9485,3304.724,3274.4126,False,False,False,False,False,False,False,False,False,,,,2022-07-22,3276.197,OK
2022-07-22,20.44707027825916,2022-08-19,2022-09-16,28.0,56.0,0.041166435181286,0.0459801835446928,29.0,29.0,OK,3276.197,3269.974,-0.0006194985881727844,-0.025656137908594445,3280.8466,3279.3381,3272.001,3272.464,False,False,False,False,False,False,False,False,False,,,,2022-07-25,3269.707,OK
2022-07-25,21.403008462829103,2022-08-19,2022-09-16,25.0,53.0,0.0450105941496117,0.0475410005653121,29.0,29.0,OK,3269.707,3250.388,-0.005989650070612251,-0.019071796580379385,3275.3036,3273.0185,3269.974,3280.8466,False,False,False,False,False,False,False,False,False,,,,2022-07-26,3254.185,OK
2022-07-26,20.20733603120817,2022-08-19,2022-09-16,24.0,52.0,0.0394438046535423,0.0431856769842801,29.0,30.0,OK,3254.185,3277.436,0.008321468083195116,-0.0012284139989827692,3274.9046000000003,3272.6154,3250.388,3275.3036,False,False,False,False,False,False,False,False,False,,,,2022-07-27,3271.783,OK
2022-07-27,20.414397529739464,2022-08-19,2022-09-16,23.0,51.0,0.0402079940681631,0.0436592142612458,29.0,30.0,OK,3271.783,3275.755,-0.000512900938416494,-0.002599342567591423,3269.1108,3271.7617,3277.436,3274.9046000000003,False,False,False,False,False,False,False,False,False,,,,2022-07-28,3287.502,OK
2022-07-28,20.304341883885805,2022-08-19,2022-09-16,22.0,50.0,0.0396030653527722,0.0430125509728716,29.0,30.0,OK,3287.502,3282.576,0.0020822680572876173,0.00025352373615983304,3271.2258,3271.8449,3275.755,3269.1108,False,False,False,False,False,False,False,False,False,,,,2022-07-29,3282.811,OK
2022-07-29,21.637571769983,2022-08-19,2022-09-16,21.0,49.0,0.0464265046582986,0.047173069518904,29.0,30.0,OK,3282.811,3253.238,-0.008937492993307705,0.00779941890813074,3267.8786,3274.3626,3282.576,3271.2258,False,False,False,False,False,False,False,False,False,,,,2022-08-01,3246.616,OK
2022-08-01,21.862180391053187,2022-08-19,2022-09-16,18.0,46.0,0.0489406995907629,0.0471979941299639,29.0,30.0,OK,3246.616,3259.959,0.0020659416864059477,-0.005534908451625853,3269.7928,3272.5482,3253.238,3267.8786,False,False,False,False,False,False,False,False,False,,,,2022-08-02,3231.262,OK
2022-08-02,25.67615207731787,2022-08-19,2022-09-16,17.0,45.0,0.0774945672903272,0.0608839783295062,29.0,30.0,OK,3231.262,3186.266,-0.02260549902621467,-0.028408891664438163,3251.5588,3263.2317,3259.959,3269.7928,False,False,False,False,False,False,False,False,False,,,,2022-08-03,3188.891,OK
2022-08-03,24.26559044117841,2022-08-19,2022-09-16,16.0,44.0,0.0623385095266716,0.0576249346438025,29.0,31.0,OK,3188.891,3163.674,-0.007090431244597961,-0.042681325278601245,3229.1426,3249.1267000000003,3186.266,3251.5588,False,False,False,False,False,False,False,False,False,,,,2022-08-04,3179.428,OK
2022-08-04,22.16172497080025,2022-08-19,2022-09-16,15.0,43.0,0.0474397893952642,0.0496204241506361,29.0,31.0,OK,3179.428,3189.039,0.008017577032273238,-0.02535512672520579,3210.4352,3240.8305,3163.674,3229.1426,False,False,False,False,False,False,False,False,False,,,,2022-08-05,3195.227,OK
2022-08-05,20.470887353023503,2022-08-19,2022-09-16,14.0,42.0,0.0369692517497342,0.0431398406900886,29.0,31.0,OK,3195.227,3227.027,0.011912052502336845,-0.013133743571049794,3205.193,3236.5358,3189.039,3210.4352,False,False,False,False,False,False,False,False,False,,,,2022-08-08,3218.851,OK
2022-08-08,21.10347708007105,2022-08-19,2022-09-16,11.0,39.0,0.0421767082166575,0.0448508400209905,29.0,31.0,OK,3218.851,3236.934,0.00307000840092142,-0.004139198151112966,3200.5880000000006,3235.1904000000004,3227.027,3205.193,False,False,False,False,False,False,False,False,False,,,,2022-08-09,3235.735,OK
2022-08-09,20.95705858252636,2022-08-19,2022-09-16,10.0,38.0,0.0410730196598771,0.0442194947361196,29.0,31.0,OK,3235.735,3247.432,0.0032431924778200116,-0.009154717285097314,3212.8212,3232.19,3236.934,3200.5880000000006,False,False,False,False,False,False,False,False,False,,,,2022-08-10,3242.362,OK
2022-08-10,21.45095913885886,2022-08-19,2022-09-16,9.0,37.0,0.0438191751626052,0.0461923531464906,29.0,31.0,OK,3242.362,3230.02,-0.005361775088747023,-0.013961666852374544,3226.0904,3227.6164999999996,3247.432,3212.8212,False,False,False,False,False,False,False,False,False,,,,2022-08-11,3243.472,OK
2022-08-11,20.71192376481398,2022-08-19,2022-09-16,8.0,36.0,0.0408376397190177,0.0430232718696999,29.0,31.0,OK,3243.472,3281.665,0.015989065083188425,-0.0002775259430398691,3244.6156,3227.5254,3230.02,3226.0904,False,False,False,False,False,False,False,False,False,,,,2022-08-12,3275.77,OK
2022-08-12,19.910784385378204,2022-08-19,2022-09-16,7.0,35.0,0.0342079621246516,0.0398802800649477,28.0,31.0,OK,3275.77,3276.888,-0.0014556635122719985,0.007269680238580767,3254.5878000000002,3229.8903999999998,3281.665,3244.6156,False,False,False,False,False,False,True,False,True,,AVIX<20,AVIX<20,2022-08-15,3268.365,OK
2022-08-15,19.88444941989488,2022-09-16,2022-09-16,32.0,32.0,0.0395391328732357,0.0395391328732357,31.0,31.0,WARN_NOT_BRACKET_30D,3268.365,3276.087,-0.00024443923625094843,0.0049473014844665375,3262.4184,3231.5032,3276.888,3254.5878000000002,False,False,False,False,False,False,False,False,False,,,,2022-08-16,3278.676,WARN_NOT_BRACKET_30D
2022-08-16,19.55001710463869,2022-09-16,2022-09-16,31.0,31.0,0.0382203168791665,0.0382203168791665,31.0,31.0,WARN_NOT_BRACKET_30D,3278.676,3277.885,0.0005488254738046372,0.028754347565457472,3268.509,3240.6651,3276.087,3262.4184,False,False,False,False,False,False,False,False,False,,,,2022-08-17,3282.101,WARN_NOT_BRACKET_30D
2022-08-17,18.90418979232815,2022-09-16,2022-09-16,30.0,30.0,0.0357368391704363,0.0357368391704363,31.0,31.0,OK,3282.101,3292.526,0.004466599651909542,0.04072859592992195,3281.0101999999997,3253.5503,3277.885,3268.509,False,False,False,False,False,False,False,False,False,,,,2022-08-18,3286.367,OK
2022-08-18,19.205937073936138,2022-09-16,2022-10-21,29.0,64.0,0.0371844994881493,0.0323003982488155,31.0,23.0,OK,3286.367,3277.544,-0.004550305753090456,0.027752874768856683,3280.186,3262.4008000000003,3292.526,3281.0101999999997,False,False,False,False,False,False,False,False,False,,,,2022-08-19,3275.623,OK
2022-08-19,18.680056918725747,2022-09-16,2022-10-21,28.0,63.0,0.0354416910346073,0.0308813711519073,31.0,23.0,OK,3275.623,3258.078,-0.005939203257072978,0.00962216925981707,3276.424,3265.5059,3277.544,3280.186,False,False,False,False,False,False,False,False,False,,,,2022-08-22,3249.705,OK
2022-08-22,17.94747958078738,2022-09-16,2022-10-21,25.0,60.0,0.0330726059672027,0.0300576932379662,31.0,23.0,OK,3249.705,3277.794,0.006051420500061688,0.012623056262500043,3276.7653999999998,3269.5919,3258.078,3276.424,False,False,False,False,False,False,False,False,False,,,,2022-08-23,3274.427,OK
2022-08-23,17.87980804937534,2022-09-16,2022-10-21,24.0,59.0,0.0332291068345371,0.029490770934535,31.0,23.0,OK,3274.427,3276.223,-0.0004792857635348424,0.008865774556634287,3276.433,3272.4710000000005,3277.794,3276.7653999999998,False,False,False,False,False,False,False,False,False,,,,2022-08-24,3279.172,OK
2022-08-24,19.30320750408856,2022-09-16,2022-10-21,23.0,58.0,0.0394655313680952,0.033765145057306,31.0,23.0,OK,3279.172,3215.203,-0.01862510580018517,-0.004587278097349268,3260.9684,3270.9893,3276.223,3276.433,False,False,False,False,False,False,False,False,False,,,,2022-08-25,3223.465,OK
2022-08-25,17.75781554309387,2022-09-16,2022-10-21,22.0,57.0,0.0329276335411104,0.0297186119016397,31.0,23.0,OK,3223.465,3246.248,0.009655688925396033,-0.01079238740090771,3254.7092000000002,3267.4476,3215.203,3260.9684,False,False,False,False,False,False,False,False,False,,,,2022-08-26,3250.628,OK
2022-08-26,17.108673471011947,2022-09-16,2022-10-21,21.0,56.0,0.030245684861916,0.02821440555328,31.0,23.0,OK,3250.628,3236.223,-0.003088180570307686,-0.012409639877835277,3250.3382,3263.3811,3246.248,3254.7092000000002,False,False,False,False,False,False,False,False,False,,,,2022-08-29,3203.102,OK
2022-08-29,17.95747886405092,2022-09-16,2022-10-21,18.0,53.0,0.0353155748071786,0.0302497043724462,31.0,23.0,OK,3203.102,3240.728,0.0013920548738453054,-0.01079305891449156,3242.925,3259.8452,3236.223,3250.3382,False,False,False,False,False,False,False,False,False,,,,2022-08-30,3240.184,OK
2022-08-30,17.853962218321303,2022-09-16,2022-10-21,17.0,52.0,0.0347718978465976,0.0302744478242058,31.0,23.0,OK,3240.184,3227.22,-0.004168199244120485,-0.015456613029438349,3233.1243999999997,3254.7787,3240.728,3242.925,False,False,False,False,False,False,False,False,False,,,,2022-08-31,3216.526,OK
2022-08-31,18.023498496373865,2022-09-16,2022-10-21,16.0,51.0,0.0346281144284674,0.0314759605702492,31.0,23.0,OK,3216.526,3202.138,-0.0077720143033322975,-0.027452478735171648,3230.5114,3245.7398999999996,3227.22,3233.1243999999997,False,False,False,False,False,False,False,False,False,,,,2022-09-01,3196.537,OK
2022-09-01,18.266130802704016,2022-09-16,2022-10-21,15.0,50.0,0.036315759242358,0.0321849111332657,31.0,23.0,OK,3196.537,3184.98,-0.005358294989160295,-0.028241878675007825,3218.2578,3236.4835,3202.138,3230.5114,False,False,False,False,False,False,False,False,False,,,,2022-09-02,3189.644,OK
2022-09-02,18.674333030302613,2022-09-16,2022-10-21,14.0,49.0,0.0370103973976309,0.0341479072391945,31.0,24.0,OK,3189.644,3186.478,0.0004703326237527339,-0.021976146672977093,3208.3088,3229.3234999999995,3184.98,3218.2578,False,False,False,False,False,False,False,False,False,,,,2022-09-05,3183.946,OK
2022-09-05,19.240948854481765,2022-09-16,2022-10-21,11.0,46.0,0.0420409371226773,0.0360106143164657,31.0,24.0,OK,3183.946,3199.912,0.004215939981383698,-0.023760492575189307,3200.1456,3221.5353,3186.478,3208.3088,False,False,False,False,False,False,False,False,False,,,,2022-09-06,3207.933,OK
2022-09-06,17.952791149780488,2022-09-16,2022-10-21,10.0,45.0,0.0319125617109849,0.0322832225560601,31.0,24.0,OK,3207.933,3243.447,0.01360506163919517,-0.010004203010600898,3203.3909999999996,3218.2576999999997,3199.912,3200.1456,False,False,False,False,False,False,False,False,False,,,,2022-09-07,3232.137,OK
2022-09-07,17.613243706941752,2022-09-16,2022-10-21,9.0,44.0,0.0308747904965912,0.0310427960550242,31.0,24.0,OK,3232.137,3246.294,0.0008777698541089229,0.009669995953599075,3212.2222,3221.3668000000002,3243.447,3203.3909999999996,False,False,False,False,False,False,False,False,False,,,,2022-09-08,3245.557,OK
2022-09-08,17.240636561622154,2022-09-16,2022-10-21,8.0,43.0,0.0263489714806365,0.0300949890235283,31.0,24.0,OK,3245.557,3235.586,-0.003298530570552183,-0.0032844071062962943,3222.3434,3220.3006,3246.294,3212.2222,False,False,False,False,False,False,False,False,False,,,,2022-09-09,3241.181,OK
2022-09-09,16.56795255179145,2022-09-16,2022-10-21,7.0,42.0,0.0219568636815408,0.02792734356665,31.0,24.0,OK,3241.181,3262.054,0.008180280171814491,0.007981835615159971,3237.4586,3222.8837,3235.586,3222.3434,False,False,False,False,False,False,False,False,False,,,,2022-09-13,3272.049,OK
2022-09-13,16.70104848424119,2022-10-21,2022-10-21,38.0,38.0,0.0278925020472975,0.0278925020472975,24.0,24.0,WARN_NOT_BRACKET_30D,3272.049,3263.797,0.000534325918577716,0.007118462271440196,3250.2356,3225.1906,3262.054,3237.4586,False,False,False,False,False,False,False,False,False,,,,2022-09-14,3224.678,WARN_NOT_BRACKET_30D
2022-09-14,16.703013482410128,2022-10-21,2022-10-21,37.0,37.0,0.0278990659393574,0.0278990659393574,24.0,24.0,WARN_NOT_BRACKET_30D,3224.678,3237.542,-0.00804431157942731,0.0031984184530338133,3249.0546000000004,3226.2228,3263.797,3250.2356,False,False,False,False,False,False,False,False,False,,,,2022-09-15,3248.972,WARN_NOT_BRACKET_30D
2022-09-15,17.18028517939623,2022-10-21,2022-10-21,36.0,36.0,0.0295162198845381,0.0295162198845381,24.0,24.0,WARN_NOT_BRACKET_30D,3248.972,3199.919,-0.011620853103990636,-0.0006929745064079285,3239.7796,3226.0009,3237.542,3249.0546000000004,False,False,False,False,False,False,False,False,False,,,,2022-09-16,3189.827,WARN_NOT_BRACKET_30D
2022-09-16,18.436176026257098,2022-10-21,2022-10-21,35.0,35.0,0.0339892586471136,0.0339892586471136,24.0,24.0,WARN_NOT_BRACKET_30D,3189.827,3126.398,-0.022975894077318704,-0.018393208120616067,3217.942,3220.1427,3199.919,3239.7796,False,False,False,False,False,False,False,False,False,,,,2022-09-19,3122.755,WARN_NOT_BRACKET_30D
2022-09-19,18.773023718445096,2022-10-21,2022-10-21,32.0,32.0,0.0352426419533302,0.0352426419533302,26.0,26.0,WARN_NOT_BRACKET_30D,3122.755,3115.602,-0.003453175187548174,-0.022242739475998308,3188.6516,3213.0551,3126.398,3217.942,False,False,False,False,False,False,False,False,False,,,,2022-09-20,3127.836,WARN_NOT_BRACKET_30D
2022-09-20,18.138185996558214,2022-10-21,2022-10-21,31.0,31.0,0.032899379124574,0.032899379124574,26.0,26.0,WARN_NOT_BRACKET_30D,3127.836,3122.406,0.00218384761596635,-0.02422129108550486,3160.3733999999995,3205.3045,3115.602,3188.6516,False,False,False,False,False,False,False,False,False,,,,2022-09-21,3116.007,WARN_NOT_BRACKET_30D
2022-09-21,19.183685539373457,2022-10-21,2022-10-21,30.0,30.0,0.0368013790873566,0.0368013790873566,26.0,26.0,OK,3116.007,3117.177,-0.0016746701101649775,-0.03893080417222783,3136.3004,3192.6775000000002,3122.406,3160.3733999999995,False,False,False,False,False,False,False,False,False,,,,2022-09-22,3098.768,OK
2022-09-22,19.638748357003976,2022-10-21,2022-11-18,29.0,57.0,0.0385681915044837,0.038566013376951,26.0,22.0,OK,3098.768,3108.91,-0.0026520791087577544,-0.042320258115870035,3118.0986,3178.9391,3117.177,3136.3004,False,False,False,False,False,False,False,False,False,,,,2022-09-23,3106.806,OK
2022-09-23,19.254308758149072,2022-10-21,2022-11-18,28.0,56.0,0.0367566715980153,0.0391279389285023,27.0,23.0,OK,3106.806,3088.37,-0.006606817180297875,-0.045499022433648784,3110.493,3164.2174999999997,3108.91,3118.0986,False,False,False,False,False,False,False,False,False,,,,2022-09-26,3067.569,OK
2022-09-26,20.903917070380576,2022-10-21,2022-11-18,25.0,53.0,0.0438885941554976,0.0432824651583325,27.0,23.0,OK,3067.569,3051.226,-0.012027056343637543,-0.0646304444990794,3097.6178,3143.1346999999996,3088.37,3110.493,False,False,False,False,False,False,False,False,False,,,,2022-09-27,3056.392,OK
2022-09-27,19.660008821968685,2022-10-21,2022-11-18,24.0,52.0,0.0381000665097915,0.039584950066476,27.0,23.0,OK,3056.392,3093.862,0.013973399544969789,-0.05206665733193572,3091.909,3126.1412,3051.226,3097.6178,False,False,False,False,False,False,False,False,False,,,,2022-09-28,3089.098,OK
2022-09-28,20.07365377876956,2022-10-21,2022-11-18,23.0,51.0,0.0393768054322703,0.0415376340692599,27.0,23.0,OK,3089.098,3045.067,-0.01577155025014043,-0.0594509661959598,3077.487,3106.8936999999996,3093.862,3091.909,False,False,False,False,False,False,False,False,False,,,,2022-09-29,3067.473,OK
2022-09-29,19.85994186814768,2022-10-21,2022-11-18,22.0,50.0,0.0378088730563099,0.0412378707493621,28.0,24.0,OK,3067.473,3041.205,-0.0012682807964488063,-0.049599380484318445,3063.9460000000004,3091.0223,3045.067,3077.487,False,False,False,False,False,False,False,False,False,,,,2022-09-30,3042.166,OK
2022-09-30,19.846193572551893,2022-10-21,2022-11-18,21.0,49.0,0.038241489257568,0.0404236810182384,28.0,24.0,OK,3042.166,3024.391,-0.005528729566076529,-0.032627643697315634,3051.1502,3080.8216,3041.205,3063.9460000000004,False,False,False,False,False,False,False,False,False,,,,2022-10-10,3026.935,OK
2022-10-10,21.52376972246112,2022-10-21,2022-11-18,11.0,39.0,0.0557737576727578,0.045065184464105,28.0,24.0,OK,3026.935,2974.145,-0.016613592620795425,-0.04540278251201535,3035.734,3066.6759,3024.391,3051.1502,False,False,False,False,False,False,False,False,False,,,,2022-10-11,2978.062,OK
2022-10-11,21.25195537237344,2022-10-21,2022-11-18,10.0,38.0,0.0506268630761841,0.0445895815190142,29.0,26.0,OK,2978.062,2979.793,0.0018990331675154959,-0.04567407313462757,3012.9202,3052.4146,2974.145,3035.734,False,False,False,False,False,False,False,False,False,,,,2022-10-12,2976.717,OK
2022-10-12,20.67005076851945,2022-10-21,2022-11-18,9.0,37.0,0.047229449362351,0.0423598823515035,30.0,26.0,OK,2976.717,3025.506,0.015340998519024485,-0.029408339661174288,3009.008,3043.2475,2979.793,3012.9202,False,False,False,False,False,False,False,False,False,,,,2022-10-13,3008.302,OK
2022-10-13,21.338443596212045,2022-10-21,2022-11-18,8.0,36.0,0.0480802638147058,0.0453785328863975,27.0,26.0,OK,3008.302,3016.356,-0.0030242875076101905,-0.029770562673091083,3004.0382,3033.9921,3025.506,3009.008,False,False,False,False,False,False,False,False,False,,,,2022-10-14,3035.034,OK
2022-10-14,20.05335762016105,2022-10-21,2022-11-18,7.0,35.0,0.0403287670246436,0.0402087129302751,30.0,26.0,OK,3035.034,3071.987,0.018443114804751026,-0.005304740040862899,3013.5574,3032.3538,3016.356,3004.0382,False,False,False,False,False,False,False,False,False,,,,2022-10-17,3060.518,OK
2022-10-17,20.08357745492667,2022-11-18,2022-11-18,32.0,32.0,0.0403350083388038,0.0403350083388038,26.0,26.0,WARN_NOT_BRACKET_30D,3060.518,3084.942,0.004217140241804307,0.011049984498034515,3035.7167999999997,3035.7254000000003,3071.987,3013.5574,False,False,False,False,False,False,False,False,False,,,,2022-10-18,3094.927,WARN_NOT_BRACKET_30D
2022-10-18,19.499157298401578,2022-11-18,2022-11-18,31.0,31.0,0.0380217135347807,0.0380217135347807,26.0,26.0,WARN_NOT_BRACKET_30D,3094.927,3080.957,-0.0012917584836279472,-0.0041711621268175625,3055.9496,3034.4349,3084.942,3035.7167999999997,False,False,False,False,False,False,False,False,False,,,,2022-10-19,3073.262,WARN_NOT_BRACKET_30D
2022-10-19,19.99254848774901,2022-11-18,2022-11-18,30.0,30.0,0.0399701995034995,0.0399701995034995,26.0,26.0,OK,3073.262,3044.378,-0.011872609711852444,-0.00022626759936639207,3059.724,3034.3660000000004,3080.957,3055.9496,False,False,False,False,False,False,False,False,False,,,,2022-10-20,3029.303,OK
2022-10-20,20.936773476006508,2022-11-18,2022-12-16,29.0,57.0,0.0438596317024903,0.0434944034761624,26.0,28.0,OK,3029.303,3035.05,-0.00306400847726529,-0.0020238688283097384,3063.4628,3033.7505,3044.378,3059.724,False,False,False,False,False,False,False,False,False,,,,2022-10-21,3038.036,OK
2022-10-21,21.38568632391124,2022-11-18,2022-12-16,28.0,56.0,0.0459358923489729,0.0444273843902188,26.0,28.0,OK,3038.036,3038.929,0.001278067906624214,0.004806918153109185,3056.8512,3035.2043000000003,3035.05,3063.4628,False,False,False,False,False,False,False,False,False,,,,2022-10-24,3034.746,OK
2022-10-24,25.58824423313364,2022-11-18,2022-12-16,25.0,53.0,0.0690173171119643,0.0577914530834652,26.0,28.0,OK,3034.746,2977.555,-0.020195930869066125,0.0011465479995089733,3035.3738000000003,3035.5453,3038.929,3056.8512,False,False,False,False,False,False,False,False,False,,,,2022-10-25,2969.156,OK
2022-10-25,24.61952036574467,2022-11-18,2022-12-16,24.0,52.0,0.0635647550069385,0.0556152408065353,27.0,29.0,OK,2969.156,2976.283,-0.0004271961391141277,-0.0011779341719375669,3014.439,3035.1943,2977.555,3035.3738000000003,False,False,False,False,False,False,False,False,False,,,,2022-10-26,2977.564,OK
2022-10-26,22.667854608765644,2022-11-18,2022-12-16,23.0,51.0,0.0523054882642282,0.050135311775253,27.0,29.0,OK,2977.564,2999.504,0.007802013451005729,-0.008594264893211245,3005.4642,3032.5941,2976.283,3014.439,False,False,False,False,False,False,False,False,False,,,,2022-10-27,3005.037,OK
2022-10-27,21.91848710108017,2022-11-18,2022-12-16,22.0,50.0,0.048960286565805,0.0470319009056602,27.0,29.0,OK,3005.037,2982.903,-0.005534581717510645,-0.011090534406416386,2995.0348000000004,3029.2488000000003,2999.504,3005.4642,False,False,False,False,False,False,False,False,False,,,,2022-10-28,2967.022,OK
2022-10-28,23.851773269221912,2022-11-18,2022-12-16,21.0,49.0,0.0603115583055349,0.0537956545019196,27.0,29.0,OK,2967.022,2915.926,-0.02245362990348654,-0.0508013217503851,2970.4341999999997,3013.6427,2982.903,2995.0348000000004,False,False,False,False,False,False,False,False,False,,,,2022-10-31,2893.196,OK
2022-10-31,26.334731513666444,2022-11-18,2022-12-16,18.0,46.0,0.0781141522071424,0.0647801507458012,29.0,31.0,OK,2893.196,2893.483,-0.007696697378465678,-0.06206243099546116,2953.6198,2994.4968,2915.926,2970.4341999999997,False,False,False,False,False,False,False,False,False,,,,2022-11-01,2899.499,OK
2022-11-01,23.55170523730367,2022-11-18,2022-12-16,17.0,45.0,0.0557327889485546,0.0553529840397348,29.0,31.0,OK,2899.499,2969.2,0.02616811641886252,-0.03627346957455102,2952.2032,2983.3211,2893.483,2953.6198,False,True,True,False,False,True,False,True,False,,,,2022-11-02,2960.647,OK
2022-11-02,22.01930764103054,2022-11-18,2022-12-16,16.0,44.0,0.049279410338498,0.048196111102866,29.0,31.0,OK,2960.647,3003.37,0.011508150343526813,-0.013470075003826798,2952.9764,2979.2203,2969.2,2952.2032,False,False,False,False,False,False,False,False,False,,,,2022-11-03,2981.204,OK
2022-11-03,22.472058754925552,2022-11-18,2022-12-16,15.0,43.0,0.0510406513162815,0.0503356909563573,28.0,31.0,OK,2981.204,2997.806,-0.0018525855955143777,-0.012271297013228821,2955.957,2975.4959,3003.37,2952.9764,False,False,False,False,False,False,False,False,False,,,,2022-11-04,2996.997,OK
2022-11-04,22.86925672259248,2022-11-18,2022-12-16,14.0,42.0,0.0496939114448717,0.0529518850192622,29.0,31.0,OK,2996.997,3070.796,0.024347806362386315,0.01048626012651166,2986.9309999999996,2978.6825999999996,2997.806,2955.957,False,False,False,False,False,False,False,False,False,,,,2022-11-07,3062.859,OK
2022-11-07,23.449753255429098,2022-11-18,2022-12-16,11.0,39.0,0.0607684584244857,0.0542169508045594,29.0,31.0,OK,3062.859,3077.817,0.002286377864241018,0.03367259378919951,3023.7978,2988.7087999999994,3070.796,2986.9309999999996,False,False,False,False,False,False,False,False,False,,,,2022-11-08,3077.306,OK
2022-11-08,22.6356559114514,2022-11-18,2022-12-16,10.0,38.0,0.0543040196919405,0.0509144783975542,26.0,31.0,OK,3077.306,3064.493,-0.004329042304984321,0.0296376386250905,3042.8564,2997.5298,3077.817,3023.7978,False,False,False,False,False,False,False,False,False,,,,2022-11-09,3064.463,OK
2022-11-09,23.48043807426048,2022-11-18,2022-12-16,9.0,37.0,0.0562851910830677,0.0550396841996627,29.0,31.0,OK,3064.463,3048.168,-0.005327145469087302,0.01622401570392973,3051.816,3002.3962,3064.493,3042.8564,False,False,False,False,False,False,False,False,False,,,,2022-11-10,3031.692,OK
2022-11-10,23.533738103898425,2022-11-18,2022-12-16,8.0,36.0,0.0578207127403864,0.0552359841369487,27.0,31.0,OK,3031.692,3036.132,-0.003948601258198403,0.01784469692779167,3059.4811999999997,3007.7191,3048.168,3051.816,False,False,False,False,False,False,False,False,False,,,,2022-11-11,3099.65,OK
2022-11-11,22.45768434311263,2022-11-18,2022-12-16,7.0,35.0,0.0488541382345612,0.0505034812303115,29.0,31.0,OK,3099.65,3087.293,0.016850716635508523,0.058769324050061744,3062.7806000000005,3024.8558000000003,3036.132,3059.4811999999997,False,True,True,False,False,False,False,False,False,,,,2022-11-14,3100.867,OK
2022-11-14,23.433019185070084,2022-12-16,2022-12-16,32.0,32.0,0.0549106388127862,0.0549106388127862,31.0,31.0,WARN_NOT_BRACKET_30D,3100.867,3083.401,-0.0012606513214004078,0.06563646650075339,3063.8974000000003,3043.8476,3087.293,3062.7806000000005,False,False,False,False,False,False,False,False,False,,,,2022-11-15,3081.135,WARN_NOT_BRACKET_30D
2022-11-15,23.73281783937964,2022-12-16,2022-12-16,31.0,31.0,0.0563246642597176,0.0563246642597176,31.0,31.0,WARN_NOT_BRACKET_30D,3081.135,3134.078,0.016435423092876933,0.05552943553819212,3077.8144,3060.3354,3083.401,3063.8974000000003,False,False,False,False,False,False,False,False,False,,,,2022-11-16,3133.65,WARN_NOT_BRACKET_30D
2022-11-16,23.094572192706647,2022-12-16,2022-12-16,30.0,30.0,0.0533359264764139,0.0533359264764139,31.0,31.0,OK,3133.65,3119.98,-0.004498292639813051,0.03882638502748592,3092.1768,3071.9964,3134.078,3077.8144,False,False,False,False,False,False,False,False,False,,,,2022-11-17,3110.965,OK
2022-11-17,22.496938722559168,2022-12-16,2023-01-20,29.0,64.0,0.0507706237041196,0.0481554918098304,31.0,23.0,OK,3110.965,3115.435,-0.0014567401073084518,0.03923836298946637,3108.0374,3083.7593,3119.98,3092.1768,False,False,False,False,False,False,False,False,False,,,,2022-11-18,3116.729,OK
2022-11-18,21.85136206541913,2022-12-16,2023-01-20,28.0,63.0,0.0483011345257011,0.0436933669065571,31.0,24.0,OK,3116.729,3097.243,-0.005839312969135979,0.008612424921746742,3110.0274,3086.404,3115.435,3108.0374,False,False,False,False,False,False,False,False,False,,,,2022-11-21,3078.057,OK
2022-11-21,22.34196096631811,2022-12-16,2023-01-20,25.0,60.0,0.051576465147721,0.045765964067866,31.0,24.0,OK,3078.057,3085.044,-0.0039386641603517125,0.002348092820333436,3110.356,3087.1267,3097.243,3110.0274,False,False,False,False,False,False,False,False,False,,,,2022-11-22,3084.233,OK
2022-11-22,22.38817096115272,2022-12-16,2023-01-20,24.0,59.0,0.0520746665027428,0.0462858842022603,31.0,24.0,OK,3084.233,3088.943,0.0012638393488066946,0.007978481269169224,3101.329,3089.5717,3085.044,3110.356,False,False,False,False,False,False,False,False,False,,,,2022-11-23,3084.74,OK
2022-11-23,22.27849989961101,2022-12-16,2023-01-20,23.0,58.0,0.051871773482297,0.046082244935917,31.0,24.0,OK,3084.74,3096.907,0.002578228215930123,0.015989604247534928,3096.7144,3094.4456,3088.943,3101.329,False,True,True,False,False,False,False,False,False,,,,2022-11-24,3104.096,OK
2022-11-24,22.47228808512273,2022-12-16,2023-01-20,22.0,57.0,0.0535121241698382,0.046577171228278,30.0,24.0,OK,3104.096,3089.31,-0.0024530927147635717,0.01751504875282106,3091.4894,3099.7634000000003,3096.907,3096.7144,False,False,False,False,False,False,False,False,False,,,,2022-11-25,3085.461,OK
2022-11-25,21.912038238118782,2022-12-16,2023-01-20,21.0,56.0,0.0510095670960051,0.0447682647603235,31.0,24.0,OK,3085.461,3101.693,0.004008338431559233,0.0046642803258389876,3092.3794000000003,3101.2034,3089.31,3091.4894,False,False,False,False,False,False,False,False,False,,,,2022-11-28,3055.29,OK
2022-11-28,22.933093411918847,2022-12-16,2023-01-20,18.0,53.0,0.0576234221561317,0.0493179472304088,30.0,24.0,OK,3055.29,3078.549,-0.007461731383473502,-0.0015735870877644498,3091.0804,3100.7182000000003,3101.693,3092.3794000000003,False,False,False,False,False,False,False,False,False,,,,2022-11-29,3096.113,OK
2022-11-29,22.897254933723985,2022-12-16,2023-01-20,17.0,52.0,0.0587564886894226,0.0489274008840982,31.0,24.0,OK,3096.113,3149.748,0.023127453875186,0.004999875561488842,3103.2414,3102.2852,3078.549,3091.0804,False,True,True,False,False,False,False,False,False,,,,2022-11-30,3141.399,OK
2022-11-30,22.394734173536747,2022-12-16,2023-01-20,16.0,51.0,0.0561612524137363,0.0473247222028556,30.0,24.0,OK,3141.399,3151.335,0.0005038498317959661,0.010049743908614905,3114.127,3105.4207,3149.748,3103.2414,False,False,False,False,False,False,False,False,False,,,,2022-12-01,3187.99,OK
2022-12-01,21.679405139650303,2022-12-16,2023-01-20,15.0,50.0,0.052190454214197,0.0449233433235945,30.0,24.0,OK,3187.99,3165.471,0.004485717957627422,0.01606067852482873,3129.3592,3110.4242999999997,3151.335,3114.127,False,False,False,False,False,False,False,False,False,,,,2022-12-02,3160.579,OK
2022-12-02,21.054285143525423,2022-12-16,2023-01-20,14.0,49.0,0.0485916047334797,0.0428818112830437,30.0,24.0,OK,3160.579,3156.144,-0.002946480950228314,0.0190172356511904,3140.2493999999997,3116.3144,3165.471,3129.3592,False,False,False,False,False,False,False,False,False,,,,2022-12-05,3181.916,OK
2022-12-05,21.203587474866936,2022-12-16,2023-01-20,11.0,46.0,0.0547530835186534,0.0429869909498536,31.0,24.0,OK,3181.916,3211.814,0.017638612179925905,0.04109179642170413,3166.9024,3128.9914,3156.144,3140.2493999999997,False,False,False,False,False,False,False,False,False,,,,2022-12-06,3200.275,OK
2022-12-06,20.506617765699424,2022-12-16,2023-01-20,10.0,45.0,0.0498462354221319,0.0407531208516362,31.0,25.0,OK,3200.275,3212.533,0.0002238610330487223,0.04001045017664606,3179.4593999999997,3141.3504000000003,3211.814,3166.9024,False,False,False,False,False,False,False,False,False,,,,2022-12-07,3204.935,OK
2022-12-07,20.42992172448402,2022-12-16,2023-01-20,9.0,44.0,0.0474008346880529,0.0409659886412364,31.0,26.0,OK,3204.935,3199.619,-0.004019880885270166,0.03316599432918066,3189.1162,3151.6216,3212.533,3179.4593999999997,False,False,False,False,False,False,False,False,False,,,,2022-12-08,3196.016,OK
2022-12-08,20.020513372066645,2022-12-16,2023-01-20,8.0,43.0,0.0459228481802835,0.0394399832301965,31.0,26.0,OK,3196.016,3197.35,-0.0007091469328067701,0.03497221062308409,3195.4919999999997,3162.4255999999996,3199.619,3189.1162,False,False,False,False,False,False,False,False,False,,,,2022-12-09,3197.118,OK
2022-12-09,19.372676501264248,2022-12-16,2023-01-20,7.0,42.0,0.0442240988504768,0.0369479691024189,31.0,25.0,OK,3197.118,3206.95,0.0030024864340782997,0.03393533789449821,3205.6531999999997,3172.9512999999997,3197.35,3195.4919999999997,False,False,False,False,False,False,True,False,True,,AVIX<20,AVIX<20,2022-12-12,3195.868,OK
2022-12-12,19.77656036771516,2023-01-20,2023-01-20,39.0,39.0,0.0391112339977881,0.0391112339977881,26.0,26.0,WARN_NOT_BRACKET_30D,3195.868,3179.042,-0.008702349584496116,0.0326429756355997,3199.0987999999998,3183.0006000000003,3206.95,3205.6531999999997,False,False,False,False,False,False,False,False,False,,,,2022-12-13,3179.435,WARN_NOT_BRACKET_30D
2022-12-13,19.69132064849696,2023-01-20,2023-01-20,38.0,38.0,0.0387748108881922,0.0387748108881922,26.0,26.0,WARN_NOT_BRACKET_30D,3179.435,3176.326,-0.0008543454285913077,0.008438135368289856,3191.8574,3185.6584,3179.042,3199.0987999999998,False,False,False,False,False,False,False,False,False,,,,2022-12-14,3178.554,WARN_NOT_BRACKET_30D
2022-12-14,19.66119314999081,2023-01-20,2023-01-20,37.0,37.0,0.0386562516081245,0.0386562516081245,26.0,26.0,WARN_NOT_BRACKET_30D,3178.554,3176.525,6.265099992885936e-05,0.007993437701799389,3187.2385999999997,3188.1773999999996,3176.326,3191.8574,False,False,False,False,False,False,False,False,False,,,,2022-12-15,3177.2,WARN_NOT_BRACKET_30D
2022-12-15,19.06197014872281,2023-01-20,2023-01-20,36.0,36.0,0.0363358705950799,0.0363358705950799,26.0,26.0,WARN_NOT_BRACKET_30D,3177.2,3168.648,-0.0024797538190317603,0.00100364211202697,3181.4982000000005,3188.4951,3176.525,3187.2385999999997,False,False,False,False,False,False,False,False,False,,,,2022-12-16,3156.135,WARN_NOT_BRACKET_30D
2022-12-16,18.176002901742745,2023-01-20,2023-01-20,35.0,35.0,0.033036708148416,0.033036708148416,26.0,26.0,WARN_NOT_BRACKET_30D,3156.135,3167.858,-0.000249317690068418,0.003711490983934862,3173.6798000000003,3189.6665000000003,3168.648,3181.4982000000005,False,False,False,False,False,False,False,False,False,,,,2022-12-19,3165.309,WARN_NOT_BRACKET_30D
2022-12-19,18.629545561267044,2023-01-20,2023-01-20,32.0,32.0,0.0347059967819324,0.0347059967819324,26.0,26.0,WARN_NOT_BRACKET_30D,3165.309,3107.115,-0.01917478624357538,-0.03259808942859088,3159.2944,3179.1966,3167.858,3173.6798000000003,False,False,False,False,False,False,False,False,False,,,,2022-12-20,3098.953,WARN_NOT_BRACKET_30D
2022-12-20,20.00445286093517,2023-01-20,2023-01-20,31.0,31.0,0.0400178134265377,0.0400178134265377,26.0,26.0,WARN_NOT_BRACKET_30D,3098.953,3073.766,-0.01073310772211511,-0.04319550958698315,3138.7824,3165.3198999999995,3107.115,3159.2944,False,False,False,False,False,False,False,False,False,,,,2022-12-21,3078.331,WARN_NOT_BRACKET_30D
2022-12-21,19.60087610643656,2023-01-20,2023-01-20,30.0,30.0,0.0384194344139875,0.0384194344139875,26.0,26.0,OK,3078.331,3068.411,-0.0017421625458802215,-0.04100738244147195,3117.1596,3152.1991,3073.766,3138.7824,False,False,False,False,False,False,False,False,False,,,,2022-12-22,3085.8,OK
2022-12-22,19.13045665909562,2023-01-20,2023-02-17,29.0,57.0,0.0368612342892445,0.0329736982159042,26.0,22.0,OK,3085.8,3054.431,-0.004556104120341131,-0.04469920402833594,3094.3162,3137.9072,3068.411,3117.1596,False,False,False,False,False,False,False,False,False,,,,2022-12-23,3038.842,OK
2022-12-23,19.65416068124461,2023-01-20,2023-02-17,28.0,56.0,0.0393358132574937,0.0340317378894266,26.0,22.0,OK,3038.842,3045.866,-0.0028041229282966817,-0.05022965746269814,3069.9178,3121.7988,3054.431,3094.3162,False,False,False,False,False,False,False,False,False,,,,2022-12-26,3048.196,OK
2022-12-26,19.43796366583122,2023-01-20,2023-02-17,25.0,53.0,0.0399792189833784,0.0330190238807095,26.0,22.0,OK,3048.196,3065.563,0.006466797948432523,-0.035695973818527627,3061.6074,3110.4509,3045.866,3069.9178,False,False,False,False,False,False,False,False,False,,,,2022-12-27,3077.747,OK
2022-12-27,18.374177172663444,2023-01-20,2023-02-17,24.0,52.0,0.0349578371775566,0.0317356873690188,26.0,22.0,OK,3077.747,3095.568,0.009787761660745575,-0.025424972121879108,3065.9678,3102.3751,3065.563,3061.6074,False,False,False,False,False,False,False,False,False,,,,2022-12-28,3088.617,OK
2022-12-28,18.07992963680441,2023-01-20,2023-02-17,23.0,51.0,0.0338134113704964,0.0311662918332809,26.0,22.0,OK,3088.617,3087.4,-0.0026386110723460865,-0.028057389757675466,3069.7655999999997,3093.4626,3095.568,3065.9678,False,False,False,False,False,False,False,False,False,,,,2022-12-29,3076.726,OK
2022-12-29,18.011745431475607,2023-01-20,2023-02-17,22.0,50.0,0.0333540569055815,0.0314393618363996,26.0,22.0,OK,3076.726,3073.702,-0.004436742890457923,-0.029964199242074163,3073.6198000000004,3083.968,3087.4,3069.7655999999997,False,False,False,False,False,False,False,False,False,,,,2022-12-30,3084.523,OK
2022-12-30,17.32676528863315,2023-01-20,2023-02-17,21.0,49.0,0.0302398083668369,0.0298243248809346,26.0,22.0,OK,3084.523,3089.258,0.00506099810586691,-0.024811718202015443,3082.2982,3076.1079999999997,3073.702,3073.6198000000004,False,False,False,False,False,False,False,False,False,,,,2023-01-03,3087.513,OK
2023-01-03,17.53845229738058,2023-01-20,2023-02-17,17.0,45.0,0.033201379138075,0.0296954226918638,26.0,22.0,OK,3087.513,3116.512,0.008822183190915212,0.0030243489539332202,3092.488,3077.0477,3089.258,3082.2982,False,False,False,False,False,False,False,False,False,,,,2023-01-04,3117.571,OK
2023-01-04,17.310771080732152,2023-01-20,2023-02-17,16.0,44.0,0.0321030959169695,0.0291892554042173,25.0,22.0,OK,3117.571,3123.516,0.002247384255218643,0.016185356985535027,3098.0776,3082.0227000000004,3116.512,3092.488,False,False,False,False,False,False,False,False,False,,,,2023-01-05,3132.761,OK
2023-01-05,17.16543163292363,2023-01-20,2023-02-17,15.0,43.0,0.0305650628289166,0.029132688949621,26.0,22.0,OK,3132.761,3155.216,0.010148819471390569,0.028289886850229484,3111.6408,3090.7032000000004,3123.516,3098.0776,False,False,False,False,False,False,False,False,False,,,,2023-01-06,3155.075,OK
2023-01-06,17.259780232774876,2023-01-20,2023-02-17,14.0,42.0,0.0293595793372026,0.0298976068761601,25.0,22.0,OK,3155.075,3157.637,0.0007673008757562716,0.03378894465122961,3128.4278,3101.0238,3155.216,3111.6408,False,False,False,False,False,False,False,False,False,,,,2023-01-09,3169.374,OK
2023-01-09,18.53763917165489,2023-01-20,2023-02-17,11.0,39.0,0.0370024217067173,0.0340119592441927,26.0,22.0,OK,3169.374,3176.085,0.0058423434992684875,0.042752701530533566,3145.7932,3114.0456999999997,3157.637,3128.4278,False,False,False,False,False,False,False,False,False,,,,2023-01-10,3178.022,OK
2023-01-10,18.19688744613968,2023-01-20,2023-02-17,10.0,38.0,0.0342338349208605,0.0329946540466304,21.0,23.0,OK,3178.022,3169.507,-0.00207110326077542,0.033906985437911485,3156.3922000000002,3124.4401000000003,3176.085,3145.7932,False,False,False,False,False,False,False,False,False,,,,2023-01-11,3172.376,OK
2023-01-11,17.602620138965165,2023-01-20,2023-02-17,9.0,37.0,0.0302502717556451,0.0310448142637803,26.0,23.0,OK,3172.376,3161.838,-0.0024196192026078034,0.02140802592609825,3164.0566,3131.0670999999998,3169.507,3156.3922000000002,False,False,False,False,False,False,False,False,False,,,,2023-01-12,3167.273,OK
2023-01-12,17.551875605675594,2023-01-20,2023-02-17,8.0,36.0,0.0301621283866004,0.0308459067786873,27.0,23.0,OK,3167.273,3163.451,0.0005101463136314432,0.024632700654272144,3165.7036,3138.6722,3161.838,3164.0566,False,False,False,False,False,False,False,False,False,,,,2023-01-13,3170.355,OK
2023-01-13,17.000092223337628,2023-01-20,2023-02-17,7.0,35.0,0.0255695319774326,0.0290451301507534,27.0,23.0,OK,3170.355,3195.306,0.010069699198754778,0.03956271622948471,3173.2374000000004,3150.8326,3163.451,3165.7036,False,False,False,False,False,False,False,False,False,,,,2023-01-16,3198.519,OK
2023-01-16,18.603033136733217,2023-02-17,2023-02-17,32.0,32.0,0.0346072841886394,0.0346072841886394,24.0,24.0,WARN_NOT_BRACKET_30D,3198.519,3227.592,0.010104196593377912,0.04477903755529655,3183.5388,3164.666,3195.306,3173.2374000000004,False,False,False,False,False,False,False,False,False,,,,2023-01-17,3229.435,WARN_NOT_BRACKET_30D
2023-01-17,19.075881153981605,2023-02-17,2023-02-17,31.0,31.0,0.036388924180083,0.036388924180083,26.0,26.0,WARN_NOT_BRACKET_30D,3229.435,3224.245,-0.001036996001973045,0.03456845345052417,3194.4864000000002,3175.4393,3227.592,3183.5388,False,False,False,False,False,False,False,False,False,,,,2023-01-18,3227.595,WARN_NOT_BRACKET_30D
2023-01-18,19.54245301686188,2023-02-17,2023-02-17,30.0,30.0,0.0381907469916253,0.0381907469916253,26.0,26.0,OK,3227.595,3224.406,4.99341706352574e-05,0.032300138689860924,3207.0,3185.5283,3224.245,3194.4864000000002,False,False,False,False,False,False,False,False,False,,,,2023-01-19,3221.518,OK
2023-01-19,19.93130937866554,2023-02-17,2023-03-17,29.0,57.0,0.0395452189252313,0.0422050778874151,26.0,32.0,OK,3221.518,3240.279,0.004922767170139286,0.026959485499566505,3222.3656,3194.0346,3224.406,3207.0,False,False,False,False,False,False,False,False,False,,,,2023-01-20,3247.203,OK
2023-01-20,19.12540730564424,2023-02-17,2023-03-17,28.0,56.0,0.0358282029238717,0.0414525844499263,26.0,32.0,OK,3247.203,3264.814,0.007571878841297286,0.03394215357876784,3236.2672000000002,3204.7523,3240.279,3222.3656,False,False,False,False,False,False,False,False,False,,,,2023-01-30,3308.869,OK
2023-01-30,19.04549583398876,2023-02-17,2023-03-17,18.0,46.0,0.0355787514045098,0.0366353553745466,26.0,32.0,OK,3308.869,3269.318,0.0013795579166226979,0.029354692963192264,3244.6124,3214.0756,3264.814,3236.2672000000002,False,False,False,False,False,False,False,False,False,,,,2023-01-31,3266.144,OK
2023-01-31,18.438195368414963,2023-02-17,2023-03-17,17.0,45.0,0.033676131644846,0.0341364418800798,27.0,33.0,OK,3266.144,3255.669,-0.004174876839756925,0.027184669413886642,3250.8972,3222.6918,3269.318,3244.6124,False,False,False,False,False,False,False,False,False,,,,2023-02-01,3262.196,OK
2023-02-01,18.780167406665,2023-02-17,2023-03-17,16.0,44.0,0.0357958618042081,0.0350780531378828,26.0,33.0,OK,3262.196,3284.921,0.008984942879635582,0.038927674346376895,3263.0002,3235.0001,3255.669,3250.8972,False,False,False,False,False,False,False,False,False,,,,2023-02-02,3291.783,OK
2023-02-02,18.818236495293515,2023-02-17,2023-03-17,15.0,43.0,0.0351163187884864,0.0355021766183567,26.0,33.0,OK,3291.783,3285.671,0.00022831599298744898,0.03863502232214122,3272.0786,3247.2221,3284.921,3263.0002,False,False,False,False,False,False,False,False,False,,,,2023-02-03,3275.658,OK
2023-02-03,19.11319883470909,2023-02-17,2023-03-17,14.0,42.0,0.0362456426457233,0.0366028855504598,27.0,33.0,OK,3275.658,3263.406,-0.006776393619446375,0.021312512792202032,3271.7969999999996,3254.0321,3285.671,3272.0786,False,False,False,False,False,False,False,False,False,,,,2023-02-06,3244.701,OK
2023-02-06,19.5025709800562,2023-02-17,2023-03-17,11.0,39.0,0.0414665208229342,0.0375765688588778,27.0,33.0,OK,3244.701,3238.698,-0.0075712307938393675,0.0034409553623877542,3265.673,3255.1426999999994,3263.406,3271.7969999999996,False,False,False,False,False,False,False,False,False,,,,2023-02-07,3245.23,OK
2023-02-07,18.93254568864023,2023-02-17,2023-03-17,10.0,38.0,0.0379068661063925,0.0356269983640715,24.0,33.0,OK,3245.23,3248.094,0.0029011658388649053,0.007396770406715492,3264.1580000000004,3257.5276,3238.698,3265.673,False,False,False,False,False,False,False,False,False,,,,2023-02-08,3251.501,OK
2023-02-08,18.0749720482124,2023-02-17,2023-03-17,9.0,37.0,0.0335857726524386,0.0325962470329005,27.0,32.0,OK,3251.501,3232.106,-0.00492227133820633,0.0023880367422712823,3253.5950000000003,3258.2976,3248.094,3264.1580000000004,False,False,False,False,False,False,False,False,False,,,,2023-02-09,3227.728,OK
2023-02-09,17.845645920493247,2023-02-17,2023-03-17,8.0,36.0,0.0318368352219046,0.0318473061719651,23.0,33.0,OK,3227.728,3270.383,0.011842742781331905,0.009290558004418692,3250.5374,3261.308,3232.106,3253.5950000000003,False,False,False,False,False,False,False,False,False,,,,2023-02-10,3266.437,OK
2023-02-10,17.486957923854593,2023-02-17,2023-03-17,7.0,35.0,0.0293134541657094,0.0306344095507772,26.0,33.0,OK,3266.437,3260.673,-0.00296907120664458,-0.001268372409576779,3249.9908,3260.8939,3270.383,3250.5374,False,False,False,False,False,False,False,False,False,,,,2023-02-13,3256.988,OK
2023-02-13,18.042278404738383,2023-03-17,2023-03-17,32.0,32.0,0.0325523810034089,0.0325523810034089,33.0,33.0,WARN_NOT_BRACKET_30D,3256.988,3284.16,0.007203114203724326,0.004539784750213771,3259.0832,3262.3781,3260.673,3249.9908,False,False,False,False,False,False,False,False,False,,,,2023-02-14,3288.974,WARN_NOT_BRACKET_30D
2023-02-14,18.003462651941142,2023-03-17,2023-03-17,31.0,31.0,0.0324124667459839,0.0324124667459839,33.0,33.0,WARN_NOT_BRACKET_30D,3288.974,3293.283,0.0027778792750656756,0.0115533858018122,3268.121,3266.1394999999998,3284.16,3259.0832,False,False,False,False,False,False,False,False,False,,,,2023-02-15,3294.015,WARN_NOT_BRACKET_30D
2023-02-15,17.594755723883708,2023-03-17,2023-03-17,30.0,30.0,0.0309575428983138,0.0309575428983138,32.0,32.0,OK,3294.015,3280.492,-0.003883966242803849,-0.001348282043921234,3277.7981999999997,3265.6966,3293.283,3268.121,False,False,False,False,False,False,False,False,False,,,,2023-02-16,3281.735,OK
2023-02-16,18.250392382681422,2023-03-17,2023-04-21,29.0,64.0,0.0336449209784017,0.0281120974701355,33.0,21.0,OK,3281.735,3249.03,-0.00959063457554532,-0.011151755607910707,3273.5276,3262.0325000000003,3280.492,3277.7981999999997,False,False,False,False,False,False,False,False,False,,,,2023-02-17,3244.733,OK
2023-02-17,18.08385707155759,2023-03-17,2023-04-21,28.0,63.0,0.0334101695951484,0.0275136617893476,33.0,21.0,OK,3244.733,3224.024,-0.00769645094074245,-0.012067759880321383,3266.1978000000004,3258.0942999999997,3249.03,3273.5276,False,False,False,False,False,False,False,False,False,,,,2023-02-20,3230.473,OK
2023-02-20,18.04746687995976,2023-03-17,2023-04-21,25.0,60.0,0.0339918357182797,0.0290192819784362,33.0,22.0,OK,3230.473,3290.338,0.02056870544388012,0.015944679003723206,3267.4334000000003,3263.2583000000004,3224.024,3266.1978000000004,False,False,False,False,False,False,False,False,False,,,,2023-02-21,3291.631,OK
2023-02-21,18.09158893102876,2023-03-17,2023-04-21,24.0,59.0,0.0343969840895519,0.029454197821612,33.0,22.0,OK,3291.631,3306.524,0.004919251456841023,0.017989011401763566,3270.0816000000004,3269.1013,3290.338,3267.4334000000003,False,False,False,False,False,False,False,False,False,,,,2023-02-22,3292.049,OK
2023-02-22,17.850795628985537,2023-03-17,2023-04-21,23.0,58.0,0.0333857446439927,0.0294530183029276,33.0,22.0,OK,3292.049,3291.148,-0.004650200633656287,0.01826734642985106,3272.2128000000002,3275.0055,3306.524,3270.0816000000004,False,False,False,False,False,False,False,False,False,,,,2023-02-23,3293.522,OK
2023-02-23,17.487247614037198,2023-03-17,2023-04-21,22.0,57.0,0.0322386621167079,0.0284202560520036,33.0,22.0,OK,3293.522,3287.477,-0.0011154162620460317,0.005226910731862322,3279.9021999999995,3276.7149,3291.148,3272.2128000000002,False,False,False,False,False,False,False,False,False,,,,2023-02-24,3287.255,OK
2023-02-24,17.580064778103857,2023-03-17,2023-04-21,21.0,56.0,0.0325640402763083,0.0291095142011508,33.0,22.0,OK,3287.255,3267.16,-0.006180119282963803,0.0019894665917128407,3288.5293999999994,3277.3635999999997,3287.477,3279.9021999999995,False,False,False,False,False,False,False,False,False,,,,2023-02-27,3257.0,OK
2023-02-27,18.224593508732266,2023-03-17,2023-04-21,18.0,53.0,0.0371059399612254,0.0306798754004684,32.0,22.0,OK,3257.0,3258.034,-0.0027932516313862177,-0.007955154438273326,3282.0686,3274.751,3267.16,3288.5293999999994,False,False,False,False,False,False,False,False,False,,,,2023-02-28,3265.742,OK
2023-02-28,17.401654903877063,2023-03-17,2023-04-21,17.0,52.0,0.0324633216591431,0.0290748003044548,33.0,22.0,OK,3265.742,3279.605,0.0066208639934388636,-0.004153302342981169,3276.6848,3273.3832,3258.034,3282.0686,False,False,False,False,False,False,False,False,False,,,,2023-03-01,3279.136,OK
2023-03-01,17.301191260067338,2023-03-17,2023-04-21,16.0,51.0,0.0327199881346678,0.0286216554391901,33.0,22.0,OK,3279.136,3312.348,0.009983824271520447,0.009710738511174544,3280.9248,3276.5688,3279.605,3276.6848,False,False,False,False,False,False,False,False,False,,,,2023-03-02,3308.011,OK
2023-03-02,17.26840228364494,2023-03-17,2023-04-21,15.0,50.0,0.0321309199325437,0.0288953124671536,32.0,22.0,OK,3308.011,3310.654,-0.0005114196938243998,0.018966891656894358,3285.5602,3282.7311999999997,3312.348,3280.9248,False,False,False,False,False,False,False,False,False,,,,2023-03-03,3314.773,OK
2023-03-03,17.124012885456775,2023-03-17,2023-04-21,14.0,49.0,0.0318822703446289,0.0284549195216378,32.0,22.0,OK,3314.773,3328.393,0.005358155820571975,0.03237227762572492,3297.8068,3293.1681,3310.654,3285.5602,False,False,False,False,False,False,False,False,False,,,,2023-03-06,3332.024,OK
2023-03-06,17.13222069818321,2023-03-17,2023-04-21,11.0,46.0,0.0342542091134325,0.0283639848185559,33.0,22.0,OK,3332.024,3322.026,-0.0019129351612025003,0.00963062153493044,3310.6052000000004,3296.3369,3328.393,3297.8068,False,False,False,False,False,False,False,False,False,,,,2023-03-07,3320.211,OK
2023-03-07,17.37682232758863,2023-03-17,2023-04-21,10.0,45.0,0.0379491427011494,0.0289031042070097,32.0,22.0,OK,3320.211,3285.099,-0.011115807040643189,-0.00647961424142085,3311.704,3294.1944000000003,3322.026,3310.6052000000004,False,False,False,False,False,False,False,False,False,,,,2023-03-08,3271.88,OK
2023-03-08,17.18031093573841,2023-03-17,2023-04-21,9.0,44.0,0.0352079665776801,0.0287401731767541,32.0,22.0,OK,3271.88,3283.248,-0.000563453338849218,-0.0024003782266857066,3305.8839999999996,3293.4044000000004,3285.099,3311.704,False,False,False,False,False,False,False,False,False,,,,2023-03-09,3285.943,OK
2023-03-09,16.995745636318542,2023-03-17,2023-04-21,8.0,43.0,0.0344573851303287,0.0282729870703616,31.0,22.0,OK,3285.943,3276.094,-0.002178939879046604,-0.0034625337302739423,3298.972,3292.2661,3283.248,3305.8839999999996,False,False,False,False,False,False,False,False,False,,,,2023-03-10,3255.512,OK
2023-03-10,17.510778936043575,2023-03-17,2023-04-21,7.0,42.0,0.0383469989751853,0.0299945412790042,31.0,22.0,OK,3255.512,3230.077,-0.014046300258783728,-0.01135022465994917,3279.3088000000002,3288.5578,3276.094,3298.972,False,False,False,False,False,False,False,False,False,,,,2023-03-13,3228.124,OK
2023-03-13,17.43409905639228,2023-04-21,2023-04-21,39.0,39.0,0.0303947809908098,0.0303947809908098,23.0,23.0,WARN_NOT_BRACKET_30D,3228.124,3268.696,0.01195606172855923,0.003272525701082163,3268.6428,3289.624,3230.077,3279.3088000000002,False,False,False,False,False,False,False,False,False,,,,2023-03-14,3261.922,WARN_NOT_BRACKET_30D
2023-03-14,17.730062870777154,2023-04-21,2023-04-21,38.0,38.0,0.031435512940171,0.031435512940171,23.0,23.0,WARN_NOT_BRACKET_30D,3261.922,3245.312,-0.007153923154677,-0.010456442163004454,3260.6854,3286.1947,3268.696,3268.6428,False,False,False,False,False,False,False,False,False,,,,2023-03-15,3261.028,WARN_NOT_BRACKET_30D
2023-03-15,16.896192068177413,2023-04-21,2023-04-21,37.0,37.0,0.0285481306404741,0.0285481306404741,23.0,23.0,WARN_NOT_BRACKET_30D,3261.028,3263.315,0.005547386507060104,-0.014803094360858138,3256.6988,3281.2914000000005,3245.312,3260.6854,False,False,False,False,False,False,False,False,False,,,,2023-03-16,3244.47,WARN_NOT_BRACKET_30D
2023-03-16,17.676766073701618,2023-04-21,2023-04-21,36.0,36.0,0.0312468058824368,0.0312468058824368,23.0,23.0,WARN_NOT_BRACKET_30D,3244.47,3226.891,-0.011161656168650613,-0.025301043237982546,3246.8582,3272.9150999999997,3263.315,3256.6988,False,False,False,False,False,False,False,False,False,,,,2023-03-17,3245.26,WARN_NOT_BRACKET_30D
2023-03-17,16.729232465536402,2023-04-21,2023-04-21,35.0,35.0,0.0279867218885957,0.0279867218885957,24.0,24.0,WARN_NOT_BRACKET_30D,3245.26,3250.546,0.0073305853838880886,-0.023388764487847546,3250.9519999999998,3265.1304,3226.891,3246.8582,False,False,False,False,False,False,False,False,False,,,,2023-03-20,3253.93,WARN_NOT_BRACKET_30D
2023-03-20,17.640796693983816,2023-04-21,2023-04-21,32.0,32.0,0.031119770799847,0.031119770799847,24.0,24.0,WARN_NOT_BRACKET_30D,3253.93,3234.91,-0.004810268797918904,-0.026223756225869366,3244.1947999999998,3256.4188000000004,3250.546,3250.9519999999998,False,False,False,False,False,False,False,False,False,,,,2023-03-21,3240.839,WARN_NOT_BRACKET_30D
2023-03-21,16.73661124531734,2023-04-21,2023-04-21,31.0,31.0,0.0280114155976882,0.0280114155976882,24.0,24.0,WARN_NOT_BRACKET_30D,3240.839,3255.651,0.006411615779109869,-0.008964113410280916,3246.2626,3253.4739999999997,3234.91,3244.1947999999998,False,False,False,False,False,False,False,False,False,,,,2023-03-22,3263.413,WARN_NOT_BRACKET_30D
2023-03-22,16.38243391151469,2023-04-21,2023-04-21,30.0,30.0,0.0268384140865146,0.0268384140865146,24.0,24.0,OK,3263.413,3265.748,0.003101376652473009,-0.005330087766748037,3246.7491999999997,3251.7239999999997,3255.651,3246.2626,False,False,False,False,False,False,False,False,False,,,,2023-03-23,3258.779,OK
2023-03-23,15.421048258725326,2023-04-21,2023-05-19,29.0,57.0,0.0237617045769942,0.024044185712983,24.0,23.0,OK,3258.779,3286.649,0.006400065161181967,0.003221824526402406,3258.7008,3252.7795,3265.748,3246.7491999999997,False,False,False,False,False,False,False,False,False,,,,2023-03-24,3282.739,OK
2023-03-24,15.20958682928216,2023-04-21,2023-05-19,28.0,56.0,0.0230511378555035,0.0236662525773319,24.0,23.0,OK,3282.739,3265.654,-0.006387965371416282,0.0110142885138651,3261.7224,3256.3372,3286.649,3258.7008,False,False,False,False,False,False,False,False,False,,,,2023-03-27,3261.824,OK
2023-03-27,15.769866480774178,2023-04-21,2023-05-19,25.0,53.0,0.0250430829386731,0.0244908572500539,24.0,23.0,OK,3261.824,3251.397,-0.004365741134853884,-0.005292324523296088,3265.0198,3254.6073,3265.654,3261.7224,False,False,False,False,False,False,False,False,False,,,,2023-03-28,3256.602,OK
2023-03-28,15.639222004217553,2023-04-21,2023-05-19,24.0,52.0,0.0246398309835402,0.0241517035001786,24.0,23.0,OK,3256.602,3245.376,-0.0018518193871741584,1.972075412171037e-05,3262.9648,3254.6137,3251.397,3265.0198,False,False,False,False,False,False,False,False,False,,,,2023-03-29,3253.621,OK
2023-03-29,15.74097052603584,2023-04-21,2023-05-19,23.0,51.0,0.0248641653548999,0.0246609887790245,24.0,23.0,OK,3253.621,3240.057,-0.0016389472283028228,-0.007127108477116173,3257.8266000000003,3252.2879000000003,3245.376,3262.9648,False,False,False,False,False,False,False,False,False,,,,2023-03-30,3243.068,OK
2023-03-30,15.62146362360478,2023-04-21,2023-05-19,22.0,50.0,0.024101826802743,0.0247343169231402,24.0,23.0,OK,3243.068,3261.249,0.006540625674178013,0.010647400237566051,3252.7466,3255.7237,3240.057,3257.8266000000003,False,False,False,False,False,False,False,False,False,,,,2023-03-31,3263.406,OK
2023-03-31,15.448792472076558,2023-04-21,2023-05-19,21.0,49.0,0.0240567161388705,0.0236944356544103,24.0,23.0,OK,3263.406,3272.86,0.003560292391044051,0.006864692885441448,3254.1878,3257.9551,3261.249,3252.7466,False,False,False,False,False,False,False,False,False,,,,2023-04-03,3277.34,OK
2023-04-03,15.787309639889257,2023-04-21,2023-05-19,18.0,46.0,0.0258455128027818,0.0244430807042047,24.0,23.0,OK,3277.34,3296.396,0.0071912639098525855,0.01900702028804524,3263.1876,3264.1036999999997,3272.86,3254.1878,False,False,False,False,False,False,False,False,False,,,,2023-04-04,3297.183,OK
2023-04-04,16.05875805481971,2023-04-21,2023-05-19,17.0,45.0,0.0272265388810115,0.0251614773460751,24.0,23.0,OK,3297.183,3312.558,0.0049029303518144385,0.01747945341807222,3276.624,3269.7943999999998,3296.396,3263.1876,False,False,False,False,False,False,False,False,False,,,,2023-04-06,3302.751,OK
2023-04-06,16.23063700281003,2023-04-21,2023-05-19,15.0,43.0,0.0285619276362827,0.0256726273214755,24.0,23.0,OK,3302.751,3312.628,2.1131705467469786e-05,0.014355057401857163,3291.1382,3274.4824,3312.558,3276.624,False,False,False,False,False,False,False,False,False,,,,2023-04-07,3312.481,OK
2023-04-07,15.673151823156587,2023-04-21,2023-05-19,14.0,42.0,0.0260912645634589,0.0241831448680998,24.0,23.0,OK,3312.481,3327.646,0.004533560665429315,0.012473799301355282,3304.4175999999998,3278.5820999999996,3312.628,3291.1382,False,False,False,False,False,False,False,False,False,,,,2023-04-10,3331.505,OK
2023-04-10,15.717166947812103,2023-04-21,2023-05-19,11.0,39.0,0.0274088366948011,0.0243414162805776,24.0,23.0,OK,3331.505,3315.358,-0.0036927004855684675,0.015220228474909003,3312.917200000001,3283.5525000000002,3327.646,3304.4175999999998,False,False,False,False,False,False,False,False,False,,,,2023-04-11,3317.077,OK
2023-04-11,15.236070584026717,2023-04-21,2023-05-19,10.0,38.0,0.024408860814352,0.0230879871967541,23.0,23.0,OK,3317.077,3313.571,-0.0005390066472460431,0.019122241916320837,3316.3522,3289.7699000000002,3315.358,3312.917200000001,False,False,False,False,False,False,False,False,False,,,,2023-04-12,3316.862,OK
2023-04-12,14.901830535845551,2023-04-21,2023-05-19,9.0,37.0,0.0235963851517322,0.0220937583194875,24.0,23.0,OK,3316.862,3327.182,0.00410765304259364,0.025206940582539472,3319.2769999999996,3297.9505,3313.571,3316.3522,False,False,False,False,False,False,False,False,False,,,,2023-04-13,3321.273,OK
2023-04-13,14.557162445691176,2023-04-21,2023-05-19,8.0,36.0,0.0215857299162221,0.0211671807519212,24.0,23.0,OK,3321.273,3318.364,-0.0026502908467285202,0.024168401975644294,3320.4242,3305.7812,3327.182,3319.2769999999996,False,False,False,False,False,False,False,False,False,,,,2023-04-14,3326.37,OK
2023-04-14,14.095583158777522,2023-04-21,2023-05-19,7.0,35.0,0.0200461005927523,0.0198608267136381,24.0,23.0,OK,3326.37,3338.153,0.005963480799574761,0.023581149430785597,3322.5256,3313.4716,3318.364,3320.4242,False,False,False,False,False,False,False,False,False,,,,2023-04-17,3337.061,OK
2023-04-17,15.149133417926006,2023-05-19,2023-05-19,32.0,32.0,0.0229496243314122,0.0229496243314122,23.0,23.0,WARN_NOT_BRACKET_30D,3337.061,3385.61,0.014216544298598865,0.034449991750334474,3336.576,3324.7466,3338.153,3322.5256,False,False,False,False,False,False,False,False,False,,,,2023-04-18,3379.227,WARN_NOT_BRACKET_30D
2023-04-18,14.618246991366869,2023-05-19,2023-05-19,31.0,31.0,0.0213693145100606,0.0213693145100606,23.0,23.0,WARN_NOT_BRACKET_30D,3379.227,3393.331,0.002280534379329069,0.029406357731291966,3352.528,3334.4401,3385.61,3336.576,False,False,False,False,False,False,False,False,False,,,,2023-04-19,3391.355,WARN_NOT_BRACKET_30D
2023-04-19,14.247462598345892,2023-05-19,2023-05-19,30.0,30.0,0.0202990190491265,0.0202990190491265,23.0,23.0,OK,3391.355,3370.128,-0.006837823955281652,0.017379318339482808,3361.1171999999997,3340.1971000000003,3393.331,3352.528,False,False,False,False,False,False,False,False,False,,,,2023-04-20,3367.053,OK
2023-04-20,14.102070997972508,2023-05-19,2023-06-16,29.0,57.0,0.0196155752607855,0.0236131703698415,23.0,29.0,OK,3367.053,3367.031,-0.0009189561939487723,0.01642291256368056,3370.8506,3345.6374000000005,3370.128,3361.1171999999997,False,False,False,False,False,False,False,False,False,,,,2023-04-21,3363.999,OK
2023-04-21,15.152640235290605,2023-05-19,2023-06-16,28.0,56.0,0.0226175141789777,0.0251880374117553,23.0,29.0,OK,3363.999,3301.258,-0.019534420681009523,-0.007929930046645661,3363.4716,3342.9986,3367.031,3370.8506,False,False,False,False,False,False,False,False,False,,,,2023-04-24,3300.813,OK
2023-04-24,16.48728894640025,2023-05-19,2023-06-16,25.0,53.0,0.0260614153035144,0.0296168480447353,23.0,29.0,OK,3300.813,3275.413,-0.007828833735503249,-0.01204847259330677,3341.4322,3339.0040999999997,3301.258,3363.4716,False,False,False,False,False,False,False,False,False,,,,2023-04-25,3276.403,OK
2023-04-25,17.125938277548283,2023-05-19,2023-06-16,24.0,52.0,0.0280767252376421,0.0314503239518654,23.0,29.0,OK,3276.403,3264.872,-0.003218220114532211,-0.014696833114485885,3315.7404,3334.1341999999995,3275.413,3341.4322,False,False,False,False,False,False,False,False,False,,,,2023-04-26,3255.217,OK
2023-04-26,16.87024212456905,2023-05-19,2023-06-16,23.0,51.0,0.0278084660412737,0.0293426799068847,23.0,29.0,OK,3255.217,3264.101,-0.00023615014616185093,-0.018959287469095365,3294.535,3327.8260999999998,3264.872,3315.7404,False,False,False,False,False,False,False,False,False,,,,2023-04-27,3256.228,OK
2023-04-27,15.805196536632012,2023-05-19,2023-06-16,22.0,50.0,0.0237136127938324,0.0263739158147129,23.0,29.0,OK,3256.228,3285.884,0.006673506732787882,-0.00978795575168967,3278.3056000000006,3324.5781,3264.101,3294.535,False,False,False,False,False,False,False,False,False,,,,2023-04-28,3283.122,OK
2023-04-28,14.857772252007845,2023-05-19,2023-06-16,21.0,49.0,0.02041148955918,0.0235807277878912,23.0,29.0,OK,3283.122,3323.275,0.011379281800574903,-0.004456955687770936,3282.709,3323.0903,3285.884,3278.3056000000006,False,False,False,False,False,False,False,False,False,,,,2023-05-04,3306.483,OK
2023-05-04,15.4906013619641,2023-05-19,2023-06-16,15.0,43.0,0.0234433230978256,0.0241629230427408,23.0,29.0,OK,3306.483,3350.459,0.008179882796337967,-0.01038247169638562,3297.7182000000003,3319.5752,3323.275,3282.709,False,False,False,False,False,False,False,False,False,,,,2023-05-05,3350.654,OK
2023-05-05,14.880305276922238,2023-05-19,2023-06-16,14.0,42.0,0.0204012290569809,0.0225776283775547,23.0,29.0,OK,3350.654,3334.503,-0.004762332563985949,-0.017336357696906113,3311.6444,3313.6924,3350.459,3297.7182000000003,False,False,False,False,False,False,False,False,False,,,,2023-05-08,3340.99,OK
2023-05-08,15.512758902303776,2023-05-19,2023-06-16,11.0,39.0,0.0236703516843171,0.0241172375697395,23.0,28.0,OK,3340.99,3395.004,0.018143933293807146,0.007381322015068692,3337.825,3316.1800000000003,3334.503,3311.6444,False,False,False,False,False,False,False,False,False,,,,2023-05-09,3402.394,OK
2023-05-09,16.284011893794048,2023-05-19,2023-06-16,10.0,38.0,0.025932390298638,0.0265784321290999,23.0,29.0,OK,3402.394,3357.671,-0.01099645243422398,-0.0027798971853838506,3352.1824,3315.244,3395.004,3337.825,False,False,False,False,False,False,False,False,False,,,,2023-05-10,3347.702,OK
2023-05-10,16.317808583161046,2023-05-19,2023-06-16,9.0,37.0,0.0269423058210017,0.02660152946929,23.0,29.0,OK,3347.702,3319.151,-0.011472237750512204,0.005420055021449377,3351.3576000000003,3317.0333,3357.671,3352.1824,False,False,False,False,False,False,False,False,False,,,,2023-05-11,3323.658,OK
2023-05-11,15.884563004517467,2023-05-19,2023-06-16,8.0,36.0,0.0252123077037309,0.0252331236681283,22.0,29.0,OK,3323.658,3309.551,-0.002892305893886671,0.010422502444729753,3343.1760000000004,3320.4471,3319.151,3351.3576000000003,False,False,False,False,False,False,False,False,False,,,,2023-05-12,3304.458,OK
2023-05-12,16.508179906999416,2023-05-19,2023-06-16,7.0,35.0,0.0282715122527926,0.027207673781203,23.0,29.0,OK,3304.458,3272.362,-0.011236871708579121,0.0022941175029220773,3330.7477999999996,3321.1960999999997,3309.551,3343.1760000000004,False,False,False,False,False,False,False,False,False,,,,2023-05-15,3269.878,OK
2023-05-15,15.964983098976743,2023-06-16,2023-06-16,32.0,32.0,0.0254880685350613,0.0254880685350613,29.0,29.0,WARN_NOT_BRACKET_30D,3269.878,3310.737,0.011727003308313666,0.014287548087513313,3313.8944,3325.8597,3272.362,3330.7477999999996,False,False,False,False,False,False,False,False,False,,,,2023-05-16,3310.161,WARN_NOT_BRACKET_30D
2023-05-16,16.25855163570613,2023-06-16,2023-06-16,31.0,31.0,0.0264340501290922,0.0264340501290922,29.0,29.0,WARN_NOT_BRACKET_30D,3310.161,3290.987,-0.005965439115218185,0.001553006740347529,3300.5576,3326.37,3310.737,3313.8944,False,False,False,False,False,False,False,False,False,,,,2023-05-17,3281.966,WARN_NOT_BRACKET_30D
2023-05-17,16.7632775597856,2023-06-16,2023-06-16,30.0,30.0,0.0281007474546411,0.0281007474546411,29.0,29.0,OK,3281.966,3284.232,-0.002052575716646743,-0.011748350648080663,3293.5737999999997,3322.4656999999997,3290.987,3300.5576,False,False,False,False,False,False,False,False,False,,,,2023-05-18,3288.411,OK
2023-05-18,16.293273090739575,2023-06-16,2023-07-21,29.0,64.0,0.0267312933310801,0.0237089580709985,29.0,21.0,OK,3288.411,3297.32,0.003985102148691189,-0.015860214973530407,3291.1276,3317.1517999999996,3284.232,3293.5737999999997,False,False,False,False,False,False,False,False,False,,,,2023-05-19,3288.891,OK
2023-05-19,15.551176602162036,2023-06-16,2023-07-21,28.0,63.0,0.0244968486285418,0.0218890214837194,29.0,21.0,OK,3288.891,3283.542,-0.004178545000181999,-0.015282937217330539,3293.3635999999997,3312.0557,3297.32,3291.1276,False,False,False,False,False,False,False,False,False,,,,2023-05-22,3278.596,OK
2023-05-22,14.895606897266406,2023-06-16,2023-07-21,25.0,60.0,0.0229989160177863,0.0201603966487957,29.0,21.0,OK,3278.596,3296.47,0.003937211706139143,-0.029023235318721308,3290.5101999999997,3302.2023,3283.542,3293.3635999999997,False,False,False,False,False,False,False,False,False,,,,2023-05-23,3294.788,OK
2023-05-23,15.852285267636992,2023-06-16,2023-07-21,24.0,59.0,0.0268364596494799,0.0217734283775388,29.0,21.0,OK,3294.788,3246.238,-0.01523811835084199,-0.033187587467622626,3281.5604,3291.0589999999997,3296.47,3290.5101999999997,False,False,False,False,False,False,False,False,False,,,,2023-05-24,3237.705,OK
2023-05-24,16.65592406872371,2023-06-16,2023-07-21,23.0,58.0,0.0299113921555443,0.0243008451799356,29.0,21.0,OK,3237.705,3204.749,-0.012780640236482954,-0.03446724779921129,3265.6638,3279.6188,3246.238,3281.5604,False,False,False,False,False,False,False,False,False,,,,2023-05-25,3197.364,OK
2023-05-25,16.728839178087288,2023-06-16,2023-07-21,22.0,57.0,0.0302320835708353,0.0250588129052327,30.0,22.0,OK,3197.364,3201.261,-0.0010883847689787673,-0.03272045059888784,3246.4519999999998,3268.7898,3204.749,3265.6638,False,False,False,False,False,False,False,False,False,,,,2023-05-26,3198.883,OK
2023-05-26,15.599303934070448,2023-06-16,2023-07-21,21.0,56.0,0.0262238795345011,0.022286272843354,30.0,22.0,OK,3198.883,3212.504,0.003512053531405268,-0.018291986033330154,3232.2444,3262.804,3201.261,3246.4519999999998,False,False,False,False,False,False,False,False,False,,,,2023-05-29,3219.755,OK
2023-05-29,15.985064662192434,2023-06-16,2023-07-21,18.0,53.0,0.0293603659310319,0.0230733477850195,30.0,22.0,OK,3219.755,3221.448,0.0027841210470087585,-0.026969523704238774,3217.2400000000002,3253.8750999999997,3212.504,3232.2444,False,False,False,False,False,False,False,False,False,,,,2023-05-30,3214.673,OK
2023-05-30,15.754971189747504,2023-06-16,2023-07-21,17.0,52.0,0.0279611732815724,0.0230851013278375,30.0,22.0,OK,3214.673,3224.213,0.0008583096793741696,-0.02028996164372565,3212.835,3247.1976999999997,3221.448,3217.2400000000002,False,False,False,False,False,False,False,False,False,,,,2023-05-31,3214.655,OK
2023-05-31,16.68463945716418,2023-06-16,2023-07-21,16.0,51.0,0.0320053160350178,0.0258764974269857,30.0,22.0,OK,3214.655,3204.564,-0.006094200352148027,-0.024257726007176128,3212.798,3239.2309,3224.213,3212.835,False,False,False,False,False,False,False,False,False,,,,2023-06-01,3196.155,OK
2023-06-01,16.420036053543726,2023-06-16,2023-07-21,15.0,50.0,0.0314823676236865,0.0251535147104799,30.0,23.0,OK,3196.155,3204.635,2.2155900147424745e-05,-0.028109191707204606,3213.4728,3229.9624,3204.564,3212.798,False,False,False,False,False,False,False,False,False,,,,2023-06-02,3212.449,OK
2023-06-02,15.57405020556468,2023-06-16,2023-07-21,14.0,49.0,0.0272304382613033,0.023245615563859,30.0,23.0,OK,3212.449,3230.069,0.007936629288514796,-0.016285157917882542,3216.9858,3224.6151,3204.635,3213.4728,False,False,False,False,False,False,False,False,False,,,,2023-06-05,3231.811,OK
2023-06-05,15.826004440032012,2023-06-16,2023-07-21,11.0,46.0,0.0308429182410332,0.023878947512413,30.0,23.0,OK,3231.811,3232.441,0.0007343496377321124,-0.019423504536671077,3219.1843999999996,3218.2122,3230.069,3216.9858,False,False,False,False,False,False,False,False,False,,,,2023-06-06,3228.407,OK
2023-06-06,16.282974924548927,2023-06-16,2023-07-21,10.0,45.0,0.0327092212620069,0.0254809115689059,30.0,23.0,OK,3228.407,3195.34,-0.011477703692039487,-0.0156790722060427,3213.4098,3213.1224,3232.441,3219.1843999999996,False,False,False,False,False,False,False,False,False,,,,2023-06-07,3197.468,OK
2023-06-07,16.642374134317013,2023-06-16,2023-07-21,9.0,44.0,0.034859880877639,0.0267200863378883,30.0,23.0,OK,3197.468,3197.759,0.0007570399394116745,-0.002181138054805465,3212.0487999999996,3212.4234,3195.34,3213.4098,False,False,False,False,False,False,False,False,False,,,,2023-06-08,3194.835,OK
2023-06-08,16.075430379638096,2023-06-16,2023-07-21,8.0,43.0,0.0320338362685146,0.02516123100062,24.0,23.0,OK,3194.835,3213.586,0.004949403629229021,0.0038500453415075686,3213.839,3213.6558999999997,3197.759,3212.0487999999996,False,False,False,False,False,False,False,False,False,,,,2023-06-09,3213.033,OK
2023-06-09,15.546464400520646,2023-06-16,2023-07-21,7.0,42.0,0.0292492786487597,0.0237275143953965,27.0,22.0,OK,3213.033,3231.406,0.0055452071299788575,0.0058838837243471165,3214.1063999999997,3215.5461000000005,3213.586,3213.839,False,False,False,False,False,False,False,False,False,,,,2023-06-12,3225.305,OK
2023-06-12,15.38795660029188,2023-07-21,2023-07-21,39.0,39.0,0.0236789208332466,0.0236789208332466,23.0,23.0,WARN_NOT_BRACKET_30D,3225.305,3228.834,-0.0007959383624341898,0.00229275779090643,3213.385,3216.2847,3231.406,3214.1063999999997,False,False,False,False,False,False,False,False,False,,,,2023-06-13,3223.896,WARN_NOT_BRACKET_30D
2023-06-13,14.855353183660188,2023-07-21,2023-07-21,38.0,38.0,0.0220681518211282,0.0220681518211282,23.0,23.0,WARN_NOT_BRACKET_30D,3223.896,3233.673,0.001498683425657621,0.0029340493323486427,3221.0516,3217.2306999999996,3228.834,3213.385,False,False,False,False,False,False,False,False,False,,,,2023-06-14,3238.119,WARN_NOT_BRACKET_30D
2023-06-14,14.80335354815472,2023-07-21,2023-07-21,37.0,37.0,0.0219139276271665,0.0219139276271665,23.0,23.0,WARN_NOT_BRACKET_30D,3238.119,3228.989,-0.0014485076258482499,0.007621941705642454,3227.2976000000003,3219.6732,3233.673,3221.0516,False,False,False,False,False,False,False,False,False,,,,2023-06-15,3230.451,WARN_NOT_BRACKET_30D
2023-06-15,14.230419834431084,2023-07-21,2023-07-21,36.0,36.0,0.0202504848664169,0.0202504848664169,23.0,23.0,WARN_NOT_BRACKET_30D,3230.451,3252.975,0.007428331282639755,0.01508440118765475,3235.1753999999996,3224.5072,3228.989,3227.2976000000003,False,False,False,False,False,False,False,False,False,,,,2023-06-16,3256.299,WARN_NOT_BRACKET_30D
2023-06-16,14.275688884236368,2023-07-21,2023-07-21,35.0,35.0,0.0203795293119509,0.0203795293119509,23.0,23.0,WARN_NOT_BRACKET_30D,3256.299,3273.334,0.006258578685664595,0.01339445070678047,3243.561,3228.8336999999997,3252.975,3235.1753999999996,False,False,False,False,False,False,False,False,False,,,,2023-06-19,3271.164,WARN_NOT_BRACKET_30D
2023-06-19,15.025928692481791,2023-07-21,2023-07-21,32.0,32.0,0.0225778533071547,0.0225778533071547,23.0,23.0,WARN_NOT_BRACKET_30D,3271.164,3255.806,-0.005354785060125211,0.007228283517007883,3248.9554,3231.1701999999996,3273.334,3243.561,False,False,False,False,False,False,False,False,False,,,,2023-06-20,3252.544,WARN_NOT_BRACKET_30D
2023-06-20,14.601552259260734,2023-07-21,2023-07-21,31.0,31.0,0.0213205328379922,0.0213205328379922,23.0,23.0,WARN_NOT_BRACKET_30D,3252.544,3240.365,-0.0047426044426480685,0.014090832274499698,3250.2938000000004,3235.6727,3255.806,3248.9554,False,False,False,False,False,False,False,False,False,,,,2023-06-21,3230.114,WARN_NOT_BRACKET_30D
2023-06-21,15.21097339087514,2023-07-21,2023-07-21,30.0,30.0,0.0231373711497911,0.0231373711497911,23.0,23.0,OK,3230.114,3197.901,-0.013104696538815852,4.440609814548857e-05,3244.0761999999995,3235.6868999999997,3240.365,3250.2938000000004,False,False,False,False,False,False,False,False,False,,,,2023-06-26,3177.229,OK
2023-06-26,16.798649445604724,2023-07-21,2023-08-18,25.0,53.0,0.028947837706901,0.0266390251585752,23.0,21.0,OK,3177.229,3150.619,-0.014785323247967885,-0.019593998729145468,3223.605,3229.3902000000003,3197.901,3244.0761999999995,False,False,False,False,False,False,False,False,False,,,,2023-06-27,3153.313,OK
2023-06-27,15.76890718745991,2023-07-21,2023-08-18,24.0,52.0,0.0250544533543519,0.0245466572929072,23.0,21.0,OK,3153.313,3189.443,0.012322657865009967,-0.01298598814262264,3206.8268,3225.1938999999998,3150.619,3223.605,False,False,False,False,False,False,False,False,False,,,,2023-06-28,3183.487,OK
2023-06-28,15.689769187331615,2023-07-21,2023-08-18,23.0,51.0,0.0246946157999416,0.0245117214828414,23.0,21.0,OK,3183.487,3189.376,-2.100680275518574e-05,-0.012220510562017006,3193.5408,3221.2481,3189.443,3206.8268,False,False,False,False,False,False,False,False,False,,,,2023-06-29,3185.424,OK
2023-06-29,15.509222962926804,2023-07-21,2023-08-18,22.0,50.0,0.0240331220207632,0.0240761251290534,23.0,21.0,OK,3185.424,3182.381,-0.00219321898703706,-0.01586183884393999,3181.944,3216.1189,3189.376,3193.5408,False,False,False,False,False,False,False,False,False,,,,2023-06-30,3178.924,OK
2023-06-30,15.11714576300654,2023-07-21,2023-08-18,21.0,49.0,0.022355039804623,0.0233031727520052,23.0,21.0,OK,3178.924,3202.062,0.006184363217352162,-0.008339142685218182,3182.7762,3213.4262,3182.381,3181.944,False,False,False,False,False,False,False,False,False,,,,2023-07-03,3209.162,OK
2023-07-03,15.167333645805735,2023-07-21,2023-08-18,18.0,46.0,0.0226986626213616,0.0231645253597751,23.0,21.0,OK,3209.162,3243.975,0.013089378032030696,-0.002766698176284832,3201.4474,3212.5262,3202.062,3182.7762,False,False,False,False,False,False,False,False,False,,,,2023-07-04,3241.231,OK
2023-07-04,14.991908625194702,2023-07-21,2023-08-18,17.0,45.0,0.022646808715131,0.0224011607053697,23.0,20.0,OK,3241.231,3245.349,0.00042355443553065975,-0.00854938726081711,3212.6286,3209.7277000000004,3243.975,3201.4474,False,False,False,False,False,False,False,False,False,,,,2023-07-05,3240.049,OK
2023-07-05,15.217464730616662,2023-07-21,2023-08-18,16.0,44.0,0.0233540252064407,0.0230855225832345,23.0,21.0,OK,3240.049,3222.947,-0.006902801516878498,-0.010092431797226187,3219.3428,3206.4418,3245.349,3212.6286,False,False,False,False,False,False,False,False,False,,,,2023-07-06,3215.863,OK
2023-07-06,15.625132779821095,2023-07-21,2023-08-18,15.0,43.0,0.0247304455370183,0.0243189521996787,23.0,21.0,OK,3215.863,3205.575,-0.005390097944521055,-0.01073644481408731,3223.9816,3202.9628000000002,3222.947,3219.3428,False,False,False,False,False,False,False,False,False,,,,2023-07-07,3197.472,OK
2023-07-07,15.960637993021736,2023-07-21,2023-08-18,14.0,42.0,0.026058077912657,0.0253282261648718,23.0,20.0,OK,3197.472,3196.609,-0.002797002097907564,-0.00040401500859466033,3222.891,3202.8336000000004,3205.575,3223.9816,False,False,False,False,False,False,False,False,False,,,,2023-07-10,3208.735,OK
2023-07-10,15.897139000691936,2023-07-21,2023-08-18,11.0,39.0,0.0277608080565832,0.0249393770426628,23.0,21.0,OK,3208.735,3203.696,0.002217036866254185,0.01684653079283782,3214.8352,3208.1413000000002,3196.609,3222.891,False,False,False,False,False,False,False,False,False,,,,2023-07-11,3211.122,OK
2023-07-11,15.268977440063733,2023-07-21,2023-08-18,10.0,38.0,0.024588161515072,0.0231800625424591,23.0,21.0,OK,3211.122,3221.367,0.005515816731674894,0.01000927121130557,3210.0388,3211.3337,3203.696,3214.8352,False,False,False,False,False,False,False,False,False,,,,2023-07-12,3220.376,OK
2023-07-12,15.41682558924862,2023-07-21,2023-08-18,9.0,37.0,0.0266264428908947,0.0235360734141773,21.0,21.0,OK,3220.376,3196.134,-0.007833010023384546,0.0021189097804710233,3204.6762,3212.0095,3221.367,3210.0388,False,False,False,False,False,False,False,False,False,,,,2023-07-13,3202.699,OK
2023-07-13,14.99199962202851,2023-07-21,2023-08-18,8.0,36.0,0.023757645253337,0.0223983301159844,22.0,21.0,OK,3202.699,3236.48,0.012623375615665733,0.016999535882095795,3210.8572,3217.4193999999998,3196.134,3204.6762,False,False,False,False,False,False,False,False,False,,,,2023-07-14,3240.97,OK
2023-07-14,14.799195347594782,2023-07-21,2023-08-18,7.0,35.0,0.0245410621098566,0.0217868598668345,21.0,21.0,OK,3240.97,3237.701,0.00037726171643259754,0.011130015596200193,3219.0756,3220.9833,3236.48,3210.8572,False,False,False,False,False,False,False,False,False,,,,2023-07-17,3219.016,OK
2023-07-17,14.95815399547874,2023-08-18,2023-08-18,32.0,32.0,0.0223746370952456,0.0223746370952456,21.0,21.0,WARN_NOT_BRACKET_30D,3219.016,3209.63,-0.008670040871593732,-0.010587319569355436,3220.2624,3217.5488,3237.701,3219.0756,False,False,False,False,False,False,False,False,False,,,,2023-07-18,3206.786,WARN_NOT_BRACKET_30D
2023-07-18,15.008964834446822,2023-08-18,2023-08-18,31.0,31.0,0.0225269025401661,0.0225269025401661,21.0,21.0,WARN_NOT_BRACKET_30D,3206.786,3197.82,-0.003679551848655427,-0.01464526619479134,3215.553,3212.7959,3209.63,3220.2624,False,False,False,False,False,False,False,False,False,,,,2023-07-19,3195.009,WARN_NOT_BRACKET_30D
2023-07-19,15.55296718260298,2023-08-18,2023-08-18,30.0,30.0,0.0241894788183125,0.0241894788183125,21.0,21.0,OK,3195.009,3198.836,0.00031771644432754265,-0.007481041419545642,3216.0934,3210.3848,3197.82,3215.553,False,False,False,False,False,False,False,False,False,,,,2023-07-20,3201.911,OK
2023-07-20,15.778510322797532,2023-08-18,2023-09-15,29.0,57.0,0.0246854256481005,0.0277906721069131,21.0,27.0,OK,3201.911,3169.522,-0.00916395838986428,-0.011246968172636707,3202.7018,3206.7794999999996,3198.836,3216.0934,False,False,False,False,False,False,False,False,False,,,,2023-07-21,3163.421,OK
2023-07-21,15.30439781158969,2023-08-18,2023-09-15,28.0,56.0,0.0230038714704434,0.0261432797236614,21.0,27.0,OK,3163.421,3167.745,-0.0005606523633532312,-0.009029568520891984,3188.7106,3203.8931000000002,3169.522,3202.7018,False,False,False,False,False,False,False,False,False,,,,2023-07-24,3157.469,OK
2023-07-24,15.920370793235785,2023-08-18,2023-09-15,25.0,53.0,0.0246160924091032,0.0269291931512123,21.0,27.0,OK,3157.469,3164.161,-0.0011314042007799507,-0.012340434298385272,3179.6168000000002,3199.9396,3167.745,3188.7106,False,False,False,False,False,False,False,False,False,,,,2023-07-25,3201.458,OK
2023-07-25,15.414486649337524,2023-08-18,2023-09-15,24.0,52.0,0.0226016690804462,0.0257219750422537,21.0,27.0,OK,3201.458,3231.521,0.02128842369272621,0.003152077984284407,3186.357,3200.955,3164.161,3179.6168000000002,False,False,False,False,False,False,False,False,False,,,,2023-07-26,3228.087,OK
2023-07-26,15.57110102678407,2023-08-18,2023-09-15,23.0,51.0,0.0228849550901256,0.0260872224513161,21.0,27.0,OK,3228.087,3223.028,-0.0026281741631882793,0.00841454081712456,3191.1953999999996,3203.6444,3231.521,3186.357,False,False,False,False,False,False,False,False,False,,,,2023-07-27,3225.476,OK
2023-07-27,15.222788627731424,2023-08-18,2023-09-15,22.0,50.0,0.0212954005213118,0.0252390510835207,21.0,27.0,OK,3225.476,3216.671,-0.0019723688407299322,-0.006120538362665684,3200.6252,3201.6634999999997,3223.028,3191.1953999999996,False,False,False,False,False,False,False,False,False,,,,2023-07-28,3206.741,OK
2023-07-28,16.710831890290628,2023-08-18,2023-09-15,21.0,49.0,0.0269835337224904,0.0287771651968998,21.0,27.0,OK,3206.741,3275.926,0.01842121870716662,0.01180621681866234,3222.2614,3205.486,3216.671,3200.6252,False,False,False,False,False,False,False,False,False,,,,2023-07-31,3287.209,OK
2023-07-31,18.320807611024662,2023-08-18,2023-09-15,18.0,46.0,0.0339560618053271,0.0333612708111609,21.0,27.0,OK,3287.209,3291.04,0.0046136573292558936,0.02536429432676046,3247.6372,3213.627,3275.926,3222.2614,False,False,False,False,False,False,False,False,False,,,,2023-08-01,3288.76,OK
2023-08-01,17.856212813947977,2023-08-18,2023-09-15,17.0,45.0,0.0321085906676119,0.0317867241171742,22.0,28.0,OK,3288.76,3290.949,-2.7650833778980477e-05,0.029122652306883934,3259.5228,3222.9399000000003,3291.04,3247.6372,False,False,False,False,False,False,False,False,False,,,,2023-08-02,3281.858,OK
2023-08-02,18.158592278992515,2023-08-18,2023-09-15,16.0,44.0,0.032616339537924,0.0331033047436667,22.0,28.0,OK,3281.858,3261.69,-0.008890748534845172,0.019649022331873267,3267.2552,3229.2253,3290.949,3259.5228,False,False,False,False,False,False,False,False,False,,,,2023-08-03,3254.565,OK
2023-08-03,18.249574498009345,2023-08-18,2023-09-15,15.0,43.0,0.0333358151776521,0.0332952890952912,21.0,27.0,OK,3254.565,3280.463,0.005755605223059179,0.03500243885355592,3280.0135999999998,3240.3194,3261.69,3267.2552,False,False,False,False,False,False,False,False,False,,,,2023-08-04,3296.094,OK
2023-08-04,18.31964131139724,2023-08-18,2023-09-15,14.0,42.0,0.0332160824000025,0.0336471366222808,22.0,28.0,OK,3296.094,3288.084,0.0023231476776295334,0.03798885326943924,3282.4452000000006,3252.3533,3280.463,3280.0135999999998,False,False,False,False,False,False,False,False,False,,,,2023-08-07,3276.776,OK
2023-08-07,19.09984742179501,2023-08-18,2023-09-15,11.0,39.0,0.0382982685483322,0.0362375463194689,22.0,28.0,OK,3276.776,3268.831,-0.005855385689659931,0.03307985908428801,3278.0034,3262.8203000000003,3288.084,3282.4452000000006,False,False,False,False,False,False,False,False,False,,,,2023-08-08,3260.722,OK
2023-08-08,18.879454227993776,2023-08-18,2023-09-15,10.0,38.0,0.0385786726560108,0.0353344009356049,22.0,28.0,OK,3260.722,3260.62,-0.002511907161918181,0.009004738016556102,3271.9375999999997,3265.7302,3268.831,3278.0034,False,False,False,False,False,False,False,False,False,,,,2023-08-09,3251.152,OK
2023-08-09,19.24618552430456,2023-08-18,2023-09-15,9.0,37.0,0.0412354884085368,0.0367015179383294,22.0,28.0,OK,3251.152,3244.487,-0.004947832007409558,0.006658024689826014,3268.4970000000003,3267.8761,3260.62,3271.9375999999997,False,False,False,False,False,False,False,False,False,,,,2023-08-10,3242.206,OK
2023-08-10,19.32619099312004,2023-08-18,2023-09-15,8.0,36.0,0.0400895177201559,0.0371841445035947,22.0,28.0,OK,3242.206,3254.56,0.0031046510588577103,0.011778947862557398,3263.3164,3271.665,3244.487,3268.4970000000003,False,False,False,False,False,False,False,False,False,,,,2023-08-11,3254.475,OK
2023-08-11,19.364633113965844,2023-08-18,2023-09-15,7.0,35.0,0.0402743917563036,0.0373782280772218,22.0,28.0,OK,3254.475,3189.248,-0.020067843272208785,-0.026459083630094193,3243.5492,3262.9972000000002,3254.56,3263.3164,False,False,False,False,False,False,False,False,False,,,,2023-08-14,3159.714,OK
2023-08-14,18.89776506102624,2023-09-15,2023-09-15,32.0,32.0,0.0357125524301744,0.0357125524301744,28.0,28.0,WARN_NOT_BRACKET_30D,3159.714,3178.427,-0.0033929628551934155,-0.03421805872915551,3225.4684,3251.7359,3189.248,3243.5492,False,False,False,False,False,False,False,False,False,,,,2023-08-15,3180.558,WARN_NOT_BRACKET_30D
2023-08-15,18.47105007227406,2023-09-15,2023-09-15,31.0,31.0,0.0341179690772455,0.0341179690772455,28.0,28.0,WARN_NOT_BRACKET_30D,3180.558,3176.176,-0.0007082119551590216,-0.03487535054478208,3208.5796,3240.2586,3178.427,3225.4684,False,False,False,False,False,False,False,False,False,,,,2023-08-16,3164.702,WARN_NOT_BRACKET_30D
2023-08-16,19.30658931747377,2023-09-15,2023-09-15,30.0,30.0,0.0372744391073592,0.0372744391073592,28.0,28.0,OK,3164.702,3150.128,-0.008201056868385015,-0.034203741005429666,3189.7078,3229.1024,3176.176,3208.5796,False,False,False,False,False,False,False,False,False,,,,2023-08-17,3137.351,OK
2023-08-17,19.377704069330747,2023-09-15,2023-10-20,29.0,64.0,0.0380777933085848,0.0294111620716225,28.0,22.0,OK,3137.351,3163.739,0.004320776806529647,-0.03558156272453006,3171.5436,3217.4300000000003,3150.128,3189.7078,False,False,False,False,False,False,False,False,False,,,,2023-08-18,3165.1,OK
2023-08-18,19.839127370197343,2023-09-15,2023-10-20,28.0,63.0,0.0405838908565247,0.0303772793945797,28.0,22.0,OK,3165.1,3131.953,-0.01004697290136769,-0.04748388423166805,3160.0846,3201.8169,3163.739,3171.5436,False,False,False,False,False,False,False,False,False,,,,2023-08-21,3125.99,OK
2023-08-21,21.33201774163405,2023-09-15,2023-10-20,25.0,60.0,0.0502515884878119,0.0336402721057567,28.0,22.0,OK,3125.99,3092.978,-0.012444311903786476,-0.05379690782423441,3142.9948,3184.2316,3131.953,3160.0846,False,False,False,False,False,False,False,False,False,,,,2023-08-22,3103.781,OK
2023-08-22,19.905688795764824,2023-09-15,2023-10-20,24.0,59.0,0.0436858546515462,0.0316369266612336,29.0,23.0,OK,3103.781,3120.334,0.00884455046236976,-0.04302433279560336,3131.8264,3170.2030000000004,3092.978,3142.9948,False,False,False,False,False,False,False,False,False,,,,2023-08-23,3116.266,OK
2023-08-23,20.87944489119204,2023-09-15,2023-10-20,23.0,58.0,0.0491828259825417,0.0347318671391558,29.0,23.0,OK,3116.266,3078.402,-0.013438305001964412,-0.05118991076247181,3117.4811999999997,3153.5945,3120.334,3131.8264,False,False,False,False,False,False,False,False,False,,,,2023-08-24,3085.911,OK
2023-08-24,19.89508682197054,2023-09-15,2023-10-20,22.0,57.0,0.0429319857752497,0.035216931607774,29.0,24.0,OK,3085.911,3082.244,0.0012480501247076337,-0.05294602035298157,3101.1822,3136.3629,3078.402,3117.4811999999997,False,False,False,False,False,False,False,False,False,,,,2023-08-25,3068.615,OK
2023-08-25,20.595541403231504,2023-09-15,2023-10-20,21.0,56.0,0.0469507816049357,0.0375067211138661,29.0,24.0,OK,3068.615,3064.075,-0.005894731241264606,-0.039248437249157275,3087.6066,3123.8455999999996,3082.244,3101.1822,False,False,False,False,False,False,False,False,False,,,,2023-08-29,3091.938,OK
2023-08-29,20.34300211810352,2023-09-15,2023-10-20,17.0,52.0,0.0474215636414538,0.038043339336832,29.0,24.0,OK,3091.938,3135.887,0.023436763134061733,-0.013383978930458396,3096.1884,3119.5916,3064.075,3087.6066,False,False,False,False,False,False,False,False,False,,,,2023-08-30,3144.407,OK
2023-08-30,18.81267158364924,2023-09-15,2023-10-20,16.0,51.0,0.0412996822057532,0.0326114160376225,29.0,24.0,OK,3144.407,3137.138,0.0003989301910432008,-0.012290880606112498,3099.5492000000004,3115.6878,3135.887,3096.1884,False,False,False,False,False,False,False,False,False,,,,2023-08-31,3134.553,OK
2023-08-31,18.073221984252484,2023-09-15,2023-10-20,15.0,50.0,0.0373655214614296,0.0307835808203175,29.0,24.0,OK,3134.553,3119.876,-0.005502467535696498,-0.009603419289628823,3107.844,3112.6626,3137.138,3099.5492000000004,False,False,False,False,False,False,False,False,False,,,,2023-09-01,3126.023,OK
2023-09-01,17.573138927109785,2023-09-15,2023-10-20,14.0,49.0,0.0347663466453819,0.0295634553906071,28.0,24.0,OK,3126.023,3133.247,0.004285747254057393,-0.009637963182171583,3118.0446,3109.6134,3119.876,3107.844,False,False,False,False,False,False,False,False,False,,,,2023-09-04,3145.944,OK
2023-09-04,17.224786077236907,2023-09-15,2023-10-20,11.0,46.0,0.0353806491219381,0.0285192191901935,29.0,24.0,OK,3145.944,3177.06,0.013983257623800593,0.014402195690676134,3140.6416,3114.1241,3133.247,3118.0446,False,False,False,False,False,False,False,False,False,,,,2023-09-05,3169.738,OK
2023-09-05,16.90951918343884,2023-09-15,2023-10-20,10.0,45.0,0.0346128629316459,0.0275899040631523,29.0,24.0,OK,3169.738,3154.369,-0.007142137699634232,0.01984850846013142,3144.338,3120.2632000000003,3177.06,3140.6416,False,False,False,False,False,False,False,False,False,,,,2023-09-06,3147.136,OK
2023-09-06,16.782637213951233,2023-09-15,2023-10-20,9.0,44.0,0.0356635748984527,0.0271432524973815,29.0,24.0,OK,3147.136,3158.077,0.0011755124400474326,0.012095820511522248,3148.5258000000003,3124.0375,3154.369,3144.338,False,False,False,False,False,False,False,False,False,,,,2023-09-07,3152.203,OK
2023-09-07,17.285575190378093,2023-09-15,2023-10-20,8.0,43.0,0.0392132167776976,0.0288529513421268,29.0,24.0,OK,3152.203,3122.352,-0.011312263760510088,0.014276887813872152,3149.0209999999997,3128.4325,3158.077,3148.5258000000003,False,False,False,False,False,False,False,False,False,,,,2023-09-08,3114.23,OK
2023-09-08,17.82488047390092,2023-09-15,2023-10-20,7.0,42.0,0.0387330056135905,0.0311673868932589,28.0,24.0,OK,3114.23,3116.719,-0.0018040887126115068,0.011185032722912158,3145.7154,3131.88,3122.352,3149.0209999999997,False,False,False,False,False,False,False,False,False,,,,2023-09-11,3119.61,OK
2023-09-11,17.05833703070607,2023-10-20,2023-10-20,39.0,39.0,0.0290986862253157,0.0290986862253157,24.0,24.0,WARN_NOT_BRACKET_30D,3119.61,3142.779,0.008361356926947838,0.0256860553348075,3138.8592,3139.7504,3116.719,3145.7154,False,False,False,False,False,False,False,False,False,,,,2023-09-12,3140.341,WARN_NOT_BRACKET_30D
2023-09-12,16.66363964696267,2023-10-20,2023-10-20,38.0,38.0,0.0277676886283826,0.0277676886283826,24.0,24.0,WARN_NOT_BRACKET_30D,3140.341,3137.059,-0.0018200452529433253,0.00037373795675677,3135.3972000000003,3139.8676,3142.779,3138.8592,False,False,False,False,False,False,False,False,False,,,,2023-09-13,3137.772,WARN_NOT_BRACKET_30D
2023-09-13,16.659251065716617,2023-10-20,2023-10-20,37.0,37.0,0.027753064607058,0.027753064607058,24.0,24.0,WARN_NOT_BRACKET_30D,3137.772,3123.067,-0.004460228513394338,-0.004485298383431036,3128.3952,3138.4605,3137.059,3135.3972000000003,False,False,False,False,False,False,False,False,False,,,,2023-09-14,3124.848,WARN_NOT_BRACKET_30D
2023-09-14,16.241317194255956,2023-10-20,2023-10-20,36.0,36.0,0.0263780384204434,0.0263780384204434,24.0,24.0,WARN_NOT_BRACKET_30D,3124.848,3126.551,0.0011155700470082408,0.0021395081086554857,3129.2349999999997,3139.1279999999997,3123.067,3128.3952,False,False,False,False,False,False,False,False,False,,,,2023-09-15,3133.588,WARN_NOT_BRACKET_30D
2023-09-15,16.301739364583202,2023-10-20,2023-10-20,35.0,35.0,0.0265746706310801,0.0265746706310801,24.0,24.0,WARN_NOT_BRACKET_30D,3133.588,3117.743,-0.0028171617862622345,-0.004948221445675971,3129.4397999999997,3137.5776,3126.551,3129.2349999999997,False,False,False,False,False,False,False,False,False,,,,2023-09-18,3110.44,WARN_NOT_BRACKET_30D
2023-09-18,16.072499028259863,2023-10-20,2023-10-20,32.0,32.0,0.0258325225013414,0.0258325225013414,24.0,24.0,WARN_NOT_BRACKET_30D,3110.44,3125.932,0.002626579548089758,-0.016092865731210715,3126.0704,3132.4647999999997,3117.743,3129.4397999999997,False,False,False,False,False,False,False,False,False,,,,2023-09-19,3123.986,WARN_NOT_BRACKET_30D
2023-09-19,16.040789770259504,2023-10-20,2023-10-20,31.0,31.0,0.0257306936453661,0.0257306936453661,24.0,24.0,WARN_NOT_BRACKET_30D,3123.986,3124.957,-0.0003119069768632299,-0.009324210325424964,3123.65,3129.5236,3125.932,3126.0704,False,False,False,False,False,False,False,False,False,,,,2023-09-20,3118.667,WARN_NOT_BRACKET_30D
2023-09-20,16.226188674762636,2023-10-20,2023-10-20,30.0,30.0,0.0263289198908995,0.0263289198908995,24.0,24.0,OK,3118.667,3108.568,-0.005244552165037719,-0.015676945178980772,3120.7502,3124.5726999999997,3124.957,3123.65,False,False,False,False,False,False,False,False,False,,,,2023-09-21,3103.175,OK
2023-09-21,16.673104382590374,2023-10-20,2023-11-17,29.0,57.0,0.0277948396546567,0.0278597012216686,24.0,20.0,OK,3103.175,3084.701,-0.007677811776998333,-0.012058537922694068,3112.3802000000005,3120.8076,3108.568,3120.7502,False,False,False,False,False,False,False,False,False,,,,2023-09-22,3084.757,OK
2023-09-22,16.70408326665783,2023-10-20,2023-11-17,28.0,56.0,0.0277480656835228,0.02890737139168,24.0,20.0,OK,3084.757,3132.432,0.01547346079895573,0.0050415196236810456,3115.318,3122.3788999999997,3084.701,3112.3802000000005,False,False,False,False,False,False,False,False,False,,,,2023-09-25,3131.208,OK
2023-09-25,16.8526888642037,2023-10-20,2023-11-17,25.0,53.0,0.0283432926061891,0.028527203756786,24.0,20.0,OK,3131.208,3115.607,-0.0053712259356307746,-0.008645851330939869,3113.2529999999997,3119.6616999999997,3132.432,3115.318,False,False,False,False,False,False,False,False,False,,,,2023-09-26,3114.021,OK
2023-09-26,17.00081277656126,2023-10-20,2023-11-17,24.0,52.0,0.0286091893557974,0.0293995812996435,24.0,20.0,OK,3114.021,3102.273,-0.004279743882973586,-0.011088729921879037,3108.7162000000003,3116.1830999999997,3115.607,3113.2529999999997,False,False,False,False,False,False,False,False,False,,,,2023-09-27,3104.04,OK
2023-09-27,16.932380918021188,2023-10-20,2023-11-17,23.0,51.0,0.0287960876605093,0.0285007104717739,24.0,20.0,OK,3104.04,3107.316,0.00162558227467402,-0.005043439670042393,3108.4658,3114.608,3102.273,3108.7162000000003,False,False,False,False,False,False,False,False,False,,,,2023-09-28,3117.755,OK
2023-09-28,16.9935733789594,2023-10-20,2023-11-17,22.0,50.0,0.0283877127129817,0.0294176386147963,24.0,20.0,OK,3117.755,3110.475,0.0010166330041747607,-0.005141768037687511,3113.6206,3113.0004,3107.316,3108.4658,False,False,False,False,False,False,False,False,False,,,,2023-10-09,3100.0,OK
2023-10-09,16.378340794742932,2023-10-20,2023-11-17,11.0,39.0,0.0300681771982329,0.0263917063714293,24.0,20.0,OK,3100.0,3096.922,-0.004357212322876669,-0.006678228449233936,3106.5186000000003,3110.9183,3110.475,3113.6206,False,False,False,False,False,False,False,False,False,,,,2023-10-10,3104.365,OK
2023-10-10,16.230868903235745,2023-10-20,2023-11-17,10.0,38.0,0.0297617140783115,0.0259843627940436,24.0,20.0,OK,3104.365,3075.236,-0.007002436612869256,-0.016217883178520798,3098.4444,3105.8487,3096.922,3106.5186000000003,False,False,False,False,False,False,False,False,False,,,,2023-10-11,3085.699,OK
2023-10-11,15.70943014532538,2023-10-20,2023-11-17,9.0,37.0,0.0273420090157029,0.0244626690517924,24.0,21.0,OK,3085.699,3078.956,0.0012096632583646905,-0.01472052255439027,3093.781,3101.2486,3075.236,3098.4444,False,False,False,False,False,False,False,False,False,,,,2023-10-12,3101.705,OK
2023-10-12,15.114415327125611,2023-10-20,2023-11-17,8.0,36.0,0.0247374019641503,0.022729837074384,25.0,21.0,OK,3101.705,3107.901,0.009400913816241419,-0.00021456825136212387,3093.898,3101.1819,3078.956,3093.781,False,False,False,False,False,False,False,False,False,,,,2023-10-13,3091.997,OK
2023-10-13,15.42070647373374,2023-10-20,2023-11-17,7.0,35.0,0.0259238076070657,0.0236866019108984,25.0,21.0,OK,3091.997,3088.099,-0.006371502824575104,0.0011015654353534465,3089.4228,3101.5217,3107.901,3093.898,False,False,False,False,False,False,False,False,False,,,,2023-10-16,3091.065,OK
2023-10-16,16.9054279689168,2023-11-17,2023-11-17,32.0,32.0,0.0285793494812234,0.0285793494812234,21.0,21.0,WARN_NOT_BRACKET_30D,3091.065,3073.813,-0.004626147024431537,-0.018713574628275942,3084.801,3095.6598,3088.099,3089.4228,False,False,False,False,False,False,False,False,False,,,,2023-10-17,3076.428,WARN_NOT_BRACKET_30D
2023-10-17,16.36286568613703,2023-11-17,2023-11-17,31.0,31.0,0.026774337346256,0.026774337346256,21.0,21.0,WARN_NOT_BRACKET_30D,3076.428,3083.496,0.0031501591020663966,-0.010306498862019509,3086.453,3092.4487,3073.813,3084.801,False,False,False,False,False,False,False,False,False,,,,2023-10-18,3076.58,WARN_NOT_BRACKET_30D
2023-10-18,16.37931424435323,2023-11-17,2023-11-17,30.0,30.0,0.0268281935115272,0.0268281935115272,21.0,21.0,OK,3076.58,3058.71,-0.008038278629192375,-0.01404228447979916,3082.4038,3088.0924,3083.496,3086.453,False,False,False,False,False,False,False,False,False,,,,2023-10-19,3043.196,OK
2023-10-19,18.839520253168963,2023-11-17,2023-12-15,29.0,57.0,0.0356661572772008,0.0331107160525445,22.0,23.0,OK,3043.196,3005.393,-0.01743120465817294,-0.03280097679154603,3061.9022,3077.9001000000003,3058.71,3082.4038,False,False,False,False,False,False,False,False,False,,,,2023-10-20,2995.358,OK
2023-10-20,19.72241191728081,2023-11-17,2023-12-15,28.0,56.0,0.0392308001487703,0.0367299479091676,23.0,24.0,OK,2995.358,2983.059,-0.007431307652609798,-0.040963518433679624,3040.8942,3065.1585,3005.393,3061.9022,False,False,False,False,False,False,False,False,False,,,,2023-10-23,2969.786,OK
2023-10-23,20.66338997699487,2023-11-17,2023-12-15,25.0,53.0,0.0438748119745467,0.0401431723898524,23.0,24.0,OK,2969.786,2939.291,-0.014672187174306628,-0.05089924770465637,3013.9898000000003,3049.3954000000003,2983.059,3040.8942,False,False,False,False,False,False,False,False,False,,,,2023-10-24,2944.311,OK
2023-10-24,19.751868744448004,2023-11-17,2023-12-15,24.0,52.0,0.0393624518011165,0.0384233212706225,24.0,25.0,OK,2944.311,2962.244,0.007809026054242274,-0.03674254593793769,2989.7394000000004,3038.0962,2939.291,3013.9898000000003,False,False,False,False,False,False,False,False,False,,,,2023-10-25,2986.407,OK
2023-10-25,17.92669741526864,2023-11-17,2023-12-15,23.0,51.0,0.0309368662868836,0.0337598821338867,24.0,25.0,OK,2986.407,2974.114,0.004007097322165087,-0.03405115240360701,2972.8202,3027.612,2962.244,2989.7394000000004,False,False,False,False,False,False,False,False,False,,,,2023-10-26,2960.104,OK
2023-10-26,17.239072111556162,2023-11-17,2023-12-15,22.0,50.0,0.0287633390763356,0.0307693045421918,24.0,25.0,OK,2960.104,2988.299,0.004769487652457105,-0.038483207798446606,2969.4014,3015.6518,2974.114,2972.8202,False,False,False,False,False,False,False,False,False,,,,2023-10-27,2978.403,OK
2023-10-27,16.376471956034454,2023-11-17,2023-12-15,21.0,49.0,0.0251637124386731,0.0283164189796352,24.0,25.0,OK,2978.403,3017.784,0.009866817209388978,-0.02276967156817189,2976.3464,3008.6203,2988.299,2969.4014,False,False,False,False,False,False,False,False,False,,,,2023-10-30,3009.61,OK
2023-10-30,16.69246389340893,2023-11-17,2023-12-15,18.0,46.0,0.0262324998832031,0.0287149664920097,24.0,25.0,OK,3009.61,3021.553,0.001248929678200783,-0.017001684878032663,2992.7988,3003.3943,3017.784,2976.3464,False,False,False,False,False,False,False,False,False,,,,2023-10-31,3019.646,OK
2023-10-31,16.68673864783115,2023-11-17,2023-12-15,17.0,45.0,0.0255459677831567,0.0288467469028732,24.0,25.0,OK,3019.646,3018.771,-0.0009207185841186849,-0.020990784486180636,3004.1042,2996.9218,3021.553,2992.7988,False,False,False,False,False,False,False,False,False,,,,2023-11-01,3038.182,OK
2023-11-01,16.643209876624958,2023-11-17,2023-12-15,16.0,44.0,0.0255519026124178,0.0284806401860371,24.0,25.0,OK,3038.182,3023.077,0.0014264082966213287,-0.011649682382442239,3013.8968,2993.3585000000003,3018.771,3004.1042,False,False,False,False,False,False,False,False,False,,,,2023-11-02,3028.665,OK
2023-11-02,16.223806103551283,2023-11-17,2023-12-15,15.0,43.0,0.0238515946234084,0.0270678098375629,24.0,25.0,OK,3028.665,3009.406,-0.004522213625389071,0.0013352663029426726,3018.1182,2993.7598000000003,3023.077,3013.8968,False,False,False,False,False,False,False,False,False,,,,2023-11-03,3012.465,OK
2023-11-03,15.90055556688172,2023-11-17,2023-12-15,14.0,42.0,0.0228045985908729,0.0259023087692184,24.0,24.0,OK,3012.465,3030.798,0.007108379527388298,0.016003371036241498,3020.721,2998.5337,3009.406,3018.1182,False,False,False,False,False,False,False,False,False,,,,2023-11-06,3047.13,OK
2023-11-06,16.58216484846626,2023-11-17,2023-12-15,11.0,39.0,0.0285667370364772,0.0273538746053608,24.0,25.0,OK,3047.13,3058.411,0.00911080184162727,0.04052678009764943,3028.0926,3010.4457,3030.798,3020.721,False,False,False,False,False,False,False,False,False,,,,2023-11-07,3052.92,OK
2023-11-07,16.616882164710244,2023-11-17,2023-12-15,10.0,38.0,0.0270724259564452,0.0276688826908645,24.0,25.0,OK,3052.92,3057.27,-0.00037306954493687705,0.03207905898366237,3035.7924,3019.9483,3058.411,3028.0926,False,False,False,False,False,False,False,False,False,,,,2023-11-08,3051.153,OK
2023-11-08,16.56066328159464,2023-11-17,2023-12-15,9.0,37.0,0.0277484776554546,0.0273993740632179,24.0,25.0,OK,3051.153,3052.373,-0.001601755814828243,0.02631338274188555,3041.6516,3027.7742,3057.27,3035.7924,False,False,False,False,False,False,False,False,False,,,,2023-11-09,3047.653,OK
2023-11-09,16.799515218057515,2023-11-17,2023-12-15,8.0,36.0,0.0288290213998714,0.0281856044747384,24.0,25.0,OK,3047.653,3053.279,0.0002968182460008073,0.02174481201512979,3050.4262,3034.2722000000003,3052.373,3041.6516,False,False,False,False,False,False,False,False,False,,,,2023-11-10,3043.559,OK
2023-11-10,16.980833842233682,2023-11-17,2023-12-15,7.0,35.0,0.0285960077876304,0.0288452571894994,23.0,25.0,OK,3043.559,3038.97,-0.004686437105813179,0.0070203831685766716,3052.0606,3036.3908,3053.279,3050.4262,False,False,False,False,False,False,False,False,False,,,,2023-11-13,3044.032,OK
2023-11-13,17.032706744340963,2023-12-15,2023-12-15,32.0,32.0,0.0290113099038718,0.0290113099038718,25.0,25.0,WARN_NOT_BRACKET_30D,3044.032,3046.533,0.002488672148787341,0.008267271830082024,3049.685,3038.8888,3038.97,3052.0606,False,False,False,False,False,False,False,False,False,,,,2023-11-14,3046.817,WARN_NOT_BRACKET_30D
2023-11-14,16.868744645593374,2023-12-15,2023-12-15,31.0,31.0,0.0284554545918235,0.0284554545918235,23.0,23.0,WARN_NOT_BRACKET_30D,3046.817,3056.07,0.0031304436879562303,0.01235569044488627,3049.4449999999997,3042.6187,3046.533,3049.685,False,False,False,False,False,False,False,False,False,,,,2023-11-15,3077.029,WARN_NOT_BRACKET_30D
2023-11-15,16.74943535393793,2023-12-15,2023-12-15,30.0,30.0,0.0280543584675745,0.0280543584675745,25.0,25.0,OK,3077.029,3072.835,0.005485803662874211,0.016459388894163096,3053.5374,3047.5945,3056.07,3049.4449999999997,False,False,False,False,False,False,False,False,False,,,,2023-11-16,3066.855,OK
2023-11-16,16.532270632234894,2023-12-15,2024-01-19,29.0,64.0,0.0275302994012773,0.0242703418339595,25.0,19.0,OK,3066.855,3050.926,-0.007129897960678089,0.013796742612994128,3053.0667999999996,3051.7465,3072.835,3053.5374,False,False,False,False,False,False,False,False,False,,,,2023-11-17,3043.617,OK
2023-11-17,15.860253245370636,2023-12-15,2024-01-19,28.0,63.0,0.025353827819801,0.0236949568275337,25.0,19.0,OK,3043.617,3054.366,0.0011275265280115132,0.007776169840418401,3056.1459999999997,3054.1033,3050.926,3053.0667999999996,False,False,False,False,False,False,False,False,False,,,,2023-11-20,3056.927,OK
2023-11-20,15.278164446711,2023-12-15,2024-01-19,25.0,60.0,0.0237610601538636,0.0222951577166012,25.0,19.0,OK,3056.927,3068.319,0.004568214811191629,0.0032395907548070646,3060.5032,3055.0941000000003,3054.366,3056.1459999999997,False,False,False,False,False,False,False,False,False,,,,2023-11-21,3074.828,OK
2023-11-21,14.931684763388448,2023-12-15,2024-01-19,24.0,59.0,0.0226936136833528,0.0215128302629184,25.0,18.0,OK,3074.828,3067.933,-0.00012580178266996533,0.0034877521448875015,3062.8758000000003,3056.1603999999998,3068.319,3060.5032,False,False,False,False,False,False,False,False,False,,,,2023-11-22,3060.498,OK
2023-11-22,15.399152226148589,2023-12-15,2024-01-19,23.0,58.0,0.0243274597424756,0.0227393455681671,25.0,19.0,OK,3060.498,3043.611,-0.007927813286665697,-0.0028705535005060234,3057.031,3055.2842,3067.933,3062.8758000000003,False,False,False,False,False,False,False,False,False,,,,2023-11-23,3041.678,OK
2023-11-23,15.177076985739438,2023-12-15,2024-01-19,22.0,57.0,0.0233771037901549,0.0225879062739242,25.0,19.0,OK,3041.678,3061.856,0.0059945242673917765,0.002809111122829,3059.217,3056.1418999999996,3043.611,3057.031,False,False,False,False,False,False,False,False,False,,,,2023-11-24,3060.331,OK
2023-11-24,15.116607492022249,2023-12-15,2024-01-19,21.0,56.0,0.0231183248139487,0.0225617777156936,25.0,19.0,OK,3060.331,3040.972,-0.006820699601810198,0.0006587758352338824,3056.5382,3056.3421000000003,3061.856,3059.217,False,False,False,False,False,False,False,False,False,,,,2023-11-27,3038.186,OK
2023-11-27,15.73387583619495,2023-12-15,2024-01-19,18.0,53.0,0.0262928854624126,0.0237547241282784,25.0,19.0,OK,3038.186,3031.7,-0.003049025114338577,-0.0048688131722191,3049.2144,3054.8588,3040.972,3056.5382,False,False,False,False,False,False,False,False,False,,,,2023-11-28,3028.598,OK
2023-11-28,15.635561093730985,2023-12-15,2024-01-19,17.0,52.0,0.025458808776133,0.0238873320161015,25.0,19.0,OK,3028.598,3038.555,0.002261107629382808,-0.005731216889665602,3043.3388,3053.1073,3031.7,3049.2144,False,False,False,False,False,False,False,False,False,,,,2023-11-29,3038.464,OK
2023-11-29,15.596905295267668,2023-12-15,2024-01-19,16.0,51.0,0.02579191749486,0.0236366645302935,25.0,19.0,OK,3038.464,3021.687,-0.005551322915004042,-0.016645215249110445,3038.9539999999997,3047.9925,3038.555,3043.3388,False,False,False,False,False,False,False,False,False,,,,2023-11-30,3021.103,OK
2023-11-30,15.43390486474306,2023-12-15,2024-01-19,15.0,50.0,0.0248650967774774,0.0234027200013605,25.0,19.0,OK,3021.103,3029.673,0.0026428945155470007,-0.006966081773206012,3032.5173999999997,3045.8671999999997,3021.687,3038.9539999999997,False,False,False,False,False,False,False,False,False,,,,2023-12-01,3027.353,OK
2023-12-01,15.668728051016334,2023-12-15,2024-01-19,14.0,49.0,0.0252943046392233,0.0242986786139294,25.0,19.0,OK,3027.353,3031.636,0.000647924710026615,-0.0074418062537364715,3030.6502,3043.5942,3029.673,3032.5173999999997,False,False,False,False,False,False,False,False,False,,,,2023-12-04,3033.298,OK
2023-12-04,16.345936622384574,2023-12-15,2024-01-19,11.0,46.0,0.0335461579293742,0.0253441519806024,25.0,19.0,OK,3033.298,3022.914,-0.0028769944676735326,-0.01479800503141937,3028.8929999999996,3039.0537,3031.636,3030.6502,False,False,False,False,False,False,False,False,False,,,,2023-12-05,3017.01,OK
2023-12-05,18.330221199790167,2023-12-15,2024-01-19,10.0,45.0,0.0500710153458772,0.0308544818528981,25.0,19.0,OK,3017.01,2972.296,-0.016744770112547158,-0.03117310580120236,3015.6412,3029.49,3022.914,3028.8929999999996,False,False,False,False,False,False,False,False,False,,,,2023-12-06,2966.948,OK
2023-12-06,17.459107535315923,2023-12-15,2024-01-19,9.0,44.0,0.0399236540241744,0.0291945512614449,26.0,20.0,OK,2966.948,2968.933,-0.0011314485502116334,-0.024535987023308836,3005.0904,3022.0222000000003,2972.296,3015.6412,False,False,False,False,False,False,False,False,False,,,,2023-12-07,2965.652,OK
2023-12-07,17.638327787100096,2023-12-15,2024-01-19,8.0,43.0,0.0391935295022143,0.030222501775808,26.0,20.0,OK,2965.652,2966.206,-0.0009185118020513805,-0.03123922222338349,2992.397,3012.4572,2968.933,3005.0904,False,False,False,False,False,False,False,False,False,,,,2023-12-08,2965.39,OK
2023-12-08,17.515062232005043,2023-12-15,2024-01-19,7.0,42.0,0.0363777197763608,0.0301820901271653,25.0,20.0,OK,2965.39,2969.559,0.00113040024866784,-0.023483609845799336,2979.9816,3005.3159,2966.206,2992.397,False,False,False,False,False,False,False,False,False,,,,2023-12-11,2956.291,OK
2023-12-11,17.678518579744562,2024-01-19,2024-01-19,39.0,39.0,0.0312530019174373,0.0312530019174373,20.0,20.0,WARN_NOT_BRACKET_30D,2956.291,2991.439,0.007368097417832065,-0.013280007916350534,2973.6866,3001.2897999999996,2969.559,2979.9816,False,False,False,False,False,False,False,False,False,,,,2023-12-12,2986.328,WARN_NOT_BRACKET_30D
2023-12-12,17.177440119644782,2024-01-19,2024-01-19,38.0,38.0,0.0295064449063982,0.0295064449063982,20.0,20.0,WARN_NOT_BRACKET_30D,2986.328,3003.438,0.004011113046263004,-0.011557138179167259,2979.915,2997.7781,2991.439,2973.6866,False,False,False,False,False,False,False,False,False,,,,2023-12-13,2997.336,WARN_NOT_BRACKET_30D
2023-12-13,17.844666410489335,2024-01-19,2024-01-19,37.0,37.0,0.0318432119301646,0.0318432119301646,20.0,20.0,WARN_NOT_BRACKET_30D,2997.336,2968.761,-0.011545768549242608,-0.017515381308520706,2979.8805999999995,2992.4855,3003.438,2979.915,False,False,False,False,False,False,False,False,False,,,,2023-12-14,2979.699,WARN_NOT_BRACKET_30D
2023-12-14,17.903754020068106,2024-01-19,2024-01-19,36.0,36.0,0.0320544408011104,0.0320544408011104,21.0,21.0,WARN_NOT_BRACKET_30D,2979.699,2958.986,-0.0032926193789261093,-0.023331560864819356,2978.4366,2985.4168,2968.761,2979.8805999999995,False,False,False,False,False,False,False,False,False,,,,2023-12-15,2966.302,WARN_NOT_BRACKET_30D
2023-12-15,17.865297012788975,2024-01-19,2024-01-19,35.0,35.0,0.0319168837355166,0.0319168837355166,21.0,21.0,WARN_NOT_BRACKET_30D,2966.302,2942.557,-0.00555223985513964,-0.029383144942202843,2973.0362,2976.5089,2958.986,2978.4366,False,False,False,False,False,False,False,False,False,,,,2023-12-18,2936.575,WARN_NOT_BRACKET_30D
2023-12-18,17.88282012819755,2024-01-19,2024-01-19,32.0,32.0,0.0319795255737467,0.0319795255737467,21.0,21.0,WARN_NOT_BRACKET_30D,2936.575,2930.804,-0.0039941452281127,-0.030470598898943213,2960.9091999999996,2967.2979,2942.557,2973.0362,False,False,False,False,False,False,False,False,False,,,,2023-12-19,2928.763,WARN_NOT_BRACKET_30D
2023-12-19,18.14905691756195,2024-01-19,2024-01-19,31.0,31.0,0.0329388266996903,0.0329388266996903,22.0,22.0,WARN_NOT_BRACKET_30D,2928.763,2932.391,0.0005414896390205648,-0.013425648051203387,2946.6998,2963.3074,2930.804,2960.9091999999996,False,False,False,False,False,False,False,False,False,,,,2023-12-20,2932.119,WARN_NOT_BRACKET_30D
2023-12-20,18.957549870173448,2024-01-19,2024-01-19,30.0,30.0,0.0359388697080113,0.0359388697080113,22.0,22.0,OK,2932.119,2902.11,-0.010326385533170668,-0.022507412595703546,2933.3696000000004,2956.6251,2932.391,2946.6998,False,False,False,False,False,False,False,False,False,,,,2023-12-21,2892.02,OK
2023-12-21,17.899794878874296,2024-01-19,2024-02-19,29.0,60.0,0.0321645223834034,0.0302385433346002,22.0,21.0,OK,2892.02,2918.715,0.005721699039664241,-0.016010688401277617,2925.3154000000004,2951.876,2902.11,2933.3696000000004,False,False,False,False,False,False,False,False,False,,,,2023-12-22,2919.288,OK
2023-12-22,17.28104169691928,2024-01-19,2024-02-19,28.0,59.0,0.029988117061811,0.0290054944403478,22.0,21.0,OK,2919.288,2914.775,-0.0013499091209658864,-0.018448530573058175,2919.759,2946.3976,2918.715,2925.3154000000004,False,False,False,False,False,False,False,False,False,,,,2023-12-25,2909.875,OK
2023-12-25,17.160614051170654,2024-01-19,2024-02-19,25.0,56.0,0.030016262573307,0.0281310359513619,22.0,21.0,OK,2909.875,2918.813,0.0013853556449467952,-0.024277947837144542,2917.3608000000004,2939.135,2914.775,2919.759,False,False,False,False,False,False,False,False,False,,,,2023-12-26,2917.971,OK
2023-12-26,17.560336585612692,2024-01-19,2024-02-19,24.0,55.0,0.0317706861662008,0.0291380983432733,22.0,21.0,OK,2917.971,2898.879,-0.006829488562645203,-0.03481310418260675,2910.6584,2928.6791000000003,2918.813,2917.3608000000004,False,False,False,False,False,False,False,False,False,,,,2023-12-27,2900.149,OK
2023-12-27,17.800525303520555,2024-01-19,2024-02-19,23.0,54.0,0.0327428879290824,0.0301422885283204,22.0,21.0,OK,2900.149,2914.614,0.005427960256361164,-0.018238921893678817,2913.1592000000005,2923.2644,2898.879,2910.6584,False,False,False,False,False,False,False,False,False,,,,2023-12-28,2913.11,OK
2023-12-28,17.274817993825224,2024-01-19,2024-02-19,22.0,53.0,0.0313130074352676,0.0280863597940915,22.0,21.0,OK,2913.11,2954.704,0.013754823108651726,-0.001447117357094574,2920.3570000000004,2922.8362,2914.614,2913.1592000000005,False,False,False,False,False,False,False,False,False,,,,2023-12-29,2950.837,OK
2023-12-29,16.639790003375456,2024-01-19,2024-02-19,21.0,52.0,0.0286616643968665,0.0267273374034102,22.0,21.0,OK,2950.837,2974.935,0.006847047961487718,0.011003355245115198,2932.389,2926.0739999999996,2954.704,2920.3570000000004,False,False,False,False,False,False,False,False,False,,,,2024-01-02,2972.775,OK
2024-01-02,17.089645022412423,2024-01-19,2024-02-19,17.0,48.0,0.0308680212590727,0.0283903692708106,22.0,21.0,OK,2972.775,2962.276,-0.004255219021592094,0.010738350295686594,2941.0816,2929.2212,2974.935,2932.389,False,False,False,False,False,False,False,False,False,,,,2024-01-03,2957.112,OK
2024-01-03,16.93709336007133,2024-01-19,2024-02-19,16.0,47.0,0.0315319931373641,0.0275102661018234,22.0,21.0,OK,2957.112,2967.247,0.0016781015678484223,0.011886545825573691,2954.7552,2932.7068,2962.276,2941.0816,False,False,False,False,False,False,False,False,False,,,,2024-01-04,2965.509,OK
2024-01-04,17.26443380389518,2024-01-19,2024-02-19,15.0,46.0,0.033890381327107,0.0283854365455342,22.0,21.0,OK,2965.509,2954.349,-0.004346790139142298,0.01800035146841439,2962.7022,2937.9307,2967.247,2954.7552,False,False,False,False,False,False,False,False,False,,,,2024-01-05,2949.822,OK
2024-01-05,17.421300101005865,2024-01-19,2024-02-19,14.0,45.0,0.0345148184223297,0.0291354805163559,22.0,21.0,OK,2949.822,2929.183,-0.0085182894776481,0.0035865098168199605,2957.598,2938.9775,2954.349,2962.7022,False,False,False,False,False,False,False,False,False,,,,2024-01-08,2923.457,OK
2024-01-08,20.66963843154977,2024-01-19,2024-02-19,11.0,42.0,0.0580505451536431,0.0401880772663935,22.0,21.0,OK,2923.457,2887.538,-0.014217274919320455,-0.009344460550128275,2940.1186000000002,2936.2538,2929.183,2957.598,False,False,False,False,False,False,False,False,False,,,,2024-01-09,2887.11,OK
2024-01-09,18.841660976151395,2024-01-19,2024-02-19,10.0,41.0,0.0437915772351829,0.0343886439265499,22.0,21.0,OK,2887.11,2893.251,0.0019785021010980675,-0.008757669641734411,2926.3136,2933.6976,2887.538,2940.1186000000002,False,False,False,False,False,False,False,False,False,,,,2024-01-10,2886.981,OK
2024-01-10,19.070021351615885,2024-01-19,2024-02-19,9.0,40.0,0.0473441424484659,0.0351904031122488,22.0,21.0,OK,2886.981,2877.702,-0.005374231271327634,-0.007305237645310325,2908.4046000000003,2931.5798999999997,2893.251,2926.3136,False,False,False,False,False,False,False,False,False,,,,2024-01-11,2873.798,OK
2024-01-11,18.783770680378385,2024-01-19,2024-02-19,8.0,39.0,0.0437459438815209,0.0345728273321951,23.0,22.0,OK,2873.798,2886.65,0.0031094255068802035,-0.009594409414076743,2894.8648000000003,2928.7835000000005,2877.702,2908.4046000000003,False,False,False,False,False,False,False,False,False,,,,2024-01-12,2880.04,OK
2024-01-12,18.63373417520593,2024-01-19,2024-02-19,7.0,38.0,0.0392783208522259,0.0344296414397178,22.0,22.0,OK,2880.04,2881.977,-0.0016188315175030832,-0.024613971484114927,2885.4236,2921.5108,2886.65,2894.8648000000003,False,False,False,False,False,False,False,False,False,,,,2024-01-15,2872.556,OK
2024-01-15,17.656211045016267,2024-02-19,2024-02-19,35.0,35.0,0.0311741788466154,0.0311741788466154,22.0,22.0,WARN_NOT_BRACKET_30D,2872.556,2886.291,0.0014968891146598384,-0.029796953546884164,2885.1742000000004,2912.6464000000005,2881.977,2885.4236,False,False,False,False,False,False,False,False,False,,,,2024-01-16,2881.56,WARN_NOT_BRACKET_30D
2024-01-16,17.72776334330654,2024-02-19,2024-02-19,34.0,34.0,0.0314273593156282,0.0314273593156282,22.0,22.0,WARN_NOT_BRACKET_30D,2881.56,2893.989,0.0026670907403307798,-0.02305220715422862,2885.3218,2905.8177,2886.291,2885.1742000000004,False,False,False,False,False,False,False,False,False,,,,2024-01-17,2887.292,WARN_NOT_BRACKET_30D
2024-01-17,20.26752208539709,2024-02-19,2024-02-19,33.0,33.0,0.0410772451482058,0.0410772451482058,21.0,21.0,WARN_NOT_BRACKET_30D,2887.292,2833.615,-0.02086186229456999,-0.04503568459248597,2876.5044000000003,2892.4545000000003,2893.989,2885.3218,False,False,False,False,False,False,False,False,False,,,,2024-01-18,2822.667,WARN_NOT_BRACKET_30D
2024-01-18,20.74842442927521,2024-02-19,2024-02-19,32.0,32.0,0.0430497116297344,0.0430497116297344,22.0,22.0,WARN_NOT_BRACKET_30D,2822.667,2845.784,0.004294514251230508,-0.03674752035050699,2868.3312,2881.598,2833.615,2876.5044000000003,False,False,False,False,False,False,False,False,False,,,,2024-01-19,2836.975,WARN_NOT_BRACKET_30D
2024-01-19,19.04393852272901,2024-02-19,2024-02-19,31.0,31.0,0.0362671594457482,0.0362671594457482,22.0,22.0,WARN_NOT_BRACKET_30D,2836.975,2832.279,-0.004745616673647812,-0.03308226218710131,2858.3916,2871.9076,2845.784,2868.3312,False,False,False,False,False,False,False,False,False,,,,2024-01-22,2826.503,WARN_NOT_BRACKET_30D
2024-01-22,22.377751084161066,2024-02-19,2024-03-15,28.0,53.0,0.0493910926446566,0.0542397840159574,22.0,25.0,OK,2826.503,2756.34,-0.026811977209872273,-0.04543593885171382,2832.4014,2858.7878,2832.279,2858.3916,False,False,False,False,False,False,False,False,False,,,,2024-01-23,2746.892,OK
2024-01-23,20.9154595557627,2024-02-19,2024-03-15,27.0,52.0,0.0422425067951935,0.0494691320244291,23.0,26.0,OK,2746.892,2770.976,0.00530993999288909,-0.042262147321473376,2807.7987999999996,2846.5603,2756.34,2832.4014,False,False,False,False,False,False,False,False,False,,,,2024-01-24,2782.142,OK
2024-01-24,19.64014433083878,2024-02-19,2024-03-15,26.0,51.0,0.0356927991268848,0.0462837101810504,23.0,26.0,OK,2782.142,2820.772,0.017970563440462772,-0.019783146413353547,2805.2302000000004,2840.8673,2770.976,2807.7987999999996,False,False,False,False,False,False,False,False,False,,,,2024-01-25,2823.826,OK
2024-01-25,18.47757771251213,2024-02-19,2024-03-15,25.0,50.0,0.0302244604514843,0.0419773425336088,23.0,26.0,OK,2823.826,2906.109,0.030253065472856333,0.0067410319921015205,2817.2951999999996,2842.8131999999996,2820.772,2805.2302000000004,False,False,False,False,False,False,False,False,False,,,,2024-01-26,2897.915,OK
2024-01-26,18.044078281271613,2024-02-19,2024-03-15,24.0,49.0,0.0279202655626533,0.0397534557142157,23.0,26.0,OK,2897.915,2910.223,0.0014156385737769117,0.009800910971877963,2832.8840000000005,2845.6378,2906.109,2817.2951999999996,False,False,False,False,False,False,False,False,False,,,,2024-01-29,2910.607,OK
2024-01-29,19.598536797956744,2024-02-19,2024-03-15,21.0,46.0,0.0315498542397157,0.0439781336280684,23.0,26.0,OK,2910.607,2883.356,-0.009231938583400545,-0.0010168759837452246,2858.2872,2845.3442999999997,2910.223,2832.8840000000005,False,False,False,False,False,False,False,False,False,,,,2024-01-30,2866.28,OK
2024-01-30,20.7118605757598,2024-02-19,2024-03-15,20.0,45.0,0.0361753425944353,0.0473799663553286,22.0,26.0,OK,2866.28,2830.527,-0.01832205249715957,-0.021928901595686834,2870.1974,2838.9981,2883.356,2858.2872,False,False,False,False,False,False,False,False,False,,,,2024-01-31,2815.504,OK
2024-01-31,22.482423473984543,2024-02-19,2024-03-15,19.0,44.0,0.0430149965484506,0.0546848415555371,23.0,26.0,OK,2815.504,2788.548,-0.01483080712531637,-0.015904418913649132,2863.7526,2834.4914,2830.527,2870.1974,False,False,False,False,False,False,False,False,False,,,,2024-02-01,2773.424,OK
2024-02-01,22.357875526557848,2024-02-19,2024-03-15,18.0,43.0,0.0396319681381365,0.0546835548648355,23.0,26.0,OK,2773.424,2770.74,-0.006386119227641096,-0.026370237516269768,2836.6787999999997,2826.987,2788.548,2863.7526,False,False,False,False,False,False,False,False,False,,,,2024-02-02,2773.295,OK
2024-02-02,23.967292730697416,2024-02-19,2024-03-15,17.0,42.0,0.0474207044353539,0.0611877479086234,23.0,26.0,OK,2773.295,2730.152,-0.014648794184946912,-0.03605824143737246,2800.6645999999996,2816.7743,2770.74,2836.6787999999997,False,False,False,False,False,False,False,False,False,,,,2024-02-05,2716.081,OK
2024-02-05,27.22987568402288,2024-02-19,2024-03-15,14.0,39.0,0.0582410187556912,0.0773583195021369,23.0,26.0,OK,2716.081,2702.185,-0.010243751996225847,-0.019647431013590566,2764.4303999999997,2811.3588,2730.152,2800.6645999999996,False,False,False,False,False,False,False,False,False,,,,2024-02-06,2680.485,OK
2024-02-06,22.767856835511573,2024-02-19,2024-03-15,13.0,38.0,0.0300881929345511,0.055338971828147,23.0,26.0,OK,2680.485,2789.486,0.03230755851283318,0.006679956809441778,2756.2221999999997,2813.2097999999996,2702.185,2764.4303999999997,False,True,True,False,False,True,False,True,False,,,,2024-02-07,2791.515,OK
2024-02-07,22.33689928413417,2024-02-19,2024-03-15,12.0,37.0,0.0202249820442958,0.0536357083040475,23.0,26.0,OK,2791.515,2829.696,0.014414842017489882,0.003163672923582661,2764.4518,2814.1022000000003,2789.486,2756.2221999999997,False,False,False,False,False,False,False,False,False,,,,2024-02-08,2832.486,OK
2024-02-08,21.672599505036064,2024-02-19,2024-03-15,11.0,36.0,0.0207623432081723,0.0494989810616773,23.0,26.0,OK,2832.486,2865.903,0.012795367417560044,-0.013834993800989626,2783.4844000000003,2810.0816,2829.696,2764.4518,False,False,False,False,False,False,False,False,False,,,,2024-02-19,2886.587,OK
2024-02-19,21.56589223046868,2024-03-15,2024-04-19,25.0,60.0,0.0482369015272762,0.0421884438754755,26.0,19.0,OK,2886.587,2910.544,0.015576591391962769,0.00011030082574414735,2819.5628,2810.1137,2865.903,2783.4844000000003,False,False,False,False,False,False,False,False,False,,,,2024-02-20,2902.877,OK
2024-02-20,19.6017051158422,2024-03-15,2024-04-19,24.0,59.0,0.0393896390030893,0.0365215531523598,26.0,19.0,OK,2902.877,2922.73,0.004186846170338043,0.013655615192851522,2863.6718,2814.0510999999997,2910.544,2819.5628,False,False,False,False,False,False,True,False,True,,AVIX<20,AVIX<20,2024-02-21,2906.024,OK
2024-02-21,19.065671153387225,2024-03-15,2024-04-19,23.0,58.0,0.0373754020943482,0.0347234526768359,26.0,20.0,OK,2906.024,2950.956,0.009657409339898004,0.0425464939921083,2895.9658,2826.094,2922.73,2863.6718,False,False,False,False,False,False,False,False,False,,,,2024-02-22,2945.447,OK
2024-02-22,19.866098312907628,2024-03-15,2024-04-19,22.0,57.0,0.0416688680703814,0.0365969032782786,27.0,21.0,OK,2945.447,2988.358,0.012674536658628499,0.07165377823871077,2927.6982,2846.075,2950.956,2895.9658,False,False,False,False,False,False,False,False,False,,,,2024-02-23,2992.912,OK
2024-02-23,20.088421955783044,2024-03-15,2024-04-19,21.0,56.0,0.0423992370370023,0.0381393050169112,27.0,21.0,OK,2992.912,3004.881,0.005529123351352139,0.08450486151713976,2955.4937999999997,2869.4891,2988.358,2927.6982,False,False,False,False,False,False,False,False,False,,,,2024-02-26,3002.118,OK
2024-02-26,20.246636826948787,2024-03-15,2024-04-19,18.0,53.0,0.0452436899480322,0.0382254310625193,27.0,21.0,OK,3002.118,2977.022,-0.00927124901119214,0.09042353685802107,2968.7894,2894.1760999999997,3004.881,2955.4937999999997,False,False,False,False,False,False,False,False,False,,,,2024-02-27,2966.417,OK
2024-02-27,20.24856131090046,2024-03-15,2024-04-19,17.0,52.0,0.0451811087442288,0.0386874408603467,27.0,21.0,OK,2966.417,3015.481,0.012918614642417836,0.1159417286381208,2987.3396000000002,2925.5057,2977.022,2968.7894,False,False,False,False,False,False,False,False,False,,,,2024-02-28,3016.256,OK
2024-02-28,20.05521770727483,2024-03-15,2024-04-19,16.0,51.0,0.0454147371369142,0.0377771468305977,27.0,21.0,OK,3016.256,2957.852,-0.019111047292289518,0.060357356158087905,2988.7188,2942.3423,3015.481,2987.3396000000002,False,False,False,False,False,False,False,False,False,,,,2024-02-29,2943.624,OK
2024-02-29,19.954467562460923,2024-03-15,2024-04-19,15.0,50.0,0.0431884777929803,0.0384699174809905,27.0,21.0,OK,2943.624,3015.171,0.019378589598127327,0.06554591023205325,2994.0814,2960.8898,2957.852,2988.7188,False,False,False,False,False,False,False,False,False,,,,2024-03-01,3013.823,OK
2024-03-01,19.91213570901162,2024-03-15,2024-04-19,14.0,49.0,0.0427631214916503,0.0385928447386492,26.0,22.0,OK,3013.823,3027.02,0.003929793699926298,0.056218581019664704,2998.5092,2977.0015,3015.171,2994.0814,False,False,False,False,False,False,False,False,False,,,,2024-03-04,3026.607,OK
2024-03-04,20.19795837139397,2024-03-15,2024-04-19,11.0,46.0,0.048571164066783,0.0392299942487018,27.0,22.0,OK,3026.607,3039.306,0.004058777279304371,0.04423983970006984,3010.966,2989.8777,3027.02,2998.5092,False,False,False,False,False,False,False,False,False,,,,2024-03-05,3027.103,OK
2024-03-05,19.10568091590495,2024-03-15,2024-04-19,10.0,45.0,0.0411742792060769,0.0357241085126975,27.0,21.0,OK,3027.103,3047.793,0.002792413794465043,0.04278978899864172,3017.4284,3002.384,3039.306,3010.966,False,False,False,False,False,False,False,False,False,,,,2024-03-06,3041.752,OK
2024-03-06,18.215506273985724,2024-03-15,2024-04-19,9.0,44.0,0.0382858965681004,0.0324842719245332,28.0,23.0,OK,3041.752,3039.931,-0.002579571512894785,0.030151245901328227,3033.8442000000005,3011.2815,3047.793,3017.4284,False,False,False,False,False,False,False,False,False,,,,2024-03-07,3040.211,OK
2024-03-07,17.48883511652647,2024-03-15,2024-04-19,8.0,43.0,0.0351406968209397,0.0300852004995691,28.0,23.0,OK,3040.211,3027.401,-0.0041218040804216205,0.013065034376737783,3036.2902000000004,3015.1858,3039.931,3033.8442000000005,False,False,False,False,False,False,False,False,False,,,,2024-03-08,3026.165,OK
2024-03-08,17.041468385639348,2024-03-15,2024-04-19,7.0,42.0,0.0320001736838607,0.02878385932518,28.0,23.0,OK,3026.165,3046.019,0.006149829507224203,0.013690392398234774,3040.09,3019.2996,3027.401,3036.2902000000004,False,False,False,False,False,False,False,False,False,,,,2024-03-11,3042.619,OK
2024-03-11,16.960984454874012,2024-04-19,2024-04-19,39.0,39.0,0.0287674993678477,0.0287674993678477,23.0,23.0,WARN_NOT_BRACKET_30D,3042.619,3068.455,0.007365679596877062,0.03071290705947094,3045.9197999999997,3028.4429,3046.019,3040.09,False,False,False,False,False,False,False,False,False,,,,2024-03-12,3068.182,WARN_NOT_BRACKET_30D
2024-03-12,17.06008416366578,2024-04-19,2024-04-19,38.0,38.0,0.0291046471671359,0.0291046471671359,23.0,23.0,WARN_NOT_BRACKET_30D,3068.182,3055.935,-0.004080229301065219,0.013415438532028423,3047.5482,3032.4883,3068.455,3045.9197999999997,False,False,False,False,False,False,False,False,False,,,,2024-03-13,3053.341,WARN_NOT_BRACKET_30D
2024-03-13,17.139131069964535,2024-04-19,2024-04-19,37.0,37.0,0.0293749813833423,0.0293749813833423,24.0,24.0,WARN_NOT_BRACKET_30D,3053.341,3043.835,-0.003959508301060066,0.029069405771485535,3048.3289999999997,3041.0866,3055.935,3047.5482,False,False,False,False,False,False,False,False,False,,,,2024-03-14,3042.413,WARN_NOT_BRACKET_30D
2024-03-14,16.80582880406969,2024-04-19,2024-04-19,36.0,36.0,0.0282435881791698,0.0282435881791698,23.0,23.0,WARN_NOT_BRACKET_30D,3042.413,3038.234,-0.0018401128839112824,0.007648985745750458,3050.4955999999997,3043.3929,3043.835,3048.3289999999997,False,False,False,False,False,False,False,False,False,,,,2024-03-15,3031.523,WARN_NOT_BRACKET_30D
2024-03-15,16.34111687882292,2024-04-19,2024-04-19,35.0,35.0,0.0267032100847351,0.0267032100847351,24.0,24.0,WARN_NOT_BRACKET_30D,3031.523,3054.636,0.005398530857070316,0.009123164035916398,3052.219,3046.1545,3038.234,3050.4955999999997,False,False,False,False,False,False,False,False,False,,,,2024-03-18,3057.209,WARN_NOT_BRACKET_30D
2024-03-18,16.18730028191914,2024-04-19,2024-04-19,32.0,32.0,0.0262028690417019,0.0262028690417019,24.0,24.0,WARN_NOT_BRACKET_30D,3057.209,3084.926,0.009916075106821243,0.01501000557364085,3055.5132,3050.7165,3054.636,3052.219,False,False,False,False,False,False,False,False,False,,,,2024-03-19,3077.981,WARN_NOT_BRACKET_30D
2024-03-19,16.201985479512064,2024-04-19,2024-04-19,31.0,31.0,0.0262504333478319,0.0262504333478319,24.0,24.0,WARN_NOT_BRACKET_30D,3077.981,3062.756,-0.007186558121653475,0.004909454152562054,3056.8774,3052.2128000000002,3084.926,3055.5132,False,False,False,False,False,False,False,False,False,,,,2024-03-20,3058.648,WARN_NOT_BRACKET_30D
2024-03-20,16.112568144409526,2024-04-19,2024-04-19,30.0,30.0,0.025961485220824,0.025961485220824,24.0,24.0,OK,3058.648,3079.686,0.005527701194610435,0.01307759945867204,3064.0476000000003,3056.1883,3062.756,3056.8774,False,False,False,False,False,False,False,False,False,,,,2024-03-21,3084.412,OK
2024-03-21,16.218012602924368,2024-04-19,2024-05-17,29.0,57.0,0.026309649457018,0.026202716305235,24.0,20.0,OK,3084.412,3077.113,-0.0008354747854165678,0.016420685597976714,3071.8234,3061.1595,3079.686,3064.0476000000003,False,False,False,False,False,False,False,False,False,,,,2024-03-22,3070.548,OK
2024-03-22,16.926998753870194,2024-04-19,2024-05-17,28.0,56.0,0.0286643678712226,0.0285740739471951,24.0,20.0,OK,3070.548,3048.034,-0.00945009169309019,0.0006615191829073552,3070.5029999999997,3061.361,3077.113,3071.8234,False,False,False,False,False,False,False,False,False,,,,2024-03-25,3040.501,OK
2024-03-25,16.9332672430995,2024-04-19,2024-05-17,25.0,53.0,0.0287339137636028,0.0285425845514392,24.0,20.0,OK,3040.501,3026.306,-0.007128529406168038,-0.013736228818737706,3058.779,3057.1461,3048.034,3070.5029999999997,False,False,False,False,False,False,False,False,False,,,,2024-03-26,3026.922,OK
2024-03-26,16.334923941141856,2024-04-19,2024-05-17,24.0,52.0,0.0265057730608681,0.0269828525562317,24.0,20.0,OK,3026.922,3031.481,0.0017100055314962503,-0.008002133553233204,3052.5240000000003,3054.7007000000003,3026.306,3058.779,False,False,False,False,False,False,False,False,False,,,,2024-03-27,3026.814,OK
2024-03-27,17.008004243626683,2024-04-19,2024-05-17,23.0,51.0,0.0295380934783546,0.0281007460825138,24.0,20.0,OK,3026.814,2993.139,-0.012647943364975767,-0.01665530490318956,3035.2146000000002,3049.6310999999996,3031.481,3052.5240000000003,False,False,False,False,False,False,False,False,False,,,,2024-03-28,2988.59,OK
2024-03-28,16.26036562835971,2024-04-19,2024-05-17,22.0,50.0,0.0271215341905056,0.0256902053677116,24.0,20.0,OK,2988.59,3010.664,0.0058550571824429465,-0.009074350428571187,3021.9248,3046.8741,2993.139,3035.2146000000002,False,False,False,False,False,False,False,False,False,,,,2024-03-29,3008.376,OK
2024-03-29,15.806816086213129,2024-04-19,2024-05-17,21.0,49.0,0.0250508378514331,0.0249264676169635,23.0,19.0,OK,3008.376,3041.167,0.010131652020949344,-0.004409363341491446,3020.5514000000003,3045.5272,3010.664,3021.9248,False,False,False,False,False,False,False,False,False,,,,2024-04-01,3049.021,OK
2024-04-01,15.461413734747348,2024-04-19,2024-05-17,18.0,46.0,0.0250247774732206,0.0233215770300422,23.0,20.0,OK,3049.021,3077.379,0.011907271123223317,-0.002446412004696419,3030.766,3044.7725,3041.167,3020.5514000000003,False,False,False,False,False,False,False,False,False,,,,2024-04-02,3076.875,OK
2024-04-02,15.593526995116363,2024-04-19,2024-05-17,17.0,45.0,0.025463463920032,0.0238155483226928,24.0,20.0,OK,3076.875,3074.959,-0.0007863834776282719,0.003984320004597253,3039.4616,3045.9928,3077.379,3030.766,False,False,False,False,False,False,False,False,False,,,,2024-04-03,3074.893,OK
2024-04-03,15.377920499526734,2024-04-19,2024-05-17,16.0,44.0,0.0242694404095851,0.023422081517846,24.0,19.0,OK,3074.893,3069.296,-0.0018416505716011278,-0.003373720567616423,3054.693,3044.9538000000002,3074.959,3039.4616,False,False,False,False,False,False,False,False,False,,,,2024-04-08,3057.326,OK
2024-04-08,16.122404517786293,2024-04-19,2024-05-17,11.0,39.0,0.0311140097264611,0.0253090350089497,24.0,20.0,OK,3057.326,3047.053,-0.0072469387116784745,-0.009768897014831746,3061.9708,3041.9478,3069.296,3054.693,False,False,False,False,False,False,False,False,False,,,,2024-04-09,3044.614,OK
2024-04-09,15.934399242491192,2024-04-19,2024-05-17,10.0,38.0,0.0308734317120352,0.0248133580492656,24.0,20.0,OK,3044.614,3048.537,0.0004870279578332859,0.00016502440589571954,3063.4447999999998,3041.9981,3047.053,3061.9708,False,False,False,False,False,False,False,False,False,,,,2024-04-10,3045.961,OK
2024-04-10,15.374637528753077,2024-04-19,2024-05-17,9.0,37.0,0.0301709233214637,0.0231082472053453,24.0,20.0,OK,3045.961,3027.335,-0.006954811439060737,0.0003400184911901416,3053.436,3042.1009999999997,3048.537,3063.4447999999998,False,False,False,False,False,False,False,False,False,,,,2024-04-11,3013.573,OK
2024-04-11,14.957465071034202,2024-04-19,2024-05-17,8.0,36.0,0.0286066650255371,0.0219947525660046,24.0,20.0,OK,3013.573,3034.246,0.002282865953057822,0.0009120954411390159,3045.2934,3042.3775,3027.335,3053.436,False,False,False,False,False,False,False,False,False,,,,2024-04-12,3035.577,OK
2024-04-12,15.29690603948846,2024-04-19,2024-05-17,7.0,35.0,0.0296681191311649,0.0231269862340472,24.0,20.0,OK,3035.577,3019.474,-0.004868425302365087,0.008798455400835126,3035.329,3045.011,3034.246,3045.2934,False,False,False,False,False,False,False,False,False,,,,2024-04-15,3013.672,OK
2024-04-15,15.94124174301669,2024-05-17,2024-05-17,32.0,32.0,0.0254123188309297,0.0254123188309297,20.0,20.0,WARN_NOT_BRACKET_30D,3013.672,3057.378,0.01255317979224202,0.015516178490857735,3037.3940000000002,3049.6824,3019.474,3035.329,False,False,False,False,False,False,False,False,False,,,,2024-04-16,3043.551,WARN_NOT_BRACKET_30D
2024-04-16,17.321818580784896,2024-05-17,2024-05-17,31.0,31.0,0.0300045398945624,0.0300045398945624,20.0,20.0,WARN_NOT_BRACKET_30D,3043.551,3007.068,-0.01645527638388189,-0.011212472054313305,3029.1002,3046.2725,3057.378,3037.3940000000002,False,False,False,False,False,False,False,False,False,,,,2024-04-17,3008.061,WARN_NOT_BRACKET_30D
2024-04-17,16.179836834500723,2024-05-17,2024-05-17,30.0,30.0,0.0261787119991066,0.0261787119991066,20.0,20.0,OK,3008.061,3071.381,0.02138727823913511,-0.0019490611978569827,3037.9094000000005,3045.6727,3007.068,3029.1002,False,False,False,False,False,False,False,False,False,,,,2024-04-18,3060.031,OK
2024-04-18,16.21977063300781,2024-05-17,2024-06-21,29.0,64.0,0.0261482720130287,0.0287703832942001,20.0,27.0,OK,3060.031,3074.225,0.0009259678301063445,-0.0002387023696901469,3045.9052,3045.5993,3071.381,3037.9094000000005,False,False,False,False,False,False,False,False,False,,,,2024-04-19,3060.299,OK
2024-04-19,16.711756581160827,2024-05-17,2024-06-21,28.0,63.0,0.0276259136164461,0.0301456401693719,20.0,27.0,OK,3060.299,3065.261,-0.0029158568419682673,-0.0013146337140503839,3055.0626,3045.1958,3074.225,3045.9052,False,False,False,False,False,False,False,False,False,,,,2024-04-22,3059.065,OK
2024-04-22,16.587653696586706,2024-05-17,2024-06-21,25.0,60.0,0.0267282668013891,0.0294819223017874,20.0,27.0,OK,3059.065,3044.595,-0.0067420033726329764,-0.0008066810784059797,3052.506,3044.95,3065.261,3055.0626,False,False,False,False,False,False,False,False,False,,,,2024-04-23,3038.612,OK
2024-04-23,16.41392103327516,2024-05-17,2024-06-21,24.0,59.0,0.0261902562780539,0.0284190565467985,20.0,27.0,OK,3038.612,3021.978,-0.007428574243864894,-0.008712047778983711,3055.4880000000003,3042.2941,3044.595,3052.506,False,False,False,False,False,False,False,False,False,,,,2024-04-24,3029.403,OK
2024-04-24,16.229319436746497,2024-05-17,2024-06-21,23.0,58.0,0.0254173222138795,0.0278011809831456,20.0,27.0,OK,3029.403,3044.822,0.007559287327703945,0.005776367663307802,3050.1762000000003,3044.0428,3021.978,3055.4880000000003,False,False,False,False,False,False,False,False,False,,,,2024-04-25,3037.927,OK
2024-04-25,15.370591521724904,2024-05-17,2024-06-21,22.0,57.0,0.0221735840684941,0.0255168308217658,19.0,27.0,OK,3037.927,3052.9,0.0026530286499506506,0.006147820578819241,3045.9112,3045.9082000000003,3044.822,3050.1762000000003,False,False,False,False,False,False,False,False,False,,,,2024-04-26,3054.979,OK
2024-04-26,15.382961201155467,2024-05-17,2024-06-21,21.0,56.0,0.022371122760852,0.0250636785332966,20.0,27.0,OK,3054.979,3088.636,0.011705591404893578,0.02290531397190354,3050.5862,3052.8244,3052.9,3045.9112,False,False,False,False,False,False,False,False,False,,,,2024-04-29,3086.682,OK
2024-04-29,17.157751979378094,2024-05-17,2024-06-21,18.0,53.0,0.0281161659593248,0.0302998346798019,20.0,27.0,OK,3086.682,3113.043,0.007902193719169226,0.018206777179661682,3064.2758000000003,3058.3909,3088.636,3050.5862,False,False,False,False,False,False,False,False,False,,,,2024-04-30,3110.159,OK
2024-04-30,16.13530198298786,2024-05-17,2024-06-21,17.0,52.0,0.0242272685587586,0.0270348201444623,18.0,27.0,OK,3110.159,3104.825,-0.0026398607407608354,0.03250907528529434,3080.8451999999997,3068.1666,3113.043,3064.2758000000003,False,False,False,False,False,False,False,False,False,,,,2024-05-06,3132.512,OK
2024-05-06,17.14445847456704,2024-05-17,2024-06-21,11.0,46.0,0.0297076326503149,0.0293299365836277,18.0,27.0,OK,3132.512,3140.72,0.011561038061726592,0.022575838035072904,3100.0248,3075.1004999999996,3104.825,3080.8451999999997,False,False,False,False,False,False,False,False,False,,,,2024-05-07,3139.664,OK
2024-05-07,17.008983121764132,2024-05-17,2024-06-21,10.0,45.0,0.0288026634757493,0.0289518652182951,20.0,28.0,OK,3139.664,3147.738,0.002234519473241825,0.023912693443062905,3118.9924,3082.4518,3140.72,3100.0248,False,False,False,False,False,False,False,False,False,,,,2024-05-08,3141.487,OK
2024-05-08,16.51076798746397,2024-05-17,2024-06-21,9.0,44.0,0.0265260553462231,0.0273607037636815,20.0,28.0,OK,3141.487,3128.48,-0.006118044132008338,0.020624344876341683,3126.9611999999997,3088.7736999999997,3147.738,3118.9924,False,False,False,False,False,False,False,False,False,,,,2024-05-09,3128.164,OK
2024-05-09,16.51525149163361,2024-05-17,2024-06-21,8.0,43.0,0.0259836041148454,0.0274173636515921,20.0,26.0,OK,3128.164,3154.32,0.008259602107093533,0.03603927615988356,3135.2165999999997,3099.7462,3128.48,3126.9611999999997,False,False,False,False,False,False,False,False,False,,,,2024-05-10,3158.589,OK
2024-05-10,16.335447688637643,2024-05-17,2024-06-21,7.0,42.0,0.0244105149136618,0.0268824390497051,20.0,27.0,OK,3158.589,3154.547,7.196479748405871e-05,0.043868287591769306,3145.1609999999996,3113.0031000000004,3154.32,3135.2165999999997,False,False,False,False,False,False,False,False,False,,,,2024-05-13,3139.475,OK
2024-05-13,16.25206274083878,2024-06-21,2024-06-21,39.0,39.0,0.026412954333216,0.026412954333216,28.0,28.0,WARN_NOT_BRACKET_30D,3139.475,3148.021,-0.00206875979340293,0.03389327849049972,3146.6212,3123.3230000000003,3154.547,3145.1609999999996,False,False,False,False,False,False,False,False,False,,,,2024-05-14,3148.849,WARN_NOT_BRACKET_30D
2024-05-14,16.195399999879463,2024-06-21,2024-06-21,38.0,38.0,0.0262290981156095,0.0262290981156095,27.0,27.0,WARN_NOT_BRACKET_30D,3148.849,3145.774,-0.0007137817695626048,0.03042156637950799,3146.2284,3132.6104,3148.021,3146.6212,False,False,False,False,False,False,False,False,False,,,,2024-05-15,3141.252,WARN_NOT_BRACKET_30D
2024-05-15,16.006248622656933,2024-06-21,2024-06-21,37.0,37.0,0.0256199994970307,0.0256199994970307,28.0,28.0,WARN_NOT_BRACKET_30D,3141.252,3119.902,-0.008224367039717406,0.010122915099092245,3144.5128,3135.737,3145.774,3146.2284,False,False,False,False,False,False,False,False,False,,,,2024-05-16,3127.184,WARN_NOT_BRACKET_30D
2024-05-16,15.854499470612508,2024-06-21,2024-06-21,36.0,36.0,0.0251365153463652,0.0251365153463652,28.0,28.0,WARN_NOT_BRACKET_30D,3127.184,3122.401,0.0008009866976590452,0.0030060619143390532,3138.129,3136.6728,3119.902,3144.5128,False,False,False,False,False,False,False,False,False,,,,2024-05-17,3121.713,WARN_NOT_BRACKET_30D
2024-05-17,15.704316800382664,2024-06-21,2024-06-21,35.0,35.0,0.0246625566166781,0.0246625566166781,28.0,28.0,WARN_NOT_BRACKET_30D,3121.713,3154.026,0.010128423607345782,0.015846625816269944,3138.0248,3141.5929,3122.401,3138.129,False,False,False,False,False,False,False,False,False,,,,2024-05-20,3156.148,WARN_NOT_BRACKET_30D
2024-05-20,15.384436372529423,2024-06-21,2024-06-21,32.0,32.0,0.0236680882500406,0.0236680882500406,28.0,28.0,WARN_NOT_BRACKET_30D,3156.148,3171.145,0.0054276661004062365,0.009687269161211542,3142.6495999999997,3144.6354,3154.026,3138.0248,False,False,False,False,False,False,False,False,False,,,,2024-05-21,3164.683,WARN_NOT_BRACKET_30D
2024-05-21,15.23802983563542,2024-06-21,2024-06-21,31.0,31.0,0.0232197553271715,0.0232197553271715,28.0,28.0,WARN_NOT_BRACKET_30D,3164.683,3157.966,-0.004155912138990803,0.0032493174463694707,3145.088,3145.6582,3171.145,3142.6495999999997,False,False,False,False,False,False,False,False,False,,,,2024-05-22,3157.189,WARN_NOT_BRACKET_30D
2024-05-22,15.360755929949724,2024-06-21,2024-06-21,30.0,30.0,0.0235952822739485,0.0235952822739485,28.0,28.0,OK,3157.189,3158.54,0.00018176256489144116,0.009608499974428364,3152.8156,3148.6642,3157.966,3145.088,False,False,False,False,False,False,False,False,False,,,,2024-05-23,3149.875,OK
2024-05-23,15.34214634515696,2024-06-21,2024-07-19,29.0,57.0,0.023573206593241,0.0230565160262133,28.0,20.0,OK,3149.875,3116.387,-0.013345723023928668,-0.01202572979279215,3151.6128,3144.8709000000003,3158.54,3152.8156,False,False,False,False,False,False,False,False,False,,,,2024-05-24,3110.753,OK
2024-05-24,16.23827969318242,2024-06-21,2024-07-19,28.0,56.0,0.0265595637784794,0.025124130985399,28.0,20.0,OK,3110.753,3088.871,-0.0088294553917726,-0.020819471068270645,3138.5818,3138.3033,3116.387,3151.6128,False,False,False,False,False,False,False,False,False,,,,2024-05-27,3094.14,OK
2024-05-27,15.742712759149413,2024-06-21,2024-07-19,25.0,53.0,0.0248535860040415,0.0246307942230615,27.0,20.0,OK,3094.14,3124.043,0.011386684649504542,-0.007616848807552423,3129.1614,3135.9055,3088.871,3138.5818,False,False,False,False,False,False,False,False,False,,,,2024-05-28,3122.388,OK
2024-05-28,15.24152468866746,2024-06-21,2024-07-19,24.0,52.0,0.0231915953473149,0.0232960895601908,28.0,19.0,OK,3122.388,3109.572,-0.004632138546108333,-0.011508137583945866,3119.4826000000003,3132.2853,3124.043,3129.1614,False,False,False,False,False,False,False,False,False,,,,2024-05-29,3108.027,OK
2024-05-29,15.111790782475447,2024-06-21,2024-07-19,23.0,51.0,0.0223871354958646,0.0234447509534324,26.0,20.0,OK,3108.027,3111.018,0.00046501576422741664,-0.0028475253389369515,3109.9782000000005,3131.3968999999997,3109.572,3119.4826000000003,False,False,False,False,False,False,False,False,False,,,,2024-05-30,3103.708,OK
2024-05-30,15.29191541680424,2024-06-21,2024-07-19,22.0,50.0,0.023132979332549,0.023660684928282,28.0,20.0,OK,3103.708,3091.678,-0.006216614625823458,-0.00983954335141446,3105.0364,3128.3246,3111.018,3109.9782000000005,False,False,False,False,False,False,False,False,False,,,,2024-05-31,3094.759,OK
2024-05-31,15.346471574964374,2024-06-21,2024-07-19,21.0,49.0,0.0230420609871748,0.0240122666880207,27.0,20.0,OK,3094.759,3086.813,-0.0015735791372839536,-0.021310223821870755,3104.6248000000005,3121.6032999999998,3091.678,3105.0364,False,False,False,False,False,False,False,False,False,,,,2024-06-03,3085.981,OK
2024-06-03,15.232318911463157,2024-06-21,2024-07-19,18.0,46.0,0.0225624399071816,0.0235362221341579,28.0,20.0,OK,3085.981,3078.489,-0.002696632416670508,-0.029218468408098608,3095.514,3112.3377,3086.813,3104.6248000000005,False,False,False,False,False,False,False,False,False,,,,2024-06-04,3071.32,OK
2024-06-04,14.882866620660298,2024-06-21,2024-07-19,17.0,45.0,0.0213931237958827,0.0224798800261752,24.0,20.0,OK,3071.32,3091.199,0.004128648827395498,-0.02114240621969954,3091.8394,3105.661,3078.489,3095.514,False,False,False,False,False,False,False,False,False,,,,2024-06-05,3086.051,OK
2024-06-05,14.914261010703289,2024-06-21,2024-07-19,16.0,44.0,0.0216511976367132,0.0224589074269293,26.0,20.0,OK,3086.051,3065.403,-0.008344981995659362,-0.02948735808316505,3082.7164,3096.3473000000004,3091.199,3091.8394,False,False,False,False,False,False,False,False,False,,,,2024-06-06,3069.439,OK
2024-06-06,15.422373910927334,2024-06-21,2024-07-19,15.0,43.0,0.024202586323182,0.0236587030993015,26.0,20.0,OK,3069.439,3048.794,-0.005418210917129018,-0.0216895398421314,3074.1396,3089.588,3065.403,3082.7164,False,False,False,False,False,False,False,False,False,,,,2024-06-07,3053.915,OK
2024-06-07,15.856732911120467,2024-06-21,2024-07-19,14.0,42.0,0.0240903823072643,0.0254069017500102,27.0,20.0,OK,3053.915,3051.279,0.0008150763875813816,-0.01217014242420611,3067.0328,3085.8288000000002,3048.794,3074.1396,False,False,False,False,False,False,False,False,False,,,,2024-06-11,3042.134,OK
2024-06-11,16.14403441226995,2024-06-21,2024-07-19,10.0,38.0,0.0285404011502018,0.0258022040325876,26.0,20.0,OK,3042.134,3028.045,-0.0076145118161924374,-0.030728770378640746,3056.944,3076.2290000000003,3051.279,3067.0328,False,False,False,False,False,False,False,False,False,,,,2024-06-12,3025.296,OK
2024-06-12,15.565506469541171,2024-06-21,2024-07-19,9.0,37.0,0.0275085935571558,0.0239625455659958,27.0,20.0,OK,3025.296,3037.468,0.003111908838871136,-0.023187757028941713,3046.1978,3069.0186000000003,3028.045,3056.944,False,False,False,False,False,False,False,False,False,,,,2024-06-13,3038.086,OK
2024-06-13,15.081113715664763,2024-06-21,2024-07-19,8.0,36.0,0.0236243768704271,0.0226906428613935,27.0,20.0,OK,3038.086,3028.919,-0.002814515247568039,-0.026389754093354756,3038.901,3060.8087,3037.468,3046.1978,False,False,False,False,False,False,False,False,False,,,,2024-06-14,3020.959,OK
2024-06-14,14.813844005967733,2024-06-21,2024-07-19,7.0,35.0,0.0236818871554865,0.0218694804784375,28.0,20.0,OK,3020.959,3032.633,0.0012261800332065143,-0.01909804319854791,3035.6688,3054.9042,3028.919,3038.901,False,False,False,False,False,False,False,False,False,,,,2024-06-17,3017.717,OK
2024-06-17,14.887034934140877,2024-07-19,2024-07-19,32.0,32.0,0.022162380913033,0.022162380913033,19.0,19.0,WARN_NOT_BRACKET_30D,3017.717,3015.891,-0.005520615254137162,-0.022975800607292984,3028.5912,3047.812,3032.633,3035.6688,False,False,False,False,False,False,False,False,False,,,,2024-06-18,3015.071,WARN_NOT_BRACKET_30D
2024-06-18,14.545417832852644,2024-07-19,2024-07-19,31.0,31.0,0.0211569179932267,0.0211569179932267,20.0,20.0,WARN_NOT_BRACKET_30D,3015.071,3030.246,0.004759787406109828,-0.015670999636509975,3029.0314,3042.9877,3015.891,3028.5912,False,False,False,False,False,False,False,False,False,,,,2024-06-19,3029.099,WARN_NOT_BRACKET_30D
2024-06-19,14.44766197108421,2024-07-19,2024-07-19,30.0,30.0,0.0208734936430712,0.0208734936430712,20.0,20.0,OK,3029.099,3018.049,-0.0040250857521139105,-0.02366395693062795,3025.1476,3035.6727,3030.246,3029.0314,False,False,False,False,False,False,False,False,False,,,,2024-06-20,3015.722,OK
2024-06-20,14.710701653520752,2024-07-19,2024-08-16,29.0,57.0,0.0215336185480428,0.023108335097366,19.0,19.0,OK,3015.722,3005.437,-0.004178858593747226,-0.019562191333406975,3020.4512,3029.6760999999997,3018.049,3025.1476,False,False,False,False,False,False,False,False,False,,,,2024-06-21,2998.241,OK
2024-06-21,14.617278413580925,2024-07-19,2024-08-16,28.0,56.0,0.0212621525358663,0.0220446296819728,20.0,20.0,OK,2998.241,2998.138,-0.0024285985698585533,-0.016615094361901783,3013.5521999999996,3024.6105,3005.437,3020.4512,False,False,False,False,False,False,False,False,False,,,,2024-06-24,2982.826,OK
2024-06-24,14.54895762063991,2024-07-19,2024-08-16,25.0,53.0,0.0210479377913806,0.0214260296947884,21.0,21.0,OK,2982.826,2963.099,-0.01168692034856289,-0.02889935663044907,3002.9938,3015.7925,2998.138,3013.5521999999996,False,False,False,False,False,False,False,False,False,,,,2024-06-25,2962.765,OK
2024-06-25,15.248768811109162,2024-07-19,2024-08-16,24.0,52.0,0.0232332701905497,0.0232850293614769,20.0,21.0,OK,2962.765,2949.996,-0.004422059472194539,-0.025775376521815274,2986.9438,3007.9876,2963.099,3002.9938,False,False,False,False,False,False,False,False,False,,,,2024-06-26,2943.447,OK
2024-06-26,14.792040366871124,2024-07-19,2024-08-16,23.0,51.0,0.0218946820299062,0.0218611850689844,21.0,21.0,OK,2943.447,2972.525,0.007636959507741681,-0.021380636767202033,2977.839,3001.4933,2949.996,2986.9438,False,False,False,False,False,False,False,False,False,,,,2024-06-27,2962.696,OK
2024-06-27,14.804846354693437,2024-07-19,2024-08-16,22.0,50.0,0.0219615475352958,0.0218708275842513,21.0,20.0,OK,2962.696,2945.852,-0.00897317936770936,-0.027424635653842233,2965.922,2993.1866,2972.525,2977.839,False,False,False,False,False,False,False,False,False,,,,2024-06-28,2940.303,OK
2024-06-28,14.34164387666264,2024-07-19,2024-08-16,21.0,49.0,0.0205128456428701,0.0206184251964536,21.0,20.0,OK,2940.303,2967.403,0.00731571036155243,-0.021509361666907978,2959.775,2986.6636,2945.852,2965.922,False,False,False,False,False,False,False,False,False,,,,2024-07-01,2965.245,OK
2024-07-01,13.937356655943688,2024-07-19,2024-08-16,18.0,46.0,0.0203411638509631,0.0189469878578636,19.0,20.0,OK,2965.245,2994.73,0.00920906260457377,-0.007016500264764192,2966.1012,2984.5474999999997,2967.403,2959.775,False,False,False,False,False,False,False,False,False,,,,2024-07-02,2992.856,OK
2024-07-02,13.380821568647198,2024-07-19,2024-08-16,17.0,45.0,0.0179714581618134,0.0178755121030827,21.0,20.0,OK,2992.856,2997.011,0.0007616713359801519,-0.010967756413175711,2975.5042000000003,2981.224,2994.73,2966.1012,False,False,False,False,False,False,False,False,False,,,,2024-07-03,2995.664,OK
2024-07-03,13.364945287389688,2024-07-19,2024-08-16,16.0,44.0,0.0172861948974654,0.0180716240193198,21.0,20.0,OK,2995.664,2982.376,-0.004883198626898566,-0.011819887616138725,2977.4744,2977.6567,2997.011,2975.5042000000003,False,False,False,False,False,False,False,False,False,,,,2024-07-04,2984.83,OK
2024-07-04,13.60365795681644,2024-07-19,2024-08-16,15.0,43.0,0.0185662580172416,0.0184877186206922,21.0,20.0,OK,2984.83,2957.567,-0.008318535288642459,-0.01592780018346751,2979.8174,2972.8697,2982.376,2977.4744,False,False,False,False,False,False,False,False,False,,,,2024-07-05,2954.372,OK
2024-07-05,13.988359778507272,2024-07-19,2024-08-16,14.0,42.0,0.0193865524948001,0.0196126380379199,19.0,19.0,OK,2954.372,2949.933,-0.002581175675817282,-0.016078312606024103,2976.3234,2968.0492000000004,2957.567,2979.8174,False,False,False,False,False,False,False,False,False,,,,2024-07-08,2939.837,OK
2024-07-08,15.335669087595395,2024-07-19,2024-08-16,11.0,39.0,0.025520979107541,0.0232507068325892,21.0,18.0,OK,2939.837,2922.45,-0.009316482781134394,-0.013718407653608766,2961.8674,2963.9843,2949.933,2976.3234,False,False,False,False,False,False,False,False,False,,,,2024-07-09,2919.573,OK
2024-07-09,14.892574564962802,2024-07-19,2024-08-16,10.0,38.0,0.0236680242786284,0.0220221254476839,22.0,21.0,OK,2919.573,2959.372,0.012633920169720536,0.0031783093943178464,2954.3396000000002,2964.9219000000003,2922.45,2961.8674,False,False,False,False,False,False,False,False,False,,,,2024-07-10,2949.026,OK
2024-07-10,14.811744789944074,2024-07-19,2024-08-16,9.0,37.0,0.0246632862632941,0.0217178723270232,21.0,20.0,OK,2949.026,2939.364,-0.006760893865319972,-0.01115583552703514,2945.7372000000005,2961.6058,2959.372,2954.3396000000002,False,False,False,False,False,False,False,False,False,,,,2024-07-11,2957.25,OK
2024-07-11,14.634287042572035,2024-07-19,2024-08-16,8.0,36.0,0.0235730362313093,0.0212855205422046,22.0,21.0,OK,2957.25,2970.387,0.010554323996619708,0.008328660095619389,2948.3012,2964.0593,2939.364,2945.7372000000005,False,False,False,False,False,False,False,False,False,,,,2024-07-12,2965.612,OK
2024-07-12,13.916511489023376,2024-07-19,2024-08-16,7.0,35.0,0.020171554335635,0.0193319455009674,21.0,22.0,OK,2965.612,2971.295,0.00030568407416264876,0.0013115845741209498,2952.5736,2964.4485,2970.387,2948.3012,False,False,False,False,False,False,False,False,False,,,,2024-07-15,2963.847,OK
2024-07-15,13.569065635612326,2024-08-16,2024-08-16,32.0,32.0,0.0184119542223555,0.0184119542223555,20.0,20.0,WARN_NOT_BRACKET_30D,2963.847,2974.011,0.0009140795511721755,-0.006918486808493607,2962.8858,2962.3766000000005,2971.295,2952.5736,False,False,False,False,False,False,False,False,False,,,,2024-07-16,2963.9,WARN_NOT_BRACKET_30D
2024-07-16,13.10613622614564,2024-08-16,2024-08-16,31.0,31.0,0.0171770806778287,0.0171770806778287,21.0,21.0,WARN_NOT_BRACKET_30D,2963.9,2976.304,0.0007710126156224018,-0.006909217216753638,2966.2722000000003,2960.3059000000003,2974.011,2962.8858,False,False,False,False,False,False,False,False,False,,,,2024-07-17,2970.808,WARN_NOT_BRACKET_30D
2024-07-17,13.364925639618315,2024-08-16,2024-08-16,30.0,30.0,0.0178621237352527,0.0178621237352527,20.0,20.0,OK,2970.808,2962.855,-0.004518691639026184,-0.006545452350743219,2970.9703999999997,2958.3538,2976.304,2966.2722000000003,False,False,False,False,False,False,False,False,False,,,,2024-07-18,2951.143,OK
2024-07-18,14.356106788306713,2024-08-16,2024-09-20,29.0,64.0,0.0206113376095818,0.02058578655102,22.0,24.0,OK,2951.143,2977.133,0.004819000592334088,0.00661557286783343,2972.3196,2960.3104,2962.855,2970.9703999999997,False,False,False,False,False,False,False,False,False,,,,2024-07-19,2963.514,OK
2024-07-19,14.1212496162483,2024-08-16,2024-09-20,28.0,63.0,0.0198455015208865,0.0206410644504924,22.0,24.0,OK,2963.514,2982.309,0.00173858541086358,0.010975164520685698,2974.5224000000003,2963.548,2977.133,2972.3196,False,False,False,False,False,False,False,False,False,,,,2024-07-22,2978.193,OK
2024-07-22,14.229863723670272,2024-08-16,2024-09-20,25.0,60.0,0.0198815975715596,0.0211671636290804,22.0,24.0,OK,2978.193,2964.216,-0.0060667757767556285,0.014291433557460431,2972.5634,2967.7246,2982.309,2974.5224000000003,False,False,False,False,False,False,False,False,False,,,,2024-07-23,2960.5,OK
2024-07-23,15.050377128362802,2024-08-16,2024-09-20,24.0,59.0,0.0228543904873831,0.0222522560731798,22.0,24.0,OK,2960.5,2915.369,-0.016478893575906706,-0.014869033024573985,2960.3764,2963.3242999999998,2964.216,2972.5634,False,False,False,False,False,False,False,False,False,,,,2024-07-24,2909.152,OK
2024-07-24,15.923327260660091,2024-08-16,2024-09-20,23.0,58.0,0.0258619400799666,0.0245514961792117,22.0,24.0,OK,2909.152,2901.952,-0.004602161853267894,-0.012727923455550183,2948.1958000000004,2959.5831000000003,2915.369,2960.3764,False,False,False,False,False,False,False,False,False,,,,2024-07-25,2891.892,OK
2024-07-25,16.224334032601686,2024-08-16,2024-09-20,22.0,57.0,0.0269347132989829,0.0255259360845506,22.0,24.0,OK,2891.892,2886.742,-0.005241299649339504,-0.028159630378129186,2930.1176000000005,2951.2185999999997,2901.952,2948.1958000000004,False,False,False,False,False,False,False,False,False,,,,2024-07-26,2885.995,OK
2024-07-26,15.47436520854757,2024-08-16,2024-09-20,21.0,56.0,0.0239328516609004,0.0239594062439219,20.0,24.0,OK,2885.995,2890.897,0.0014393388809945673,-0.02705823555049236,2911.8352,2943.1788,2886.742,2930.1176000000005,False,False,False,False,False,False,False,False,False,,,,2024-07-29,2889.473,OK
2024-07-29,15.675781744353312,2024-08-16,2024-09-20,18.0,53.0,0.025364144040855,0.0240580320176557,19.0,24.0,OK,2889.473,2891.845,0.00032792589981589515,-0.027628008100844315,2897.361,2934.9622000000004,2890.897,2911.8352,False,False,False,False,False,False,False,False,False,,,,2024-07-30,2885.215,OK
2024-07-30,16.05932511296581,2024-08-16,2024-09-20,17.0,52.0,0.0273993954620901,0.0248998935221765,21.0,24.0,OK,2885.215,2879.3,-0.004338060995661808,-0.032592100806906776,2890.1472000000003,2925.2617999999998,2891.845,2897.361,False,False,False,False,False,False,False,False,False,,,,2024-07-31,2877.541,OK
2024-07-31,15.526350555283749,2024-08-16,2024-09-20,16.0,51.0,0.0255688904090147,0.0234186929789283,22.0,24.0,OK,2877.541,2938.749,0.02064703226478648,-0.0081360714581038,2897.5065999999997,2922.8512,2879.3,2890.1472000000003,False,False,False,False,False,False,False,False,False,,,,2024-08-01,2940.12,OK
2024-08-01,15.576971318046636,2024-08-16,2024-09-20,15.0,50.0,0.0255932946064214,0.0237325671194861,23.0,24.0,OK,2940.12,2932.387,-0.0021648667511242614,-0.015029896212228167,2906.6356,2918.3766,2938.749,2897.5065999999997,False,False,False,False,False,False,False,False,False,,,,2024-08-02,2913.02,OK
2024-08-02,16.230381114179423,2024-08-16,2024-09-20,14.0,49.0,0.0284123658399269,0.0256402603996022,23.0,24.0,OK,2913.02,2905.338,-0.009224225861047652,-0.02580919683372851,2909.5238,2910.6794999999997,2932.387,2906.6356,False,False,False,False,False,False,False,False,False,,,,2024-08-05,2889.363,OK
2024-08-05,18.86958274158322,2024-08-16,2024-09-20,11.0,46.0,0.0493424396024501,0.0328399904786288,21.0,24.0,OK,2889.363,2860.698,-0.015364821580139854,-0.03492255625096152,2903.2944,2900.3277,2905.338,2909.5238,False,False,False,False,False,False,False,False,False,,,,2024-08-06,2878.651,OK
2024-08-06,18.235435889635205,2024-08-16,2024-09-20,10.0,45.0,0.0414554644102739,0.0318860535082038,22.0,24.0,OK,2878.651,2867.284,0.0023022353285806485,-0.01649362396321019,2900.8912,2895.5192,2860.698,2903.2944,False,False,False,False,False,False,False,False,False,,,,2024-08-07,2864.01,OK
2024-08-07,16.602309256190473,2024-08-16,2024-09-20,9.0,44.0,0.0325872141766362,0.0268786381393436,22.0,24.0,OK,2864.01,2869.834,0.000889343364661288,-0.011067722691485038,2887.1082,2892.3074,2867.284,2900.8912,False,False,False,False,False,False,False,False,False,,,,2024-08-08,2864.758,OK
2024-08-08,15.513200854821187,2024-08-16,2024-09-20,8.0,43.0,0.0299187323435599,0.0234225041398333,23.0,24.0,OK,2864.758,2869.901,2.3346298078541494e-05,-0.005833912417528286,2874.611,2890.6233,2869.834,2887.1082,False,False,False,False,False,False,False,False,False,,,,2024-08-09,2879.873,OK
2024-08-09,15.316367753463132,2024-08-16,2024-09-20,7.0,42.0,0.0297074083510956,0.022915782008527,22.0,24.0,OK,2879.873,2862.194,-0.002685458487940884,-0.009928752217737258,2865.9822,2887.7529999999997,2869.901,2874.611,False,False,False,False,False,False,False,False,False,,,,2024-08-12,2858.895,OK
2024-08-12,14.89213720634881,2024-09-20,2024-09-20,39.0,39.0,0.0221775750572718,0.0221775750572718,25.0,25.0,WARN_NOT_BRACKET_30D,2858.895,2858.205,-0.0013936861023396974,-0.01163271198836724,2865.4836,2884.389,2862.194,2865.9822,False,False,False,False,False,False,False,False,False,,,,2024-08-13,2860.41,WARN_NOT_BRACKET_30D
2024-08-13,15.091245494059963,2024-09-20,2024-09-20,38.0,38.0,0.0227745690561985,0.0227745690561985,25.0,25.0,WARN_NOT_BRACKET_30D,2860.41,2867.946,0.003408083045127963,-0.0039433195568368,2865.616,2883.2536,2858.205,2865.4836,False,False,False,False,False,False,False,False,False,,,,2024-08-14,2866.243,WARN_NOT_BRACKET_30D
2024-08-14,15.211921919756804,2024-09-20,2024-09-20,37.0,37.0,0.0231402568492777,0.0231402568492777,24.0,24.0,WARN_NOT_BRACKET_30D,2866.243,2850.654,-0.006029402227238578,-0.029977041251226244,2861.7799999999997,2874.4440999999997,2867.946,2865.616,False,False,False,False,False,False,False,False,False,,,,2024-08-15,2844.201,WARN_NOT_BRACKET_30D
2024-08-15,14.736081064017634,2024-09-20,2024-09-20,36.0,36.0,0.0217152085125299,0.0217152085125299,25.0,25.0,WARN_NOT_BRACKET_30D,2844.201,2877.358,0.009367674926525682,-0.01876594051194469,2863.2714,2868.9412,2850.654,2861.7799999999997,False,False,False,False,False,False,False,False,False,,,,2024-08-16,2877.94,WARN_NOT_BRACKET_30D
2024-08-16,14.185844059704916,2024-09-20,2024-09-20,35.0,35.0,0.0201238171686265,0.0201238171686265,25.0,25.0,WARN_NOT_BRACKET_30D,2877.94,2879.43,0.0007201050408047749,-0.008917378976215584,2866.7185999999997,2866.3504000000003,2877.358,2863.2714,False,False,False,False,False,False,False,False,False,,,,2024-08-19,2877.954,WARN_NOT_BRACKET_30D
2024-08-19,14.093458971648568,2024-09-20,2024-09-20,32.0,32.0,0.0198625585785541,0.0198625585785541,25.0,25.0,WARN_NOT_BRACKET_30D,2877.954,2893.674,0.004946812389952315,0.01152725663456966,2873.8124,2869.648,2879.43,2866.7185999999997,False,False,False,False,False,False,False,False,False,,,,2024-08-20,2895.551,WARN_NOT_BRACKET_30D
2024-08-20,14.052376537055803,2024-09-20,2024-09-20,31.0,31.0,0.0197469286339196,0.0197469286339196,25.0,25.0,WARN_NOT_BRACKET_30D,2895.551,2866.661,-0.009335191179103086,-0.00021727879066046896,2873.5554,2869.5856999999996,2893.674,2873.8124,False,False,False,False,False,False,False,False,False,,,,2024-08-21,2858.939,WARN_NOT_BRACKET_30D
2024-08-21,14.055761718176306,2024-09-20,2024-09-20,30.0,30.0,0.019756443747815,0.019756443747815,25.0,25.0,OK,2858.939,2856.584,-0.003515239506868828,-0.004616991784193836,2874.7414,2868.2607,2866.661,2873.5554,False,False,False,False,False,False,False,False,False,,,,2024-08-22,2856.2,OK
2024-08-22,14.019208069138712,2024-09-20,2024-10-18,29.0,57.0,0.0198068457316698,0.0175517221492991,25.0,18.0,OK,2856.2,2848.772,-0.002734734914149217,-0.007362274865927443,2869.0242,2866.1477999999997,2856.584,2874.7414,False,False,False,False,False,False,False,False,False,,,,2024-08-23,2844.77,OK
2024-08-23,13.81436993806385,2024-09-20,2024-10-18,28.0,56.0,0.0193696077282448,0.0172251623556699,25.0,19.0,OK,2844.77,2854.368,0.001964355167770604,-0.0027342660909778216,2864.0118,2865.3652,2848.772,2869.0242,False,False,False,False,False,False,False,False,False,,,,2024-08-26,2855.474,OK
2024-08-26,13.789853850783716,2024-09-20,2024-10-18,25.0,53.0,0.0196577230657753,0.017623603970419,25.0,18.0,OK,2855.474,2855.52,0.00040359196851991186,-0.0009394007777608904,2856.381,2865.0967,2854.368,2864.0118,False,False,False,False,False,False,False,False,False,,,,2024-08-27,2850.877,OK
2024-08-27,13.691719834355528,2024-09-20,2024-10-18,24.0,52.0,0.0196938055343121,0.0171428807941406,24.0,17.0,OK,2850.877,2848.731,-0.002377500420238654,-0.006699916944042816,2852.7949999999996,2863.1752,2855.52,2856.381,False,False,False,False,False,False,False,False,False,,,,2024-08-28,2844.327,OK
2024-08-28,13.808826772745192,2024-09-20,2024-10-18,23.0,51.0,0.0200927151015455,0.0176824905895993,25.0,19.0,OK,2844.327,2837.429,-0.003967380563486,-0.004639286283077415,2848.964,2861.8527000000004,2848.731,2852.7949999999996,False,False,False,False,False,False,False,False,False,,,,2024-08-29,2829.451,OK
2024-08-29,14.062733807005074,2024-09-20,2024-10-18,22.0,50.0,0.0212047305140499,0.0182044976811485,24.0,17.0,OK,2829.451,2823.106,-0.005047879612141815,-0.018854796657211237,2843.8308,2856.4275000000002,2837.429,2848.964,False,False,False,False,False,False,False,False,False,,,,2024-08-30,2819.65,OK
2024-08-30,13.402171287465176,2024-09-20,2024-10-18,21.0,49.0,0.0185940996510862,0.0173897565477897,25.0,19.0,OK,2819.65,2842.214,0.00676843164939589,-0.012924780251647006,2841.4,2852.7059,2823.106,2843.8308,False,False,False,False,False,False,False,False,False,,,,2024-09-02,2832.35,OK
2024-09-02,14.451984195991086,2024-09-20,2024-10-18,18.0,46.0,0.0245156090717233,0.0189922676671059,25.0,19.0,OK,2832.35,2811.035,-0.0109699691859938,-0.028558503825932058,2832.503,2844.442,2842.214,2841.4,False,False,False,False,False,False,False,False,False,,,,2024-09-03,2809.173,OK
2024-09-03,14.204672843469742,2024-09-20,2024-10-18,17.0,45.0,0.0233348953208211,0.0188008736115404,25.0,17.0,OK,2809.173,2802.979,-0.002865848344115296,-0.022214695075560065,2823.3525999999997,2838.0738,2811.035,2832.503,False,False,False,False,False,False,False,False,False,,,,2024-09-04,2786.505,OK
2024-09-04,14.6191341596213,2024-09-20,2024-10-18,16.0,44.0,0.024679737813093,0.0201690612830125,25.0,19.0,OK,2786.505,2784.278,-0.006671830220633113,-0.025312051037182925,2812.7223999999997,2830.8432,2802.979,2823.3525999999997,False,False,False,False,False,False,False,False,False,,,,2024-09-05,2785.264,OK
2024-09-05,14.443346070965038,2024-09-20,2024-10-18,15.0,43.0,0.0237454104306585,0.0199890009410498,25.0,17.0,OK,2785.264,2788.314,0.00144956789515982,-0.021222477614916246,2805.764,2824.7974000000004,2784.278,2812.7223999999997,False,False,False,False,False,False,False,False,False,,,,2024-09-06,2791.765,OK
2024-09-06,14.396992554429886,2024-09-20,2024-10-18,14.0,42.0,0.0238334461055247,0.0199508128001575,25.0,18.0,OK,2791.765,2765.807,-0.00807190294923743,-0.03102648292021215,2790.4826,2815.9413,2788.314,2805.764,False,False,False,False,False,False,False,False,False,,,,2024-09-09,2754.724,OK
2024-09-09,15.91487491760048,2024-09-20,2024-10-18,11.0,39.0,0.0323976926382571,0.0243838338661451,25.0,18.0,OK,2754.724,2736.488,-0.010600522740740748,-0.041684877010141785,2775.5732,2804.0380999999998,2765.807,2790.4826,False,False,False,False,False,False,False,False,False,,,,2024-09-10,2737.881,OK
2024-09-10,15.870725026641214,2024-09-20,2024-10-18,10.0,38.0,0.0333327177038541,0.024330651664312,26.0,18.0,OK,2737.881,2744.192,0.002815287331791705,-0.03669669056151681,2763.8158,2793.5842,2736.488,2775.5732,False,False,False,False,False,False,False,False,False,,,,2024-09-11,2732.731,OK
2024-09-11,15.720552203230213,2024-09-20,2024-10-18,9.0,37.0,0.0330336174925574,0.0240389782113587,25.0,18.0,OK,2732.731,2721.795,-0.0081616009375437,-0.040753090209481924,2751.3192,2782.0208,2744.192,2763.8158,False,False,False,False,False,False,False,False,False,,,,2024-09-12,2722.138,OK
2024-09-12,14.988468376406349,2024-09-20,2024-10-18,8.0,36.0,0.0263291079800292,0.0222312554238426,25.0,17.0,OK,2722.138,2717.123,-0.0017165142856093718,-0.03754127546043262,2737.0809999999997,2771.4224999999997,2721.795,2751.3192,False,False,False,False,False,False,False,False,False,,,,2024-09-13,2718.986,OK
2024-09-13,14.27780697944042,2024-09-20,2024-10-18,7.0,35.0,0.0242846432883424,0.0202160526022972,26.0,17.0,OK,2718.986,2704.09,-0.004796617598835207,-0.04859732588749466,2724.7376,2757.6101,2717.123,2737.0809999999997,False,False,False,False,False,False,False,False,False,,,,2024-09-18,2705.345,OK
2024-09-18,15.31846177780479,2024-10-18,2024-10-18,30.0,30.0,0.0234655271238066,0.0234655271238066,19.0,19.0,OK,2705.345,2717.281,0.0048781660373729,-0.03335212830861223,2720.8962,2748.2347,2704.09,2724.7376,False,False,False,False,False,False,False,False,False,,,,2024-09-19,2723.205,OK
2024-09-19,14.819816995901803,2024-10-18,2024-11-15,29.0,57.0,0.0217537034697426,0.0248336166617746,19.0,17.0,OK,2723.205,2736.022,0.006896967961723455,-0.023887799373452312,2719.2622,2741.5389999999998,2717.281,2720.8962,False,False,False,False,False,False,False,False,False,,,,2024-09-20,2734.228,OK
2024-09-20,14.419439650962518,2024-10-18,2024-11-15,28.0,56.0,0.0203292721317782,0.0237999110292539,19.0,17.0,OK,2734.228,2736.814,0.00028947135658996537,-0.017047148309184634,2722.266,2736.7925999999998,2736.022,2719.2622,False,False,False,False,False,False,False,False,False,,,,2024-09-23,2735.39,OK
2024-09-23,14.160377668599024,2024-10-18,2024-11-15,25.0,53.0,0.0191112232457915,0.022092133863879,19.0,17.0,OK,2735.39,2748.918,0.004422660801939982,-0.014128968258237729,2728.625,2732.853,2736.814,2722.266,False,False,False,False,False,False,False,False,False,,,,2024-09-24,2770.754,OK
2024-09-24,17.96915804584282,2024-10-18,2024-11-15,24.0,52.0,0.0320569870542623,0.0326818098364539,19.0,17.0,OK,2770.754,2863.126,0.04154652848866358,0.03518647541205899,2760.4322,2742.5849,2748.918,2728.625,False,False,False,False,False,False,False,False,False,,,,2024-09-26,2893.745,OK
2024-09-26,23.904664528622416,2024-10-18,2024-11-15,22.0,50.0,0.0663520677480305,0.0470136525846219,19.0,18.0,OK,2893.745,3000.953,0.048138642867970205,0.09664394654754571,2817.1666,2769.0314000000003,2863.126,2760.4322,False,False,False,False,False,False,False,False,False,,,,2024-09-27,3049.103,OK
2024-09-27,24.98365151236365,2024-10-18,2024-11-15,21.0,49.0,0.0742044628239192,0.0517545989481169,19.0,21.0,OK,3049.103,3087.529,0.028849502141486294,0.12511405907458362,2887.468,2803.3651,3000.953,2817.1666,False,False,False,False,False,False,False,False,False,,,,2024-09-30,3194.722,OK
2024-09-30,29.85078974898802,2024-10-18,2024-11-15,18.0,46.0,0.1066847091603953,0.0799359678395333,23.0,25.0,OK,3194.722,3336.497,0.08063665150999388,0.22584434169362488,3007.4046,2864.8352999999997,3087.529,2887.468,False,False,False,False,False,False,False,False,False,,,,2024-10-08,3674.405,OK
2024-10-08,44.236046125284055,2024-10-18,2024-11-15,10.0,38.0,0.3422352699029328,0.1802561995510777,30.0,32.0,OK,3674.405,3489.775,0.04593979853720831,0.2843640129651841,3155.576,2942.1005,3336.497,3007.4046,False,False,False,False,False,False,False,False,False,,,,2024-10-09,3427.22,OK
2024-10-09,43.43956122870371,2024-10-18,2024-11-15,9.0,37.0,0.2758068843928992,0.1816367909673107,35.0,37.0,OK,3427.22,3258.858,-0.06616959546102541,0.20515885196128836,3234.7224,2997.5773,3489.775,3155.576,False,False,False,False,False,False,False,False,False,,,,2024-10-10,3277.692,OK
2024-10-10,37.827637361823854,2024-10-18,2024-11-15,8.0,36.0,0.2221383915737717,0.1383023859446738,35.0,37.0,OK,3277.692,3301.926,0.013215672484041985,0.2151580936973394,3294.917,3056.0418,3258.858,3234.7224,False,False,False,False,False,False,False,False,False,,,,2024-10-11,3287.873,OK
2024-10-11,41.464632871321854,2024-10-18,2024-11-15,7.0,35.0,0.2816305794210172,0.1671620561107563,35.0,37.0,OK,3287.873,3217.738,-0.025496634388535666,0.1760643737513805,3320.9588000000003,3104.2133999999996,3301.926,3294.917,False,False,False,False,False,False,False,False,False,,,,2024-10-14,3241.428,OK
2024-10-14,34.33518106146991,2024-11-15,2024-11-15,32.0,32.0,0.1178904658523921,0.1178904658523921,37.0,37.0,WARN_NOT_BRACKET_30D,3241.428,3284.323,0.020693108015630957,0.20005341977934932,3310.524,3158.9643,3217.738,3320.9588000000003,False,False,False,False,False,False,False,False,False,,,,2024-10-15,3265.746,WARN_NOT_BRACKET_30D
2024-10-15,26.96628813906033,2024-11-15,2024-11-15,31.0,31.0,0.0727180695998826,0.0727180695998826,37.0,37.0,WARN_NOT_BRACKET_30D,3265.746,3201.292,-0.02528100920646359,0.16456438496892223,3252.8273999999997,3204.2017,3284.323,3310.524,False,False,False,False,False,False,False,False,False,,,,2024-10-16,3169.169,WARN_NOT_BRACKET_30D
2024-10-16,28.050066794415923,2024-11-15,2024-11-15,30.0,30.0,0.0786806247171194,0.0786806247171194,37.0,37.0,OK,3169.169,3202.948,0.0005172911437008043,0.11868915304460925,3241.6454,3238.1839,3201.292,3252.8273999999997,False,False,False,False,False,False,False,False,False,,,,2024-10-17,3220.733,OK
2024-10-17,26.974023862695752,2024-11-15,2024-12-20,29.0,64.0,0.073184235535937,0.0662207798878202,37.0,37.0,OK,3220.733,3169.384,-0.010479096132687715,0.05612583735899901,3215.1369999999997,3255.0269999999996,3202.948,3241.6454,False,False,False,False,False,False,False,False,False,,,,2024-10-18,3165.975,OK
2024-10-18,33.579856086559325,2024-11-15,2024-12-20,28.0,63.0,0.115623086217298,0.0917696467348438,37.0,37.0,OK,3165.975,3261.563,0.029084200589136522,0.05636675801263724,3223.902,3272.4304,3169.384,3215.1369999999997,False,True,True,False,False,True,False,True,False,,,,2024-10-21,3276.06,OK
2024-10-21,33.824073831999385,2024-11-15,2024-12-20,25.0,60.0,0.12285929966964,0.0932755405332909,37.0,37.0,OK,3276.06,3268.11,0.002007319803419394,-0.020496646632680804,3220.6593999999996,3265.5917,3261.563,3223.902,False,False,False,False,False,False,False,False,False,,,,2024-10-22,3263.822,OK
2024-10-22,31.499278974041367,2024-11-15,2024-12-20,24.0,59.0,0.1063995159483622,0.0851056987791264,37.0,37.0,OK,3263.822,3285.867,0.005433415643904205,-0.058430128016849214,3237.5744,3245.2009,3268.11,3220.6593999999996,True,False,True,True,False,False,False,False,False,,,,2024-10-23,3285.247,OK
2024-10-23,29.359020895908174,2024-11-15,2024-12-20,23.0,58.0,0.0894518282344686,0.0810295417573184,37.0,37.0,OK,3285.247,3302.803,0.005154195224578384,0.013484785160936763,3257.5454,3249.5953999999997,3285.867,3237.5744,False,False,False,False,False,False,False,False,False,,,,2024-10-24,3287.824,OK
2024-10-24,29.09073891658368,2024-11-15,2024-12-20,22.0,57.0,0.0892112960959258,0.0786556022891839,37.0,37.0,OK,3287.824,3280.263,-0.006824506335981861,-0.006560716381893483,3279.7212,3247.4291,3302.803,3257.5454,False,False,False,False,False,False,False,False,False,,,,2024-10-25,3280.762,OK
2024-10-25,29.45715969274231,2024-11-15,2024-12-20,21.0,56.0,0.092672841600779,0.0803803085082647,37.0,37.0,OK,3280.762,3299.7,0.005925439515063191,0.02547193090301314,3287.3486,3255.6253,3280.263,3279.7212,False,False,False,False,False,False,False,False,False,,,,2024-10-28,3300.463,OK
2024-10-28,30.839267276606503,2024-11-15,2024-12-20,18.0,53.0,0.1059111668796644,0.0880725150289403,37.0,37.0,OK,3300.463,3322.198,0.006818195593538912,0.011532056987086925,3298.1661999999997,3259.4128,3299.7,3287.3486,False,False,False,False,False,False,False,False,False,,,,2024-10-29,3328.089,OK
2024-10-29,30.269230835775645,2024-11-15,2024-12-20,17.0,52.0,0.1006701993042218,0.0866170276273898,37.0,37.0,OK,3328.089,3286.407,-0.010773289250068707,0.02658770271502897,3298.2742,3267.9242999999997,3322.198,3298.1661999999997,False,False,False,False,False,False,False,False,False,,,,2024-10-30,3273.642,OK
2024-10-30,30.87824963999773,2024-11-15,2024-12-20,16.0,51.0,0.1041082969506371,0.0912234927335265,37.0,37.0,OK,3273.642,3266.238,-0.006137097444108508,0.01975992117261982,3290.9612,3274.2533,3286.407,3298.2742,False,False,False,False,False,False,False,False,False,,,,2024-10-31,3267.975,OK
2024-10-31,31.749066462146647,2024-11-15,2024-12-20,15.0,50.0,0.1122050159552985,0.0962384445883732,37.0,37.0,OK,3267.975,3279.824,0.004159525423438337,0.034845888033762984,3290.8733999999995,3285.2972999999997,3266.238,3290.9612,False,False,False,False,False,False,False,False,False,,,,2024-11-01,3275.577,OK
2024-11-01,32.290949268849694,2024-11-15,2024-12-20,14.0,49.0,0.1190785290307119,0.0992464014918242,35.0,37.0,OK,3275.577,3272.014,-0.0023812253340422807,0.003204291929973513,3285.3362,3286.3424,3279.824,3290.8733999999995,False,False,False,False,False,False,False,False,False,,,,2024-11-04,3275.679,OK
2024-11-04,33.970942204094456,2024-11-15,2024-12-20,11.0,46.0,0.1443410761885094,0.1095750418597077,37.0,37.0,OK,3275.679,3310.207,0.011672627317609097,0.01288114537148366,3282.9380000000006,3290.5521,3272.014,3285.3362,False,True,True,False,False,False,False,False,False,,,,2024-11-05,3306.81,OK
2024-11-05,33.60082727960126,2024-11-15,2024-12-20,10.0,45.0,0.141903298629572,0.1080679361803242,36.0,37.0,OK,3306.81,3386.987,0.023194924063661304,0.03077422184160228,3303.054,3300.6641000000004,3310.207,3282.9380000000006,False,False,False,False,False,False,False,False,False,,,,2024-11-06,3395.222,OK
2024-11-06,32.16014938544602,2024-11-15,2024-12-20,9.0,44.0,0.1236877021072261,0.1006647688597196,37.0,37.0,OK,3395.222,3383.806,-0.0009391828194202922,0.024525531798293754,3326.5676,3308.7644,3386.987,3303.054,False,False,False,False,False,False,False,False,False,,,,2024-11-07,3359.985,OK
2024-11-07,31.67154650355192,2024-11-15,2024-12-20,8.0,43.0,0.1463381848971167,0.0952483603097233,37.0,37.0,OK,3359.985,3470.661,0.025667842660010765,0.058043516632660275,3364.7349999999997,3327.8042,3383.806,3326.5676,False,False,False,False,False,False,False,False,False,,,,2024-11-08,3502.133,OK
2024-11-08,31.048639666113093,2024-11-15,2024-12-20,7.0,42.0,0.1309397120845323,0.0933985060270114,37.0,37.0,OK,3502.133,3452.297,-0.005291211097828374,0.04624571930781585,3400.7915999999996,3343.0639,3470.661,3364.7349999999997,False,False,False,False,False,False,False,False,False,,,,2024-11-11,3432.367,OK
2024-11-11,27.414523079714133,2024-12-20,2024-12-20,39.0,39.0,0.0751556075688178,0.0751556075688178,37.0,37.0,WARN_NOT_BRACKET_30D,3432.367,3470.066,0.0051470079196545004,0.04450908705621992,3432.7634,3357.8507,3452.297,3400.7915999999996,False,False,False,False,False,False,False,False,False,,,,2024-11-12,3469.891,WARN_NOT_BRACKET_30D
2024-11-12,26.749202124254296,2024-12-20,2024-12-20,38.0,38.0,0.071551981428421,0.071551981428421,37.0,37.0,WARN_NOT_BRACKET_30D,3469.891,3421.97,-0.013860255107539743,0.04124960785441356,3439.7599999999998,3371.407,3470.066,3432.7634,False,False,False,False,False,False,False,False,False,,,,2024-11-13,3406.916,WARN_NOT_BRACKET_30D
2024-11-13,25.173274425171144,2024-12-20,2024-12-20,37.0,37.0,0.0633693745284975,0.0633693745284975,37.0,37.0,WARN_NOT_BRACKET_30D,3406.916,3439.278,0.005057905241717453,0.05297838063239735,3450.8544,3388.7110000000002,3421.97,3439.7599999999998,False,False,False,False,False,False,False,False,False,,,,2024-11-14,3429.505,WARN_NOT_BRACKET_30D
2024-11-14,25.55034324346348,2024-12-20,2024-12-20,36.0,36.0,0.0652820039858799,0.0652820039858799,37.0,37.0,WARN_NOT_BRACKET_30D,3429.505,3379.839,-0.01728240636552203,0.030494014312963058,3432.69,3398.7125,3439.278,3450.8544,False,False,False,False,False,False,False,False,False,,,,2024-11-15,3369.809,WARN_NOT_BRACKET_30D
2024-11-15,25.685959031731027,2024-12-20,2024-12-20,35.0,35.0,0.0659768491379764,0.0659768491379764,37.0,37.0,WARN_NOT_BRACKET_30D,3369.809,3330.726,-0.014531165537766677,0.017943688505000388,3408.3758000000003,3404.5837,3379.839,3432.69,False,False,False,False,False,False,False,False,False,,,,2024-11-18,3344.69,WARN_NOT_BRACKET_30D
2024-11-18,26.23666530241524,2024-12-20,2024-12-20,32.0,32.0,0.0688362606190959,0.0688362606190959,37.0,37.0,WARN_NOT_BRACKET_30D,3344.69,3323.849,-0.0020647150200886477,0.004121192420897035,3379.1324,3405.9479,3330.726,3408.3758000000003,False,False,False,False,False,False,False,False,False,,,,2024-11-19,3324.883,WARN_NOT_BRACKET_30D
2024-11-19,26.476806002004032,2024-12-20,2024-12-20,31.0,31.0,0.0701021256067756,0.0701021256067756,36.0,36.0,WARN_NOT_BRACKET_30D,3324.883,3346.01,0.006667270384424828,-0.012098363530772316,3363.9404000000004,3401.8502,3323.849,3379.1324,False,False,False,False,False,False,False,False,False,,,,2024-11-20,3337.678,WARN_NOT_BRACKET_30D
2024-11-20,24.381211280350144,2024-12-20,2024-12-20,30.0,30.0,0.0594443463497073,0.0594443463497073,36.0,36.0,OK,3337.678,3367.989,0.006568719161030634,-0.004674322345902815,3349.6826,3400.2684999999997,3346.01,3363.9404000000004,False,True,True,False,False,False,False,False,False,,,,2024-11-21,3362.944,OK
2024-11-21,23.11401543730247,2024-12-20,2025-01-17,29.0,57.0,0.0535499913068347,0.0517193757221115,36.0,23.0,OK,3362.944,3370.404,0.0007170450972375786,-0.028887004521617077,3347.7956000000004,3390.2428,3367.989,3349.6826,False,False,False,False,False,False,False,False,False,,,,2024-11-22,3368.043,OK
2024-11-22,24.801902287365564,2024-12-20,2025-01-17,28.0,56.0,0.0624602160297534,0.0553593636106245,37.0,23.0,OK,3368.043,3267.192,-0.030623035102023355,-0.05361792452966818,3335.0888,3371.7323000000006,3370.404,3347.7956000000004,False,False,False,False,False,False,False,False,False,,,,2024-11-25,3274.884,OK
2024-11-25,24.14910892554996,2024-12-20,2025-01-17,25.0,53.0,0.0614135011322443,0.0516011760316902,37.0,24.0,OK,3274.884,3263.76,-0.0010504433164625349,-0.05945304786710093,3323.071,3351.1017,3267.192,3335.0888,False,False,False,False,False,False,False,False,False,,,,2024-11-26,3256.858,OK
2024-11-26,23.547750402931257,2024-12-20,2025-01-17,24.0,52.0,0.0576204491074913,0.0517760031746778,37.0,24.0,OK,3256.858,3259.757,-0.001226499497512079,-0.047403396289271926,3305.8203999999996,3334.8804000000005,3263.76,3323.071,False,False,False,False,False,False,False,False,False,,,,2024-11-27,3250.591,OK
2024-11-27,23.5731445395655,2024-12-20,2025-01-17,23.0,51.0,0.0577009424070081,0.0526853469748117,37.0,24.0,OK,3250.591,3309.779,0.01534531561708441,-0.03765296088306902,3294.1784,3321.9305,3259.757,3305.8203999999996,False,True,True,False,False,False,False,False,False,,,,2024-11-28,3308.28,OK
2024-11-28,23.655268186022685,2024-12-20,2025-01-17,22.0,50.0,0.0583088378613958,0.0533703380725225,36.0,24.0,OK,3308.28,3295.698,-0.004254362602457817,-0.024894972807876337,3279.2372000000005,3313.5163999999995,3309.779,3294.1784,False,False,False,False,False,False,False,False,False,,,,2024-11-29,3295.21,OK
2024-11-29,24.20168268763428,2024-12-20,2025-01-17,21.0,49.0,0.0619862415246339,0.0554831995563668,35.0,24.0,OK,3295.21,3326.456,0.009332772602343997,-0.001282002782576508,3291.09,3313.0894,3295.698,3279.2372000000005,False,False,False,False,False,False,False,False,False,,,,2024-12-02,3328.482,OK
2024-12-02,25.48413961012581,2024-12-20,2025-01-17,18.0,46.0,0.0702273717790224,0.0621876669343944,35.0,24.0,OK,3328.482,3363.982,0.01128107511417542,0.012074254877402657,3311.1344,3317.1027000000004,3326.456,3291.09,False,False,False,False,False,False,False,False,False,,,,2024-12-03,3366.285,OK
2024-12-03,25.70686812206049,2024-12-20,2025-01-17,17.0,45.0,0.0714051684659874,0.0637649569356479,35.0,24.0,OK,3366.285,3378.806,0.004406682318752075,0.009801524801181127,3334.9442000000004,3320.3823,3363.982,3311.1344,False,False,False,False,False,False,False,False,False,,,,2024-12-04,3376.572,OK
2024-12-04,25.44369083835911,2024-12-20,2025-01-17,16.0,44.0,0.0693618579395658,0.0630567884962487,36.0,24.0,OK,3376.572,3364.65,-0.004189645691406896,-0.0009913927866154193,3345.9184,3320.0483999999997,3378.806,3334.9442000000004,False,False,False,False,False,False,False,False,False,,,,2024-12-05,3353.057,OK
2024-12-05,24.829905278064285,2024-12-20,2025-01-17,15.0,43.0,0.0656311826850261,0.0604495377524062,34.0,24.0,OK,3353.057,3368.855,0.0012497585187165594,-0.00045958882080610053,3360.5498,3319.8934999999997,3364.65,3345.9184,False,False,False,False,False,False,False,False,False,,,,2024-12-06,3370.941,OK
2024-12-06,25.092992775356148,2024-12-20,2025-01-17,14.0,42.0,0.0655471195482788,0.0623205059159397,34.0,24.0,OK,3370.941,3404.076,0.010454887491447407,0.04189652766044971,3376.0738000000006,3333.5819,3368.855,3360.5498,False,False,False,False,False,False,False,False,False,,,,2024-12-09,3402.629,OK
2024-12-09,25.31507265697293,2024-12-20,2025-01-17,11.0,39.0,0.0647812876213795,0.063992302874791,36.0,24.0,OK,3402.629,3402.534,-0.0004529863610565066,0.04251967056401207,3383.7842000000005,3347.4593,3404.076,3376.0738000000006,False,False,False,False,False,False,False,False,False,,,,2024-12-10,3490.289,OK
2024-12-10,25.738532877182823,2024-12-20,2025-01-17,10.0,38.0,0.0786963664705452,0.0649367696771333,36.0,24.0,OK,3490.289,3422.661,0.005915297246111173,0.04997427722373171,3392.5552000000002,3363.7497000000003,3402.534,3383.7842000000005,False,False,False,False,False,False,False,False,False,,,,2024-12-11,3416.087,OK
2024-12-11,25.33106544271843,2024-12-20,2025-01-17,9.0,37.0,0.0721646975236144,0.0635177679265484,34.0,24.0,OK,3416.087,3432.49,0.002871742191236537,0.03707528508701019,3406.1231999999995,3376.0208,3422.661,3392.5552000000002,False,False,False,False,False,False,False,False,False,,,,2024-12-12,3432.279,OK
2024-12-12,25.89433310294613,2024-12-20,2025-01-17,8.0,36.0,0.0755025674277455,0.0665394717911112,34.0,24.0,OK,3432.279,3461.5,0.008451590536316278,0.050308614442221344,3424.6521999999995,3392.601,3432.49,3406.1231999999995,False,False,False,False,False,False,False,False,False,,,,2024-12-13,3442.926,OK
2024-12-13,23.886411080850024,2024-12-20,2025-01-17,7.0,35.0,0.0578036472796555,0.0570235597867998,37.0,24.0,OK,3442.926,3391.878,-0.020113245702729987,0.01966717732024703,3422.2126000000003,3399.1432,3461.5,3424.6521999999995,False,False,False,False,False,False,False,False,False,,,,2024-12-16,3390.083,OK
2024-12-16,22.45981485785328,2025-01-17,2025-01-17,32.0,32.0,0.0504443283449047,0.0504443283449047,24.0,24.0,WARN_NOT_BRACKET_30D,3390.083,3386.331,-0.001635377215807865,0.006643614621005822,3418.972,3401.3781000000004,3391.878,3422.2126000000003,False,False,False,False,False,False,False,False,False,,,,2024-12-17,3381.814,WARN_NOT_BRACKET_30D
2024-12-17,23.063665842179866,2025-01-17,2025-01-17,31.0,31.0,0.0531932682079734,0.0531932682079734,24.0,24.0,WARN_NOT_BRACKET_30D,3381.814,3361.485,-0.007337144537849394,-0.005126367124954734,3406.7368,3399.6459999999997,3386.331,3418.972,False,False,False,False,False,False,False,False,False,,,,2024-12-18,3371.296,WARN_NOT_BRACKET_30D
2024-12-18,22.065821872415988,2025-01-17,2025-01-17,30.0,30.0,0.0486900494905191,0.0486900494905191,24.0,24.0,OK,3371.296,3382.208,0.006164834886962067,0.005218373382075425,3396.6803999999997,3401.4017999999996,3361.485,3406.7368,False,False,False,False,False,False,False,False,False,,,,2024-12-19,3355.904,OK
2024-12-19,22.333960196184247,2025-01-17,2025-02-21,29.0,64.0,0.0500719121286077,0.046932833373293,24.0,21.0,OK,3355.904,3370.033,-0.003599719473196261,0.00034967370219263216,3378.3869999999997,3401.5195999999996,3382.208,3396.6803999999997,False,False,False,False,False,False,False,False,False,,,,2024-12-20,3364.481,OK
2024-12-20,21.47496673077134,2025-01-17,2025-02-21,28.0,63.0,0.0461999941578954,0.0455118729152132,24.0,21.0,OK,3364.481,3368.069,-0.0005827836107242801,-0.010577613425787225,3373.6252,3397.9188999999997,3370.033,3378.3869999999997,False,False,False,False,False,False,False,False,False,,,,2024-12-23,3367.904,OK
2024-12-23,21.11333847887889,2025-01-17,2025-02-21,25.0,60.0,0.0444611377323049,0.0448677272725354,24.0,21.0,OK,3367.904,3351.257,-0.004991584198542176,-0.015070238827885385,3366.6104,3392.7911999999997,3368.069,3373.6252,False,False,False,False,False,False,False,False,False,,,,2024-12-24,3353.535,OK
2024-12-24,20.91679141858008,2025-01-17,2025-02-21,24.0,59.0,0.0444449433858992,0.0423872783742784,24.0,21.0,OK,3353.535,3393.528,0.012613476077782071,-0.00851179827625359,3373.0190000000002,3389.8779000000004,3351.257,3366.6104,False,False,False,False,False,False,False,False,False,,,,2024-12-25,3395.107,OK
2024-12-25,20.693813629017168,2025-01-17,2025-02-21,23.0,58.0,0.0435119805561895,0.0417311487330692,24.0,21.0,OK,3395.107,3393.35,-5.2452786598489176e-05,-0.011402800882158393,3375.2474,3385.9639,3393.528,3373.0190000000002,False,False,False,False,False,False,False,False,False,,,,2024-12-26,3389.338,OK
2024-12-26,19.815878514469883,2025-01-17,2025-02-21,22.0,57.0,0.0401004730201677,0.0381810709704921,24.0,21.0,OK,3389.338,3398.077,0.0013930186983366344,-0.018322403582262003,3380.8561999999997,3379.6216,3393.35,3375.2474,False,False,False,False,True,False,True,False,True,AVIX<20,AVIX<20,AVIX<20,2024-12-27,3397.294,OK
2024-12-27,19.256951896313367,2025-01-17,2025-02-21,21.0,56.0,0.0382915553238813,0.0357737726359883,24.0,21.0,OK,3397.294,3400.142,0.0006076966472505774,0.002436408384971278,3387.2708,3380.4480000000003,3398.077,3380.8561999999997,False,False,False,False,False,False,False,False,False,,,,2024-12-30,3395.396,OK
2024-12-30,19.07407694393876,2025-01-17,2025-02-21,18.0,53.0,0.0398765957564824,0.0341072838670792,24.0,21.0,OK,3395.396,3407.326,0.0021128529337892665,0.006199925524114525,3398.4846,3382.5474999999997,3400.142,3387.2708,False,False,False,False,False,False,False,False,False,,,,2024-12-31,3406.965,OK
2024-12-31,18.96919680132321,2025-01-17,2025-02-21,17.0,52.0,0.0397206930582972,0.033915171096696,24.0,21.0,OK,3406.965,3351.763,-0.016306922202336982,-0.0028921741432730297,3390.1315999999997,3381.5752999999995,3407.326,3398.4846,False,False,False,False,False,False,False,False,False,,,,2025-01-02,3347.939,OK
2025-01-02,20.70670716022377,2025-01-17,2025-02-21,15.0,50.0,0.053957733869486,0.0384443874509023,24.0,21.0,OK,3347.939,3262.561,-0.026613456858375684,-0.03537541156546253,3363.9737999999998,3369.6106,3351.763,3390.1315999999997,False,False,False,False,False,False,False,False,False,,,,2025-01-03,3267.077,OK
2025-01-03,20.88223456603308,2025-01-17,2025-02-21,14.0,49.0,0.0525060918822715,0.0405873599601435,25.0,22.0,OK,3267.077,3211.43,-0.015672044139557917,-0.04706274389597964,3326.6443999999997,3353.7502999999997,3262.561,3363.9737999999998,False,False,False,False,False,False,False,False,False,,,,2025-01-06,3209.783,OK
2025-01-06,22.54204570631753,2025-01-17,2025-02-21,11.0,46.0,0.0635370404523457,0.0482523826843095,26.0,23.0,OK,3209.783,3206.923,-0.0014034246426046781,-0.0478452193230009,3288.0005999999994,3337.6357000000003,3211.43,3326.6443999999997,False,False,False,False,False,False,False,False,False,,,,2025-01-07,3203.307,OK
2025-01-07,19.923203555482004,2025-01-17,2025-02-21,10.0,45.0,0.0427409936358753,0.0391854723838906,26.0,23.0,OK,3203.307,3229.644,0.007084984578675568,-0.03628877164598243,3252.4642,3325.4744,3206.923,3288.0005999999994,False,False,False,False,False,False,False,False,False,,,,2025-01-08,3218.858,OK
2025-01-08,19.09833608126044,2025-01-17,2025-02-21,9.0,44.0,0.0408739358293522,0.0358747406906308,26.0,23.0,OK,3218.858,3230.168,0.00016224698449751607,-0.04813869224005218,3228.1452,3309.1384,3229.644,3252.4642,False,False,False,False,False,False,False,False,False,,,,2025-01-09,3220.721,OK
2025-01-09,18.96716645420605,2025-01-17,2025-02-21,8.0,43.0,0.0382780305529522,0.035722190453654,26.0,23.0,OK,3220.721,3211.393,-0.005812391182130505,-0.053621642329851005,3217.9116,3290.9427000000005,3230.168,3228.1452,False,False,False,False,False,False,False,False,False,,,,2025-01-10,3211.707,OK
2025-01-10,19.38648577131202,2025-01-17,2025-02-21,7.0,42.0,0.0397916611845697,0.0373915762623508,26.0,23.0,OK,3211.707,3168.524,-0.01334903576111679,-0.06755379586748633,3209.3304,3267.9874,3211.393,3217.9116,False,False,False,False,False,False,False,False,False,,,,2025-01-13,3148.826,OK
2025-01-13,19.40745347320972,2025-02-21,2025-02-21,39.0,39.0,0.0376649250314799,0.0376649250314799,23.0,23.0,WARN_NOT_BRACKET_30D,3148.826,3160.755,-0.00245193029940749,-0.07040500073232225,3200.0968000000003,3244.0487000000003,3168.524,3209.3304,False,False,False,False,False,False,False,False,False,,,,2025-01-14,3165.161,WARN_NOT_BRACKET_30D
2025-01-14,20.41327431390036,2025-02-21,2025-02-21,38.0,38.0,0.0416701768214544,0.0416701768214544,23.0,23.0,WARN_NOT_BRACKET_30D,3165.161,3240.94,0.025368938750393477,-0.04883184056940837,3202.3559999999998,3227.4101,3160.755,3200.0968000000003,False,False,False,False,False,False,False,False,False,,,,2025-01-15,3234.715,WARN_NOT_BRACKET_30D
2025-01-15,19.76230713708461,2025-02-21,2025-02-21,37.0,37.0,0.0390548783380465,0.0390548783380465,23.0,23.0,WARN_NOT_BRACKET_30D,3234.715,3227.117,-0.0042651206131554265,-0.03718819021511954,3201.7457999999997,3214.9455000000003,3240.94,3202.3559999999998,False,False,False,False,False,False,False,False,False,,,,2025-01-16,3239.026,WARN_NOT_BRACKET_30D
2025-01-16,19.74974934777382,2025-02-21,2025-02-21,36.0,36.0,0.0390052599299892,0.0390052599299892,23.0,23.0,WARN_NOT_BRACKET_30D,3239.026,3236.032,0.002762527667884429,-0.00813134221858225,3206.6736,3212.2925999999998,3227.117,3201.7457999999997,False,False,False,False,False,False,False,False,False,,,,2025-01-17,3226.762,WARN_NOT_BRACKET_30D
2025-01-17,20.427859544979555,2025-02-21,2025-02-21,35.0,35.0,0.0417297445589412,0.0417297445589412,23.0,23.0,WARN_NOT_BRACKET_30D,3226.762,3241.821,0.0017889192690305755,0.009463385470024344,3221.333,3215.3316999999997,3236.032,3206.6736,False,False,False,False,False,False,False,False,False,,,,2025-01-20,3256.149,WARN_NOT_BRACKET_30D
2025-01-20,20.084925927591986,2025-02-21,2025-02-21,32.0,32.0,0.0403404249516856,0.0403404249516856,23.0,23.0,WARN_NOT_BRACKET_30D,3256.149,3244.378,0.0007887542217785981,0.011679419805215252,3238.0576,3219.0772,3241.821,3221.333,False,False,False,False,False,False,False,False,False,,,,2025-01-21,3256.833,WARN_NOT_BRACKET_30D
2025-01-21,19.321463939909904,2025-02-21,2025-02-21,31.0,31.0,0.0373318968781238,0.0373318968781238,23.0,23.0,WARN_NOT_BRACKET_30D,3256.833,3242.623,-0.0005409357356017663,0.004018709182807889,3238.3942,3220.3751,3244.378,3238.0576,False,False,False,False,False,False,False,False,False,,,,2025-01-22,3235.493,WARN_NOT_BRACKET_30D
2025-01-22,19.69976114583788,2025-02-21,2025-02-21,30.0,30.0,0.0388080589203063,0.0388080589203063,23.0,23.0,OK,3235.493,3213.624,-0.008943068620681505,-0.0051217150315402415,3235.6956,3218.7207,3242.623,3238.3942,False,False,False,False,False,False,False,False,False,,,,2025-01-23,3237.599,OK
2025-01-23,19.924948633038515,2025-02-21,2025-03-21,29.0,57.0,0.0388165688044256,0.0518408277296405,23.0,30.0,OK,3237.599,3230.164,0.005146837340024968,0.005845127021202323,3234.522,3220.5978,3213.624,3235.6956,False,False,False,False,False,False,False,False,False,,,,2025-01-24,3222.877,OK
2025-01-24,19.733380082407017,2025-02-21,2025-03-21,28.0,56.0,0.0372403186767904,0.0499926457084153,23.0,30.0,OK,3222.877,3252.626,0.006953826493020232,0.02654295817232266,3236.683,3229.0080000000003,3230.164,3234.522,False,False,False,False,False,False,False,False,False,,,,2025-01-27,3256.614,OK
2025-01-27,19.54788492033772,2025-02-21,2025-03-21,25.0,53.0,0.034429460653774,0.0464193348385523,23.0,30.0,OK,3256.614,3250.601,-0.0006225738833791628,0.028425486948529644,3237.9276,3237.9926,3252.626,3236.683,False,False,False,False,False,False,False,False,False,,,,2025-02-05,3270.16,OK
2025-02-05,20.10075627119757,2025-02-21,2025-03-21,16.0,44.0,0.0342953807969233,0.042625370983949,23.0,30.0,OK,3270.16,3229.488,-0.006495106597210865,-0.00353354273760087,3235.3006,3236.8474,3250.601,3237.9276,False,False,False,False,False,False,False,False,False,,,,2025-02-06,3226.575,OK
2025-02-06,20.248164640510243,2025-02-21,2025-03-21,15.0,43.0,0.0354346548249751,0.042681005735044,23.0,30.0,OK,3226.575,3270.659,0.01274846043707245,0.01349253838642972,3246.7076,3241.2016,3229.488,3235.3006,False,False,False,False,False,False,False,False,False,,,,2025-02-07,3269.227,OK
2025-02-07,20.500345185239325,2025-02-21,2025-03-21,14.0,42.0,0.0370714140139135,0.0432651655857672,23.0,30.0,OK,3269.227,3303.667,0.010092155739867659,0.020900596780254244,3261.4082,3247.9651000000003,3270.659,3246.7076,False,False,False,False,False,False,False,False,False,,,,2025-02-10,3308.04,OK
2025-02-10,21.08544776764861,2025-02-21,2025-03-21,11.0,39.0,0.0398234379132981,0.045079018463983,23.0,30.0,OK,3308.04,3322.17,0.0056007460800377995,0.024785143905231122,3275.317,3256.0,3303.667,3261.4082,False,False,False,False,False,False,False,False,False,,,,2025-02-11,3323.669,OK
2025-02-11,20.439085747445183,2025-02-21,2025-03-21,10.0,38.0,0.0370723173416168,0.0422707073851969,23.0,30.0,OK,3323.669,3318.057,-0.001238046216780031,0.022709745905070022,3288.8082000000004,3263.3679,3322.17,3275.317,False,False,False,False,False,False,False,False,False,,,,2025-02-12,3312.257,OK
2025-02-12,19.983533584674245,2025-02-21,2025-03-21,9.0,37.0,0.0383006917654448,0.0400666049411588,23.0,30.0,OK,3312.257,3346.385,0.008537526630796322,0.03199940295248638,3312.1875999999997,3273.7441,3318.057,3288.8082000000004,False,False,False,False,False,False,False,False,False,,,,2025-02-13,3343.235,OK
2025-02-13,19.15143879768721,2025-02-21,2025-03-21,8.0,36.0,0.0313829457372634,0.0369986586848766,23.0,28.0,OK,3343.235,3332.483,-0.004154333706372748,0.03698596973385815,3324.5523999999996,3285.63,3346.385,3312.1875999999997,False,False,False,False,False,False,False,False,False,,,,2025-02-14,3328.483,OK
2025-02-14,19.19513431754578,2025-02-21,2025-03-21,7.0,35.0,0.029167622964162,0.0371791309808928,23.0,27.0,OK,3328.483,3346.724,0.004273390141825262,0.03608485513429027,3333.1638,3297.286,3332.483,3324.5523999999996,False,False,False,False,False,False,False,False,False,,,,2025-02-17,3355.417,OK
2025-02-17,19.988460377466584,2025-03-21,2025-03-21,32.0,32.0,0.0399538548261551,0.0399538548261551,29.0,29.0,WARN_NOT_BRACKET_30D,3355.417,3355.83,0.0027208697221521305,0.03172943953593177,3339.8958,3307.6063999999997,3346.724,3333.1638,False,False,False,False,False,False,False,False,False,,,,2025-02-18,3348.983,WARN_NOT_BRACKET_30D
2025-02-18,19.19224579744693,2025-03-21,2025-03-21,31.0,31.0,0.0368342298749619,0.0368342298749619,30.0,30.0,WARN_NOT_BRACKET_30D,3348.983,3324.491,-0.009338673293939226,0.02273118109543426,3341.1826,3314.9954,3355.83,3339.8958,False,False,False,False,False,False,False,False,False,,,,2025-02-19,3320.78,WARN_NOT_BRACKET_30D
2025-02-19,19.00850087248708,2025-03-21,2025-03-21,30.0,30.0,0.0361323105419342,0.0361323105419342,30.0,30.0,OK,3320.78,3351.539,0.008135982320301105,0.03779267797248376,3342.2133999999996,3327.2005,3324.491,3341.1826,False,False,False,False,False,False,False,False,False,,,,2025-02-20,3347.589,OK
2025-02-20,18.17752302142366,2025-03-21,2025-04-18,29.0,57.0,0.0331514486481364,0.0315419743304862,30.0,19.0,OK,3347.589,3350.783,-0.00022556801517159553,0.024497815272090273,3345.8733999999995,3335.2129,3351.539,3342.2133999999996,False,False,False,False,False,False,False,False,False,,,,2025-02-21,3356.695,OK
2025-02-21,18.571060031939943,2025-03-21,2025-04-18,28.0,56.0,0.0350199456410694,0.0310335563654864,30.0,20.0,OK,3356.695,3379.113,0.00845474028010762,0.022837047438497793,3352.3512,3342.7574999999997,3350.783,3345.8733999999995,False,False,False,False,False,False,False,False,False,,,,2025-02-24,3374.081,OK
2025-02-24,18.046744526638385,2025-03-21,2025-04-18,25.0,53.0,0.0333540824605676,0.0308639304829918,30.0,21.0,OK,3374.081,3373.028,-0.0018007684265072266,0.015308668731581987,3355.7907999999998,3347.8432999999995,3379.113,3352.3512,False,False,False,False,False,False,False,False,False,,,,2025-02-25,3345.653,OK
2025-02-25,17.96779463589127,2025-03-21,2025-04-18,24.0,52.0,0.0326225792252838,0.0317114624088634,30.0,21.0,OK,3345.653,3346.04,-0.008001119468916351,0.008433550116830446,3360.1006,3350.6416,3373.028,3355.7907999999998,False,False,False,False,False,False,False,False,False,,,,2025-02-26,3351.209,OK
2025-02-26,18.112046528043383,2025-03-21,2025-04-18,23.0,51.0,0.0336716883137713,0.0316315345011349,30.0,21.0,OK,3351.209,3380.214,0.010213267026096595,0.01010911774945189,3365.8356,3354.0245000000004,3346.04,3360.1006,False,False,False,False,False,False,False,False,False,,,,2025-02-27,3378.449,OK
2025-02-27,18.10524011586106,2025-03-21,2025-04-18,22.0,50.0,0.0335438439776937,0.0319397127516636,29.0,21.0,OK,3378.449,3388.062,0.0023217464929734533,0.016677954546204576,3373.2913999999996,3359.5824000000002,3380.214,3365.8356,False,False,False,False,False,False,False,False,False,,,,2025-02-28,3374.664,OK
2025-02-28,18.880715418524147,2025-03-21,2025-04-18,21.0,49.0,0.0383050363476486,0.0332442842026598,30.0,21.0,OK,3374.664,3320.897,-0.01982401738811157,-0.007717098870417827,3361.6481999999996,3356.9996999999994,3388.062,3373.2913999999996,False,False,False,False,False,False,False,False,False,,,,2025-03-03,3328.396,OK
2025-03-03,17.56585434774842,2025-03-21,2025-04-18,18.0,46.0,0.0328278058354344,0.0298271159285599,30.0,21.0,OK,3328.396,3316.925,-0.0011960623891676958,-0.011593257107779475,3350.4276,3353.1092000000003,3320.897,3361.6481999999996,False,False,False,False,False,False,False,False,False,,,,2025-03-04,3300.498,OK
2025-03-04,17.141330181540173,2025-03-21,2025-04-18,17.0,45.0,0.0302506433480582,0.0290041073149091,30.0,21.0,OK,3300.498,3324.21,0.002196311342583801,-8.452421739146843e-05,3346.0616,3353.0811000000003,3316.925,3350.4276,False,False,False,False,False,False,False,False,False,,,,2025-03-05,3324.696,OK
2025-03-05,16.50664136072806,2025-03-21,2025-04-18,16.0,44.0,0.0287406082475188,0.0267037618661338,28.0,21.0,OK,3324.696,3341.965,0.0053411186417224865,-0.0028565981180586064,3338.4118000000003,3352.1237,3324.21,3346.0616,False,False,False,False,False,False,False,False,False,,,,2025-03-06,3353.57,OK
2025-03-06,16.895370878805515,2025-03-21,2025-04-18,15.0,43.0,0.0326430761027557,0.0273065100140827,29.0,21.0,OK,3353.57,3381.098,0.011709578047645497,0.009047139131361348,3337.0190000000002,3355.1551999999997,3341.965,3338.4118000000003,False,False,False,False,False,False,False,False,False,,,,2025-03-07,3373.181,OK
2025-03-07,16.282726513316003,2025-03-21,2025-04-18,14.0,42.0,0.0261481206387913,0.0266038676787326,26.0,21.0,OK,3373.181,3372.546,-0.0025293558483072687,-0.0019434094095107657,3347.3487999999998,3354.4985,3381.098,3337.0190000000002,False,False,False,False,False,False,False,False,False,,,,2025-03-10,3373.259,OK
2025-03-10,16.219441631311668,2025-03-21,2025-04-18,11.0,39.0,0.0292107652580137,0.0259190800719363,27.0,21.0,OK,3373.259,3366.163,-0.001892635415499111,-0.0020352632708651175,3357.1964,3353.8120000000004,3372.546,3347.3487999999998,False,False,False,False,False,False,False,False,False,,,,2025-03-11,3335.439,OK
2025-03-11,16.258379911248955,2025-03-21,2025-04-18,10.0,38.0,0.0315115917830131,0.02589895488657,28.0,21.0,OK,3335.439,3379.828,0.00405951821109074,0.01009790677935718,3368.3199999999997,3357.1907999999994,3366.163,3357.1964,False,False,False,False,False,False,False,False,False,,,,2025-03-12,3385.685,OK
2025-03-12,16.728678569950336,2025-03-21,2025-04-18,9.0,37.0,0.0325415713543686,0.0276154062898312,29.0,21.0,OK,3385.685,3371.924,-0.002338580543151947,-0.0024525074447948603,3374.3118000000004,3356.3618,3379.828,3368.3199999999997,False,False,False,False,False,False,False,False,False,,,,2025-03-13,3371.095,OK
2025-03-13,16.900638508275804,2025-03-21,2025-04-18,8.0,36.0,0.0314180548606213,0.0283901341586275,28.0,21.0,OK,3371.095,3358.729,-0.003913196145583386,-0.00865775183571027,3369.8379999999997,3353.4285000000004,3371.924,3374.3118000000004,False,False,False,False,False,False,False,False,False,,,,2025-03-14,3361.686,OK
2025-03-14,18.59286429123401,2025-03-21,2025-04-18,7.0,35.0,0.0460850816467888,0.0340687810642869,28.0,21.0,OK,3361.686,3419.562,0.018111910785300056,0.02971034633112679,3379.2412000000004,3363.2949999999996,3358.729,3369.8379999999997,False,False,False,False,False,False,False,False,False,,,,2025-03-17,3430.809,OK
2025-03-17,18.39063016513337,2025-04-18,2025-04-18,32.0,32.0,0.0338215277870713,0.0338215277870713,22.0,22.0,WARN_NOT_BRACKET_30D,3430.809,3426.129,0.0019204213873005305,0.032923264770834404,3391.2344,3374.2154,3419.562,3379.2412000000004,False,False,False,False,False,False,False,False,False,,,,2025-03-18,3434.565,WARN_NOT_BRACKET_30D
2025-03-18,18.043945913681387,2025-04-18,2025-04-18,31.0,31.0,0.0325583984135859,0.0325583984135859,22.0,22.0,WARN_NOT_BRACKET_30D,3434.565,3429.759,0.0010595047647068423,0.031751604140532574,3401.2205999999996,3384.7703,3426.129,3391.2344,False,False,False,False,False,False,False,False,False,,,,2025-03-19,3424.173,WARN_NOT_BRACKET_30D
2025-03-19,18.178927864273675,2025-04-18,2025-04-18,30.0,30.0,0.0330473418294465,0.0330473418294465,22.0,22.0,OK,3424.173,3426.429,-0.0009709136997672063,0.025273753615013828,3412.1216,3393.2167,3429.759,3401.2205999999996,False,False,False,False,False,False,False,False,False,,,,2025-03-20,3425.216,OK
2025-03-20,17.152556244051702,2025-04-18,2025-05-16,29.0,57.0,0.0293995416958935,0.0297160430064089,22.0,21.0,OK,3425.216,3408.948,-0.005101812995395583,0.00823696917391925,3422.1654000000003,3396.0017,3426.429,3412.1216,False,False,False,False,False,False,False,False,False,,,,2025-03-21,3401.759,OK
2025-03-21,17.08309398169891,2025-04-18,2025-05-16,28.0,56.0,0.0292362030813109,0.028838754962147,22.0,21.0,OK,3401.759,3364.831,-0.012941529175569677,-0.002287589257492617,3411.2192000000005,3395.2302000000004,3408.948,3422.1654000000003,False,False,False,False,False,False,False,False,False,,,,2025-03-24,3364.834,OK
2025-03-24,16.0945761184192,2025-04-18,2025-05-16,25.0,53.0,0.0258314006451285,0.0260600625860551,22.0,21.0,OK,3364.834,3370.028,0.0015445055041396483,0.001148191575987223,3399.999,3395.6167,3364.831,3411.2192000000005,False,False,False,False,False,False,False,False,False,,,,2025-03-25,3370.001,OK
2025-03-25,15.60192999136873,2025-04-18,2025-05-16,24.0,52.0,0.0244356861127311,0.0241835133549548,22.0,21.0,OK,3370.001,3369.976,-1.5430138859295894e-05,-0.0029149412336958447,3388.0424,3394.6315000000004,3370.028,3399.999,False,False,False,False,False,False,False,False,False,,,,2025-03-26,3365.666,OK
2025-03-26,15.343349549742852,2025-04-18,2025-05-16,23.0,51.0,0.0234680780061845,0.0236416298517725,22.0,21.0,OK,3365.666,3368.697,-0.0003795279254213968,-0.0009570203836147817,3376.496,3394.3088000000002,3369.976,3388.0424,False,False,False,False,False,False,False,False,False,,,,2025-03-27,3362.712,OK
2025-03-27,15.018729366802502,2025-04-18,2025-05-16,22.0,50.0,0.022599918644099,0.0225081581680747,22.0,21.0,OK,3362.712,3373.749,0.0014996896426124895,0.004471929709125133,3369.4561999999996,3395.8108,3368.697,3376.496,False,False,False,False,False,False,False,False,False,,,,2025-03-28,3372.039,OK
2025-03-28,15.293059269308564,2025-04-18,2025-05-16,21.0,49.0,0.0236633943743388,0.0231383882926619,22.0,21.0,OK,3372.039,3351.307,-0.006651947136553482,-0.019960158640200176,3366.7514,3388.9852999999994,3373.749,3369.4561999999996,False,False,False,False,False,False,False,False,False,,,,2025-03-31,3343.344,OK
2025-03-31,16.09908577747121,2025-04-18,2025-05-16,18.0,46.0,0.0272202416012239,0.025238655253549,22.0,21.0,OK,3343.344,3335.746,-0.004643263061247405,-0.026380501142834856,3359.8949999999995,3379.947,3351.307,3366.7514,False,False,False,False,False,False,False,False,False,,,,2025-04-01,3340.712,OK
2025-04-01,15.69824407556521,2025-04-18,2025-05-16,17.0,45.0,0.0256360854203068,0.0242108154709867,22.0,21.0,OK,3340.712,3348.435,0.0038039467033761376,-0.02371128700296432,3355.5868,3371.8146,3335.746,3359.8949999999995,False,False,False,False,False,False,False,False,False,,,,2025-04-02,3344.171,OK
2025-04-02,15.81668254841366,2025-04-18,2025-05-16,16.0,44.0,0.0262923208718954,0.0245528987971234,22.0,21.0,OK,3344.171,3350.127,0.0005053106899193249,-0.022268665132124443,3351.8728,3364.1843999999996,3348.435,3355.5868,False,False,False,False,False,False,False,False,False,,,,2025-04-03,3319.606,OK
2025-04-03,16.4173031829726,2025-04-18,2025-05-16,15.0,43.0,0.0289334112159329,0.0263539902205132,22.0,21.0,OK,3319.606,3342.008,-0.002423490213953161,-0.019636556497781732,3345.5245999999997,3357.4903999999997,3350.127,3351.8728,False,False,False,False,False,False,False,False,False,,,,2025-04-07,3193.102,OK
2025-04-07,29.63122302743335,2025-04-18,2025-05-16,11.0,39.0,0.1900592188756578,0.0741389002588874,22.0,21.0,OK,3193.102,3096.576,-0.07343848369004502,-0.07972317183240407,3294.5784,3330.6648999999998,3342.008,3345.5245999999997,False,False,False,False,False,False,False,False,False,,,,2025-04-08,3094.262,OK
2025-04-08,27.541060510841213,2025-04-18,2025-05-16,10.0,38.0,0.1262792286514905,0.0705427669593071,26.0,26.0,OK,3094.262,3145.549,0.01581521009011233,-0.0666104257887471,3256.5389999999998,3308.2169999999996,3096.576,3294.5784,True,False,True,True,False,False,False,True,False,,,,2025-04-09,3110.01,OK
2025-04-09,25.82218699343383,2025-04-18,2025-05-16,9.0,37.0,0.097836265627107,0.0641522315571387,26.0,26.0,OK,3110.01,3186.81,0.013117265062474015,-0.05435231586219014,3224.214,3289.9004,3145.549,3256.5389999999998,True,False,True,False,False,False,False,False,False,,,,2025-04-10,3227.836,OK
2025-04-10,22.34463095778544,2025-04-18,2025-05-16,8.0,36.0,0.0712896366937214,0.048633623965189,26.0,26.0,OK,3227.836,3223.638,0.011556383970177109,-0.04306086299836409,3198.9162,3275.3945,3186.81,3224.214,False,True,True,False,False,True,False,False,False,,,,2025-04-11,3219.505,OK
2025-04-11,21.7306487185329,2025-04-18,2025-05-16,7.0,35.0,0.0653711565620396,0.0464330203646009,26.0,26.0,OK,3219.505,3238.227,0.0045256322204911825,-0.04016955618215812,3178.16,3261.8423,3223.638,3198.9162,False,False,False,False,False,False,False,False,False,,,,2025-04-14,3251.978,OK
2025-04-14,19.266285985319268,2025-05-16,2025-05-16,32.0,32.0,0.0371189775668109,0.0371189775668109,26.0,26.0,WARN_NOT_BRACKET_30D,3251.978,3262.808,0.007590882294539636,-0.026407309148341218,3211.4064,3252.9924,3238.227,3178.16,False,False,False,False,True,False,True,False,True,AVIX<20,AVIX<20,AVIX<20,2025-04-15,3260.685,WARN_NOT_BRACKET_30D
2025-04-15,18.59371214932669,2025-05-16,2025-05-16,31.0,31.0,0.0345726131492019,0.0345726131492019,26.0,26.0,WARN_NOT_BRACKET_30D,3260.685,3267.662,0.0014876756462531837,-0.020410426932986003,3235.829,3246.184,3262.808,3211.4064,False,False,False,False,False,False,False,False,False,,,,2025-04-16,3267.665,WARN_NOT_BRACKET_30D
2025-04-16,18.866840037211915,2025-05-16,2025-05-16,30.0,30.0,0.0355957652989742,0.0355957652989742,26.0,26.0,OK,3267.665,3276.004,0.0025528956177229833,-0.021631299398077064,3253.6678,3238.9409,3267.662,3235.829,False,False,False,False,False,False,False,False,False,,,,2025-04-17,3261.718,OK
2025-04-17,18.910200969838005,2025-05-16,2025-06-20,29.0,64.0,0.0355048563269542,0.0396837537060564,26.0,31.0,OK,3261.718,3280.341,0.0013238689574248674,-0.02083085208411506,3265.0083999999997,3231.9622999999997,3276.004,3253.6678,False,False,False,False,False,False,False,False,False,,,,2025-04-18,3270.353,OK
2025-04-18,18.7936586756172,2025-05-16,2025-06-20,28.0,63.0,0.0346519186692836,0.0402206017715882,26.0,31.0,OK,3270.353,3276.73,-0.0011008001911996246,-0.019532568443881626,3272.709,3225.4345000000003,3280.341,3265.0083999999997,False,False,False,False,False,False,False,False,False,,,,2025-04-21,3273.138,OK
2025-04-21,18.73617430771199,2025-05-16,2025-06-20,25.0,60.0,0.0341215435903728,0.0375616207152064,26.0,31.0,OK,3273.138,3291.434,0.004487400548717879,0.06292692315641535,3278.4341999999997,3244.9202999999998,3276.73,3272.709,False,False,False,False,False,False,False,False,False,,,,2025-04-22,3289.166,OK
2025-04-22,18.630189607932177,2025-05-16,2025-06-20,24.0,59.0,0.0331044297286135,0.0378619582366466,26.0,31.0,OK,3289.166,3299.757,0.0025286850655368287,0.04902419259722235,3284.8532,3260.3411,3291.434,3278.4341999999997,False,False,False,False,False,False,False,False,False,,,,2025-04-23,3308.151,OK
2025-04-23,18.39595832679476,2025-05-16,2025-06-20,23.0,58.0,0.0322541373556027,0.0363584242190014,26.0,31.0,OK,3308.151,3296.355,-0.0010309850088960903,0.03437449989174124,3288.9233999999997,3271.2956,3299.757,3284.8532,False,False,False,False,False,False,False,False,False,,,,2025-04-24,3295.149,OK
2025-04-24,18.290637121579927,2025-05-16,2025-06-20,22.0,57.0,0.0322865943166791,0.0349764049096292,26.0,31.0,OK,3295.149,3297.288,0.00028303990316569383,0.02284685811496212,3292.3127999999997,3278.6606,3296.355,3288.9233999999997,False,False,False,False,False,False,False,False,False,,,,2025-04-25,3300.392,OK
2025-04-25,18.48328023207299,2025-05-16,2025-06-20,21.0,56.0,0.0322662607927893,0.0362181441697573,26.0,31.0,OK,3300.392,3295.06,-0.0006757068233045338,0.017550653490320478,3295.9788,3284.3439,3297.288,3292.3127999999997,False,False,False,False,False,False,False,False,False,,,,2025-04-28,3292.056,OK
2025-04-28,18.907599135722865,2025-05-16,2025-06-20,18.0,53.0,0.0347136233056476,0.0364241776486896,26.0,31.0,OK,3292.056,3288.415,-0.0020166552354130562,0.007848147975608732,3295.375,3286.9046000000003,3295.06,3295.9788,False,False,False,False,False,False,False,False,False,,,,2025-04-29,3281.445,OK
2025-04-29,19.33368914582099,2025-05-16,2025-06-20,17.0,52.0,0.0362751067949635,0.0379899723925198,26.0,31.0,OK,3281.445,3286.655,-0.000535212252711359,0.0058124126669161225,3292.7546,3288.8039,3288.415,3295.375,False,False,False,False,False,False,False,False,False,,,,2025-04-30,3284.081,OK
2025-04-30,20.22314439660437,2025-05-16,2025-06-20,16.0,51.0,0.0412257838377572,0.0407430972066305,26.0,31.0,OK,3284.081,3279.031,-0.002319683690560792,0.0009239915457979198,3289.2898,3289.1066,3286.655,3292.7546,False,False,False,False,False,False,False,False,False,,,,2025-05-06,3295.25,OK
2025-05-06,17.59557642670913,2025-05-16,2025-06-20,10.0,45.0,0.030752113165179,0.0309951506144223,26.0,31.0,OK,3295.25,3316.114,0.011309133704438867,0.010905268690053926,3293.0550000000003,3292.6839,3279.031,3289.2898,False,False,False,False,False,False,False,False,False,,,,2025-05-07,3354.974,OK
2025-05-07,17.084745628829147,2025-05-16,2025-06-20,9.0,44.0,0.0294656490689214,0.0291511084453512,26.0,31.0,OK,3354.974,3342.665,0.008006660808403954,0.020122194993179132,3302.576,3299.2774,3316.114,3293.0550000000003,False,False,False,False,False,False,False,False,False,,,,2025-05-08,3331.205,OK
2025-05-08,17.078058910111178,2025-05-16,2025-06-20,8.0,43.0,0.0293862075799576,0.0291418018034813,26.0,31.0,OK,3331.205,3351.996,0.002791485237078728,0.01839988284741545,3315.2922,3305.3336000000004,3342.665,3302.576,False,False,False,False,False,False,False,False,False,,,,2025-05-09,3350.405,OK
2025-05-09,17.16022164114402,2025-05-16,2025-06-20,7.0,42.0,0.0307226070615703,0.0293364262091229,26.0,31.0,OK,3350.405,3341.999,-0.0029824021269716505,0.012801548720102751,3326.361,3309.5578,3351.996,3315.2922,False,False,False,False,False,False,False,False,False,,,,2025-05-12,3352.97,OK
2025-05-12,18.027957435131835,2025-06-20,2025-06-20,39.0,39.0,0.0325007249282925,0.0325007249282925,31.0,31.0,WARN_NOT_BRACKET_30D,3352.97,3369.245,0.008152605671037039,0.022112302831460706,3344.4038,3316.8468000000003,3341.999,3326.361,False,False,False,False,False,False,False,False,False,,,,2025-05-13,3386.234,WARN_NOT_BRACKET_30D
2025-05-13,16.1914626800659,2025-06-20,2025-06-20,38.0,38.0,0.0262163463719966,0.0262163463719966,31.0,31.0,WARN_NOT_BRACKET_30D,3386.234,3374.871,0.0016698102987464658,0.02352933683681857,3356.1551999999997,3324.6050999999998,3369.245,3344.4038,False,False,False,False,False,False,False,False,False,,,,2025-05-14,3374.235,WARN_NOT_BRACKET_30D
2025-05-14,17.84687854972028,2025-06-20,2025-06-20,37.0,37.0,0.0318511073968465,0.0318511073968465,31.0,31.0,WARN_NOT_BRACKET_30D,3374.235,3403.948,0.008615736720010814,0.033045832245846896,3368.4117999999994,3335.4939,3374.871,3356.1551999999997,False,False,False,False,False,False,False,False,False,,,,2025-05-15,3398.427,WARN_NOT_BRACKET_30D
2025-05-15,16.959886643047987,2025-06-20,2025-06-20,36.0,36.0,0.0287637754945037,0.0287637754945037,30.0,30.0,WARN_NOT_BRACKET_30D,3398.427,3380.821,-0.006794169593660082,0.028100467854574207,3374.1767999999997,3344.7345,3403.948,3368.4117999999994,False,False,False,False,False,False,False,False,False,,,,2025-05-16,3374.706,WARN_NOT_BRACKET_30D
2025-05-16,16.193318843795556,2025-06-20,2025-06-20,35.0,35.0,0.0262223575176824,0.0262223575176824,30.0,30.0,WARN_NOT_BRACKET_30D,3374.706,3367.462,-0.003951407069466284,0.024586395590653565,3379.2694,3352.8152,3380.821,3374.1767999999997,False,False,False,False,False,False,False,False,False,,,,2025-05-19,3365.882,WARN_NOT_BRACKET_30D
2025-05-19,15.872262666493024,2025-06-20,2025-06-20,32.0,32.0,0.0251928722154148,0.0251928722154148,31.0,31.0,WARN_NOT_BRACKET_30D,3365.882,3367.583,3.593210554431181e-05,0.027005539136409462,3378.9370000000004,3361.6704,3367.462,3379.2694,False,False,False,False,False,False,False,False,False,,,,2025-05-20,3371.689,WARN_NOT_BRACKET_30D
2025-05-20,16.305937261399624,2025-06-20,2025-06-20,31.0,31.0,0.02658835899727,0.02658835899727,31.0,31.0,WARN_NOT_BRACKET_30D,3371.689,3380.478,0.0038291558069987186,0.01940946541644828,3380.0584000000003,3368.1068,3367.583,3378.9370000000004,False,False,False,False,False,False,False,False,False,,,,2025-05-21,3380.209,WARN_NOT_BRACKET_30D
2025-05-21,16.19175499969089,2025-06-20,2025-06-20,30.0,30.0,0.0262172929970014,0.0262172929970014,31.0,31.0,OK,3380.209,3387.574,0.002099111427437128,0.01343508846982866,3376.7835999999998,3372.5977,3380.478,3380.0584000000003,False,False,False,False,False,False,False,False,False,,,,2025-05-22,3381.865,OK
2025-05-22,16.77958053629847,2025-06-20,2025-07-18,29.0,57.0,0.0282745048757664,0.0265197510894997,31.0,21.0,OK,3381.865,3380.189,-0.00218002617802604,0.008410809559438626,3376.6572,3375.417,3387.574,3376.7835999999998,False,False,False,False,False,False,False,False,False,,,,2025-05-23,3376.869,OK
2025-05-23,16.239524801618526,2025-06-20,2025-07-18,28.0,56.0,0.0263575110722545,0.0264678023671328,31.0,21.0,OK,3376.869,3348.372,-0.009412787273137657,0.0019069425215267888,3372.8392,3376.0543,3380.189,3376.6572,False,False,False,False,False,False,False,False,False,,,,2025-05-26,3346.561,OK
2025-05-26,16.6102610130987,2025-06-20,2025-07-18,25.0,53.0,0.0285546184544448,0.0254972043254664,31.0,21.0,OK,3346.561,3346.839,-0.0004578344341668039,-0.006650154559849408,3368.6903999999995,3373.8137,3348.372,3372.8392,False,False,False,False,False,False,False,False,False,,,,2025-05-27,3346.503,OK
2025-05-27,16.48864719566439,2025-06-20,2025-07-18,24.0,52.0,0.0282055690139125,0.0254647449149801,31.0,21.0,OK,3346.503,3340.687,-0.0018381523580907055,-0.01012897974470739,3360.7322,3370.3953,3346.839,3368.6903999999995,False,False,False,False,False,False,False,False,False,,,,2025-05-28,3341.852,OK
2025-05-28,16.714296910808514,2025-06-20,2025-07-18,23.0,51.0,0.0292050591807269,0.02622085433729,31.0,21.0,OK,3341.852,3339.932,-0.00022600141827122666,-0.018806397747556658,3351.2038000000002,3363.9937,3340.687,3360.7322,False,False,False,False,False,False,False,False,False,,,,2025-05-29,3340.401,OK
2025-05-29,15.937824821446936,2025-06-20,2025-07-18,22.0,50.0,0.0260081590142165,0.0247340196925791,31.0,21.0,OK,3340.401,3363.446,0.007040263095176913,-0.005139284215283757,3347.8551999999995,3362.2562,3339.932,3351.2038000000002,False,False,False,False,False,False,False,False,False,,,,2025-05-30,3358.809,OK
2025-05-30,15.85851443054368,2025-06-20,2025-07-18,21.0,49.0,0.0266423506846663,0.0237983455603041,31.0,21.0,OK,3358.809,3347.487,-0.004744836099643046,-0.0059317670102884135,3347.6782,3360.2587,3363.446,3347.8551999999995,False,False,False,False,False,False,False,False,False,,,,2025-06-03,3340.067,OK
2025-06-03,15.27255138340087,2025-06-20,2025-07-18,17.0,45.0,0.0238351755442677,0.0231027343588646,31.0,21.0,OK,3340.067,3361.976,0.0043283215140192954,-0.001664992369898477,3350.7056,3359.6980000000003,3347.487,3347.6782,False,False,False,False,False,False,False,False,False,,,,2025-06-04,3363.391,OK
2025-06-04,15.263863118726388,2025-06-20,2025-07-18,16.0,44.0,0.0245646326386184,0.0228381586733045,30.0,21.0,OK,3363.391,3376.203,0.004231737525788315,-0.0012646140575386378,3357.8088000000002,3359.2705,3361.976,3350.7056,False,False,False,False,False,False,False,False,False,,,,2025-06-05,3378.217,OK
2025-06-05,15.397166154675324,2025-06-20,2025-07-18,15.0,43.0,0.0242087454497429,0.0235556644763615,30.0,21.0,OK,3378.217,3384.099,0.002338721931116172,-0.0010258078495111178,3366.6422,3358.923,3376.203,3357.8088000000002,False,False,False,False,False,False,False,False,False,,,,2025-06-06,3384.295,OK
2025-06-06,15.230056557421046,2025-06-20,2025-07-18,14.0,42.0,0.0234893084050493,0.0231220007415181,31.0,21.0,OK,3384.295,3385.358,0.0003720340332833416,0.0015292044320600606,3371.0245999999997,3359.4399,3384.099,3366.6422,False,False,False,False,False,False,False,False,False,,,,2025-06-09,3388.778,OK
2025-06-09,15.348159525402645,2025-06-20,2025-07-18,11.0,39.0,0.025309351241993,0.0233224268497815,30.0,21.0,OK,3388.778,3399.772,0.004257747629645037,0.015350743585240911,3381.4816,3364.5798999999997,3385.358,3371.0245999999997,False,False,False,False,False,False,False,False,False,,,,2025-06-10,3402.013,OK
2025-06-10,15.574012343968114,2025-06-20,2025-07-18,10.0,38.0,0.02650388048752,0.0240182603186373,31.0,21.0,OK,3402.013,3384.816,-0.00439911852912489,0.011347124854228063,3386.0496,3368.3776,3399.772,3381.4816,False,False,False,False,False,False,False,False,False,,,,2025-06-11,3385.457,OK
2025-06-11,15.748445754465996,2025-06-20,2025-07-18,9.0,37.0,0.0276670607373767,0.0245689997976568,31.0,21.0,OK,3385.457,3402.316,0.005170148096676375,0.018448001863089702,3391.2722000000003,3374.5405,3384.816,3386.0496,False,False,False,False,False,False,False,False,False,,,,2025-06-12,3397.972,OK
2025-06-12,15.799271565766452,2025-06-20,2025-07-18,8.0,36.0,0.0265065177855599,0.0248680727715093,31.0,20.0,OK,3397.972,3402.658,0.00010051976359637393,0.018780621880924553,3394.9839999999995,3380.8131000000003,3402.316,3391.2722000000003,False,False,False,False,False,False,False,False,False,,,,2025-06-13,3397.484,OK
2025-06-13,16.445218957698664,2025-06-20,2025-07-18,7.0,35.0,0.030277504223638,0.0269039582407098,31.0,21.0,OK,3397.484,3376.996,-0.007541751183927303,0.004028606375723109,3393.3116,3382.1681000000003,3402.658,3394.9839999999995,False,False,False,False,False,False,False,False,False,,,,2025-06-16,3369.366,OK
2025-06-16,16.060040608496053,2025-07-18,2025-07-18,32.0,32.0,0.0257924904346542,0.0257924904346542,21.0,21.0,WARN_NOT_BRACKET_30D,3369.366,3388.729,0.0034743896646605155,0.012320286830090676,3391.103,3386.2923,3376.996,3393.3116,False,False,False,False,False,False,False,False,False,,,,2025-06-17,3388.18,WARN_NOT_BRACKET_30D
2025-06-17,15.8471820160668,2025-07-18,2025-07-18,31.0,31.0,0.0251133177850351,0.0251133177850351,21.0,21.0,WARN_NOT_BRACKET_30D,3388.18,3387.405,-0.0003907069582724798,0.0075637065820814975,3391.6207999999997,3388.8352,3388.729,3391.103,False,False,False,False,False,False,False,False,False,,,,2025-06-18,3386.136,WARN_NOT_BRACKET_30D
2025-06-18,16.354087090204562,2025-07-18,2025-07-18,30.0,30.0,0.0267456164553995,0.0267456164553995,21.0,21.0,OK,3386.136,3388.809,0.00041447656834647795,0.003733780225892991,3388.9194,3390.0958,3387.405,3391.6207999999997,False,False,False,False,False,False,False,False,False,,,,2025-06-19,3384.293,OK
2025-06-19,16.37454436636733,2025-07-18,2025-08-15,29.0,57.0,0.0268415457013844,0.0264145400900184,21.0,19.0,OK,3384.293,3362.108,-0.007879169348287252,-0.0064983323478420285,3380.8093999999996,3387.8967,3388.809,3388.9194,False,False,False,False,False,False,False,False,False,,,,2025-06-20,3358.913,OK
2025-06-20,15.695790764154635,2025-07-18,2025-08-15,28.0,56.0,0.0248133260611547,0.0234817663865857,21.0,19.0,OK,3358.913,3359.895,-0.0006582179989459425,-0.007521508803500332,3377.3892,3385.3504000000003,3362.108,3380.8093999999996,False,False,False,False,False,False,False,False,False,,,,2025-06-23,3349.46,OK
2025-06-23,14.831684463171916,2025-07-18,2025-08-15,25.0,53.0,0.0221784926967724,0.0216060048174485,21.0,19.0,OK,3349.46,3381.582,0.006454665994026554,-0.0053503587887658854,3375.9598000000005,3383.5314,3359.895,3377.3892,False,False,False,False,False,False,False,False,False,,,,2025-06-24,3380.08,OK
2025-06-24,15.45068115319511,2025-07-18,2025-08-15,24.0,52.0,0.0242789445901899,0.0231842797967512,21.0,19.0,OK,3380.08,3420.566,0.011528332005552366,0.010561873968924829,3382.5919999999996,3387.1063999999997,3381.582,3375.9598000000005,False,False,False,False,False,False,False,False,False,,,,2025-06-25,3419.091,OK
2025-06-25,18.566061146906563,2025-07-18,2025-08-15,23.0,51.0,0.035985927939127,0.0324187154966336,21.0,19.0,OK,3419.091,3455.974,0.010351503230751957,0.01577102185687651,3396.025,3392.4722,3420.566,3382.5919999999996,False,False,False,False,False,False,False,False,False,,,,2025-06-26,3451.719,OK
2025-06-26,16.56754151940043,2025-07-18,2025-08-15,22.0,50.0,0.0279093593253421,0.0269412254615056,22.0,20.0,OK,3451.719,3448.453,-0.002176231649890892,0.013458596191565642,3413.2940000000003,3397.0517,3455.974,3396.025,False,False,False,False,False,False,False,False,False,,,,2025-06-27,3450.686,OK
2025-06-27,15.743345607685674,2025-07-18,2025-08-15,21.0,49.0,0.0247070176077524,0.0248561137688022,22.0,20.0,OK,3450.686,3424.227,-0.007025179116548763,0.013986098887887266,3426.1603999999998,3401.7748,3448.453,3413.2940000000003,False,False,False,False,False,False,False,False,False,,,,2025-06-30,3423.474,OK
2025-06-30,15.676201619833538,2025-07-18,2025-08-15,18.0,46.0,0.025664482915894,0.0240055541434401,22.0,20.0,OK,3423.474,3444.426,0.005898849579773824,0.01643595578165158,3438.7292,3407.3445,3424.227,3426.1603999999998,False,False,False,False,False,False,False,False,False,,,,2025-07-01,3445.846,OK
2025-07-01,14.971741245755462,2025-07-18,2025-08-15,17.0,45.0,0.0226883906005936,0.0222962656665922,22.0,20.0,OK,3445.846,3457.747,0.003867407806119161,0.020765748412132412,3446.1653999999994,3414.3786999999998,3444.426,3438.7292,False,False,False,False,False,False,False,False,False,,,,2025-07-02,3458.171,OK
2025-07-02,14.771405873043207,2025-07-18,2025-08-15,16.0,44.0,0.021297891583598,0.0220090982604428,22.0,20.0,OK,3458.171,3454.792,-0.0008546027225242447,0.019470852444029685,3445.929,3420.9770000000003,3457.747,3446.1653999999994,False,False,False,False,False,False,False,False,False,,,,2025-07-03,3456.152,OK
2025-07-03,15.05353548825726,2025-07-18,2025-08-15,15.0,43.0,0.0228388545176457,0.0226070907713823,22.0,20.0,OK,3456.152,3461.151,0.0018406317949097861,0.02945860156782576,3448.4686,3430.8813,3454.792,3445.929,False,False,False,False,False,False,False,False,False,,,,2025-07-04,3459.592,OK
2025-07-04,14.816329745554883,2025-07-18,2025-08-15,14.0,42.0,0.0209981535153834,0.0221909150122809,22.0,20.0,OK,3459.592,3472.319,0.0032266722832954287,0.03346056945231912,3458.0870000000004,3442.1237,3461.151,3448.4686,False,False,False,False,False,False,False,False,False,,,,2025-07-07,3467.985,OK
2025-07-07,15.648260184738358,2025-07-18,2025-08-15,11.0,39.0,0.0255669151392995,0.0243424984253547,22.0,20.0,OK,3467.985,3473.127,0.00023269751425480933,0.027071648713531182,3463.8271999999997,3451.2781999999997,3472.319,3458.0870000000004,False,False,False,False,False,False,False,False,False,,,,2025-07-08,3474.632,OK
2025-07-08,16.55846865590888,2025-07-18,2025-08-15,10.0,38.0,0.0291811744447175,0.0272327214732036,22.0,20.0,OK,3474.632,3497.475,0.007010397258723877,0.02248429061155388,3471.7728,3458.9691,3473.127,3463.8271999999997,False,False,False,False,False,False,False,False,False,,,,2025-07-09,3498.724,OK
2025-07-09,16.429442640009913,2025-07-18,2025-08-15,9.0,37.0,0.0267388575945994,0.0270132370016677,22.0,19.0,OK,3498.724,3493.05,-0.0012651984646064873,0.01072808996826935,3479.4244,3462.6767,3497.475,3471.7728,False,False,False,False,False,False,False,False,False,,,,2025-07-10,3491.497,OK
2025-07-10,16.934120773271484,2025-07-18,2025-08-15,8.0,36.0,0.0268476654686492,0.0287872797374487,22.0,20.0,OK,3491.497,3509.682,0.004761454888993821,0.017755497900072914,3489.1305999999995,3468.7996,3493.05,3479.4244,False,False,False,False,False,False,False,False,False,,,,2025-07-11,3511.366,OK
2025-07-11,17.785690623060994,2025-07-18,2025-08-15,7.0,35.0,0.0280472970323287,0.0317889826618194,23.0,21.0,OK,3511.366,3510.177,0.00014103841886536905,0.025100555541440528,3496.7022000000006,3477.3946000000005,3509.682,3489.1305999999995,False,False,False,False,False,False,False,False,False,,,,2025-07-14,3513.252,OK
2025-07-14,17.758482432437514,2025-08-15,2025-08-15,32.0,32.0,0.0315363698303191,0.0315363698303191,21.0,21.0,WARN_NOT_BRACKET_30D,3513.252,3519.65,0.002698724309343925,0.02183934275260957,3506.0068,3484.917,3510.177,3496.7022000000006,False,False,False,False,False,False,False,False,False,,,,2025-07-15,3519.805,WARN_NOT_BRACKET_30D
2025-07-15,16.880625998840955,2025-08-15,2025-08-15,31.0,31.0,0.0284955534112745,0.0284955534112745,21.0,21.0,WARN_NOT_BRACKET_30D,3519.805,3504.999,-0.004162629806941154,0.013665545801934131,3507.5116000000003,3489.6422,3519.65,3506.0068,False,False,False,False,False,False,False,False,False,,,,2025-07-16,3502.899,WARN_NOT_BRACKET_30D
2025-07-16,16.648028002162842,2025-08-15,2025-08-15,30.0,30.0,0.0277156836360798,0.0277156836360798,21.0,21.0,OK,3502.899,3503.777,-0.00034864489262331766,0.014178856498451964,3509.657,3494.5407,3504.999,3507.5116000000003,False,False,False,False,False,False,False,False,False,,,,2025-07-17,3500.372,OK
2025-07-17,16.90460715316989,2025-08-15,2025-09-19,29.0,64.0,0.028395824090573,0.0313612572189102,21.0,25.0,OK,3500.372,3516.826,0.0037242666984800277,0.016085689413724014,3511.0858,3500.1081999999997,3503.777,3509.657,False,False,False,False,False,False,False,False,False,,,,2025-07-18,3519.475,OK
2025-07-18,16.81538365104259,2025-08-15,2025-09-19,28.0,63.0,0.027943706227444,0.0307104271085356,21.0,25.0,OK,3519.475,3534.483,0.005020720388213773,0.01790273301502543,3515.947,3506.3246,3516.826,3511.0858,False,False,False,False,False,False,False,False,False,,,,2025-07-21,3542.816,OK
2025-07-21,17.61705738372236,2025-08-15,2025-09-19,25.0,60.0,0.0305669903746813,0.0322087728647749,22.0,25.0,OK,3542.816,3559.791,0.007160311706124967,0.024952729917449012,3523.9752,3514.9909999999995,3534.483,3515.947,False,False,False,False,False,False,False,False,False,,,,2025-07-22,3561.632,OK
2025-07-22,18.02362383598551,2025-08-15,2025-09-19,24.0,59.0,0.0322164995200944,0.0330132006582775,22.0,25.0,OK,3561.632,3581.861,0.006199802179397418,0.024127692120744282,3539.3475999999996,3523.4296000000004,3559.791,3523.9752,False,False,False,False,False,False,False,False,False,,,,2025-07-23,3588.878,OK
2025-07-23,19.24314333690385,2025-08-15,2025-09-19,23.0,58.0,0.0369147098771507,0.0372125029926127,23.0,26.0,OK,3588.878,3582.298,0.0001220036176725614,0.025550163896880917,3555.0518,3532.3544,3581.861,3539.3475999999996,False,False,False,False,False,False,False,False,False,,,,2025-07-24,3578.912,OK
2025-07-24,19.454617087281463,2025-08-15,2025-09-19,22.0,57.0,0.0377273503981241,0.038005651523799,23.0,25.0,OK,3578.912,3605.727,0.006540215247307746,0.027365727151348773,3572.832,3541.9589,3582.298,3555.0518,False,False,False,False,False,False,False,False,False,,,,2025-07-25,3604.451,OK
2025-07-25,19.33815405389868,2025-08-15,2025-09-19,21.0,56.0,0.0370059062428135,0.0378194770311848,24.0,26.0,OK,3604.451,3593.655,-0.0033480072118603488,0.023781706734446795,3584.6663999999996,3550.3067,3605.727,3572.832,False,False,False,False,False,False,False,False,False,,,,2025-07-28,3594.231,OK
2025-07-28,19.34198783235103,2025-08-15,2025-09-19,18.0,53.0,0.0367805193160927,0.0378218188684799,24.0,26.0,OK,3594.231,3597.937,0.0011915445416990078,0.022242836645689046,3592.2956,3558.1354,3593.655,3584.6663999999996,False,False,False,False,False,False,False,False,False,,,,2025-07-29,3595.81,OK
2025-07-29,19.366191594232145,2025-08-15,2025-09-19,17.0,52.0,0.0363865359562453,0.0381236984070082,24.0,26.0,OK,3595.81,3609.711,0.0032724308402287683,0.029875044186888466,3597.8656,3568.6066,3597.937,3592.2956,False,False,False,False,False,False,False,False,False,,,,2025-07-30,3608.354,OK
2025-07-30,18.459723592892693,2025-08-15,2025-09-19,16.0,51.0,0.0319212600436933,0.0350902004391441,24.0,26.0,OK,3608.354,3615.717,0.001663845111146145,0.03194838027648461,3604.5494,3579.8006,3609.711,3597.8656,False,False,False,False,False,False,False,False,False,,,,2025-07-31,3604.696,OK
2025-07-31,18.60318197884272,2025-08-15,2025-09-19,15.0,50.0,0.0319492832225882,0.035671259874276,24.0,26.0,OK,3604.696,3573.208,-0.011756727642124654,0.016032069826599438,3598.0456,3585.4388,3615.717,3604.5494,False,False,False,False,False,False,False,False,False,,,,2025-08-01,3568.261,OK
2025-08-01,17.687292033834158,2025-08-15,2025-09-19,14.0,49.0,0.0278975816237389,0.0324330034879457,24.0,26.0,OK,3568.261,3559.952,-0.0037098316134968057,0.0072058629225264514,3591.3050000000003,3587.9857,3573.208,3598.0456,False,False,False,False,False,False,False,False,False,,,,2025-08-04,3547.163,OK
2025-08-04,17.334729208924536,2025-08-15,2025-09-19,11.0,46.0,0.026568984782272,0.0307501218955697,24.0,26.0,OK,3547.163,3583.309,0.0065610435196878925,0.006606567632762683,3588.3794000000003,3590.3375,3559.952,3591.3050000000003,False,False,False,False,False,False,False,False,False,,,,2025-08-05,3588.808,OK
2025-08-05,17.1255571785791,2025-08-15,2025-09-19,10.0,45.0,0.0228470995518121,0.0304086994203225,24.0,25.0,OK,3588.808,3617.598,0.009569088236599077,0.009977215754603641,3589.9568,3593.9112,3583.309,3588.3794000000003,False,False,False,False,False,False,False,False,False,,,,2025-08-06,3615.808,OK
2025-08-06,17.34964217907993,2025-08-15,2025-09-19,9.0,44.0,0.0253209871921891,0.0307528294444866,24.0,26.0,OK,3615.808,3633.995,0.0045325655310513024,0.014431239388794648,3593.6123999999995,3599.0809,3617.598,3589.9568,False,False,False,False,False,False,False,False,False,,,,2025-08-07,3637.781,OK
2025-08-07,17.34025756838678,2025-08-15,2025-09-19,8.0,43.0,0.0248928553266656,0.0306374407637592,24.0,26.0,OK,3637.781,3639.667,0.0015608166769629506,0.009412803576088757,3606.9042,3602.4749,3633.995,3593.6123999999995,False,False,False,False,False,False,False,False,False,,,,2025-08-08,3634.855,OK
2025-08-08,16.826133825360383,2025-08-15,2025-09-19,7.0,42.0,0.0234265286803594,0.0287366909309401,24.0,26.0,OK,3634.855,3635.128,-0.001247092110349568,0.0115406181172093,3621.9394,3606.6222000000002,3639.667,3606.9042,False,False,False,False,False,False,False,False,False,,,,2025-08-11,3637.053,OK
2025-08-11,17.051007074654365,2025-09-19,2025-09-19,39.0,39.0,0.0290736842259913,0.0290736842259913,26.0,26.0,WARN_NOT_BRACKET_30D,3637.053,3647.547,0.003416385887924589,0.013788457107503538,3634.7869999999994,3611.5832,3635.128,3621.9394,False,False,False,False,False,False,False,False,False,,,,2025-08-12,3647.963,WARN_NOT_BRACKET_30D
2025-08-12,17.294416030441294,2025-09-19,2025-09-19,38.0,38.0,0.0299096825833984,0.0299096825833984,26.0,26.0,WARN_NOT_BRACKET_30D,3647.963,3665.918,0.005036535512770612,0.015571052641056404,3644.451,3617.2039000000004,3647.547,3634.7869999999994,False,False,False,False,False,False,False,False,False,,,,2025-08-13,3668.658,WARN_NOT_BRACKET_30D
2025-08-13,18.84293922727618,2025-09-19,2025-09-19,37.0,37.0,0.0355056358722823,0.0355056358722823,26.0,26.0,WARN_NOT_BRACKET_30D,3668.658,3683.465,0.004786522775468427,0.01873708589472023,3654.345,3623.9786999999997,3665.918,3644.451,False,False,False,False,False,False,False,False,False,,,,2025-08-14,3685.522,WARN_NOT_BRACKET_30D
2025-08-14,18.55265240707334,2025-09-19,2025-09-19,36.0,36.0,0.0344200911337684,0.0344200911337684,26.0,26.0,WARN_NOT_BRACKET_30D,3685.522,3666.443,-0.004621192274122277,0.026092799523565358,3659.7002,3633.3022000000005,3683.465,3654.345,False,False,False,False,False,False,False,False,False,,,,2025-08-15,3659.815,WARN_NOT_BRACKET_30D
2025-08-15,20.577471822739447,2025-09-19,2025-09-19,35.0,35.0,0.0423432346615635,0.0423432346615635,26.0,26.0,WARN_NOT_BRACKET_30D,3659.815,3696.771,0.0082717773056884,0.03843282156613337,3672.0288,3646.9841000000006,3666.443,3659.7002,False,False,False,False,False,False,False,False,False,,,,2025-08-18,3712.495,WARN_NOT_BRACKET_30D
2025-08-18,21.856239306343944,2025-09-19,2025-09-19,32.0,32.0,0.0477695196616173,0.0477695196616173,27.0,27.0,WARN_NOT_BRACKET_30D,3712.495,3728.027,0.008454946221986726,0.040386692858472406,3688.1248,3661.4559,3696.771,3672.0288,False,False,False,False,False,False,False,False,False,,,,2025-08-19,3728.485,WARN_NOT_BRACKET_30D
2025-08-19,20.35614268746636,2025-09-19,2025-09-19,31.0,31.0,0.041437254511249,0.041437254511249,27.0,27.0,WARN_NOT_BRACKET_30D,3728.485,3727.288,-0.00019822817806847137,0.030321224193511798,3700.3988,3672.4248999999995,3728.027,3688.1248,False,False,False,False,False,False,False,False,False,,,,2025-08-20,3716.685,WARN_NOT_BRACKET_30D
2025-08-20,21.077957149209407,2025-09-19,2025-09-19,30.0,30.0,0.0444280277583907,0.0444280277583907,27.0,27.0,OK,3716.685,3766.21,0.010442445016322965,0.036382823861893065,3716.9478000000004,3685.6464,3727.288,3700.3988,False,False,False,False,False,False,False,False,False,,,,2025-08-21,3770.676,OK
2025-08-21,20.265080309286752,2025-09-19,2025-10-17,29.0,57.0,0.0412187194901889,0.0389879816543297,27.0,23.0,OK,3770.676,3771.099,0.0012981219847008063,0.03611099586857813,3737.879,3698.7896,3766.21,3716.9478000000004,False,False,False,False,False,False,False,False,False,,,,2025-08-22,3772.277,OK
2025-08-22,21.17558204662921,2025-09-19,2025-10-17,28.0,56.0,0.0454377534183012,0.040958559041186,28.0,24.0,OK,3772.277,3825.759,0.014494448435323548,0.052441344568884496,3763.6766000000002,3717.8526999999995,3771.099,3737.879,False,False,False,False,False,False,False,False,False,,,,2025-08-25,3848.163,OK
2025-08-25,24.559103621212422,2025-09-19,2025-10-17,25.0,53.0,0.0640866969421823,0.0521309931892487,30.0,26.0,OK,3848.163,3883.562,0.015108897345598615,0.06470512922794414,3794.7836,3741.4542,3825.759,3763.6766000000002,False,False,False,False,False,False,False,False,False,,,,2025-08-26,3871.471,OK
2025-08-26,24.383798766862256,2025-09-19,2025-10-17,24.0,52.0,0.0627779291575904,0.0538368697379174,32.0,28.0,OK,3871.471,3868.382,-0.003908782710305592,0.0552287312482167,3823.0024,3761.7006,3883.562,3794.7836,False,False,False,False,False,False,False,False,False,,,,2025-08-27,3869.612,OK
2025-08-27,23.02224777515622,2025-09-19,2025-10-17,23.0,51.0,0.0551156417107689,0.0501432830079445,32.0,28.0,OK,3869.612,3800.35,-0.017586680943092015,0.03173234983907802,3829.8304000000003,3773.3890999999994,3868.382,3823.0024,False,False,False,False,False,False,False,False,False,,,,2025-08-28,3796.711,OK
2025-08-28,24.528895089733066,2025-09-19,2025-10-17,22.0,50.0,0.0642006306033902,0.0557293121441281,32.0,28.0,OK,3796.711,3843.597,0.011379741339613503,0.04831767465088088,3844.3299999999995,3791.1045,3800.35,3829.8304000000003,False,False,False,False,False,False,False,False,False,,,,2025-08-29,3842.823,OK
2025-08-29,23.98905022468909,2025-09-19,2025-10-17,21.0,49.0,0.0608922463386552,0.0545212115379131,32.0,28.0,OK,3842.823,3857.927,0.003728278484971259,0.04359372003296924,3850.7635999999998,3807.2201,3843.597,3844.3299999999995,False,True,True,False,False,True,False,True,False,,,,2025-09-01,3869.746,OK
2025-09-01,22.689081212049427,2025-09-19,2025-10-17,18.0,46.0,0.0540659529969226,0.0501299559087538,32.0,28.0,OK,3869.746,3875.53,0.004562813137729105,0.039565968808702445,3849.1572,3821.9704000000006,3857.927,3850.7635999999998,False,False,False,False,False,False,False,False,False,,,,2025-09-02,3877.086,OK
2025-09-02,22.79146327739196,2025-09-19,2025-10-17,17.0,45.0,0.0540259934502778,0.0510380149221444,33.0,29.0,OK,3877.086,3858.133,-0.004488934416712165,0.03510461225427175,3847.1074,3835.0549,3875.53,3849.1572,False,False,False,False,False,False,False,False,False,,,,2025-09-03,3865.286,OK
2025-09-03,21.990566042116388,2025-09-19,2025-10-17,16.0,44.0,0.0462575260322828,0.0491224898318083,33.0,29.0,OK,3865.286,3813.557,-0.011553774843946596,0.012571524158238478,3849.7488000000003,3839.7896,3858.133,3847.1074,False,False,False,False,False,False,False,False,False,,,,2025-09-04,3807.757,OK
2025-09-04,22.24310352791625,2025-09-19,2025-10-17,15.0,43.0,0.0493671439031932,0.0495083440641546,33.0,29.0,OK,3807.757,3765.876,-0.012503025390730893,-0.001385007394396176,3834.2046,3839.2673000000004,3813.557,3849.7488000000003,False,False,False,False,False,False,False,False,False,,,,2025-09-05,3761.88,OK
2025-09-05,20.78624487455104,2025-09-19,2025-10-17,14.0,42.0,0.0420654083655365,0.0434921449067158,33.0,29.0,OK,3761.88,3812.514,0.01238436953314448,-0.0034620581170952125,3825.1220000000003,3837.9428,3765.876,3834.2046,False,False,False,False,False,False,False,False,False,,,,2025-09-08,3811.669,OK
2025-09-08,20.90076155712661,2025-09-19,2025-10-17,11.0,39.0,0.042656642423756,0.0438214661648428,33.0,29.0,OK,3811.669,3826.841,0.003757887839887175,-0.01460540606793459,3815.3841999999995,3832.2706999999996,3812.514,3825.1220000000003,False,False,False,False,False,False,False,False,False,,,,2025-09-09,3816.657,OK
2025-09-09,19.988491158055137,2025-09-19,2025-10-17,10.0,38.0,0.0397972438082322,0.0399704762006524,33.0,29.0,OK,3816.657,3807.292,-0.005108390967902721,-0.015792132214450416,3805.2159999999994,3826.1616999999997,3826.841,3815.3841999999995,False,False,False,False,False,False,True,False,True,,AVIX<20,AVIX<20,2025-09-10,3806.584,OK
2025-09-10,18.834525958008253,2025-09-19,2025-10-17,9.0,37.0,0.0326613373796248,0.0357019854084506,33.0,29.0,OK,3806.584,3812.221,0.00129462095368571,0.003123659662925826,3804.9487999999997,3827.3487999999998,3807.292,3805.2159999999994,False,False,False,False,False,False,False,False,False,,,,2025-09-11,3806.056,OK
2025-09-11,20.236755768777964,2025-09-19,2025-10-17,8.0,36.0,0.0448894610469838,0.0407140324867915,32.0,29.0,OK,3806.056,3875.309,0.016548883183844953,0.00825060483708362,3826.8354,3830.5199999999995,3812.221,3804.9487999999997,False,False,False,False,False,False,False,False,False,,,,2025-09-12,3875.507,OK
2025-09-12,20.102560816156792,2025-09-19,2025-10-17,7.0,35.0,0.0366356107170365,0.0405754553288887,31.0,30.0,OK,3875.507,3870.598,-0.0012156449975989636,0.0032844063664241308,3838.4521999999997,3831.7871000000005,3875.309,3826.8354,False,False,False,False,False,False,False,False,False,,,,2025-09-15,3876.097,OK
2025-09-15,20.84760825783839,2025-10-17,2025-10-17,32.0,32.0,0.0434622770072291,0.0434622770072291,30.0,30.0,WARN_NOT_BRACKET_30D,3876.097,3860.504,-0.0026078657613113343,-0.0038771471256835444,3845.1848,3830.2845,3870.598,3838.4521999999997,False,False,False,False,False,False,False,False,False,,,,2025-09-16,3865.98,WARN_NOT_BRACKET_30D
2025-09-16,21.94704219401921,2025-10-17,2025-10-17,31.0,31.0,0.0481672661066059,0.0481672661066059,30.0,30.0,WARN_NOT_BRACKET_30D,3865.98,3861.865,0.00035254464183953615,0.0009673072442033526,3856.0994,3830.6577000000007,3860.504,3845.1848,False,False,False,False,False,False,False,False,False,,,,2025-09-17,3854.073,WARN_NOT_BRACKET_30D
2025-09-17,22.597884359131825,2025-10-17,2025-10-17,30.0,30.0,0.0510664377508694,0.0510664377508694,30.0,30.0,OK,3854.073,3876.341,0.0037484479649081415,0.016463370024363044,3868.9233999999997,3836.9361000000004,3861.865,3856.0994,False,False,False,False,False,False,False,False,False,,,,2025-09-18,3876.059,OK
2025-09-18,21.457551022640025,2025-10-17,2025-11-21,29.0,64.0,0.0461502076790495,0.0443855827628612,30.0,27.0,OK,3876.059,3831.656,-0.011527623601741976,0.01746738341889098,3860.1928,3843.5140999999994,3876.341,3868.9233999999997,False,False,False,False,False,False,False,False,False,,,,2025-09-19,3830.444,OK
2025-09-19,20.378975497324934,2025-10-17,2025-11-21,28.0,63.0,0.0412977852782659,0.0432351098931914,30.0,27.0,OK,3830.444,3820.089,-0.0030187991823901195,0.0019868779498251055,3850.0910000000003,3844.2716,3831.656,3860.1928,False,False,False,False,False,False,False,False,False,,,,2025-09-22,3822.01,OK
2025-09-22,20.534033542784545,2025-10-17,2025-11-21,25.0,60.0,0.0416728473422265,0.0433941683821039,30.0,27.0,OK,3822.01,3828.576,0.0022216759871300784,0.00045337655784494224,3843.7054,3844.4451,3820.089,3850.0910000000003,False,False,False,False,False,False,False,False,False,,,,2025-09-23,3830.138,OK
2025-09-23,20.196687737207792,2025-10-17,2025-11-21,24.0,59.0,0.0391959636628326,0.0439258752086662,30.0,27.0,OK,3830.138,3821.833,-0.001761229240323292,0.00381925000761707,3835.6989999999996,3845.8992,3828.576,3843.7054,False,False,False,False,False,False,False,False,False,,,,2025-09-24,3804.483,OK
2025-09-24,19.265199659369227,2025-10-17,2025-11-21,23.0,58.0,0.0343181606822596,0.0415508273441812,30.0,27.0,OK,3804.483,3853.642,0.008322969632634347,0.01086531971782323,3831.1591999999996,3850.0412999999994,3821.833,3835.6989999999996,False,False,False,False,False,False,False,False,False,,,,2025-09-25,3852.431,OK
2025-09-25,18.046937266651938,2025-10-17,2025-11-21,22.0,57.0,0.0293206987126023,0.0368007876291527,30.0,27.0,OK,3852.431,3853.302,-8.822822670073727e-05,-0.005678772970103774,3835.4883999999997,3847.8406000000004,3853.642,3831.1591999999996,False,False,False,False,False,False,False,False,False,,,,2025-09-26,3839.855,OK
2025-09-26,18.205081278331328,2025-10-17,2025-11-21,21.0,56.0,0.0290897693275488,0.0375329549682074,30.0,27.0,OK,3839.855,3828.106,-0.006538807495493404,-0.010978148596159976,3837.0918000000006,3843.5914,3853.302,3835.4883999999997,False,False,False,False,False,False,False,False,False,,,,2025-09-29,3828.166,OK
2025-09-29,19.13407038058129,2025-10-17,2025-11-21,18.0,53.0,0.0313409835387536,0.0400419198026808,30.0,27.0,OK,3828.166,3862.532,0.00899295892015517,0.0005253200100299171,3843.8830000000003,3843.7942000000003,3828.106,3837.0918000000006,False,False,False,False,False,False,False,False,False,,,,2025-09-30,3869.705,OK
2025-09-30,18.826572768674072,2025-10-17,2025-11-21,17.0,52.0,0.0301182609037909,0.0383904642817619,30.0,27.0,OK,3869.705,3882.777,0.005241380524484862,0.005415000265415859,3856.0718,3845.8854,3862.532,3843.8830000000003,False,False,False,False,False,False,False,False,False,,,,2025-10-09,3898.307,OK
2025-10-09,18.11649900957424,2025-10-17,2025-11-21,8.0,43.0,0.0283562731684873,0.033311563328422,31.0,28.0,OK,3898.307,3933.972,0.0131851507310361,0.014867371059460455,3872.1378000000004,3851.6485000000002,3882.777,3856.0718,False,False,False,False,False,False,False,False,False,,,,2025-10-10,3915.475,OK
2025-10-10,19.386599074930075,2025-10-17,2025-11-21,7.0,42.0,0.0325928302869927,0.0380180390720092,31.0,28.0,OK,3915.475,3897.028,-0.009391017526306888,0.017061030530924448,3880.8830000000003,3858.1857000000005,3933.972,3872.1378000000004,False,False,False,False,False,False,False,False,False,,,,2025-10-13,3800.106,OK
2025-10-13,21.06227545745861,2025-11-21,2025-11-21,39.0,39.0,0.0443619447445863,0.0443619447445863,28.0,28.0,WARN_NOT_BRACKET_30D,3800.106,3889.502,-0.0019312152748196532,0.018170519063822832,3893.1622,3865.1270000000004,3897.028,3880.8830000000003,False,False,False,False,False,False,False,False,False,,,,2025-10-14,3910.783,WARN_NOT_BRACKET_30D
2025-10-14,22.03260797324503,2025-11-21,2025-11-21,38.0,38.0,0.04854358141027,0.04854358141027,28.0,28.0,WARN_NOT_BRACKET_30D,3910.783,3865.229,-0.006240644689217367,0.009573533345034857,3893.7016000000003,3868.7923,3889.502,3893.1622,False,False,False,False,False,False,False,False,False,,,,2025-10-15,3867.536,WARN_NOT_BRACKET_30D
2025-10-15,20.032330353386577,2025-11-21,2025-11-21,37.0,37.0,0.0401294259387213,0.0401294259387213,28.0,28.0,WARN_NOT_BRACKET_30D,3867.536,3912.21,0.012154777892849467,0.02364755341219782,3899.5881999999997,3877.8300000000004,3865.229,3893.7016000000003,False,False,False,False,False,False,False,False,False,,,,2025-10-16,3900.683,WARN_NOT_BRACKET_30D
2025-10-16,19.92623440377708,2025-11-21,2025-11-21,36.0,36.0,0.0397054817514269,0.0397054817514269,28.0,28.0,WARN_NOT_BRACKET_30D,3900.683,3916.228,0.0010270409819512771,0.01624074057735525,3896.0394,3884.0886000000005,3912.21,3899.5881999999997,False,False,False,False,False,False,False,False,False,,,,2025-10-17,3912.04,WARN_NOT_BRACKET_30D
2025-10-17,20.95887818821866,2025-11-21,2025-11-21,35.0,35.0,0.0439274574908587,0.0439274574908587,28.0,28.0,WARN_NOT_BRACKET_30D,3912.04,3839.755,-0.019527208323927958,-0.0035156860272047563,3884.5847999999996,3882.7339,3916.228,3896.0394,False,False,False,False,False,False,False,False,False,,,,2025-10-20,3865.552,WARN_NOT_BRACKET_30D
2025-10-20,20.192641583842608,2025-11-21,2025-11-21,32.0,32.0,0.0407742774133529,0.0407742774133529,28.0,28.0,WARN_NOT_BRACKET_30D,3865.552,3863.893,0.006286338581497963,0.009348487215348644,3879.4630000000006,3886.3126,3839.755,3884.5847999999996,False,False,False,False,False,False,False,False,False,,,,2025-10-21,3870.749,WARN_NOT_BRACKET_30D
2025-10-21,18.823052370836443,2025-11-21,2025-11-21,31.0,31.0,0.0354307300555251,0.0354307300555251,28.0,28.0,WARN_NOT_BRACKET_30D,3870.749,3916.332,0.013571545588865863,0.013928687192753308,3889.6836000000003,3891.6926,3863.893,3879.4630000000006,False,False,False,False,False,False,False,False,False,,,,2025-10-22,3896.074,WARN_NOT_BRACKET_30D
2025-10-22,18.71253314715309,2025-11-21,2025-11-21,30.0,30.0,0.0350158896783303,0.0350158896783303,28.0,28.0,OK,3896.074,3913.758,-0.0006572476490757095,0.007979083011978139,3889.9932,3894.7907,3916.332,3889.6836000000003,False,False,False,False,False,False,False,False,False,,,,2025-10-23,3904.159,OK
2025-10-23,19.16815789061289,2025-11-21,2025-12-19,29.0,57.0,0.0363564032993226,0.0420363417169378,28.0,29.0,OK,3904.159,3922.41,0.0022106629996030414,-0.0029390143092020704,3891.2296,3893.634499999999,3913.758,3889.9932,False,False,False,False,False,False,False,False,False,,,,2025-10-24,3929.115,OK
2025-10-24,18.33977986522261,2025-11-21,2025-12-19,28.0,56.0,0.032816547047105,0.0389530883224358,28.0,29.0,OK,3929.115,3950.312,0.007113483802050347,0.013672983617259105,3913.3409999999994,3898.9629,3922.41,3891.2296,False,False,False,False,False,False,False,False,False,,,,2025-10-27,3969.22,OK
2025-10-27,18.776135730596387,2025-11-21,2025-12-19,25.0,53.0,0.0339794367042571,0.0380205993390547,28.0,29.0,OK,3969.22,3996.945,0.011804890347901775,0.027623844903537753,3939.9513999999995,3909.7072,3950.312,3913.3409999999994,False,False,False,False,False,False,False,False,False,,,,2025-10-28,3986.891,OK
2025-10-28,18.338862274184898,2025-11-21,2025-12-19,24.0,52.0,0.0317789494375722,0.0367662812049029,28.0,29.0,OK,3986.891,3988.224,-0.0021819164386800427,0.0318208830576403,3954.3297999999995,3922.0066999999995,3996.945,3939.9513999999995,False,False,False,False,False,False,False,False,False,,,,2025-10-29,3990.266,OK
2025-10-29,18.748539216657043,2025-11-21,2025-12-19,23.0,51.0,0.032871128267823,0.0382349965220104,28.0,29.0,OK,3990.266,4016.331,0.0070474978336221294,0.02661436886056734,3974.8444000000004,3932.4188000000004,3988.224,3954.3297999999995,False,False,False,False,False,False,False,False,False,,,,2025-10-30,4007.821,OK
2025-10-30,18.02428791713333,2025-11-21,2025-12-19,22.0,50.0,0.0287282978001237,0.0366226129530048,29.0,30.0,OK,4007.821,3986.901,-0.007327583309244212,0.018046191386201116,3987.7426,3939.4860999999996,4016.331,3974.8444000000004,False,False,False,False,False,False,False,False,False,,,,2025-10-31,3985.064,OK
2025-10-31,18.6987503301156,2025-11-21,2025-12-19,21.0,49.0,0.0309360542184787,0.0386089535943284,29.0,29.0,OK,3985.064,3954.79,-0.008054125246651389,0.02995894269295829,3988.6382,3950.9896,3986.901,3987.7426,False,False,False,False,False,False,False,False,False,,,,2025-11-03,3954.078,OK
2025-11-03,19.02854241277667,2025-11-21,2025-12-19,18.0,46.0,0.0305957443288998,0.0391369591432671,29.0,30.0,OK,3954.078,3976.521,0.005494855605481019,0.029148840301737255,3984.5534,3962.2524,3954.79,3988.6382,False,False,False,False,False,False,False,False,False,,,,2025-11-04,3973.458,OK
2025-11-04,18.873054686659515,2025-11-21,2025-12-19,17.0,45.0,0.0319726562659796,0.0372087468058957,29.0,30.0,OK,3973.458,3960.186,-0.004107862123700623,0.011197722767119833,3978.9458,3966.6378000000004,3976.521,3984.5534,False,False,False,False,False,False,False,False,False,,,,2025-11-05,3922.584,OK
2025-11-05,18.98401971158168,2025-11-21,2025-12-19,16.0,44.0,0.0316793172306786,0.0376247488810789,29.0,30.0,OK,3922.584,3969.248,0.0022882763587366295,0.014178188840495487,3969.5292,3972.1868000000004,3960.186,3978.9458,False,False,False,False,False,False,False,False,False,,,,2025-11-06,3973.349,OK
2025-11-06,18.17624146835914,2025-11-21,2025-12-19,15.0,43.0,0.0278533830280042,0.0346048893620022,29.0,30.0,OK,3973.349,4007.76,0.009702593539128834,0.021759581481793244,3973.701,3980.7218000000003,3969.248,3969.5292,False,False,False,False,False,False,False,False,False,,,,2025-11-07,3994.317,OK
2025-11-07,18.14813500586485,2025-11-21,2025-12-19,14.0,42.0,0.0268507502330984,0.0344566629656125,29.0,30.0,OK,3994.317,3997.556,-0.0025460606423538534,0.01195956167512846,3982.2542000000003,3985.4462,4007.76,3973.701,False,False,False,False,False,False,False,False,False,,,,2025-11-10,4001.794,OK
2025-11-10,18.92648939340497,2025-11-21,2025-12-19,11.0,39.0,0.0305373415314332,0.0365271406911153,29.0,30.0,OK,4001.794,4018.597,0.005263465977712434,0.005417137338642464,3990.6694,3987.6114000000002,3997.556,3982.2542000000003,False,False,False,False,False,False,False,False,False,,,,2025-11-11,4023.877,OK
2025-11-11,19.56469780875871,2025-11-21,2025-12-19,10.0,38.0,0.0326392738527427,0.0388712627908113,28.0,30.0,OK,4023.877,4002.758,-0.003941425328292558,0.003644228609024802,3999.1838,3989.064799999999,4018.597,3990.6694,False,False,False,False,False,False,False,False,False,,,,2025-11-12,3996.565,OK
2025-11-12,19.043450691522143,2025-11-21,2025-12-19,9.0,37.0,0.032301560359375,0.0365866858346923,29.0,30.0,OK,3996.565,4000.14,-0.0006540490331915505,-0.004031291245666813,4005.3622000000005,3987.4456999999993,4002.758,3999.1838,False,False,False,False,False,False,False,False,False,,,,2025-11-13,3996.514,OK
2025-11-13,18.776290261294807,2025-11-21,2025-12-19,8.0,36.0,0.0272726051050085,0.0357386835062837,29.0,30.0,OK,3996.514,4029.501,0.007339993100241582,0.010684990673207162,4009.7104,3991.7057,4000.14,4005.3622000000005,False,False,False,False,False,False,False,False,False,,,,2025-11-14,4007.126,OK
2025-11-14,18.69105383424736,2025-11-21,2025-12-19,7.0,35.0,0.0296537707120012,0.0351651918926677,29.0,30.0,OK,4007.126,3990.492,-0.00968085130143903,0.009027533699640156,4008.2975999999994,3995.2758999999996,4029.501,4009.7104,False,False,False,False,False,False,False,False,False,,,,2025-11-17,3988.556,OK
2025-11-17,19.327052906399743,2025-12-19,2025-12-19,32.0,32.0,0.0373534974046774,0.0373534974046774,30.0,30.0,WARN_NOT_BRACKET_30D,3988.556,3972.035,-0.0046252442054764975,-0.0011281217928938991,3998.9852,3994.8273,3990.492,4008.2975999999994,False,False,False,False,False,False,False,False,False,,,,2025-11-18,3962.444,WARN_NOT_BRACKET_30D
2025-11-18,20.43261794835023,2025-12-19,2025-12-19,31.0,31.0,0.0417491876223244,0.0417491876223244,30.0,30.0,WARN_NOT_BRACKET_30D,3962.444,3939.813,-0.008112214519761185,-0.005144455336188791,3986.3962,3992.7899999999995,3972.035,3998.9852,False,False,False,False,False,False,False,False,False,,,,2025-11-19,3937.92,WARN_NOT_BRACKET_30D
2025-11-19,19.56256233861812,2025-12-19,2025-12-19,30.0,30.0,0.0382693845252319,0.0382693845252319,30.0,30.0,OK,3937.92,3946.742,0.0017587129135316903,-0.005670091664718324,3975.7165999999997,3990.5394,3939.813,3986.3962,False,False,False,False,False,False,False,False,False,,,,2025-11-20,3960.699,OK
2025-11-20,18.68269813404257,2025-12-19,2026-01-16,29.0,57.0,0.0350725750669137,0.032593040812249,30.0,23.0,OK,3960.699,3931.051,-0.0039756842479189425,-0.019140118170748788,3956.0266,3982.8685000000005,3946.742,3975.7165999999997,False,False,False,False,False,False,False,False,False,,,,2025-11-21,3896.665,OK
2025-11-21,20.187195369836545,2025-12-19,2026-01-16,28.0,56.0,0.0412175013473257,0.0377283839173449,30.0,23.0,OK,3896.665,3834.891,-0.024461651604112955,-0.04069111226959676,3924.9064,3966.602,3931.051,3956.0266,False,False,False,False,False,False,False,False,False,,,,2025-11-24,3848.657,OK
2025-11-24,18.88335316704507,2025-12-19,2026-01-16,25.0,53.0,0.0365136456098886,0.0338017359552737,30.0,24.0,OK,3848.657,3836.766,0.0004889317584255704,-0.04524738360178937,3897.8525999999997,3948.4188999999997,3834.891,3924.9064,False,False,False,False,False,False,False,False,False,,,,2025-11-25,3850.571,OK
2025-11-25,17.313843732828072,2025-12-19,2026-01-16,24.0,52.0,0.0305865933149775,0.0289451610682507,30.0,24.0,OK,3850.571,3870.023,0.008667977145335515,-0.03316088556939978,3883.8946000000005,3935.1454000000003,3836.766,3897.8525999999997,False,False,False,False,False,False,False,False,False,,,,2025-11-26,3867.429,OK
2025-11-26,16.262221884140853,2025-12-19,2026-01-16,23.0,51.0,0.0261355337351213,0.0268660097957839,30.0,24.0,OK,3867.429,3864.184,-0.0015087765628266636,-0.03398781042663501,3867.3830000000003,3921.5498,3870.023,3883.8946000000005,False,False,False,False,False,False,False,False,False,,,,2025-11-27,3867.197,OK
2025-11-27,16.124706053132954,2025-12-19,2026-01-16,22.0,50.0,0.0261283123227102,0.0258601469580066,30.0,24.0,OK,3867.197,3875.259,0.002866064348902686,-0.038278188788140266,3856.2246,3906.1256000000003,3864.184,3867.3830000000003,False,False,False,False,False,False,False,False,False,,,,2025-11-28,3870.944,OK
2025-11-28,15.655063768513347,2025-12-19,2026-01-16,21.0,49.0,0.0243387682397759,0.0246613090394825,29.0,24.0,OK,3870.944,3888.596,0.003441576421085557,-0.02553469597232627,3866.9656000000004,3895.936,3875.259,3856.2246,False,False,False,False,False,False,False,False,False,,,,2025-12-01,3894.213,OK
2025-12-01,15.98726985393865,2025-12-19,2026-01-16,18.0,46.0,0.0257674021468681,0.0254506941337772,29.0,24.0,OK,3894.213,3914.006,0.006534492140608084,-0.01460938788303734,3882.4136,3890.1331,3888.596,3866.9656000000004,False,False,False,False,False,False,False,False,False,,,,2025-12-02,3908.456,OK
2025-12-02,15.762198386168006,2025-12-19,2026-01-16,17.0,45.0,0.024742806853415,0.0248891003101405,29.0,24.0,OK,3908.456,3897.712,-0.004162998217171809,-0.010686040175003297,3887.9514000000004,3885.923,3914.006,3882.4136,False,False,False,False,False,False,False,False,False,,,,2025-12-03,3894.156,OK
2025-12-03,15.982672492713256,2025-12-19,2026-01-16,16.0,44.0,0.0256022722652525,0.025523603722999,28.0,24.0,OK,3894.156,3878.0,-0.00505732593890984,-0.01741740402590297,3890.7146000000002,3879.0487999999996,3897.712,3887.9514000000004,False,False,False,False,False,False,False,False,False,,,,2025-12-04,3879.742,OK
2025-12-04,15.721695320039974,2025-12-19,2026-01-16,15.0,43.0,0.024874907902176,0.0246694822835871,30.0,24.0,OK,3879.742,3875.793,-0.0005691077875192851,-0.014056800585899198,3890.8214,3873.5229999999997,3878.0,3890.7146000000002,False,False,False,False,False,False,False,False,False,,,,2025-12-05,3873.121,OK
2025-12-05,15.61334587679214,2025-12-19,2026-01-16,14.0,42.0,0.0234373561688469,0.024612732141331,30.0,24.0,OK,3873.121,3902.808,0.006970186488287622,0.017710281726390553,3893.6638,3880.3147000000004,3875.793,3890.8214,False,False,False,False,False,False,False,False,False,,,,2025-12-08,3909.226,OK
2025-12-08,16.474011412291116,2025-12-19,2026-01-16,11.0,39.0,0.0273085560150622,0.027116692744321,30.0,24.0,OK,3909.226,3924.078,0.005449922209854963,0.02275666537912402,3895.6782,3889.0459,3902.808,3893.6638,False,False,False,False,False,False,False,False,False,,,,2025-12-09,3916.509,OK
2025-12-09,15.749385232037191,2025-12-19,2026-01-16,10.0,38.0,0.0251472338489415,0.0247682166418447,30.0,24.0,OK,3916.509,3909.522,-0.003709406387946479,0.010206399290133339,3898.0402000000004,3892.9957999999997,3924.078,3895.6782,False,False,False,False,False,False,False,False,False,,,,2025-12-10,3901.128,OK
2025-12-10,16.418761495710786,2025-12-19,2026-01-16,9.0,37.0,0.0275276451540185,0.0269113508310833,29.0,24.0,OK,3901.128,3900.496,-0.0023087221404559655,0.009397068048519364,3902.5394,3896.6269999999995,3909.522,3898.0402000000004,False,False,False,False,False,False,False,False,False,,,,2025-12-11,3903.895,OK
2025-12-11,16.48489674996884,2025-12-19,2026-01-16,8.0,36.0,0.0288852387043222,0.0270715422906461,29.0,24.0,OK,3903.895,3873.318,-0.0069678317834449555,-0.0005008697483187552,3902.0444,3896.4329,3900.496,3902.5394,False,False,False,False,False,False,False,False,False,,,,2025-12-12,3869.413,OK
2025-12-12,16.005285871177534,2025-12-19,2026-01-16,7.0,35.0,0.0229175935625887,0.0257342794956907,30.0,24.0,OK,3869.413,3889.346,0.00413805424703062,0.0001928716688490706,3899.3520000000003,3896.5079000000005,3873.318,3902.0444,False,False,False,False,False,False,False,False,False,,,,2025-12-15,3865.402,OK
2025-12-15,16.052701412317187,2026-01-16,2026-01-16,32.0,32.0,0.025768922263301,0.025768922263301,24.0,24.0,WARN_NOT_BRACKET_30D,3865.402,3867.921,-0.005508638213211237,-0.01177438154157151,3888.1205999999997,3891.8994,3889.346,3899.3520000000003,False,False,False,False,False,False,False,False,False,,,,2025-12-16,3861.515,WARN_NOT_BRACKET_30D
2025-12-16,16.53221946678011,2026-01-16,2026-01-16,31.0,31.0,0.0273314280497783,0.0273314280497783,24.0,24.0,WARN_NOT_BRACKET_30D,3861.515,3824.812,-0.011145263825191876,-0.018703280283407286,3871.1786,3884.6094,3867.921,3888.1205999999997,False,False,False,False,False,False,False,False,False,,,,2025-12-17,3822.509,WARN_NOT_BRACKET_30D
2025-12-17,16.655331914785272,2026-01-16,2026-01-16,30.0,30.0,0.0277400081191664,0.0277400081191664,24.0,24.0,OK,3822.509,3870.278,0.01188712020355509,-0.0019912325941207065,3865.1349999999998,3883.8372000000004,3824.812,3871.1786,False,False,False,False,False,False,False,False,False,,,,2025-12-18,3857.257,OK
2025-12-18,16.95785780069928,2026-01-16,2026-02-24,29.0,68.0,0.0288345240382232,0.0274988327788272,24.0,22.0,OK,3857.257,3876.371,0.0015743055150043705,0.00014913077143186015,3865.7455999999997,3883.8950000000004,3870.278,3865.1349999999998,False,False,False,False,False,False,False,False,False,,,,2025-12-19,3878.227,OK
2025-12-19,15.974376983767216,2026-01-16,2026-02-24,28.0,67.0,0.0255134025064418,0.0255541734746951,24.0,22.0,OK,3878.227,3890.448,0.0036314893491875555,-0.003166950564824078,3865.9660000000003,3882.6589999999997,3876.371,3865.7455999999997,False,False,False,False,False,False,False,False,False,,,,2025-12-22,3900.535,OK
2025-12-22,15.579665857468829,2026-01-16,2026-02-24,25.0,64.0,0.0242482604208467,0.0243372477038585,24.0,22.0,OK,3900.535,3917.364,0.006918483424017019,-0.0017109751641022353,3875.8546,3881.9875999999995,3890.448,3865.9660000000003,False,False,False,False,False,False,False,False,False,,,,2025-12-23,3919.106,OK
2025-12-23,15.364492149475431,2026-01-16,2026-02-24,24.0,63.0,0.0234147057664884,0.0240091652308527,24.0,22.0,OK,3919.106,3919.979,0.0006675407238132536,0.002674751542515841,3894.888,3883.0333,3917.364,3875.8546,False,False,False,False,False,False,False,False,False,,,,2025-12-24,3920.347,OK
2025-12-24,16.263935390512117,2026-01-16,2026-02-24,23.0,62.0,0.026858019112583,0.0257622637704814,24.0,22.0,OK,3920.347,3940.947,0.005349008247238052,0.010370732337630972,3909.0218,3887.0784,3919.979,3894.888,False,False,False,False,False,False,False,False,False,,,,2025-12-25,3937.72,OK
2025-12-25,15.89382420097995,2026-01-16,2026-02-24,22.0,61.0,0.0258486724041774,0.0244405782888416,24.0,22.0,OK,3937.72,3959.621,0.004738454995715458,0.022281413506456182,3925.6718,3895.7087,3940.947,3909.0218,False,False,False,False,False,False,False,False,False,,,,2025-12-26,3957.833,OK
2025-12-26,16.082433565675895,2026-01-16,2026-02-24,21.0,60.0,0.0257377814478484,0.0260122666796254,24.0,23.0,OK,3957.833,3963.679,0.0010248455597139383,0.019111953526376846,3940.318,3903.142,3959.621,3925.6718,False,False,False,False,False,False,False,False,False,,,,2025-12-29,3964.651,OK
2025-12-29,16.515171871345014,2026-01-16,2026-02-24,18.0,57.0,0.0270569252336331,0.027430102139535,24.0,23.0,OK,3964.651,3965.28,0.00040391767345449026,0.025170886375394108,3949.9012000000002,3912.8779000000004,3963.679,3940.318,False,False,False,False,False,False,False,False,False,,,,2025-12-30,3947.871,OK
2025-12-30,16.8019760497646,2026-01-16,2026-02-24,17.0,56.0,0.028153452763582,0.0282775035469639,24.0,23.0,OK,3947.871,3965.116,-4.1358996086038324e-05,0.03668258727487794,3958.9286,3926.9083000000005,3965.28,3949.9012000000002,False,False,False,False,False,False,False,False,False,,,,2025-12-31,3968.726,OK
2025-12-31,16.741253956662767,2026-01-16,2026-02-24,16.0,55.0,0.0275955671750283,0.0282510577439499,24.0,22.0,OK,3968.726,3968.84,0.000939190681937152,0.02546638768584586,3964.5072,3936.7644999999998,3965.116,3958.9286,False,False,False,False,False,False,False,False,False,,,,2026-01-05,3986.972,OK
2026-01-05,16.724019273205464,2026-01-16,2026-02-24,11.0,50.0,0.0314983473597521,0.0271520248389143,24.0,23.0,OK,3986.972,4023.417,0.013751373197206096,0.03793393356827801,3977.2664000000004,3951.4691,3968.84,3964.5072,False,False,False,False,False,False,False,False,False,,,,2026-01-06,4026.016,OK
2026-01-06,17.6878831889895,2026-01-16,2026-02-24,10.0,49.0,0.0399154401761159,0.0296130899349963,24.0,23.0,OK,4026.016,4083.667,0.014974833580511326,0.04966497431658268,4001.264,3970.791,4023.417,3977.2664000000004,False,False,False,False,False,False,False,False,False,,,,2026-01-07,4083.843,OK
2026-01-07,17.919665057287524,2026-01-16,2026-02-24,9.0,48.0,0.0358303027658961,0.0315137651353901,24.0,24.0,OK,4083.843,4085.772,0.0005154680829755343,0.042990133160972555,4025.3623999999995,3987.6318,4083.667,4001.264,False,False,False,False,False,False,False,False,False,,,,2026-01-08,4077.715,OK
2026-01-08,18.029160603153294,2026-01-16,2026-02-24,8.0,47.0,0.035731094603581,0.0320807495979356,24.0,24.0,OK,4077.715,4082.979,-0.0006835917422705062,0.04158185541300097,4048.935,4003.9318,4085.772,4025.3623999999995,False,False,False,False,False,False,False,False,False,,,,2026-01-09,4086.762,OK
2026-01-09,18.643500369035102,2026-01-16,2026-02-24,7.0,46.0,0.0356191709708608,0.0346668480665958,24.0,24.0,OK,4086.762,4120.426,0.009171489738252436,0.04554209939895171,4079.2522,4021.8797,4082.979,4048.935,False,False,False,False,False,False,False,False,False,,,,2026-01-12,4134.893,OK
2026-01-12,21.284726051360465,2026-02-24,2026-02-24,43.0,43.0,0.0453039563081462,0.0453039563081462,24.0,24.0,WARN_NOT_BRACKET_30D,4134.893,4165.287,0.010887466490115294,0.051940829690518386,4107.626200000001,4042.4463000000005,4120.426,4079.2522,False,False,False,False,False,False,False,False,False,,,,2026-01-13,4169.704,WARN_NOT_BRACKET_30D
2026-01-13,20.773974030488,2026-02-24,2026-02-24,42.0,42.0,0.0431557997019389,0.0431557997019389,24.0,24.0,WARN_NOT_BRACKET_30D,4169.704,4138.759,-0.006368828846607721,0.04417108448993967,4118.6446,4059.9543,4165.287,4107.626200000001,False,False,False,False,False,False,False,False,False,,,,2026-01-14,4138.645,WARN_NOT_BRACKET_30D
2026-01-14,20.385379976925293,2026-02-24,2026-02-24,41.0,41.0,0.0415563716803626,0.0415563716803626,24.0,24.0,WARN_NOT_BRACKET_30D,4138.645,4126.093,-0.0030603376519386938,0.04055526974135493,4126.7088,4076.0356,4138.759,4118.6446,False,False,False,False,False,False,False,False,False,,,,2026-01-15,4106.224,WARN_NOT_BRACKET_30D
2026-01-15,18.653821880685296,2026-02-24,2026-02-24,40.0,40.0,0.0347965070756333,0.0347965070756333,24.0,24.0,WARN_NOT_BRACKET_30D,4106.224,4112.601,-0.0032699214486925365,0.037195633116408056,4132.6332,4090.7841,4126.093,4126.7088,False,False,False,False,False,False,False,False,False,,,,2026-01-16,4127.063,WARN_NOT_BRACKET_30D
2026-01-16,18.203548321451777,2026-02-24,2026-02-24,39.0,39.0,0.0331369171491429,0.0331369171491429,24.0,24.0,WARN_NOT_BRACKET_30D,4127.063,4101.913,-0.0025988419494135107,0.03352944437165495,4128.9306,4104.0914,4112.601,4132.6332,False,False,False,False,False,False,False,False,False,,,,2026-01-19,4090.719,WARN_NOT_BRACKET_30D
2026-01-19,16.14255231968898,2026-02-24,2026-02-24,36.0,36.0,0.0260581995393896,0.0260581995393896,24.0,24.0,WARN_NOT_BRACKET_30D,4090.719,4114.0,0.0029466739055656888,0.02251394772155102,4118.673199999999,4113.1497,4101.913,4128.9306,False,False,False,False,False,False,False,False,False,,,,2026-01-20,4116.366,WARN_NOT_BRACKET_30D
2026-01-20,15.281350047393852,2026-02-24,2026-02-24,35.0,35.0,0.0233519659270984,0.0233519659270984,24.0,24.0,WARN_NOT_BRACKET_30D,4116.366,4113.649,-8.531842489056807e-05,0.007341930671624475,4113.6512,4116.1479,4114.0,4118.673199999999,False,False,False,False,False,False,False,False,False,,,,2026-01-21,4103.529,WARN_NOT_BRACKET_30D
2026-01-21,15.309390497745213,2026-02-24,2026-02-24,34.0,34.0,0.0234377437412451,0.0234377437412451,24.0,24.0,WARN_NOT_BRACKET_30D,4103.529,4116.94,0.00080001964192844,0.007628423710378307,4111.8206,4119.2647,4113.649,4113.6512,False,False,False,False,False,False,False,False,False,,,,2026-01-22,4126.072,WARN_NOT_BRACKET_30D
2026-01-22,15.335522609147642,2026-02-24,2026-02-24,33.0,33.0,0.0235178253695678,0.0235178253695678,24.0,24.0,WARN_NOT_BRACKET_30D,4126.072,4122.576,0.0013689779302104021,0.009698066044425024,4113.8156,4123.2244,4116.94,4111.8206,False,False,False,False,False,False,False,False,False,,,,2026-01-23,4130.108,WARN_NOT_BRACKET_30D
2026-01-23,17.327251246283986,2026-02-24,2026-02-24,32.0,32.0,0.0300233635751849,0.0300233635751849,24.0,24.0,WARN_NOT_BRACKET_30D,4130.108,4136.164,0.003295997454018984,0.003819507982912196,4120.6658,4124.7982,4122.576,4113.8156,False,False,False,False,False,False,False,False,False,,,,2026-01-26,4144.778,WARN_NOT_BRACKET_30D
2026-01-26,18.84725326379305,2026-02-24,2026-03-20,29.0,53.0,0.0345414298706321,0.0478609637497451,24.0,29.0,OK,4144.778,4132.605,-0.0008604591113892113,-0.00784627805959126,4124.3868,4121.53,4136.164,4120.6658,False,False,False,False,False,False,False,False,False,,,,2026-01-27,4125.216,OK
2026-01-27,18.27244190892207,2026-02-24,2026-03-20,28.0,52.0,0.0313939868728351,0.04520017004816,24.0,29.0,OK,4125.216,4139.904,0.0017661983180103924,0.00027665297737811123,4129.6377999999995,4121.6445,4132.605,4124.3868,False,False,False,False,False,False,False,False,False,,,,2026-01-28,4150.215,OK
2026-01-28,18.828222793108186,2026-02-24,2026-03-20,27.0,51.0,0.0329731303570108,0.0446299162284508,24.0,29.0,OK,4150.215,4151.238,0.0027377446433540786,0.0060941428125833585,4136.4974,4124.159,4139.904,4129.6377999999995,False,False,False,False,False,False,False,False,False,,,,2026-01-29,4155.919,OK
2026-01-29,18.946205735451883,2026-02-24,2026-03-20,26.0,50.0,0.0323642542446995,0.0450780752010061,24.0,28.0,OK,4155.919,4157.985,0.0016252982845115227,0.011035352080106975,4143.5792,4128.697399999999,4151.238,4136.4974,False,False,False,False,False,False,False,False,False,,,,2026-01-30,4131.993,OK
2026-01-30,19.35579554611692,2026-02-24,2026-03-20,25.0,49.0,0.0323421793071988,0.0473960651311928,24.0,29.0,OK,4131.993,4117.948,-0.009628942865354095,0.0039091516568003915,4139.936,4130.3009,4157.985,4143.5792,False,False,False,False,False,False,False,False,False,,,,2026-02-02,4079.708,OK
2026-02-02,24.27025766741922,2026-02-24,2026-03-20,22.0,46.0,0.0517877961421059,0.0657118616289919,24.0,29.0,OK,4079.708,4015.746,-0.02481867182392794,-0.023882839086047603,4116.5642,4120.4755000000005,4117.948,4139.936,False,False,False,False,False,False,False,False,False,,,,2026-02-03,4043.906,OK
2026-02-03,20.88249300034165,2026-02-24,2026-03-20,21.0,45.0,0.034961549829641,0.0503327526052691,24.0,29.0,OK,4043.906,4067.738,0.012947034000656332,-0.011160650799326932,4102.130999999999,4115.8844,4015.746,4116.5642,False,False,False,False,False,False,False,False,False,,,,2026-02-04,4064.677,OK
2026-02-04,19.10005806074171,2026-02-24,2026-03-20,20.0,44.0,0.0272801299269853,0.0423364620703427,24.0,29.0,OK,4064.677,4102.202,0.008472522074922217,-0.0035798432816604997,4092.3237999999997,4114.4106,4067.738,4102.130999999999,False,False,False,False,False,False,False,False,False,,,,2026-02-05,4075.025,OK
2026-02-05,18.8471134194452,2026-02-24,2026-03-20,19.0,43.0,0.024312435669845,0.041374658890527,24.0,29.0,OK,4075.025,4075.917,-0.0064075342949957426,-0.011317923550712039,4075.9102,4109.7447,4102.202,4092.3237999999997,False,False,False,False,False,False,False,False,False,,,,2026-02-06,4040.299,OK
2026-02-06,18.930951761730345,2026-02-24,2026-03-20,18.0,42.0,0.0244740962339951,0.0407083779861393,24.0,29.0,OK,4040.299,4065.583,-0.0025353803818870535,-0.017064362051407933,4065.4372000000003,4102.686599999999,4075.917,4075.9102,False,False,False,False,False,False,False,False,False,,,,2026-02-09,4103.54,OK
2026-02-09,18.751640472455115,2026-02-24,2026-03-20,15.0,39.0,0.0218642081112672,0.038231216024565,24.0,29.0,OK,4103.54,4123.09,0.0141448348244273,-0.002302421838041524,4086.906,4101.7351,4065.583,4065.4372000000003,False,False,False,False,False,False,False,False,False,,,,2026-02-10,4127.766,OK
2026-02-10,17.708832264912473,2026-02-24,2026-03-20,14.0,38.0,0.0171543050456103,0.0339771630400355,24.0,29.0,OK,4127.766,4128.373,0.0012813205629755853,-0.002785330287852328,4099.033,4100.582,4123.09,4086.906,False,False,False,False,False,False,False,False,False,,,,2026-02-11,4124.428,OK
2026-02-11,17.537059131935983,2026-02-24,2026-03-20,13.0,37.0,0.0156627315614235,0.0329382819136658,24.0,29.0,OK,4124.428,4131.985,0.0008749209434322225,-0.004637893563317896,4104.9896,4098.6567000000005,4128.373,4099.033,False,False,False,False,False,False,False,False,False,,,,2026-02-12,4136.99,OK
2026-02-12,17.578714903803238,2026-02-24,2026-03-20,12.0,36.0,0.0156313974992313,0.0325977577966625,24.0,29.0,OK,4136.99,4134.018,0.0004920153388747739,-0.005764090058044902,4116.6098,4096.26,4131.985,4104.9896,False,False,False,False,False,False,False,False,False,,,,2026-02-13,4115.924,OK
2026-02-13,19.510517305009948,2026-02-24,2026-03-20,11.0,35.0,0.0263954807962124,0.0390312618238541,24.0,29.0,OK,4115.924,4082.073,-0.012565257335599433,-0.008711863287249044,4119.9078,4092.6724999999997,4134.018,4116.6098,False,False,False,False,False,False,False,False,False,,,,2026-02-24,4129.134,OK
2026-02-24,17.71725067033997,2026-03-20,2026-04-17,24.0,52.0,0.0329016836201909,0.0288320276892782,29.0,22.0,OK,4129.134,4117.409,0.008656386105784897,0.025316093199121648,4118.7716,4102.8387999999995,4082.073,4119.9078,False,False,False,False,False,False,False,False,False,,,,2026-02-25,4123.781,OK
2026-02-25,16.579357753435726,2026-03-20,2026-04-17,23.0,51.0,0.0282487315118429,0.0264576228996029,29.0,22.0,OK,4123.781,4147.231,0.007242904457633426,0.019542310738793978,4122.5432,4110.7881,4117.409,4118.7716,False,False,False,False,False,False,False,False,False,,,,2026-02-26,4151.068,OK
2026-02-26,15.652626681370208,2026-03-20,2026-04-17,22.0,50.0,0.0245999576509815,0.0243910382094521,28.0,22.0,OK,4151.068,4146.631,-0.00014467484449254275,0.010830524679184439,4125.472400000001,4115.231000000001,4147.231,4122.5432,False,False,False,False,False,False,False,False,False,,,,2026-02-27,4128.897,OK
2026-02-27,15.62837413193489,2026-03-20,2026-04-17,21.0,49.0,0.0243504216125907,0.0244917286377001,29.0,22.0,OK,4128.897,4162.882,0.003919085156118163,0.021336302971821874,4131.245199999999,4123.9275,4146.631,4125.472400000001,False,False,False,False,False,False,False,False,False,,,,2026-03-02,4151.801,OK
2026-03-02,16.248305381925828,2026-03-20,2026-04-17,18.0,46.0,0.0270201734659529,0.0260775615501601,29.0,22.0,OK,4151.801,4182.591,0.0047344604050754135,0.02878012821285414,4151.3488,4135.628299999999,4162.882,4131.245199999999,False,False,False,False,False,False,False,False,False,,,,2026-03-03,4189.408,OK
2026-03-03,18.275178460230027,2026-03-20,2026-04-17,17.0,45.0,0.0395812852699133,0.0307030302007616,29.0,22.0,OK,4189.408,4122.676,-0.014324852704938107,-0.0001004101292961801,4152.4021999999995,4135.5869,4182.591,4151.3488,False,False,False,False,False,False,False,False,False,,,,2026-03-04,4087.632,OK
2026-03-04,19.096274497221504,2026-03-20,2026-04-17,16.0,44.0,0.044405629067398,0.0335799121127505,29.0,22.0,OK,4087.632,4082.474,-0.009751433292356726,-0.011117939197838766,4139.4508000000005,4130.997,4122.676,4152.4021999999995,False,False,False,False,False,False,False,False,False,,,,2026-03-05,4109.777,OK
2026-03-05,16.88354074468135,2026-03-20,2026-04-17,15.0,43.0,0.0308940141094371,0.0277832540886112,29.0,22.0,OK,4109.777,4108.567,0.006391467526798644,-0.005667493952664304,4131.838,4128.655199999999,4082.474,4139.4508000000005,False,False,False,False,False,False,False,False,False,,,,2026-03-06,4085.895,OK
2026-03-06,16.23696773747614,2026-03-20,2026-04-17,14.0,42.0,0.0271583708615407,0.0261652974480949,28.0,22.0,OK,4085.895,4124.194,0.0038035159217313375,-0.0023763805576075825,4124.1004,4127.6728,4108.567,4131.838,False,False,False,False,False,False,False,False,False,,,,2026-03-09,4098.699,OK
2026-03-09,18.539531843618544,2026-03-20,2026-04-17,11.0,39.0,0.0443267122957788,0.0330413653509902,29.0,22.0,OK,4098.699,4096.602,-0.006690276936536121,0.003559221013440972,4106.9026,4129.1257,4124.194,4124.1004,False,False,False,False,False,False,False,False,False,,,,2026-03-10,4098.587,OK
2026-03-10,17.357926019481585,2026-03-20,2026-04-17,10.0,38.0,0.0328110964202925,0.029847513585515,29.0,22.0,OK,4098.587,4123.138,0.00647756360027163,0.0013914090147468805,4106.995,4129.6986,4096.602,4106.9026,False,False,False,False,False,False,False,False,False,,,,2026-03-11,4123.666,OK
2026-03-11,17.166760780814673,2026-03-20,2026-04-17,9.0,37.0,0.0336742276208517,0.0291288654043327,28.0,22.0,OK,4123.666,4133.433,0.0024968846543580447,-0.0033270391738486893,4117.1868,4128.3188,4123.138,4106.995,False,False,False,False,False,False,False,False,False,,,,2026-03-12,4133.2,OK
2026-03-12,17.88153143244415,2026-03-20,2026-04-17,8.0,36.0,0.0369658987817751,0.0316724328705957,29.0,22.0,OK,4133.2,4129.103,-0.001047555385559673,-0.004227046004334656,4121.294,4126.566,4133.433,4117.1868,False,False,False,False,False,False,False,False,False,,,,2026-03-13,4117.574,OK
2026-03-13,18.893809239538108,2026-03-20,2026-04-17,7.0,35.0,0.0416985845719824,0.0354366905052239,29.0,22.0,OK,4117.574,4095.449,-0.008150438485065692,-0.016198633542819474,4115.545,4119.8227,4129.103,4121.294,False,False,False,False,False,False,False,False,False,,,,2026-03-16,4092.249,OK
2026-03-16,18.285089404599933,2026-04-17,2026-04-17,32.0,32.0,0.0334344494534212,0.0334344494534212,22.0,22.0,WARN_NOT_BRACKET_30D,4092.249,4084.786,-0.0026036217274345574,-0.023383830740323464,4113.1818,4110.0422,4095.449,4115.545,False,False,False,False,False,False,False,False,False,,,,2026-03-17,4086.295,WARN_NOT_BRACKET_30D
2026-03-17,18.13309520187236,2026-04-17,2026-04-17,31.0,31.0,0.0328809141600166,0.0328809141600166,22.0,22.0,WARN_NOT_BRACKET_30D,4086.295,4049.907,-0.008538758211568465,-0.017650914115006855,4098.5356,4102.7653,4084.786,4113.1818,False,False,False,False,False,False,False,False,False,,,,2026-03-18,4053.305,WARN_NOT_BRACKET_30D
2026-03-18,17.707946502514186,2026-04-17,2026-04-17,30.0,30.0,0.0313571369335904,0.0313571369335904,22.0,22.0,OK,4053.305,4062.984,0.0032289630354473964,-0.004774065921791637,4084.4458,4100.8163,4049.907,4098.5356,False,False,False,False,False,False,False,False,False,,,,2026-03-19,4028.542,OK
2026-03-19,19.17105710809589,2026-04-17,2026-05-15,29.0,57.0,0.0367461452051486,0.0368463241804566,22.0,22.0,OK,4028.542,4006.552,-0.013889299096427554,-0.02482982509473497,4059.9356,4090.6148000000003,4062.984,4084.4458,False,False,False,False,False,False,False,False,False,,,,2026-03-20,4004.573,OK
2026-03-20,19.81368346004108,2026-04-17,2026-05-15,28.0,56.0,0.0395982161073938,0.0370481344929689,22.0,22.0,OK,4004.573,3957.053,-0.01235451330720283,-0.04052694902325171,4032.2563999999998,4073.9006999999997,4006.552,4059.9356,False,False,False,False,False,False,False,False,False,,,,2026-03-23,3904.951,OK
2026-03-23,25.119434429285885,2026-04-17,2026-05-15,25.0,53.0,0.0674639030289793,0.0536267116464192,22.0,22.0,OK,3904.951,3813.283,-0.03633259397839761,-0.0691595131770184,3977.9557999999997,4045.5688,3957.053,4032.2563999999998,False,False,False,False,False,False,False,False,False,,,,2026-03-24,3849.631,OK
2026-03-24,20.853752228506544,2026-04-17,2026-05-15,24.0,52.0,0.0459776184959135,0.039274525393669,25.0,25.0,OK,3849.631,3881.28,0.01783161648374909,-0.058658720615220705,3944.2304000000004,4021.3830000000003,3813.283,3977.9557999999997,False,False,False,False,False,False,False,False,False,,,,2026-03-25,3892.269,OK
2026-03-25,18.694288337958643,2026-04-17,2026-05-15,23.0,51.0,0.0366299033151282,0.032671640564882,25.0,25.0,OK,3892.269,3931.838,0.013026115096050894,-0.048771807841085035,3918.0012,4001.2235,3881.28,3944.2304000000004,False,False,False,False,False,False,False,False,False,,,,2026-03-26,3924.962,OK
2026-03-26,19.714600371173105,2026-04-17,2026-05-15,22.0,50.0,0.0410315303877008,0.0364850648104913,25.0,25.0,OK,3924.962,3889.084,-0.010873794902028111,-0.05812860565599842,3894.5076,3977.2216,3931.838,3918.0012,False,False,False,False,False,False,False,False,False,,,,2026-03-27,3852.094,OK
2026-03-27,19.18731715738464,2026-04-17,2026-05-15,21.0,49.0,0.037675928917603,0.0360366623503719,25.0,25.0,OK,3852.094,3913.724,0.006335682129776643,-0.04437242412248321,3885.8418000000006,3959.0491,3889.084,3894.5076,False,False,False,False,False,False,False,False,False,,,,2026-03-30,3884.277,OK
2026-03-30,20.105595104809108,2026-04-17,2026-05-15,18.0,46.0,0.0424710687586113,0.0393551963352824,25.0,25.0,OK,3884.277,3923.287,0.0024434528341803485,-0.03953671012385962,3907.8426,3942.8992,3913.724,3885.8418000000006,False,False,False,False,False,False,False,False,False,,,,2026-03-31,3924.067,OK
2026-03-31,19.81223854370591,2026-04-17,2026-05-15,17.0,45.0,0.0420637541588614,0.038027052244372,25.0,25.0,OK,3924.067,3891.861,-0.008010120085530259,-0.03902459982414419,3909.9588000000003,3927.0946000000004,3923.287,3907.8426,False,False,False,False,False,False,False,False,False,,,,2026-04-01,3939.566,OK
2026-04-01,18.279778607788767,2026-04-17,2026-05-15,16.0,44.0,0.0352358281607578,0.0327529223892387,25.0,25.0,OK,3939.566,3948.552,0.01456655312201538,-0.02816452144532189,3913.3016000000002,3915.6513999999997,3891.861,3909.9588000000003,False,False,False,False,False,False,False,False,False,,,,2026-04-02,3940.799,OK
2026-04-02,19.122683353799395,2026-04-17,2026-05-15,15.0,43.0,0.0407753318899724,0.0352956276713615,25.0,25.0,OK,3940.799,3919.285,-0.007412084227331972,-0.021781072603076268,3919.3417999999997,3906.9247000000005,3948.552,3913.3016000000002,False,False,False,False,False,False,False,False,False,,,,2026-04-03,3927.592,OK
2026-04-03,19.799651600974546,2026-04-17,2026-05-15,14.0,42.0,0.0472576326226154,0.0371888672843428,25.0,25.0,OK,3927.592,3880.097,-0.009998762529389804,-0.019447806233578335,3912.6164,3899.2291000000005,3919.285,3919.3417999999997,False,False,False,False,False,False,False,False,False,,,,2026-04-07,3884.151,OK
2026-04-07,19.254888418729514,2026-04-17,2026-05-15,10.0,38.0,0.0470486282550848,0.0360252248593184,25.0,25.0,OK,3884.151,3890.165,0.002594780491312454,0.0201616297557774,3905.9919999999997,3906.9173,3880.097,3912.6164,False,False,False,False,False,False,False,False,False,,,,2026-04-08,3930.251,OK
2026-04-08,17.786469314697978,2026-04-17,2026-05-15,9.0,37.0,0.0366246670054873,0.0312313503166029,25.0,25.0,OK,3930.251,3994.998,0.026948214278828875,0.029299097205045754,3926.6194000000005,3918.2891000000004,3890.165,3905.9919999999997,False,False,False,False,False,False,False,False,False,,,,2026-04-09,3967.63,OK
2026-04-09,16.88388974056228,2026-04-17,2026-05-15,8.0,36.0,0.0316095952030432,0.0283185113422435,25.0,25.0,OK,3967.63,3966.171,-0.007215773324542374,0.00873204847198683,3930.1432,3921.7223999999997,3994.998,3926.6194000000005,False,False,False,False,False,False,False,False,False,,,,2026-04-10,3985.464,OK
2026-04-10,17.489113016900042,2026-04-17,2026-05-15,7.0,35.0,0.0350182251949722,0.0303942414212171,25.0,25.0,OK,3985.464,3986.225,0.005056262072411943,0.02497786111073963,3943.5312000000004,3931.4365000000007,3966.171,3930.1432,False,False,False,False,False,False,False,False,False,,,,2026-04-13,3971.199,OK
2026-04-13,17.690454507825166,2026-05-15,2026-05-15,32.0,32.0,0.0312952180693431,0.0312952180693431,25.0,25.0,WARN_NOT_BRACKET_30D,3971.199,3988.558,0.0005852655080935687,0.019120919104157474,3965.2234,3938.9199,3986.225,3943.5312000000004,False,False,False,False,False,False,False,False,False,,,,2026-04-14,4006.727,WARN_NOT_BRACKET_30D
2026-04-14,18.069616667822874,2026-05-15,2026-05-15,31.0,31.0,0.0326511046522062,0.0326511046522062,25.0,25.0,WARN_NOT_BRACKET_30D,4006.727,4026.626,0.009544301474367467,0.026339903249494645,3992.5156,3949.2538,3988.558,3965.2234,False,False,False,False,False,False,False,False,False,,,,2026-04-15,4039.471,WARN_NOT_BRACKET_30D
2026-04-15,17.854689301087177,2026-05-15,2026-05-15,30.0,30.0,0.0318789930038356,0.0318789930038356,25.0,25.0,OK,4039.471,4027.21,0.00014503457733594516,0.03477744965711782,3998.958,3962.7887,4026.626,3992.5156,False,False,False,False,False,False,False,False,False,,,,2026-04-16,4030.138,OK
2026-04-16,17.9366880065765,2026-05-15,2026-06-22,29.0,67.0,0.0319296573106505,0.0360612275109289,25.0,29.0,OK,4030.138,4055.547,0.007036384991098155,0.027097275153018074,4016.8332,3973.4882000000007,4027.21,3998.958,False,False,False,False,False,False,False,False,False,,,,2026-04-17,4043.381,OK
2026-04-17,17.71578238651495,2026-05-15,2026-06-22,28.0,66.0,0.030847775689058,0.035486529545407,25.0,30.0,OK,4043.381,4051.425,-0.0010163857057999826,0.033715333281453264,4029.8732000000005,3986.7021999999997,4055.547,4016.8332,False,False,False,False,False,False,False,False,False,,,,2026-04-20,4053.375,OK
2026-04-20,17.740867902353283,2026-05-15,2026-06-22,25.0,63.0,0.0301866460488359,0.034845060055834,25.0,30.0,OK,4053.375,4082.127,0.007578074381236144,0.05206828592171786,4048.5869999999995,4006.9051999999997,4051.425,4029.8732000000005,False,False,False,False,False,False,False,False,False,,,,2026-04-21,4075.845,OK
2026-04-21,17.508714402684287,2026-05-15,2026-06-22,24.0,62.0,0.0294123918805348,0.0332219412895493,25.0,30.0,OK,4075.845,4085.077,0.0007226624747345145,0.05010378737148691,4060.2771999999995,4026.3964,4082.127,4048.5869999999995,False,False,False,False,False,False,False,False,False,,,,2026-04-22,4074.813,OK
2026-04-22,17.470983515561084,2026-05-15,2026-06-22,23.0,61.0,0.0296657826484418,0.0319557779432688,25.0,30.0,OK,4074.813,4106.258,0.00518496958564052,0.027849826207672734,4076.0868,4037.5223999999994,4085.077,4060.2771999999995,False,False,False,False,False,False,False,False,False,,,,2026-04-23,4110.788,OK
2026-04-23,17.177130202654247,2026-05-15,2026-06-22,22.0,60.0,0.027655594968934,0.0320488348924631,25.0,30.0,OK,4110.788,4093.25,-0.0031678477095203883,0.03204072643363087,4083.6274,4050.2303,4106.258,4076.0868,False,False,False,False,False,False,False,False,False,,,,2026-04-24,4081.033,OK
2026-04-24,16.990158247797478,2026-05-15,2026-06-22,21.0,59.0,0.0260957834762221,0.0320443168992346,25.0,30.0,OK,4081.033,4079.9,-0.003261467049410549,0.023499677012712494,4089.3224,4059.5977999999996,4093.25,4083.6274,False,False,False,False,False,False,False,False,False,,,,2026-04-27,4074.811,OK
2026-04-27,16.883223371833427,2026-05-15,2026-06-22,18.0,56.0,0.0251371823180513,0.030849296216368,25.0,30.0,OK,4074.811,4086.344,0.001579450476727251,0.0245166298195989,4090.1658,4069.3764,4079.9,4089.3224,False,False,False,False,False,False,False,False,False,,,,2026-04-28,4076.143,OK
2026-04-28,16.599505273216046,2026-05-15,2026-06-22,17.0,55.0,0.0240295762122527,0.0296495072668009,25.0,30.0,OK,4076.143,4078.637,-0.0018860379840757169,0.012916769523665605,4088.8777999999998,4074.5775000000003,4086.344,4090.1658,False,False,False,False,False,False,False,False,False,,,,2026-04-29,4061.822,OK
2026-04-29,16.270050778889566,2026-05-15,2026-06-22,16.0,54.0,0.0243067280503196,0.0275709992014666,25.0,30.0,OK,4061.822,4107.514,0.007080061304793661,0.01994035573014563,4089.129,4082.6079000000004,4078.637,4088.8777999999998,False,False,False,False,False,False,False,False,False,,,,2026-04-30,4107.297,OK
2026-04-30,16.957528593188623,2026-05-15,2026-06-22,15.0,53.0,0.0263727717579941,0.0297899122090771,25.0,30.0,OK,4107.297,4112.159,0.0011308543318415687,0.013959152735746772,4092.9108,4088.2691,4107.514,4089.129,False,False,False,False,False,False,False,False,False,,,,2026-05-06,4135.451,OK
2026-05-06,17.752104786142983,2026-05-15,2026-06-22,9.0,47.0,0.0322748216713257,0.0313957404851489,25.0,30.0,OK,4135.451,4160.174,0.011676348117862334,0.02684216047440091,4108.9656,4099.144,4112.159,4092.9108,False,False,False,False,False,False,False,False,False,,,,2026-05-07,4168.447,OK
2026-05-07,18.232872000499885,2026-05-15,2026-06-22,8.0,46.0,0.0341387103176558,0.033130567112069,26.0,30.0,OK,4168.447,4180.092,0.004787780511103623,0.02399851841944156,4127.7152,4108.9405,4160.174,4108.9656,False,False,False,False,False,False,False,False,False,,,,2026-05-08,4163.854,OK
2026-05-08,18.003615544530767,2026-05-15,2026-06-22,7.0,45.0,0.0306068186313325,0.0325962548103293,26.0,30.0,OK,4163.854,4179.952,-3.349208581993057e-05,0.02322477642404297,4147.9782,4118.428,4180.092,4127.7152,False,False,False,False,False,False,False,False,False,,,,2026-05-11,4201.347,OK
2026-05-11,19.648244495153538,2026-06-22,2026-06-22,42.0,42.0,0.0386053511741331,0.0386053511741331,30.0,30.0,WARN_NOT_BRACKET_30D,4201.347,4225.021,0.010782181230789112,0.028922439846692516,4171.479600000001,4130.304300000001,4179.952,4147.9782,False,False,False,False,False,False,False,False,False,,,,2026-05-12,4229.283,WARN_NOT_BRACKET_30D
2026-05-12,19.88571698972566,2026-06-22,2026-06-22,41.0,41.0,0.0395441740195463,0.0395441740195463,30.0,30.0,WARN_NOT_BRACKET_30D,4229.283,4214.489,-0.0024927686749959266,0.029619251206254082,4191.9456,4142.4282,4225.021,4171.479600000001,False,False,False,False,False,False,False,False,False,,,,2026-05-13,4192.315,WARN_NOT_BRACKET_30D
2026-05-13,19.673761990638454,2026-06-22,2026-06-22,40.0,40.0,0.038705691086429,0.038705691086429,31.0,31.0,WARN_NOT_BRACKET_30D,4192.315,4242.572,0.006663441285527316,0.03987156547954607,4208.4252,4158.6954,4214.489,4191.9456,False,False,False,False,False,False,False,False,False,,,,2026-05-14,4256.157,WARN_NOT_BRACKET_30D
2026-05-14,18.718149831078144,2026-06-22,2026-06-22,39.0,39.0,0.035036913309869,0.035036913309869,31.0,31.0,WARN_NOT_BRACKET_30D,4256.157,4177.918,-0.015239340664106704,0.02240976285892704,4207.990400000001,4167.8528,4242.572,4208.4252,False,False,False,False,False,False,False,False,False,,,,2026-05-15,4174.175,WARN_NOT_BRACKET_30D
2026-05-15,19.181058784423367,2026-06-22,2026-06-22,38.0,38.0,0.0367913016091504,0.0367913016091504,31.0,31.0,WARN_NOT_BRACKET_30D,4174.175,4135.389,-0.010179472167715975,0.013914452303551483,4199.0778,4173.528,4177.918,4207.990400000001,False,False,False,False,False,False,False,False,False,,,,2026-05-18,4120.14,WARN_NOT_BRACKET_30D
2026-05-18,19.0616123208427,2026-06-22,2026-06-22,35.0,35.0,0.0363345064270102,0.0363345064270102,31.0,31.0,WARN_NOT_BRACKET_30D,4120.14,4131.528,-0.000933648563653855,0.005846358649051586,4180.3792,4175.929399999999,4135.389,4199.0778,False,False,False,False,False,False,False,False,False,,,,2026-05-19,4122.961,WARN_NOT_BRACKET_30D
2026-05-19,18.61685436326518,2026-06-22,2026-06-22,34.0,34.0,0.0346587266383025,0.0346587266383025,31.0,31.0,WARN_NOT_BRACKET_30D,4122.961,4169.538,0.009199986058426646,0.013953497420698069,4171.389,4181.667299999999,4131.528,4180.3792,False,False,False,False,False,False,False,False,False,,,,2026-05-20,4152.698,WARN_NOT_BRACKET_30D
2026-05-20,17.74477064244654,2026-06-22,2026-06-22,33.0,33.0,0.0314876885153032,0.0314876885153032,31.0,31.0,WARN_NOT_BRACKET_30D,4152.698,4162.185,-0.001763504733617749,0.0004833932426866472,4155.3116,4181.8684,4169.538,4171.389,False,False,False,False,False,False,False,False,False,,,,2026-05-21,4174.377,WARN_NOT_BRACKET_30D
2026-05-21,18.30143615773416,2026-06-22,2026-06-22,32.0,32.0,0.0334942565435619,0.0334942565435619,31.0,31.0,WARN_NOT_BRACKET_30D,4174.377,4077.277,-0.020399862091665888,-0.024596348597112128,4135.1834,4171.5869,4162.185,4155.3116,False,False,False,False,False,False,False,False,False,,,,2026-05-22,4096.172,WARN_NOT_BRACKET_30D
2026-05-22,17.90159566296566,2026-06-22,2026-06-22,31.0,31.0,0.0320467127280311,0.0320467127280311,31.0,31.0,WARN_NOT_BRACKET_30D,4096.172,4112.9,0.008736958514224069,-0.016041332532048314,4130.6856,4164.8817,4077.277,4135.1834,False,False,False,False,False,False,False,False,False,,,,2026-05-25,4126.338,WARN_NOT_BRACKET_30D
2026-05-25,18.27530943843792,2026-06-22,2026-07-17,28.0,53.0,0.0331602265223928,0.0348474929233805,31.0,21.0,OK,4126.338,4152.569,0.009645019329427074,-0.01714831713262477,4134.8938,4157.6365,4112.9,4130.6856,False,False,False,False,False,False,False,False,False,,,,2026-05-26,4137.32,OK
2026-05-26,18.936477280444024,2026-06-22,2026-07-17,27.0,52.0,0.0357301834219893,0.0363495764858734,31.0,21.0,OK,4137.32,4145.373,-0.0017329031739149459,-0.01639961570667281,4130.0608,4150.7249,4152.569,4134.8938,False,False,False,False,False,False,False,False,False,,,,2026-05-27,4138.805,OK
2026-05-27,19.574771063267978,2026-06-22,2026-07-17,26.0,51.0,0.0386177981464499,0.0375125337033814,31.0,21.0,OK,4138.805,4093.727,-0.012458709988220518,-0.035083670943003464,4116.369199999999,4135.8404,4145.373,4130.0608,False,False,False,False,False,False,False,False,False,,,,2026-05-28,4080.304,OK
2026-05-28,18.856291867147785,2026-06-22,2026-07-17,25.0,50.0,0.0348348723864255,0.036998178120868,31.0,21.0,OK,4080.304,4098.636,0.0011991517753873193,-0.01897643754616518,4120.641,4127.9122,4093.727,4116.369199999999,False,False,False,False,False,False,False,False,False,,,,2026-05-29,4110.521,OK
2026-05-29,19.43427701588343,2026-06-22,2026-07-17,24.0,49.0,0.0357951550689709,0.040830760283355,31.0,21.0,OK,4110.521,4068.569,-0.00733585514790791,-0.016158092987140993,4111.7748,4121.2302,4098.636,4120.641,False,False,False,False,False,False,False,False,False,,,,2026-06-01,4067.158,OK
2026-06-01,19.598388819742137,2026-06-22,2026-07-17,21.0,46.0,0.0365507534809238,0.0399183820172562,30.0,21.0,OK,4067.158,4057.74,-0.002661623779761424,-0.017859736155727446,4092.809,4113.8514000000005,4068.569,4111.7748,False,False,False,False,False,False,False,False,False,,,,2026-06-02,4061.463,OK
2026-06-02,19.35077949387364,2026-06-22,2026-07-17,20.0,45.0,0.0344805946855758,0.0394217147130361,31.0,21.0,OK,4061.463,4075.102,0.004278736439495834,-0.02264903209899982,4078.7548,4104.4078,4057.74,4092.809,False,False,False,False,False,False,False,False,False,,,,2026-06-03,4068.341,OK
2026-06-03,19.047113804046763,2026-06-22,2026-07-17,19.0,44.0,0.0328306000936494,0.0381745892456867,31.0,21.0,OK,4068.341,4083.974,0.002177123419242033,-0.018790851439808742,4076.8042,4096.5867,4075.102,4078.7548,False,False,False,False,False,False,False,False,False,,,,2026-06-04,4053.67,OK
2026-06-04,19.237466187507675,2026-06-22,2026-07-17,18.0,43.0,0.0330343295663579,0.0388100286436721,30.0,21.0,OK,4053.67,4057.781,-0.006413605963211388,-0.004781622636872651,4068.6332,4094.6371,4083.974,4076.8042,False,False,False,False,False,False,False,False,False,,,,2026-06-05,4044.829,OK
2026-06-05,19.655150048446234,2026-06-22,2026-07-17,17.0,42.0,0.0347643759025144,0.0400777226610022,31.0,21.0,OK,4044.829,4027.736,-0.0074042931345974505,-0.020706557416907745,4060.4665999999997,4086.1207000000004,4057.781,4068.6332,False,False,False,False,False,False,False,False,False,,,,2026-06-08,3938.709,OK
2026-06-08,21.47888699368711,2026-06-22,2026-07-17,14.0,39.0,0.0503522435381571,0.0452825501614756,31.0,21.0,OK,3938.709,3959.338,-0.01698174855551593,-0.04653288121160659,4040.7862,4066.7975999999994,4027.736,4060.4665999999997,False,False,False,False,False,False,False,False,False,,,,2026-06-09,3977.539,OK
2026-06-09,19.847102760187703,2026-06-22,2026-07-17,13.0,38.0,0.0365245198252917,0.0398521850405239,31.0,22.0,OK,3977.539,4010.031,0.012803402993126545,-0.03264893171253824,4027.772,4053.2634,3959.338,4040.7862,False,False,False,False,False,False,False,False,False,,,,2026-06-10,3985.124,OK
2026-06-10,20.091173921870705,2026-06-22,2026-07-17,12.0,37.0,0.0384977871722797,0.0406010977394036,30.0,22.0,OK,3985.124,3993.226,-0.004190740670084514,-0.024550000525193738,4009.6224,4043.2133000000003,4010.031,4027.772,False,False,False,False,False,False,False,False,False,,,,2026-06-11,3979.706,OK
2026-06-11,19.735459697473328,2026-06-22,2026-07-17,11.0,36.0,0.0367419801598748,0.0391617792686298,31.0,22.0,OK,3979.706,3987.015,-0.0015553840428766952,-0.02723369433148015,3995.4692000000005,4032.0512000000003,3993.226,4009.6224,False,False,False,False,False,False,False,False,False,,,,2026-06-12,4017.865,OK
2026-06-12,19.210598262361607,2026-06-22,2026-07-17,10.0,35.0,0.0274810966990627,0.0375778236926938,31.0,22.0,OK,4017.865,4031.513,0.011160730521455386,-0.009107870605119417,3996.2246,4028.3455999999996,3987.015,3995.4692000000005,False,False,False,False,False,False,False,False,False,,,,2026-06-15,4053.582,OK
2026-06-15,19.259799348185613,2026-06-22,2026-07-17,7.0,32.0,0.0327327857872299,0.0371769447267752,31.0,22.0,OK,4053.582,4096.472,0.016112809260443894,0.00954521482401538,4023.6513999999997,4032.2188,4031.513,3996.2246,False,False,False,False,False,False,False,False,False,,,,2026-06-16,4094.212,OK
2026-06-16,20.03802166491552,2026-07-17,2026-07-17,31.0,31.0,0.0401522312243623,0.0401522312243623,22.0,22.0,WARN_NOT_BRACKET_30D,4094.212,4091.892,-0.0011180352264094084,0.004120142268831506,4040.0236000000004,4033.8978,4096.472,4023.6513999999997,False,False,False,False,False,False,False,False,False,,,,2026-06-17,4074.291,WARN_NOT_BRACKET_30D
2026-06-17,20.76694698438252,2026-07-17,2026-07-17,30.0,30.0,0.0431266087052154,0.0431266087052154,22.0,22.0,OK,4074.291,4108.076,0.003955138600921115,0.0059016046625173235,4062.9936000000002,4036.308,4091.892,4040.0236000000004,False,False,False,False,False,False,False,False,False,,,,2026-06-18,4094.23,OK
2026-06-18,21.226962674714027,2026-07-17,2026-08-21,29.0,64.0,0.0451392466692038,0.0438127647734968,22.0,22.0,OK,4094.23,4090.481,-0.004283026896289122,0.008058591629267475,4083.6868000000004,4039.578,4108.076,4062.9936000000002,False,False,False,False,False,False,False,False,False,,,,2026-06-22,4093.955,OK
2026-06-22,22.59483244910004,2026-07-17,2026-08-21,25.0,60.0,0.0522533339105145,0.04805092391473,22.0,22.0,OK,4093.955,4163.097,0.017752435471525052,0.03360721755348406,4110.003600000001,4053.1141000000002,4090.481,4083.6868000000004,False,False,False,False,False,False,False,False,False,,,,2026-06-23,4153.593,OK
2026-06-23,23.19524712177192,2026-07-17,2026-08-21,24.0,59.0,0.0544388194919899,0.0525497965615315,23.0,23.0,OK,4153.593,4106.252,-0.013654498081596356,0.03710569797274199,4111.9596,4067.8054999999995,4163.097,4110.003600000001,False,False,False,False,False,False,False,False,False,,,,2026-06-24,4090.1,OK
2026-06-24,22.516118466160595,2026-07-17,2026-08-21,23.0,58.0,0.0511816568886299,0.0499296797927364,23.0,23.0,OK,4090.1,4110.813,0.0011107452733050138,0.0251324740382306,4115.7438,4077.8837,4106.252,4111.9596,False,False,False,False,False,False,False,False,False,,,,2026-06-25,4103.482,OK
2026-06-25,22.008302664926187,2026-07-17,2026-08-21,22.0,57.0,0.0479436804726391,0.0490785512046207,23.0,23.0,OK,4103.482,4120.281,0.0023031940397191253,0.03181763316175945,4118.1848,4090.5892,4110.813,4115.7438,False,True,True,False,False,True,False,True,False,,,,2026-06-26,4098.686,OK
2026-06-26,23.46650981857743,2026-07-17,2026-08-21,21.0,56.0,0.0564725431791888,0.0535458038611685,23.0,23.0,OK,4098.686,4027.265,-0.0225751593155904,0.010095271776002779,4105.5416,4094.6142,4120.281,4118.1848,False,False,False,False,False,False,False,False,False,,,,2026-06-29,4026.686,OK
2026-06-29,23.54443852905032,2026-07-17,2026-08-21,18.0,53.0,0.0569463073637284,0.054449670195724,23.0,23.0,OK,4026.686,4073.902,0.011580315673291874,0.010514414811511275,4087.7025999999996,4098.8531,4027.265,4105.5416,False,False,False,False,False,False,False,False,False,,,,2026-06-30,4058.17,OK
2026-06-30,23.25612087766116,2026-07-17,2026-08-21,17.0,52.0,0.0560219911154828,0.0530129096772634,23.0,23.0,OK,4058.17,4094.397,0.0050308033919324036,-0.0005065334268120614,4085.3316,4098.6456,4073.902,4087.7025999999996,False,True,True,False,False,False,False,False,False,,,,2026-07-01,4090.76,OK
2026-07-01,22.70908085829216,2026-07-17,2026-08-21,16.0,51.0,0.0514662729453775,0.0516191588240063,23.0,23.0,OK,4090.76,4112.445,0.004407975093768224,0.005022859840875471,4085.6580000000004,4100.7009,4094.397,4085.3316,False,False,False,False,False,False,False,False,False,,,,2026-07-02,4054.086,OK
2026-07-02,24.300636585914138,2026-07-17,2026-08-21,15.0,50.0,0.0634808351269602,0.0572805973365095,23.0,23.0,OK,4054.086,4028.904,-0.020314192651816554,-0.019272282207047797,4067.3826,4092.7837,4112.445,4085.6580000000004,False,False,False,False,False,False,False,False,False,,,,2026-07-03,4031.335,OK
2026-07-03,22.42797331914832,2026-07-17,2026-08-21,14.0,49.0,0.051443818365791,0.0499137920550568,22.0,23.0,OK,4031.335,4043.643,0.0036583150156965782,-0.011450487118752073,4070.6581999999994,4088.0998999999997,4028.904,4067.3826,False,False,False,False,False,False,False,False,False,,,,2026-07-06,4059.194,OK
2026-07-06,22.3254673152499,2026-07-17,2026-08-21,11.0,46.0,0.0549091185869684,0.048822398932888,20.0,20.0,OK,4059.194,4041.238,-0.000594760714533904,-0.029271237254380522,4064.1254,4075.9139999999998,4043.643,4070.6581999999994,False,False,False,False,False,False,False,False,False,,,,2026-07-07,4019.494,OK
2026-07-07,22.15216780470671,2026-07-17,2026-08-21,10.0,45.0,0.0582961233413179,0.0475344755953668,20.0,20.0,OK,4019.494,3990.235,-0.01262063753730902,-0.028253745751600334,4043.293,4064.312299999999,4041.238,4064.1254,False,False,False,False,False,False,False,False,False,,,,2026-07-08,3996.807,OK
2026-07-08,21.8392210755944,2026-07-17,2026-08-21,9.0,44.0,0.0590842956805735,0.0461420934513634,20.0,20.0,OK,3996.807,3970.88,-0.004850591506515234,-0.034040225133081914,4014.9800000000005,4050.3190000000004,3990.235,4043.293,False,False,False,False,False,False,False,False,False,,,,2026-07-09,3977.547,OK
2026-07-09,21.103923876345192,2026-07-17,2026-08-21,8.0,43.0,0.0532303327697864,0.0435819066645796,20.0,20.0,OK,3977.547,4036.588,0.01654746554919817,-0.020312449563512747,4016.5168,4041.9496999999997,3970.88,4014.9800000000005,False,False,False,False,False,False,False,False,False,,,,2026-07-10,4031.537,OK
2026-07-10,20.81785729309881,2026-07-17,2026-08-21,7.0,42.0,0.0463310235245973,0.043078082984364,23.0,23.0,OK,4031.537,3996.162,-0.010014893766715938,-0.007723107369393412,4007.0206,4038.8394,4036.588,4016.5168,False,False,False,False,False,False,False,False,False,,,,2026-07-13,3966.023,OK
2026-07-13,22.94260298000864,2026-08-21,2026-08-21,39.0,39.0,0.0526363031498301,0.0526363031498301,23.0,23.0,WARN_NOT_BRACKET_30D,3966.023,3913.794,-0.020611777000031473,-0.03930089629058342,3981.5317999999997,4022.8286,3996.162,4007.0206,False,False,False,False,False,False,False,False,False,,,,2026-07-14,3909.274,WARN_NOT_BRACKET_30D
2026-07-14,21.19792729593721,2026-08-21,2026-08-21,38.0,38.0,0.044935212164384,0.044935212164384,23.0,23.0,WARN_NOT_BRACKET_30D,3909.274,3967.126,0.01362667529256778,-0.03108418651146916,3976.91,4010.1014999999998,3913.794,3981.5317999999997,False,False,False,False,False,False,False,False,False,,,,2026-07-15,3963.727,WARN_NOT_BRACKET_30D
2026-07-15,20.85172161946936,2026-08-21,2026-08-21,37.0,37.0,0.0434794294495846,0.0434794294495846,23.0,23.0,WARN_NOT_BRACKET_30D,3963.727,3955.578,-0.002910923424161549,-0.03814446150647599,3973.8496,3994.4148,3967.126,3976.91,False,False,False,False,False,False,False,False,False,,,,2026-07-16,3912.381,WARN_NOT_BRACKET_30D
2026-07-16,22.651180581064192,2026-08-21,2026-08-21,36.0,36.0,0.0513075981715979,0.0513075981715979,23.0,23.0,WARN_NOT_BRACKET_30D,3912.381,3882.413,-0.01849666470993616,-0.03636001254931864,3943.0146,3979.7657,3955.578,3973.8496,False,False,False,False,False,False,False,False,False,,,,2026-07-17,3865.317,WARN_NOT_BRACKET_30D
2026-07-17,24.579842793919067,2026-08-21,2026-08-21,35.0,35.0,0.0604168671773775,0.0604168671773775,23.0,23.0,WARN_NOT_BRACKET_30D,3865.317,3764.155,-0.030459922733619527,-0.06911787217615395,3896.6132,3951.8169000000003,3882.413,3943.0146,False,False,False,False,False,False,False,False,False,,,,2026-07-20,3791.662,WARN_NOT_BRACKET_30D
2026-07-20,25.07445487849729,2026-08-21,2026-08-21,32.0,32.0,0.0628728287453796,0.0628728287453796,26.0,26.0,WARN_NOT_BRACKET_30D,3791.662,3796.281,0.008534717619226528,-0.060614346395832186,3873.1106,3927.3212,3764.155,3896.6132,True,False,True,True,False,False,False,False,False,,,,2026-07-21,3812.162,WARN_NOT_BRACKET_30D
2026-07-21,22.54419675173774,2026-08-21,2026-08-21,31.0,31.0,0.0508240807181062,0.0508240807181062,26.0,26.0,WARN_NOT_BRACKET_30D,3812.162,3864.367,0.01793492104509653,-0.03154400680661662,3852.5588000000002,3914.7344000000003,3796.281,3873.1106,False,True,True,False,False,False,False,False,False,,,,2026-07-22,3839.665,WARN_NOT_BRACKET_30D
2026-07-22,20.694113784185667,2026-08-21,2026-08-21,30.0,30.0,0.0428246345312823,0.0428246345312823,26.0,26.0,OK,3839.665,3867.034,0.0006901518411681629,-0.026151885728100566,3834.85,3904.3498,3864.367,3852.5588000000002,False,False,False,False,False,False,False,False,False,,,,2026-07-23,3868.087,OK
2026-07-23,19.551863033693746,2026-08-21,2026-09-18,29.0,57.0,0.0379516210638821,0.0420177183578797,26.0,28.0,OK,3868.087,3876.777,0.0025195020266177703,-0.039590614647816436,3833.7228000000005,3888.3687000000004,3867.034,3834.85,False,False,False,False,True,False,True,False,True,AVIX<20,AVIX<20,AVIX<20,2026-07-24,3853.632,OK
2026-07-24,20.967518151714824,2026-08-21,2026-09-18,28.0,56.0,0.0438535162012723,0.0446797577735974,26.0,28.0,OK,3853.632,3814.198,-0.016142016938296977,-0.04553469053556891,3843.7313999999997,3870.1722999999997,3876.777,3833.7228000000005,False,False,False,False,False,False,False,False,False,,,,2026-07-27,3808.903,OK
2026-07-27,20.26284514227467,2026-08-21,2026-09-18,25.0,53.0,0.0410841656454541,0.0410021425950469,26.0,28.0,OK,3808.903,3858.245,0.011548168186339636,-0.014193133312586204,3856.1241999999997,3864.6174,3814.198,3843.7313999999997,False,False,False,False,False,False,False,False,False,,,,2026-07-28,3823.133,OK
2026-07-28,22.6101014190961,2026-08-21,2026-09-18,24.0,52.0,0.0524866326298879,0.0488117295214466,26.0,28.0,OK,3823.133,3813.315,-0.011645191013012313,-0.03877139269082963,3845.9138,3849.2362999999996,3858.245,3856.1241999999997,False,False,False,False,False,False,False,False,False,,,,2026-07-29,3823.293,OK
2026-07-29,23.17990189534396,2026-08-21,2026-09-18,23.0,51.0,0.0548098028661703,0.0522709377405389,26.0,28.0,OK,3823.293,3828.469,0.0039739701545769,-0.032134115418783304,3838.2008,3836.5254,3813.315,3845.9138,False,False,False,False,False,False,False,False,False,,,,2026-07-30,3812.111,OK
2026-07-30,24.51206470846237,2026-08-21,2026-09-18,22.0,50.0,0.0635116083051696,0.0563139072814011,26.0,28.0,OK,3812.111,3804.693,-0.006210315402841116,-0.02001847819899627,3823.7839999999997,3828.7534,3828.469,3838.2008,False,False,False,False,False,False,False,False,False,,,,2026-07-31,3833.536,OK
2026-07-31,22.9108819505031,2026-08-21,2026-09-18,21.0,49.0,0.0550798920629523,0.0501483856096886,26.0,28.0,OK,3833.536,3832.262,0.007246051126858388,0.018093569473095483,3827.3968,3835.5641000000005,3804.693,3823.7839999999997,False,True,True,False,False,True,False,True,False,,,,2026-08-03,3812.613,OK
2026-08-03,23.478553909434392,2026-08-21,2026-09-18,18.0,46.0,0.0618884162012786,0.051595118846018,26.0,28.0,OK,3812.613,3809.663,-0.005897039398663262,0.0035250288374333305,3817.6804,3836.9023,3832.262,3827.3968,False,False,False,False,False,False,False,False,False,,,,2026-08-04,3816.37,OK
2026-08-04,21.201162599600103,2026-08-21,2026-09-18,17.0,45.0,0.0470561949698137,0.0440303779674714,26.0,28.0,OK,3816.37,3822.285,0.0033131539456376924,-0.010889752448460577,3819.4744,3832.6940999999997,3809.663,3817.6804,False,False,False,False,False,False,False,False,False,,,,2026-08-05,3815.122,OK
2026-08-05,20.691099647267198,2026-08-21,2026-09-18,16.0,44.0,0.0438295482906094,0.0424422012506611,26.0,28.0,OK,3815.122,3878.43,0.014688857581263592,0.0029469614179755688,3829.4665999999997,3833.8337,3822.285,3819.4744,False,False,False,False,False,False,False,False,False,,,,2026-08-06,3864.273,OK
2026-08-06,20.45263706850208,2026-08-21,2026-09-18,15.0,43.0,0.0427639941015803,0.0415489792974953,26.0,28.0,OK,3864.273,3900.352,0.005652287136805434,0.006081082301097052,3848.5984,3836.1911999999998,3878.43,3829.4665999999997,False,False,False,False,False,False,False,False,False,,,,2026-08-07,3896.485,OK
2026-08-07,19.44341703248334,2026-08-21,2026-09-18,14.0,42.0,0.0365957631102603,0.0381068674598178,26.0,28.0,OK,3896.485,3940.037,0.010174722691695504,0.0329922568256813,3870.1534,3848.7751000000003,3900.352,3848.5984,False,False,False,False,False,False,True,False,True,,AVIX<20,AVIX<20,2026-08-10,3943.816,OK
2026-08-10,19.446872571399325,2026-08-21,2026-09-18,11.0,39.0,0.0405246714579084,0.0374564766012948,26.0,28.0,OK,3943.816,3966.594,0.006740292032790585,0.028082457179365194,3901.5396,3859.6099999999997,3940.037,3870.1534,False,False,False,False,False,False,False,False,False,,,,2026-08-11,3950.708,OK
2026-08-11,19.311255954363663,2026-08-21,2026-09-18,10.0,38.0,0.0404992783462618,0.0369549008963612,26.0,28.0,OK,3950.708,3934.093,-0.008193679514465146,0.03167270472017125,3923.9012000000002,3871.6878000000006,3966.594,3901.5396,False,False,False,False,False,False,False,False,False,,,,2026-08-12,3933.553,OK
2026-08-12,18.5683372458442,2026-08-21,2026-09-18,9.0,37.0,0.0372574814553812,0.034252976971229,26.0,28.0,OK,3933.553,3946.675,0.0031981958738647176,0.03087552752810585,3937.5502,3883.5083999999997,3934.093,3923.9012000000002,False,False,False,False,False,False,False,False,False,,,,2026-08-13,3957.161,OK
2026-08-13,18.041769805792303,2026-08-21,2026-09-18,8.0,36.0,0.0328358385836333,0.032533255299119,26.0,28.0,OK,3957.161,3926.965,-0.0049940772929111255,0.03213715272165185,3942.8728,3895.7356,3946.675,3937.5502,False,False,False,False,False,False,False,False,False,,,,2026-08-14,3930.022,OK
2026-08-14,17.767739744795197,2026-08-21,2026-09-18,7.0,35.0,0.0314343493174813,0.0315751231398077,26.0,28.0,OK,3930.022,3927.176,5.3731062028772314e-05,0.024767095777898263,3940.3006,3905.227,3926.965,3942.8728,False,False,False,False,False,False,False,False,False,,,,2026-08-17,3930.104,OK
2026-08-17,17.789526209448674,2026-09-18,2026-09-18,32.0,32.0,0.0316467242756661,0.0316467242756661,28.0,28.0,WARN_ROLLOVER_SINGLE_TERM_30D,3930.104,3982.654,0.014126690527748176,0.045408478387720885,3943.5125999999996,3922.5261,3927.176,3940.3006,False,False,False,False,False,False,False,False,False,,,,2026-08-18,3979.49,WARN_ROLLOVER_SINGLE_TERM_30D
2026-08-18,18.09651991156577,2026-09-18,2026-09-18,31.0,31.0,0.0327484032909696,0.0327484032909696,28.0,28.0,WARN_ROLLOVER_SINGLE_TERM_30D,3979.49,3990.304,0.0019208296778983058,0.043957737322047,3954.7548,3939.328,3982.654,3943.5125999999996,False,False,False,False,False,False,False,False,False,,,,2026-08-19,3952.122,WARN_ROLLOVER_SINGLE_TERM_30D
2026-08-19,19.918642452880537,2026-09-18,2026-09-18,30.0,30.0,0.0396752317165694,0.0396752317165694,28.0,28.0,OK,3952.122,3894.422,-0.024028745679527175,0.00412331794050691,3944.3042,3940.9271999999996,3990.304,3954.7548,False,False,False,False,False,False,False,False,False,,,,2026-08-20,3907.206,OK
2026-08-20,19.222919289139387,2026-09-18,2026-10-16,29.0,57.0,0.0372811128189595,0.0324319516926863,28.0,23.0,OK,3907.206,3903.721,0.002387774103576934,0.0008637681932297525,3939.6553999999996,3941.2641000000003,3894.422,3944.3042,False,False,False,False,False,False,False,False,False,,,,,,OK
